feature,block,mean_abs_shap,folds_selected,selection_frequency
meth:TRIML2,methylation,0.46229836344718933,1,0.02
clin:stage,clinical,0.3445754146575928,50,1.0
meth:BAK1,methylation,0.32976868748664856,1,0.02
expr:PC,expression,0.2956234812736511,1,0.02
meth:MIR1284,methylation,0.2723313694447279,50,1.0
expr:TNFSF11,expression,0.263842354580874,49,0.98
expr:FLT1,expression,0.2602675259113312,1,0.02
meth:DKK2,methylation,0.21680915355682373,2,0.04
expr:TG,expression,0.19780291120211282,3,0.06
meth:ZNF90,methylation,0.151471808552742,1,0.02
meth:LOC619207,methylation,0.14793476462364197,6,0.12
meth:PTGFR,methylation,0.14450106024742126,1,0.02
meth:FCHSD1,methylation,0.123825115384534,8,0.16
expr:SMN2,expression,0.11526354157686,40,0.8
meth:KCNQ1OT1,methylation,0.11469804309308529,2,0.04
meth:MIR24-1,methylation,0.11133657663594931,4,0.08
expr:PAX6,expression,0.11065812760964036,50,1.0
expr:BCL2L10,expression,0.11029469221830368,2,0.04
expr:LGR5,expression,0.10893324762582779,1,0.02
expr:SLC44A4,expression,0.10747237832817648,21,0.42
expr:ST6GALNAC6,expression,0.10385469995439052,50,1.0
expr:DISP2,expression,0.10323537886142731,1,0.02
expr:ERAP2,expression,0.10320083142723888,50,1.0
expr:GRIK2,expression,0.1030256375670433,1,0.02
meth:RNASE6,methylation,0.10271450238019982,47,0.94
meth:CCL7,methylation,0.1014805176459691,17,0.34
expr:DDX4,expression,0.10094131529331207,1,0.02
meth:OR4K13,methylation,0.09997060149908066,1,0.02
expr:PLA2G4C,expression,0.09378024190664291,1,0.02
expr:CNTN2,expression,0.09156055748462677,3,0.06
meth:LOC152024,methylation,0.0903443992137909,1,0.02
meth:ZFP37,methylation,0.08931318422158559,3,0.06
meth:PPP1R2P3,methylation,0.08826615707948804,4,0.08
meth:OSTBETA,methylation,0.0830885749310255,2,0.04
expr:SH3GL2,expression,0.08137962967157364,2,0.04
expr:DCLK3,expression,0.08114396780729294,1,0.02
expr:SLC39A8,expression,0.07914386689662933,1,0.02
meth:SRGN,methylation,0.07885775528848171,2,0.04
expr:CRHR2,expression,0.07872509956359863,1,0.02
meth:DERL3,methylation,0.07742583882507115,21,0.42
expr:BSND,expression,0.07673746347427368,9,0.18
meth:GAP43,methylation,0.07573451443264882,3,0.06
expr:RAB3A,expression,0.07507267873734236,4,0.08
meth:CSNK2A1P,methylation,0.07491222023963928,1,0.02
meth:C8orf48,methylation,0.0735708475112915,2,0.04
meth:OLFML3,methylation,0.07356957346200943,1,0.02
expr:HES4,expression,0.07319105416536331,1,0.02
expr:IFI6,expression,0.07300978153944016,1,0.02
meth:CDH20,methylation,0.07177762687206268,1,0.02
expr:CDRT15,expression,0.07146087568253279,2,0.04
meth:ZNF737,methylation,0.0705722804284758,9,0.18
meth:ALPK2,methylation,0.07030605338513851,2,0.04
meth:ZNF486,methylation,0.06964121080402817,7,0.14
expr:TMEM236,expression,0.06926276428358895,7,0.14
meth:MIR1978,methylation,0.06913959234952927,2,0.04
expr:FBN3,expression,0.06909193843603134,1,0.02
meth:HIGD1C,methylation,0.06897488478571176,5,0.1
expr:H4C2,expression,0.06831644475460052,1,0.02
expr:KCNK3,expression,0.06813434174117179,39,0.78
meth:C5orf23,methylation,0.06733980774879456,1,0.02
expr:ALX1,expression,0.06594154983758926,1,0.02
expr:SYCP2,expression,0.0653667151927948,1,0.02
expr:CFAP20DC,expression,0.0646444708108902,2,0.04
meth:RNF219,methylation,0.0641372948884964,2,0.04
expr:HOXD1,expression,0.0640603889607721,9,0.18
expr:CADPS,expression,0.06278452897677197,25,0.5
expr:ACSF2,expression,0.06209856169996783,50,1.0
expr:LEFTY1,expression,0.061819491907954216,2,0.04
expr:BPI,expression,0.06157556176185608,2,0.04
meth:OR1N1,methylation,0.061545610427856445,1,0.02
expr:LDLR,expression,0.06097471175183143,7,0.14
expr:PPP1R27,expression,0.06012202178438505,3,0.06
meth:RHOJ,methylation,0.05992035195231438,2,0.04
expr:SLC25A18,expression,0.05922504514455795,1,0.02
meth:ZNF431,methylation,0.059178151190280914,1,0.02
expr:ADGRB1,expression,0.0591343492269516,1,0.02
meth:VAV3,methylation,0.059097320586442945,20,0.4
meth:RGMA,methylation,0.05866244062781334,1,0.02
meth:C7orf72,methylation,0.05824248120188713,1,0.02
expr:C21orf62,expression,0.05814111395739019,5,0.1
expr:MUC5AC,expression,0.057535836767209206,19,0.38
expr:TNFRSF13C,expression,0.0574843727876074,13,0.26
expr:BTN1A1,expression,0.0574247839727572,7,0.14
expr:FADS1,expression,0.05739102760950724,3,0.06
meth:CRIP1,methylation,0.05738808214664459,2,0.04
expr:SERPINB2,expression,0.0573579091578722,2,0.04
expr:CRLF1,expression,0.056737840153096665,31,0.62
expr:AC021087.5,expression,0.05617927473749181,19,0.38
meth:LOC729080,methylation,0.056051407766062766,2,0.04
meth:KERA,methylation,0.05601518911134917,32,0.64
expr:FEZ1,expression,0.055211354180106094,14,0.28
meth:LOC728024,methylation,0.054928141995333135,4,0.08
expr:LRATD1,expression,0.054057084023952484,1,0.02
expr:DIPK1C,expression,0.053987812250852585,1,0.02
meth:ECM1,methylation,0.05377777602354234,22,0.44
expr:NOG,expression,0.05373548739589751,2,0.04
meth:ZNF568,methylation,0.0536547244216005,6,0.12
meth:ARMC3,methylation,0.05316015630960465,5,0.1
meth:DLGAP1,methylation,0.052604163996875286,2,0.04
meth:HEY2,methylation,0.052408166683001564,47,0.94
expr:DTNA,expression,0.05237065814435482,3,0.06
meth:KRT28,methylation,0.05157032608985901,1,0.02
expr:TMEM92,expression,0.05148071906296536,50,1.0
expr:KCNK12,expression,0.051471952931024134,8,0.16
expr:SERPINI2,expression,0.051357237760731506,42,0.84
meth:EPHA3,methylation,0.05135476589202881,1,0.02
expr:JCHAIN,expression,0.051277450639754536,50,1.0
meth:KRTAP10-5,methylation,0.050541315227746964,1,0.02
meth:MGC27382,methylation,0.05046511068940163,1,0.02
meth:GNA15,methylation,0.05037260147415706,37,0.74
meth:TNFSF12,methylation,0.050111821542183556,6,0.12
expr:UPK1A,expression,0.049920693039894104,1,0.02
meth:MIR942,methylation,0.049267986042347424,48,0.96
expr:EGFL7,expression,0.04879317468462082,13,0.26
expr:TSPYL5,expression,0.04857358825393021,14,0.28
meth:MYEOV2,methylation,0.04787684604525566,1,0.02
expr:SLC5A11,expression,0.04767685756087303,5,0.1
meth:MIR1231,methylation,0.04750446602702141,1,0.02
expr:SPTSSB,expression,0.04737137033208815,43,0.86
meth:EDIL3,methylation,0.04725384217901872,13,0.26
expr:SATL1,expression,0.04691628739237785,1,0.02
meth:SLC22A1,methylation,0.04688516138121486,20,0.4
meth:KDM2A,methylation,0.04659589839866385,4,0.08
expr:CFAP100,expression,0.046334896062035114,10,0.2
expr:DLL1,expression,0.04618083988316357,4,0.08
expr:POU1F1,expression,0.046105872746556996,10,0.2
meth:LOC407835,methylation,0.04529609736055136,10,0.2
expr:TNNI3,expression,0.04510081163607538,20,0.4
meth:SPINK8,methylation,0.044894746504724026,4,0.08
expr:MYBPH,expression,0.04454960022121668,2,0.04
meth:PCDHGA9,methylation,0.04430614998140796,22,0.44
expr:F8A1,expression,0.04413171857595444,1,0.02
meth:INSL4,methylation,0.04388611538496871,26,0.52
expr:LY6H,expression,0.043786298131887266,47,0.94
expr:EYA4,expression,0.04349030368030071,2,0.04
expr:GPR22,expression,0.04348862831064157,38,0.76
meth:LARP6,methylation,0.04338088008048742,23,0.46
expr:PAX3,expression,0.043374810385732696,26,0.52
expr:PRSS8,expression,0.043353430926799774,1,0.02
expr:PCDHA13,expression,0.0432584926020354,4,0.08
expr:TMEM45A,expression,0.04325440644752234,50,1.0
expr:SGPP1,expression,0.04322663228958845,2,0.04
meth:PIWIL2,methylation,0.04315187409520149,1,0.02
expr:FBXO43,expression,0.04313923045992851,2,0.04
expr:HEY2,expression,0.04271890347202619,3,0.06
expr:PXDNL,expression,0.04249468562193215,2,0.04
meth:IL2,methylation,0.041844191029667854,6,0.12
expr:MTRNR2L1,expression,0.041788125410676,2,0.04
meth:PRKG2,methylation,0.0417721476405859,2,0.04
expr:CD163L1,expression,0.04169517399098437,39,0.78
expr:PLEKHB1,expression,0.04160074144601822,1,0.02
meth:SLFN14,methylation,0.04155473783612251,2,0.04
expr:PGLYRP1,expression,0.04154615867882967,5,0.1
meth:NFATC3,methylation,0.04139527305960655,1,0.02
meth:P2RX7,methylation,0.04078409820795059,1,0.02
expr:PRAG1,expression,0.0407685823738575,1,0.02
expr:SEZ6L2,expression,0.04070853581652045,6,0.12
meth:IL17RC,methylation,0.04005796134394283,12,0.24
expr:ENPP7,expression,0.039833247725089845,11,0.22
expr:AP003071.5,expression,0.03976375609636307,1,0.02
meth:GREB1L,methylation,0.039703428745269775,1,0.02
expr:NEFH,expression,0.03964101515399913,6,0.12
expr:PTPRU,expression,0.03957723950346311,6,0.12
expr:C9,expression,0.03937999237678014,36,0.72
meth:TDRD6,methylation,0.03936140406815531,38,0.76
expr:MCIDAS,expression,0.03931901603937149,4,0.08
meth:ANKK1,methylation,0.039087748154997826,4,0.08
meth:MRGPRX2,methylation,0.03908446803689003,2,0.04
expr:ZNF488,expression,0.03908004265810762,7,0.14
expr:PAGE2,expression,0.03880184888839722,2,0.04
meth:ASPDH,methylation,0.038697625665615,9,0.18
expr:FAM228A,expression,0.038591033118011965,7,0.14
expr:RAP1GAP2,expression,0.0385739803314209,1,0.02
meth:AK3,methylation,0.0383275356143713,2,0.04
expr:CCDC146,expression,0.03793929807622643,17,0.34
expr:H4C5,expression,0.037927739322185516,2,0.04
meth:MIR1-1,methylation,0.037784737534821033,2,0.04
meth:CHRNA10,methylation,0.03771196649519398,34,0.68
meth:HIST1H2AG,methylation,0.0376381017267704,2,0.04
meth:CRH,methylation,0.03758683800697327,1,0.02
meth:AQP5,methylation,0.037511978298425674,1,0.02
expr:SPP1,expression,0.037483501882324445,29,0.58
expr:CRABP2,expression,0.037442503962665796,2,0.04
expr:GSTM1,expression,0.037231184137789045,38,0.76
expr:FOLR2,expression,0.03704770383774303,8,0.16
expr:TMEM52,expression,0.0369052862127622,3,0.06
meth:TMEM215,methylation,0.03680155798792839,1,0.02
meth:LGALS1,methylation,0.03678121231496334,3,0.06
expr:RLN1,expression,0.03671056650113314,50,1.0
expr:ZCCHC12,expression,0.03636067380596485,7,0.14
meth:GRIP1,methylation,0.03636023062555229,17,0.34
meth:LOC100128842,methylation,0.036295994983187745,49,0.98
expr:C4orf50,expression,0.03629039729657095,42,0.84
expr:ANKRD18A,expression,0.03622098920016509,46,0.92
meth:LOC149837,methylation,0.03559553250670433,1,0.02
meth:SCARNA3,methylation,0.035572425462305546,3,0.06
expr:MS4A1,expression,0.03549535414501232,47,0.94
meth:MSX1,methylation,0.035465650260448456,1,0.02
meth:PPP2R4,methylation,0.0354451909661293,1,0.02
meth:SLC27A5,methylation,0.03542487773423394,3,0.06
expr:BEX3,expression,0.03540395572781563,1,0.02
meth:BICC1,methylation,0.035351186990737915,1,0.02
expr:PNCK,expression,0.03507473386291947,7,0.14
expr:PODNL1,expression,0.03494284674525261,1,0.02
expr:P3H3,expression,0.03481352803355549,40,0.8
expr:ZNF556,expression,0.033994026482105255,1,0.02
expr:HELLS,expression,0.033843913315130134,7,0.14
expr:RIMBP3,expression,0.03380827270448208,5,0.1
meth:KLRG2,methylation,0.03379863375448622,4,0.08
meth:FOLR4,methylation,0.03378162160515785,1,0.02
expr:IL17RD,expression,0.033751752227544785,1,0.02
meth:OR2B3,methylation,0.033593553118407726,2,0.04
expr:SLC35F1,expression,0.03312878595251176,9,0.18
meth:CASP14,methylation,0.03285709939276179,6,0.12
expr:P2RX6,expression,0.032796262906143264,31,0.62
expr:CNTN5,expression,0.032584679930005224,20,0.4
expr:AC015802.6,expression,0.03238632698033124,47,0.94
meth:PCDHGB5,methylation,0.03232437200759622,11,0.22
expr:CPO,expression,0.032241519540548325,1,0.02
expr:TAFA2,expression,0.03216373920440674,2,0.04
meth:TMEM200C,methylation,0.03212285676272586,8,0.16
expr:COL19A1,expression,0.031815596517514096,11,0.22
expr:SMKR1,expression,0.03168739351843085,7,0.14
meth:FGF5,methylation,0.03163361828774214,4,0.08
meth:MOBKL2B,methylation,0.03145445397366648,23,0.46
meth:DPY19L2P4,methylation,0.031432484594953,49,0.98
meth:CER1,methylation,0.031147396227774713,13,0.26
expr:ADCYAP1R1,expression,0.031088875606656075,1,0.02
meth:DENND2A,methylation,0.03091570414493189,17,0.34
meth:DOCK9,methylation,0.030913757579401135,10,0.2
expr:TRPM2,expression,0.030801078137010336,50,1.0
meth:ATP2A1,methylation,0.030663749160196044,19,0.38
expr:LMO3,expression,0.03055308503098786,8,0.16
meth:MIR135A1,methylation,0.030425545177422464,8,0.16
expr:ST6GALNAC4,expression,0.030252296380956282,47,0.94
expr:ECHDC1,expression,0.030194845786106518,22,0.44
meth:KCNK12,methylation,0.030037906020879745,3,0.06
expr:CPNE9,expression,0.029927263036370277,2,0.04
meth:OR52I2,methylation,0.029864791514618055,7,0.14
meth:ICMT,methylation,0.02984556183218956,1,0.02
expr:CPA6,expression,0.029803886078298092,2,0.04
meth:CXCL6,methylation,0.029776618195076782,3,0.06
expr:PAK6,expression,0.029678518054424785,8,0.16
expr:ANKRD18B,expression,0.029582244576886296,2,0.04
meth:SNORA2B,methylation,0.02958173118531704,1,0.02
expr:ASIC5,expression,0.02954746223986149,2,0.04
meth:MYOZ3,methylation,0.02953120693564415,1,0.02
meth:FOXL1,methylation,0.029392267344519496,42,0.84
meth:EYA4,methylation,0.02931190761072295,28,0.56
meth:ECHDC1,methylation,0.02924490214239708,38,0.76
meth:CDCA7L,methylation,0.029229448991827667,3,0.06
meth:DPF1,methylation,0.029182234779000282,1,0.02
expr:MT-ND4L,expression,0.029138803426619796,42,0.84
meth:HPGD,methylation,0.029001668095588684,1,0.02
expr:ZNF165,expression,0.028959489753469826,10,0.2
meth:MIR337,methylation,0.028882735564062994,9,0.18
meth:USP6,methylation,0.028705062189449865,6,0.12
expr:ELOVL7,expression,0.028468492257940983,14,0.28
meth:C21orf90,methylation,0.02845078893005848,1,0.02
expr:DLX3,expression,0.028425660450011492,3,0.06
expr:RXRG,expression,0.02828057836741209,5,0.1
meth:KCNK1,methylation,0.02824357284569285,18,0.36
expr:XKR6,expression,0.028100146878776804,7,0.14
expr:ARL2BP,expression,0.028028704226017,1,0.02
meth:ST7OT2,methylation,0.027964164192477863,6,0.12
meth:A4GALT,methylation,0.027904340997338295,1,0.02
expr:TNFSF18,expression,0.02778812311589718,1,0.02
meth:C1orf65,methylation,0.027606897056102753,1,0.02
meth:GPR20,methylation,0.02733846808162828,3,0.06
meth:C11orf36,methylation,0.02732005901634693,1,0.02
expr:C22orf31,expression,0.027267776429653168,1,0.02
expr:NLRP2,expression,0.02718709083274007,2,0.04
meth:HCN1,methylation,0.027171547563436132,3,0.06
expr:FNDC5,expression,0.026901450008153915,1,0.02
meth:MDS2,methylation,0.026876335963606834,1,0.02
expr:TMPRSS11A,expression,0.02684347704052925,1,0.02
meth:KRTAP10-1,methylation,0.026699714828282595,4,0.08
expr:SOCS3,expression,0.026603064111744363,6,0.12
expr:DQX1,expression,0.026555825024843216,1,0.02
expr:KLHL31,expression,0.02644847333431244,3,0.06
expr:IL17REL,expression,0.026432979851961136,2,0.04
meth:TRIM48,methylation,0.026365940272808076,5,0.1
meth:HLA-DPB2,methylation,0.026332583278417587,2,0.04
meth:LEF1,methylation,0.026211823171858366,36,0.72
expr:CFHR1,expression,0.02613250004859375,28,0.56
meth:CHST8,methylation,0.025954067707061768,1,0.02
meth:WBSCR26,methylation,0.025908356066793203,4,0.08
meth:TRPC3,methylation,0.02575880296062678,50,1.0
expr:LRRC3,expression,0.02574896523895274,49,0.98
meth:TPRKB,methylation,0.0257287435233593,1,0.02
meth:HEPACAM,methylation,0.025392822339199483,9,0.18
meth:ADAMTS5,methylation,0.025369786258254732,7,0.14
expr:HOMER1,expression,0.02524661272764206,1,0.02
meth:IL20RA,methylation,0.025179679650042593,29,0.58
meth:MIR612,methylation,0.025061751056928188,50,1.0
expr:HSPA2,expression,0.025056842419946074,49,0.98
expr:TMEM31,expression,0.02503126286319457,16,0.32
meth:SUGT1P1,methylation,0.02498830296099186,1,0.02
meth:MIR1297,methylation,0.024982169270515442,1,0.02
meth:GAD2,methylation,0.02480123657733202,2,0.04
meth:CTTNBP2,methylation,0.0247131218915159,49,0.98
meth:CASP5,methylation,0.024606809330483276,3,0.06
meth:BGLAP,methylation,0.024581076145987025,50,1.0
expr:ADGRG1,expression,0.0245597871641318,3,0.06
expr:HLA-DQB2,expression,0.024479351937770844,1,0.02
meth:ZNF549,methylation,0.02446855790913105,1,0.02
meth:PSAPL1,methylation,0.024327757958830756,11,0.22
expr:ITPR1,expression,0.02427862025797367,1,0.02
meth:MAFG,methylation,0.024187977239489556,50,1.0
expr:HSD17B14,expression,0.024168706592172386,5,0.1
meth:LOC283392,methylation,0.024166901664681394,44,0.88
expr:KRTCAP3,expression,0.024118438983956974,12,0.24
expr:URAD,expression,0.024116918351501225,5,0.1
meth:CKMT2,methylation,0.024080081144347787,4,0.08
expr:MS4A18,expression,0.024026368842460216,50,1.0
meth:NPY2R,methylation,0.023869499624256166,31,0.62
expr:MSX1,expression,0.023836713030257008,11,0.22
meth:TWIST2,methylation,0.02381865787319839,10,0.2
expr:MEFV,expression,0.023799447109922767,2,0.04
meth:TMEM61,methylation,0.023783721029758453,1,0.02
meth:HCRTR1,methylation,0.023756511509418488,1,0.02
expr:MROH9,expression,0.023623645305633545,1,0.02
expr:RPS27AP5,expression,0.023620912805199623,1,0.02
expr:RAET1E,expression,0.02355043450370431,4,0.08
meth:PEX5L,methylation,0.023500917479395866,1,0.02
expr:RP1,expression,0.023475660473341122,50,1.0
meth:OR13A1,methylation,0.023452225451668102,3,0.06
expr:P2RY2,expression,0.023451115097850563,5,0.1
meth:MIR9-3,methylation,0.023373547941446304,2,0.04
meth:C22orf28,methylation,0.023358848789939657,46,0.92
meth:KRTAP13-3,methylation,0.023321397183462978,30,0.6
expr:CDH8,expression,0.023274982313844648,17,0.34
meth:RSC1A1,methylation,0.02322119791060686,5,0.1
meth:ZNF98,methylation,0.02310699449950143,19,0.38
meth:SYTL1,methylation,0.023012209683656693,2,0.04
expr:EFNA5,expression,0.02300419472157955,1,0.02
expr:MACROH2A2,expression,0.022927364679954706,31,0.62
meth:PRODH2,methylation,0.022888190246054103,7,0.14
expr:H2AC19,expression,0.02284431830048561,1,0.02
meth:CAPN8,methylation,0.022790978408672592,11,0.22
meth:GPR85,methylation,0.022781433537602425,1,0.02
expr:DIO3,expression,0.022712011239491403,16,0.32
expr:MT-ATP8,expression,0.022654784410152326,43,0.86
meth:CHODL,methylation,0.022571088309632614,8,0.16
meth:LOC146880,methylation,0.02239374816417694,3,0.06
expr:MAMDC4,expression,0.02238446681831892,13,0.26
expr:STAB1,expression,0.022329247370362282,5,0.1
expr:MARCO,expression,0.02228411104130958,28,0.56
meth:SOX18,methylation,0.022186968970345333,16,0.32
expr:FGFR3,expression,0.022162201082600013,7,0.14
meth:C3orf50,methylation,0.022100724279880524,1,0.02
meth:KIAA1239,methylation,0.02196381613612175,1,0.02
meth:ADAM28,methylation,0.02194583499804139,5,0.1
meth:LOC100101938,methylation,0.02193853072822094,1,0.02
meth:SERP2,methylation,0.021912646293640137,30,0.6
expr:MCEMP1,expression,0.021620245162361804,26,0.52
expr:GALR1,expression,0.02159369801665889,8,0.16
meth:PLCH1,methylation,0.02158569172024727,1,0.02
expr:CLEC17A,expression,0.021575483790737517,47,0.94
meth:AKNAD1,methylation,0.021526107875009377,3,0.06
expr:CDCA7L,expression,0.021520043374039233,4,0.08
meth:SEPP1,methylation,0.021486081061946032,38,0.76
expr:ISG15,expression,0.021475556705679213,7,0.14
expr:IFNG,expression,0.021445268849757584,11,0.22
meth:MEOX2,methylation,0.021427995769772678,20,0.4
expr:SCG2,expression,0.021421884768642485,11,0.22
expr:PCED1B,expression,0.021325400564819574,2,0.04
meth:MIR200B,methylation,0.021285532042384148,1,0.02
expr:HRH2,expression,0.021283853178222973,3,0.06
meth:HSPA2,methylation,0.02127137966454029,1,0.02
meth:SLC12A1,methylation,0.021270703252715368,21,0.42
expr:ARHGEF19,expression,0.021269405260682106,1,0.02
meth:RSAD2,methylation,0.021238476037979126,1,0.02
meth:C9orf173,methylation,0.021228492259979248,1,0.02
meth:IL28RA,methylation,0.0212274007499218,2,0.04
expr:AMH,expression,0.021225880880299353,31,0.62
expr:PCDHB2,expression,0.021160780141750973,3,0.06
meth:PRSS1,methylation,0.021024834231606553,7,0.14
meth:KRT32,methylation,0.020987875759601593,1,0.02
meth:KCNG2,methylation,0.020969503559172153,4,0.08
meth:CCR1,methylation,0.02096365198182563,42,0.84
expr:TNF,expression,0.020961934002116323,2,0.04
meth:EPB49,methylation,0.020956506952643394,2,0.04
meth:NRG4,methylation,0.02094324864447117,2,0.04
expr:SPATA32,expression,0.02093331888318062,1,0.02
expr:LSMEM1,expression,0.020898273020672303,6,0.12
expr:FBXL16,expression,0.020860426314175128,5,0.1
meth:FERD3L,methylation,0.02083345390856266,10,0.2
expr:PITX2,expression,0.02079095598310232,11,0.22
meth:SIGIRR,methylation,0.020746766744802397,12,0.24
expr:IQSEC3,expression,0.020741160959005356,1,0.02
expr:NRG3,expression,0.02073845682808986,13,0.26
meth:KRTAP10-9,methylation,0.02069154320218201,21,0.42
expr:SKIDA1,expression,0.020631154268048704,25,0.5
expr:KCNB2,expression,0.020627209916710854,1,0.02
expr:MC4R,expression,0.02062483358063868,7,0.14
expr:MLLT11,expression,0.020577555522322655,1,0.02
meth:TXLNB,methylation,0.02055291270112826,18,0.36
meth:HGC6.3,methylation,0.020551654321025126,16,0.32
expr:SLCO4C1,expression,0.020526996503273647,3,0.06
meth:BTN2A2,methylation,0.02052323892712593,2,0.04
expr:MB,expression,0.020503805251792073,2,0.04
meth:GPR162,methylation,0.020405914922732683,21,0.42
meth:PRSS21,methylation,0.020354003924876452,5,0.1
meth:WDR85,methylation,0.020326074251594644,6,0.12
meth:OSR1,methylation,0.020324387509996693,3,0.06
expr:FSCN3,expression,0.02029198283950488,3,0.06
expr:CSPG4,expression,0.02026540726526744,18,0.36
expr:TMEM121,expression,0.02026455066516064,8,0.16
meth:KIF6,methylation,0.02019614614546299,5,0.1
meth:LHB,methylation,0.020182588894385844,4,0.08
expr:KRTAP5-10,expression,0.02010245165521545,35,0.7
meth:C1QTNF9B,methylation,0.020071482492817774,9,0.18
expr:STARD6,expression,0.02002914821995156,14,0.28
meth:LOC100192379,methylation,0.019874731440924935,9,0.18
expr:CCL8,expression,0.019839980096245807,6,0.12
expr:MYH6,expression,0.01982361963648047,37,0.74
meth:ZNF518A,methylation,0.019811586011201143,2,0.04
expr:EN1,expression,0.019796021918106515,48,0.96
meth:FABP9,methylation,0.019780199509114027,4,0.08
meth:FBLN7,methylation,0.01967782321456901,46,0.92
expr:TSKU,expression,0.019667084484050672,3,0.06
expr:FA2H,expression,0.01966041171302398,3,0.06
meth:NCRNA00174,methylation,0.01962404859174664,6,0.12
expr:THRSP,expression,0.01960396774423619,12,0.24
expr:SLC38A3,expression,0.019521396607160568,1,0.02
expr:RNF128,expression,0.019501951647569137,29,0.58
expr:ADAMTS17,expression,0.019484037533402443,1,0.02
expr:INSIG1,expression,0.019474184955470264,4,0.08
meth:RBM46,methylation,0.01943083417912324,21,0.42
meth:HGF,methylation,0.019429887548321857,50,1.0
expr:RPP25,expression,0.019418647978454828,2,0.04
expr:IGLL5,expression,0.019395973614882676,40,0.8
meth:CTXN1,methylation,0.01933613233268261,1,0.02
expr:IL23A,expression,0.019277661174003567,7,0.14
clin:age,clinical,0.01925554026151076,50,1.0
expr:COBLL1,expression,0.019242691904461633,12,0.24
expr:NRGN,expression,0.019237628539225886,7,0.14
expr:NPIPB6,expression,0.019227974453113146,9,0.18
meth:PCDHA1,methylation,0.019213762134313583,1,0.02
meth:KIAA1826,methylation,0.01914805732667446,1,0.02
expr:MAPK10,expression,0.0190775454393588,8,0.16
meth:SLC15A1,methylation,0.019064944237470627,2,0.04
expr:EFS,expression,0.01905430667102337,1,0.02
meth:MIR600,methylation,0.019041601687301107,48,0.96
meth:HFM1,methylation,0.019001392414793372,8,0.16
expr:PPP4R4,expression,0.01897164220645209,28,0.56
meth:USH2A,methylation,0.018967337091453373,46,0.92
expr:FNDC8,expression,0.018956033512949944,1,0.02
expr:CHST13,expression,0.018944476130268267,31,0.62
meth:ASPHD1,methylation,0.018941521528176963,4,0.08
expr:CXCL2,expression,0.01892264001071453,1,0.02
expr:KDELR3,expression,0.01877424120903015,2,0.04
expr:TNFRSF17,expression,0.018769191310126096,39,0.78
meth:QPCT,methylation,0.018755846563726662,5,0.1
meth:GNPNAT1,methylation,0.018613047897815704,1,0.02
expr:ADGRA1,expression,0.018608329817652702,1,0.02
expr:ZNF384,expression,0.01847648248076439,2,0.04
expr:KCNC4,expression,0.01846167012338591,29,0.58
meth:TNXB,methylation,0.018455270320243602,14,0.28
meth:MAT1A,methylation,0.01841830648481846,1,0.02
expr:ACY3,expression,0.018380758352577686,3,0.06
expr:FAM216B,expression,0.018327623864428863,9,0.18
meth:LOC400931,methylation,0.018307844176888466,1,0.02
expr:PLA2G10,expression,0.018292697509750724,50,1.0
expr:SLC16A10,expression,0.018285336252301932,5,0.1
meth:TSSK1B,methylation,0.01822092424845323,4,0.08
meth:DOK6,methylation,0.018176118656992913,15,0.3
expr:SLC7A11,expression,0.018161036539822817,6,0.12
meth:PDE4A,methylation,0.018111156299710274,1,0.02
expr:SIGLEC12,expression,0.01805901823293728,12,0.24
meth:SLC16A3,methylation,0.017988624516874552,4,0.08
expr:AGBL4,expression,0.017947801388800144,3,0.06
meth:ALS2CR11,methylation,0.017931144007227638,11,0.22
expr:CYP24A1,expression,0.017910740583350782,19,0.38
expr:PHOX2A,expression,0.01787319251646598,6,0.12
meth:SUCNR1,methylation,0.017754336974273126,3,0.06
expr:ZBTB18,expression,0.017750859446823596,10,0.2
meth:LOC400940,methylation,0.017748653888702393,1,0.02
expr:FAIM2,expression,0.017746782939260203,6,0.12
meth:FOXI2,methylation,0.0177139554809975,38,0.76
expr:PIPOX,expression,0.017692307475954294,2,0.04
meth:MST1,methylation,0.01769201084971428,2,0.04
meth:LRRC3B,methylation,0.017681387086798037,7,0.14
expr:PBOV1,expression,0.017666280269622803,1,0.02
expr:EXTL1,expression,0.01760346405208111,5,0.1
expr:ATL1,expression,0.017600044794380664,5,0.1
meth:ZNF831,methylation,0.01759760143301849,14,0.28
meth:ST6GALNAC1,methylation,0.01756529634197553,3,0.06
meth:TNFSF12-TNFSF13,methylation,0.01754829683341086,6,0.12
expr:PCDHGB5,expression,0.017531126271933317,2,0.04
meth:GNB3,methylation,0.017506133113056422,5,0.1
expr:PABPC1L,expression,0.017474670989692888,22,0.44
meth:MIR596,methylation,0.01742194468776385,3,0.06
expr:TLL2,expression,0.01741183642297983,2,0.04
meth:C9orf24,methylation,0.017367124557495117,2,0.04
meth:TMEM190,methylation,0.017353933097911067,40,0.8
meth:SNORD116-16,methylation,0.017347972840070724,1,0.02
expr:KCNK2,expression,0.01730883354321122,2,0.04
expr:SCD,expression,0.01727269440224128,7,0.14
expr:POU2AF1,expression,0.017263459110701526,27,0.54
expr:ZNF497,expression,0.01724361814558506,1,0.02
meth:PRNT,methylation,0.017204835027870204,9,0.18
meth:C9orf169,methylation,0.017086011525991904,28,0.56
meth:PATE4,methylation,0.017032535397447646,12,0.24
expr:ACOT1,expression,0.017022983509814366,50,1.0
expr:TTC29,expression,0.016992300748825073,2,0.04
expr:ZNF738,expression,0.01694689691066742,1,0.02
meth:TMEM200A,methylation,0.016888784244656563,2,0.04
expr:KCNK7,expression,0.016869508661329746,6,0.12
meth:MIR604,methylation,0.01679651439189911,1,0.02
meth:DNAJB12,methylation,0.01679382473230362,1,0.02
meth:CXCR1,methylation,0.016784952767193318,5,0.1
expr:ERP27,expression,0.01677713466675154,14,0.28
meth:C1QTNF3,methylation,0.01671427486469335,47,0.94
expr:HOXA9,expression,0.016695499420166016,1,0.02
meth:MIR580,methylation,0.01668681390583515,2,0.04
meth:CTSW,methylation,0.016658440775548417,6,0.12
expr:GDPD5,expression,0.01665184646844864,1,0.02
expr:JPH3,expression,0.016582729760557413,4,0.08
expr:SVOPL,expression,0.01655493690358365,17,0.34
meth:CACNA1E,methylation,0.016543159261345863,2,0.04
expr:C19orf71,expression,0.01653372310101986,1,0.02
meth:DDX43,methylation,0.01652701571583748,1,0.02
expr:NEUROG3,expression,0.016508731991052628,1,0.02
meth:IQCJ,methylation,0.016390008229063825,10,0.2
meth:VCAM1,methylation,0.016356368097703813,41,0.82
meth:IFITM5,methylation,0.016348727280274034,3,0.06
expr:CLRN1,expression,0.01633586644868743,47,0.94
meth:ACOX2,methylation,0.01630067459440657,7,0.14
meth:BTBD2,methylation,0.01627918053418398,2,0.04
meth:ZNF217,methylation,0.016272085995296948,8,0.16
expr:CDHR5,expression,0.016243748647287826,11,0.22
expr:ERBB2,expression,0.01623563386965543,8,0.16
expr:DMC1,expression,0.016224611628179748,3,0.06
meth:HUNK,methylation,0.01621604710817337,1,0.02
meth:EPHA5,methylation,0.016180069651454687,4,0.08
meth:SCGB1D4,methylation,0.016154075041413307,1,0.02
expr:CIBAR2,expression,0.016117736619586747,12,0.24
expr:S100P,expression,0.016113286837935448,1,0.02
expr:GAREM1,expression,0.016112586527015083,4,0.08
meth:TRIM16,methylation,0.016105033457279205,1,0.02
meth:ACTR3B,methylation,0.01610107688854138,6,0.12
meth:GLT8D2,methylation,0.016091847453605045,11,0.22
meth:NKAIN2,methylation,0.016074301581829785,10,0.2
meth:NHP2,methylation,0.016018967251651563,13,0.26
meth:TCERG1L,methylation,0.01601580251008272,4,0.08
expr:CCDC9B,expression,0.01600740003399551,50,1.0
expr:DHRS2,expression,0.01596762487580153,22,0.44
expr:CLDN16,expression,0.015958599746227264,2,0.04
expr:PKNOX2,expression,0.015929775416023202,9,0.18
meth:KCNA3,methylation,0.015869535505771637,1,0.02
meth:FAM115A,methylation,0.015800992311495874,27,0.54
expr:H2BC7,expression,0.01577049121260643,1,0.02
expr:PRR15L,expression,0.015700923278927803,10,0.2
meth:PCDHGB2,methylation,0.015642693887154262,3,0.06
expr:CERS4,expression,0.015628159354809067,43,0.86
expr:SLC6A16,expression,0.0156231609871611,2,0.04
meth:HSPC157,methylation,0.015609506436157971,25,0.5
meth:AQP10,methylation,0.015555081024233783,14,0.28
expr:PRIMA1,expression,0.015551745913547407,49,0.98
expr:RGS2,expression,0.015528432469671736,13,0.26
expr:C3orf49,expression,0.01544639770872891,2,0.04
expr:LSAMP,expression,0.01529258298846385,44,0.88
expr:NKX3-2,expression,0.015250587318506505,9,0.18
expr:TTPA,expression,0.01524511024763342,48,0.96
meth:FLJ37543,methylation,0.015220037661492825,1,0.02
expr:PTGS2,expression,0.015168774252136549,15,0.3
meth:BARX1,methylation,0.01515642087906599,1,0.02
expr:GLYATL2,expression,0.015100685879588127,2,0.04
expr:SCRN1,expression,0.015034390413867576,7,0.14
expr:EMILIN2,expression,0.01503232199077805,6,0.12
expr:CAMK2D,expression,0.01501608919352293,2,0.04
expr:PDLIM1,expression,0.014965599402785301,1,0.02
expr:VSIG4,expression,0.014957228555541598,33,0.66
meth:WDR52,methylation,0.01494603045284748,3,0.06
meth:PSMA8,methylation,0.01493833659009801,18,0.36
meth:RNASE7,methylation,0.014929210767149925,1,0.02
expr:HDAC11,expression,0.01490066588545839,6,0.12
meth:HAAO,methylation,0.014871060033328831,4,0.08
expr:GAS6,expression,0.014860113927473625,6,0.12
meth:OLIG3,methylation,0.014836784917861223,4,0.08
meth:TMPRSS8,methylation,0.014822633005678654,1,0.02
meth:C8orf79,methylation,0.014815273694694042,2,0.04
meth:AVIL,methylation,0.014791364781558514,1,0.02
expr:CECR2,expression,0.014760766178369522,2,0.04
meth:H19,methylation,0.014759322628378868,3,0.06
meth:C1QTNF2,methylation,0.014726854035292159,11,0.22
meth:CCDC158,methylation,0.014715307081739107,3,0.06
meth:LGALS9,methylation,0.014703566092066467,11,0.22
meth:WRB,methylation,0.014652226120233536,1,0.02
expr:IQUB,expression,0.014651903855944207,12,0.24
expr:MRO,expression,0.014648342124101791,11,0.22
meth:EFS,methylation,0.014561699784826488,10,0.2
expr:SGK1,expression,0.014546959020663053,4,0.08
meth:DPH1,methylation,0.014499660930596292,4,0.08
meth:LRRTM3,methylation,0.014463607221841812,1,0.02
expr:GPR37L1,expression,0.014451638717825213,6,0.12
expr:TIPARP,expression,0.014426388366370124,44,0.88
expr:KBTBD13,expression,0.014409223105758429,2,0.04
meth:APOC2,methylation,0.014392619021236897,1,0.02
expr:RSPH9,expression,0.014377872149149576,3,0.06
expr:MEST,expression,0.01434401870938018,24,0.48
meth:ASCL2,methylation,0.01433209702372551,2,0.04
expr:MSH5,expression,0.014298623951617628,22,0.44
meth:CABP2,methylation,0.014252864383161068,10,0.2
expr:TMPRSS6,expression,0.01420435681939125,1,0.02
meth:FAM186B,methylation,0.014197726733982563,1,0.02
meth:FLJ40504,methylation,0.014124536518418034,38,0.76
expr:EPB41L4B,expression,0.014117876921469966,6,0.12
expr:H3C10,expression,0.0141145633533597,1,0.02
expr:MPV17L,expression,0.014093099981201467,27,0.54
expr:PCSK1,expression,0.01409307774156332,4,0.08
meth:MIRLET7G,methylation,0.014080646387098925,23,0.46
meth:GRIN3B,methylation,0.01407540382610427,9,0.18
meth:HIST1H2AJ,methylation,0.014043164439499378,1,0.02
meth:C18orf45,methylation,0.014036287553608418,1,0.02
expr:U2AF1L5,expression,0.014027824564101664,19,0.38
meth:TTC39A,methylation,0.014014647575095296,15,0.3
meth:PDE6C,methylation,0.013945824466645718,1,0.02
meth:SLC16A10,methylation,0.013944179750978947,1,0.02
meth:ZNF124,methylation,0.013924600556492805,1,0.02
meth:MIR137,methylation,0.013921444374136626,10,0.2
meth:ROBO2,methylation,0.013919443590566516,4,0.08
meth:ZNF528,methylation,0.013916569869392194,13,0.26
expr:SNX10,expression,0.013895525286595026,3,0.06
meth:MTMR6,methylation,0.01385174625708411,6,0.12
expr:INSRR,expression,0.01384696705887715,3,0.06
meth:CCDC73,methylation,0.013838068582117558,2,0.04
expr:MBOAT1,expression,0.01381615130463615,50,1.0
expr:RNASE1,expression,0.013772114180028439,2,0.04
expr:RASSF8,expression,0.0137718484736979,5,0.1
expr:ZDHHC11B,expression,0.013761240872554481,4,0.08
meth:EML4,methylation,0.013724456541240215,1,0.02
meth:NPFFR2,methylation,0.013705255463719368,1,0.02
expr:ARG2,expression,0.013683462515473366,1,0.02
meth:CLEC4A,methylation,0.013682292308658361,4,0.08
expr:ATP6V1B1,expression,0.013660076074302197,1,0.02
expr:NPAS2,expression,0.013647970044985414,5,0.1
meth:BMPR1B,methylation,0.013599191672366225,33,0.66
meth:GRIK1,methylation,0.013565848991477295,23,0.46
expr:BAAT,expression,0.013562584295868874,1,0.02
meth:MIR585,methylation,0.013496186584234238,1,0.02
expr:LAMA1,expression,0.013494113460183144,1,0.02
meth:LRRN3,methylation,0.01348610114879333,13,0.26
meth:TM4SF20,methylation,0.013480702822562307,8,0.16
expr:CDC42EP5,expression,0.013441622955724597,4,0.08
meth:CFHR5,methylation,0.01342745108385792,21,0.42
expr:DSCAM,expression,0.013423451222479343,1,0.02
meth:CPAMD8,methylation,0.0133890425786376,2,0.04
meth:USP36,methylation,0.013386685529258101,5,0.1
meth:LOC149134,methylation,0.013365199463441968,15,0.3
expr:SEMA3C,expression,0.013335458272194955,8,0.16
meth:PART1,methylation,0.013324743136763573,2,0.04
meth:SBNO2,methylation,0.013292123563587666,1,0.02
expr:OPN4,expression,0.013278441032303906,41,0.82
meth:VGLL3,methylation,0.0132755570984398,49,0.98
meth:MUSTN1,methylation,0.013233286328613758,1,0.02
meth:SNPH,methylation,0.013232388496098499,31,0.62
meth:AOC2,methylation,0.013217795113830463,46,0.92
expr:HHIPL1,expression,0.013215283617830358,37,0.74
expr:TYRO3,expression,0.01317304155236343,24,0.48
meth:MSX2P1,methylation,0.013165409676730633,1,0.02
expr:PFKFB1,expression,0.013165243473407385,37,0.74
meth:ADCK5,methylation,0.013159159643691964,16,0.32
meth:KRT72,methylation,0.013145920354872942,2,0.04
expr:LOXL2,expression,0.013134736612799668,31,0.62
meth:ALOX15B,methylation,0.013104096055030823,3,0.06
expr:PHLDA1,expression,0.013090740578869978,3,0.06
meth:AMBN,methylation,0.013082646764814854,1,0.02
meth:SCN9A,methylation,0.01306890812702477,6,0.12
meth:KLK10,methylation,0.013043096289038658,1,0.02
expr:RAB34,expression,0.013021140825003386,8,0.16
meth:LOC284688,methylation,0.01300139760132879,4,0.08
meth:PLEKHA4,methylation,0.012994101690128445,10,0.2
meth:C11orf88,methylation,0.012989791584442611,27,0.54
expr:C1orf127,expression,0.012971118600531057,44,0.88
expr:LGR6,expression,0.012940523214638233,5,0.1
meth:GIMAP2,methylation,0.012926032719075341,11,0.22
expr:ACOT6,expression,0.012924430081814839,36,0.72
meth:SULT4A1,methylation,0.012854037900979165,32,0.64
expr:AJM1,expression,0.012851219896742322,47,0.94
expr:TUBB8,expression,0.012848527087563915,14,0.28
expr:FDXR,expression,0.012838258408010006,1,0.02
meth:ZNF814,methylation,0.01278562843799591,2,0.04
meth:ABCB5,methylation,0.01277618419068555,15,0.3
expr:APOL4,expression,0.012775634601712226,10,0.2
expr:POU3F3,expression,0.012775157578289509,1,0.02
expr:RARRES2,expression,0.012744539859704673,5,0.1
meth:NCRNA00181,methylation,0.012738463362135613,24,0.48
meth:WDR16,methylation,0.012731972150504589,1,0.02
meth:METTL7B,methylation,0.012684707529842854,2,0.04
expr:CYP27A1,expression,0.012679765839129687,5,0.1
expr:CYP2S1,expression,0.012654792905474702,9,0.18
meth:MYOG,methylation,0.01264792587608099,2,0.04
expr:MT-ND2,expression,0.01263736430555582,30,0.6
meth:ELOVL3,methylation,0.012630024924874306,1,0.02
expr:ELOVL5,expression,0.012614252548664807,50,1.0
meth:ZNF833,methylation,0.012592759249465806,14,0.28
expr:TFF3,expression,0.012591498903930187,8,0.16
expr:SLC22A24,expression,0.01256739441305399,4,0.08
expr:MAB21L4,expression,0.012552330270409584,1,0.02
meth:C8orf4,methylation,0.012543998658657074,2,0.04
expr:RGS14,expression,0.012519532814621925,1,0.02
meth:LOC100130872-SPON2,methylation,0.012519254116341472,2,0.04
expr:NUTM2E,expression,0.01250354724470526,4,0.08
expr:GUCY2C,expression,0.012475492432713509,1,0.02
meth:HIST1H2AH,methylation,0.012427098117768764,1,0.02
expr:CLEC10A,expression,0.012420476181432605,2,0.04
meth:IL17B,methylation,0.01238952504677905,9,0.18
meth:ZNF829,methylation,0.012382312522580227,6,0.12
expr:SUGCT,expression,0.012376956822764542,18,0.36
meth:SLC6A2,methylation,0.012366751119351158,13,0.26
meth:CLEC12A,methylation,0.012366058304905891,2,0.04
meth:LAT2,methylation,0.012364329770207405,3,0.06
meth:CHL1,methylation,0.012324593043220894,35,0.7
expr:PSTPIP2,expression,0.012323562987148762,1,0.02
expr:MS4A8,expression,0.01229357834905386,50,1.0
meth:IL2RA,methylation,0.012267065234482288,4,0.08
expr:FGFBP3,expression,0.012239920347929001,5,0.1
expr:CXCL13,expression,0.012239807394935805,17,0.34
expr:IL20RA,expression,0.012219946908285343,43,0.86
meth:DENND1A,methylation,0.012192392139695585,3,0.06
meth:SLCO6A1,methylation,0.012170239351689816,2,0.04
expr:VSX1,expression,0.01214836686849594,5,0.1
expr:H2AC8,expression,0.012143381871283054,1,0.02
meth:BCHE,methylation,0.012134126126766205,25,0.5
meth:MRVI1,methylation,0.01210074861800032,7,0.14
expr:MYADML2,expression,0.012094843434169888,2,0.04
expr:ALG8,expression,0.01208413194399327,28,0.56
expr:PHYHIPL,expression,0.012080354389867612,35,0.7
meth:UTRN,methylation,0.012047326938268177,49,0.98
expr:UPP2,expression,0.012044818140566349,1,0.02
meth:SPOCD1,methylation,0.012014395257990276,7,0.14
meth:GPR21,methylation,0.011993317243953546,12,0.24
expr:POU5F2,expression,0.011987276375293732,5,0.1
expr:CD19,expression,0.011958245851565153,10,0.2
expr:CAPN14,expression,0.011919076354908091,7,0.14
meth:C2orf39,methylation,0.01191625390201807,5,0.1
meth:PXDNL,methylation,0.011879011057317257,2,0.04
expr:ULBP2,expression,0.011864322470501065,50,1.0
meth:NKX2-6,methylation,0.011804132097555946,30,0.6
expr:SERPINB7,expression,0.01180220054438672,39,0.78
expr:KIF7,expression,0.011775012942962348,2,0.04
meth:C7orf57,methylation,0.011725048689792553,6,0.12
expr:PLEKHH1,expression,0.011723921459633857,46,0.92
expr:IRS4,expression,0.011711978486606054,49,0.98
meth:MIR208B,methylation,0.011701850220561028,1,0.02
expr:PLCXD1,expression,0.01168586608643333,6,0.12
expr:SCGB1D2,expression,0.01166630070656538,2,0.04
expr:DENND4C,expression,0.01166599988937378,1,0.02
meth:CYP1B1,methylation,0.011644561633305706,46,0.92
expr:DNAH11,expression,0.011631467225252773,46,0.92
meth:PHLDB1,methylation,0.011594538344070315,6,0.12
expr:KRT40,expression,0.011587695218622684,1,0.02
meth:C3orf18,methylation,0.011582090519368649,1,0.02
expr:EVA1A,expression,0.01154893761585382,11,0.22
expr:WNK2,expression,0.011523226641916804,7,0.14
expr:DERL3,expression,0.011518582701683044,1,0.02
meth:ATP8B2,methylation,0.011497310595586896,2,0.04
expr:EYS,expression,0.01145185884836662,14,0.28
expr:OTOG,expression,0.011410367010588137,48,0.96
expr:PKHD1,expression,0.011389106613933109,8,0.16
meth:KRTAP20-4,methylation,0.011360127595253289,4,0.08
expr:FAM183A,expression,0.011351512232795357,10,0.2
meth:HIST1H2BK,methylation,0.011320658286567777,50,1.0
meth:SSC5D,methylation,0.011302735463420793,41,0.82
meth:WNT3,methylation,0.011300776686985045,50,1.0
expr:SIGLEC1,expression,0.011293161260255147,16,0.32
expr:KHK,expression,0.01128755696117878,1,0.02
expr:FAM72D,expression,0.011261695995926857,1,0.02
expr:PDE4A,expression,0.01125357672572136,1,0.02
meth:FAM171A1,methylation,0.011252253648958035,7,0.14
expr:RASGRP1,expression,0.011240570640178962,49,0.98
expr:GNB3,expression,0.011231628341192845,16,0.32
expr:GNAT2,expression,0.011218220461159945,2,0.04
meth:MX2,methylation,0.011195341125130653,1,0.02
expr:TAS2R43,expression,0.011186575517058372,2,0.04
meth:ITGA8,methylation,0.011183947266545147,24,0.48
expr:PANX2,expression,0.011175783983032619,14,0.28
expr:H4C4,expression,0.011162032269769244,9,0.18
meth:MIR383,methylation,0.011123430682346225,7,0.14
expr:NUAK2,expression,0.01109110377728939,2,0.04
meth:ZSCAN12L1,methylation,0.011090794578194618,1,0.02
expr:PROSER2,expression,0.011084167875297781,27,0.54
meth:FAM18A,methylation,0.011080587437997261,6,0.12
expr:ZNF114,expression,0.011053646486418853,35,0.7
expr:LPAR1,expression,0.011041891708208079,33,0.66
meth:SLFN13,methylation,0.011041145771741867,2,0.04
meth:NPEPL1,methylation,0.011036609565573079,7,0.14
meth:MIR589,methylation,0.010967359491457631,28,0.56
meth:LRRK2,methylation,0.010941840602423657,22,0.44
expr:NTSR1,expression,0.010939762274240504,49,0.98
expr:SGCG,expression,0.010931585391517729,48,0.96
expr:LHX2,expression,0.010922120311685527,24,0.48
expr:OR2C3,expression,0.010889273136854172,4,0.08
expr:PTPRZ1,expression,0.010879741399548948,16,0.32
meth:RPS15A,methylation,0.01086476546091338,6,0.12
meth:RP1,methylation,0.0108297311514616,50,1.0
meth:AFF3,methylation,0.01082650721347069,17,0.34
expr:RSKR,expression,0.010824475583925458,29,0.58
meth:LENEP,methylation,0.010789286533298973,13,0.26
meth:TMEM121,methylation,0.01077781431376934,1,0.02
meth:C15orf34,methylation,0.010763272952317493,32,0.64
meth:FOXL2,methylation,0.01076181922107935,5,0.1
meth:ZNF683,methylation,0.010747602519889673,6,0.12
expr:LYST,expression,0.010745668049258668,42,0.84
expr:BCAT1,expression,0.010743028070363734,9,0.18
expr:FASN,expression,0.010742699989350513,28,0.56
expr:SLC35G1,expression,0.010741488128486607,9,0.18
expr:HES5,expression,0.010712959989905357,35,0.7
meth:ANXA2,methylation,0.01070845913555887,9,0.18
meth:SEMA3E,methylation,0.010664241388440132,2,0.04
expr:CDHR2,expression,0.010663281523567788,34,0.68
expr:CFAP54,expression,0.010655346512794494,5,0.1
meth:PLUNC,methylation,0.010655166581273079,1,0.02
expr:SLC27A6,expression,0.010652855771811718,47,0.94
expr:AC092718.8,expression,0.010637181818310637,16,0.32
meth:HPS1,methylation,0.010635321338971456,3,0.06
expr:DMBX1,expression,0.010613281279802322,4,0.08
expr:GPX3,expression,0.01060590318714579,6,0.12
expr:TMDD1,expression,0.010603314117443833,11,0.22
expr:UGT3A1,expression,0.010588075034320354,1,0.02
expr:FBXO36,expression,0.010568279835861177,50,1.0
meth:HIST1H4J,methylation,0.010568035628900609,11,0.22
meth:C1orf189,methylation,0.010563900432316586,8,0.16
expr:TAT,expression,0.010556838746803502,24,0.48
expr:MAD1L1,expression,0.010537306900675359,19,0.38
expr:ROBO3,expression,0.01051780088240967,19,0.38
meth:MS4A6E,methylation,0.01050886837998405,50,1.0
expr:AC069503.2,expression,0.010467761778272688,12,0.24
expr:COLEC10,expression,0.010466228531731759,20,0.4
expr:SCGB3A1,expression,0.010465282287138203,24,0.48
expr:IRX3,expression,0.010412633884698153,4,0.08
meth:WNT16,methylation,0.010403303958644921,11,0.22
meth:DSC2,methylation,0.010386905839873685,9,0.18
expr:XKR4,expression,0.010373778641223907,3,0.06
expr:MFGE8,expression,0.010339482055444802,14,0.28
expr:TNFRSF21,expression,0.01030987037548555,31,0.62
expr:PGAP3,expression,0.01027731318026781,1,0.02
expr:DCAF12L2,expression,0.01026502439752221,25,0.5
expr:MATN1,expression,0.010262295603752136,2,0.04
expr:ABO,expression,0.010259970146903975,45,0.9
expr:EDNRB,expression,0.010258115207155546,3,0.06
meth:HTR1B,methylation,0.010240527801215649,2,0.04
expr:CHAC1,expression,0.01023476300528273,50,1.0
meth:FBXO47,methylation,0.01022825250402093,3,0.06
meth:LOC647121,methylation,0.010226552597368542,46,0.92
expr:MAPK12,expression,0.010212074176618648,31,0.62
meth:MIR2113,methylation,0.0101503930054605,5,0.1
meth:GLB1L2,methylation,0.010149692185223103,1,0.02
expr:NCR3,expression,0.01014758925884962,1,0.02
expr:OR6T1,expression,0.010144783730188815,39,0.78
expr:NR4A3,expression,0.010138835334642366,11,0.22
expr:ATP8A2,expression,0.010128600522875786,1,0.02
expr:C1QTNF9,expression,0.01012533985906177,9,0.18
meth:KCNQ3,methylation,0.010119296342787904,31,0.62
meth:MIR570,methylation,0.010105447251698934,50,1.0
meth:SLAMF7,methylation,0.010092519516668593,30,0.6
meth:DKFZP434H168,methylation,0.010082519380375743,8,0.16
meth:SSTR1,methylation,0.010075517356329198,14,0.28
meth:DDI1,methylation,0.010073339514848258,9,0.18
expr:GPR132,expression,0.010065296074635414,43,0.86
expr:HOXA11,expression,0.010050162781650822,15,0.3
expr:CKAP2,expression,0.010037113912403584,1,0.02
meth:LOC134466,methylation,0.010018288157880306,1,0.02
meth:KCTD3,methylation,0.010008081793785095,1,0.02
expr:CYP4F3,expression,0.009988633081472168,30,0.6
expr:VPREB3,expression,0.009962212496535167,19,0.38
expr:AQP4,expression,0.009957649100605133,42,0.84
meth:DMRTA1,methylation,0.009946415899321437,2,0.04
expr:TONSL,expression,0.00992217194288969,2,0.04
expr:GSTT2B,expression,0.009905114704743027,25,0.5
expr:TCF7L2,expression,0.00990346552760795,43,0.86
meth:LOC643923,methylation,0.009891982947010547,40,0.8
expr:C1orf105,expression,0.009887360575426694,46,0.92
meth:JSRP1,methylation,0.009882554508057301,23,0.46
expr:XG,expression,0.009851259489854177,3,0.06
meth:APOL2,methylation,0.00984820444136858,4,0.08
expr:ALPK2,expression,0.009847004665061831,2,0.04
expr:SNX31,expression,0.009841775661334396,5,0.1
expr:PDE10A,expression,0.009806249849498272,5,0.1
meth:BOLA3,methylation,0.00980552902015356,13,0.26
expr:CNTFR,expression,0.009804487899493645,17,0.34
expr:KCNQ1,expression,0.009804357774555683,2,0.04
expr:RIMBP2,expression,0.009799816878512502,2,0.04
meth:SLC22A24,methylation,0.009791549295186996,1,0.02
expr:C12orf40,expression,0.009790071884968452,14,0.28
expr:TIMD4,expression,0.00978380348533392,1,0.02
expr:STRC,expression,0.009780451758868165,9,0.18
meth:MICALCL,methylation,0.009770120190902768,48,0.96
meth:ZBTB20,methylation,0.009755645983386785,20,0.4
meth:SNORA71A,methylation,0.00972659295424819,50,1.0
expr:LRRC52,expression,0.009707828983664513,1,0.02
meth:MAP1D,methylation,0.009684808924794197,5,0.1
expr:ZNF560,expression,0.009683793100217978,3,0.06
meth:HIST1H2BM,methylation,0.009676409885287285,1,0.02
expr:FBXO27,expression,0.009657178935594857,15,0.3
meth:GBP4,methylation,0.009639652062868398,31,0.62
meth:ALDH1A2,methylation,0.00961990188807249,1,0.02
expr:WSCD1,expression,0.009614794282242656,4,0.08
expr:HTR1D,expression,0.009606492717284709,10,0.2
meth:ZNF419,methylation,0.009601704776287079,1,0.02
meth:HEXA,methylation,0.009595703196657054,17,0.34
meth:C15orf48,methylation,0.009592562913894653,1,0.02
meth:SULT2A1,methylation,0.00956591498106718,1,0.02
expr:MYOZ3,expression,0.00956559136864685,21,0.42
meth:MIR1203,methylation,0.009562157792970538,2,0.04
expr:PYDC1,expression,0.009561534582947692,6,0.12
expr:CIDEC,expression,0.00954657555040386,9,0.18
expr:ASIC1,expression,0.009544616984875085,39,0.78
meth:GALNT12,methylation,0.009536859579384327,1,0.02
expr:SLC9A5,expression,0.009510181657969952,5,0.1
expr:IFITM10,expression,0.009508619830012322,5,0.1
meth:TBX20,methylation,0.009501076117157937,5,0.1
meth:KEL,methylation,0.009495151384423176,3,0.06
meth:SPINK7,methylation,0.009490895922236304,47,0.94
expr:SPESP1,expression,0.009486945695243776,2,0.04
expr:SIX6,expression,0.009465075497116362,7,0.14
meth:PRICKLE2,methylation,0.009462793512890736,6,0.12
meth:S100Z,methylation,0.009459269233047962,1,0.02
meth:CBR1,methylation,0.009440871886909008,1,0.02
expr:PGAP4,expression,0.009421058387185136,6,0.12
meth:ANGPT2,methylation,0.009407283906857002,29,0.58
expr:ACSS3,expression,0.009380954776133876,48,0.96
meth:NCRNA00028,methylation,0.009375446320821842,3,0.06
expr:CSTA,expression,0.009359745308756828,1,0.02
expr:CR2,expression,0.009345073020085692,36,0.72
expr:DIO2,expression,0.009327587223826693,26,0.52
expr:LHX8,expression,0.009326985843169192,30,0.6
meth:LOC154449,methylation,0.009307906031608582,1,0.02
meth:ECHDC3,methylation,0.009294225834310055,1,0.02
expr:GATA4,expression,0.00927599985152483,1,0.02
meth:GCA,methylation,0.0092681385576725,1,0.02
expr:C5orf46,expression,0.009259715975661362,42,0.84
meth:PSG9,methylation,0.009252212306653912,11,0.22
expr:NMNAT3,expression,0.009248797457827173,46,0.92
meth:OR52K1,methylation,0.009244611486792564,1,0.02
meth:IGLL1,methylation,0.009240956977009773,1,0.02
expr:IFI30,expression,0.009240668267011642,3,0.06
meth:RNF183,methylation,0.00923896924359724,16,0.32
meth:C21orf56,methylation,0.009232925483956933,4,0.08
meth:NPR2,methylation,0.00923103466629982,1,0.02
meth:FAM59A,methylation,0.00922144584806769,14,0.28
meth:LOC100128675,methylation,0.009207279042362473,43,0.86
meth:OR10Q1,methylation,0.00920297997072339,3,0.06
expr:FOXQ1,expression,0.009193191304802895,1,0.02
expr:PCDHB11,expression,0.009183556772768497,2,0.04
expr:C11orf96,expression,0.00917026400566101,1,0.02
expr:HEY1,expression,0.009143562929239124,8,0.16
expr:TGFA,expression,0.009137731666366259,3,0.06
expr:H2AC4,expression,0.009130545891821384,2,0.04
meth:CPSF4L,methylation,0.009124582012494406,3,0.06
meth:IFI27,methylation,0.00911739282310009,1,0.02
expr:RASSF4,expression,0.00908274199658384,12,0.24
meth:ANKDD1A,methylation,0.009072949488957724,3,0.06
expr:CLEC4M,expression,0.009069283803304037,3,0.06
meth:IFITM3,methylation,0.00906879547983408,4,0.08
expr:GPHN,expression,0.009056899818682634,41,0.82
expr:MYBL1,expression,0.00904779601842165,1,0.02
expr:PDF,expression,0.009020736663868385,35,0.7
expr:GOLT1A,expression,0.00901670940220356,1,0.02
expr:PABPC3,expression,0.009007989428937435,2,0.04
meth:ZNF135,methylation,0.009003840386867523,2,0.04
expr:HAS3,expression,0.008998413570225239,3,0.06
expr:MROH8,expression,0.008985837022773922,50,1.0
meth:OVGP1,methylation,0.008985079824924469,11,0.22
expr:SLC16A11,expression,0.008977615584929785,3,0.06
expr:ASCL2,expression,0.008975329653670391,3,0.06
meth:LOC100292680,methylation,0.008970893919467926,1,0.02
expr:ZNF775,expression,0.008967788133304566,2,0.04
expr:H3C12,expression,0.008967156521975994,1,0.02
meth:TRPC4,methylation,0.008962366729974747,3,0.06
meth:PDK4,methylation,0.008956845251715652,31,0.62
meth:LOC645851,methylation,0.008893865325878705,31,0.62
meth:MIR518C,methylation,0.008886589979132017,3,0.06
expr:GREB1L,expression,0.008860112697584554,50,1.0
meth:SPRED2,methylation,0.008856656085497336,46,0.92
meth:MC1R,methylation,0.008852458442561328,4,0.08
meth:OTX2OS1,methylation,0.008848259599099672,43,0.86
meth:LY96,methylation,0.008832365274429321,2,0.04
meth:MIR938,methylation,0.00883133047870521,29,0.58
meth:GPR151,methylation,0.008829616941511631,2,0.04
expr:HDGFL1,expression,0.008813473888529608,26,0.52
meth:MIR205,methylation,0.00880732573568821,3,0.06
meth:GJD2,methylation,0.00879332780217131,6,0.12
meth:CCL5,methylation,0.008792099923911419,11,0.22
meth:ARPP-21,methylation,0.008783948374912143,4,0.08
expr:IL18,expression,0.008748509921133518,1,0.02
expr:OR1F1,expression,0.008745289000216872,4,0.08
meth:MYH6,methylation,0.0087348697707057,1,0.02
meth:LOC169834,methylation,0.008724082692745416,34,0.68
expr:RGN,expression,0.00872172461822629,6,0.12
meth:LGI2,methylation,0.008718469512781926,7,0.14
expr:PITPNM3,expression,0.008711345692384331,34,0.68
expr:ASCL1,expression,0.008696692064404488,1,0.02
meth:LRRC67,methylation,0.008696577638726343,22,0.44
meth:NUAK1,methylation,0.008695174939930439,1,0.02
expr:TRIM67,expression,0.008676532035072645,3,0.06
expr:MERTK,expression,0.008674134500324726,1,0.02
expr:SEZ6,expression,0.008651166688650846,4,0.08
expr:ELF3,expression,0.008650907707359531,34,0.68
expr:TMEM215,expression,0.008631295909872279,50,1.0
meth:ITLN2,methylation,0.008622801576096278,13,0.26
expr:HMGB2,expression,0.008618124760687351,1,0.02
expr:SLC29A4,expression,0.00861406757030636,16,0.32
expr:MYRF,expression,0.008608533690373102,3,0.06
expr:FAM47E,expression,0.008608425036072731,1,0.02
expr:FAM180A,expression,0.00858449408163627,6,0.12
expr:AQP3,expression,0.008582216609890262,6,0.12
meth:IRAK3,methylation,0.008574992418289185,3,0.06
expr:RLN2,expression,0.008568848030408844,50,1.0
meth:HPGDS,methylation,0.008568434355159601,3,0.06
expr:KNG1,expression,0.008565041236579418,4,0.08
meth:MAP9,methylation,0.008558554574847221,2,0.04
meth:DISC2,methylation,0.008556312570969263,3,0.06
meth:C16orf86,methylation,0.008526421152055264,1,0.02
expr:PPP1R36,expression,0.008516161004081368,2,0.04
meth:MOXD1,methylation,0.00851285371851797,30,0.6
meth:SDR16C5,methylation,0.008512783795595169,1,0.02
expr:TCERG1L,expression,0.008499944100289472,21,0.42
expr:RPS6KA3,expression,0.008494188853849968,12,0.24
meth:RHAG,methylation,0.008461647684900807,39,0.78
expr:PWP2,expression,0.008453159360215068,2,0.04
expr:UNC79,expression,0.008449757238849998,2,0.04
expr:ALPL,expression,0.008440328761935234,1,0.02
meth:PPP1R3A,methylation,0.008433729410171509,2,0.04
meth:MT1IP,methylation,0.008426123143484196,3,0.06
meth:DCAF4,methylation,0.008423608262091875,4,0.08
meth:C11orf64,methylation,0.00842272707571586,6,0.12
meth:CUL9,methylation,0.008416284958089125,42,0.84
meth:STAT4,methylation,0.00841556154634981,42,0.84
expr:SLITRK5,expression,0.008414271287620068,1,0.02
meth:JAKMIP2,methylation,0.008412725178207806,47,0.94
expr:CHST5,expression,0.008404280602311095,3,0.06
expr:KCP,expression,0.008401849229509631,12,0.24
meth:AZGP1,methylation,0.008400152126948038,3,0.06
expr:RAX,expression,0.008386979257920757,8,0.16
meth:MIR23B,methylation,0.008370989002287388,2,0.04
expr:S100A1,expression,0.008369340561330318,3,0.06
expr:SCARF2,expression,0.008356177154928446,5,0.1
meth:SNORD116-18,methylation,0.008346304297447205,1,0.02
meth:MIR944,methylation,0.00834253616631031,1,0.02
meth:TTYH2,methylation,0.008340696978848428,8,0.16
meth:UGT1A9,methylation,0.008324545808136463,1,0.02
expr:CMTM4,expression,0.008298042602837086,5,0.1
meth:MST1R,methylation,0.008291615173220634,1,0.02
expr:EDN1,expression,0.008290348807349801,5,0.1
meth:ACSM3,methylation,0.008288939017802477,10,0.2
expr:CACNG4,expression,0.00828330643591471,50,1.0
meth:CBLN1,methylation,0.008269272330354023,17,0.34
expr:CD163,expression,0.008267535455524921,5,0.1
expr:CRISP1,expression,0.00826736818999052,1,0.02
meth:MUPCDH,methylation,0.008264275267720222,2,0.04
expr:NPIPB11,expression,0.008258633262647147,11,0.22
meth:ZNF470,methylation,0.008255712687969208,1,0.02
expr:NPTX1,expression,0.008248808421194553,25,0.5
meth:NDRG1,methylation,0.008247576974099502,6,0.12
expr:PDZK1IP1,expression,0.008245669591885347,26,0.52
meth:C8orf74,methylation,0.008238596841692924,4,0.08
meth:KRTAP19-4,methylation,0.008232442717417143,40,0.8
expr:CCL21,expression,0.00822999442461878,50,1.0
meth:FEZF1,methylation,0.008210244588553905,1,0.02
expr:PCGF2,expression,0.008193158172717731,18,0.36
meth:CABP1,methylation,0.008192061446607113,1,0.02
meth:WNT11,methylation,0.008186140097677708,1,0.02
expr:CTSD,expression,0.008169817505404353,6,0.12
expr:TRIM66,expression,0.008151385494891335,34,0.68
expr:KAZALD1,expression,0.008151303976774216,1,0.02
expr:VIT,expression,0.008141944029678902,6,0.12
meth:OR6C65,methylation,0.00814042305573821,10,0.2
meth:RBM11,methylation,0.008140183053910732,2,0.04
expr:OR1J1,expression,0.00813729502260685,1,0.02
meth:MOGAT1,methylation,0.008134273113682866,6,0.12
expr:PNPLA3,expression,0.008117402480407194,11,0.22
meth:HIC1,methylation,0.008083928609266877,8,0.16
expr:GGT7,expression,0.008073311299085617,4,0.08
expr:COL18A1,expression,0.008067726252193097,8,0.16
meth:PAX9,methylation,0.008066019974648952,2,0.04
expr:RAB30,expression,0.008062039901103293,7,0.14
expr:ECM1,expression,0.008058750928428612,19,0.38
expr:MET,expression,0.00804769181801627,12,0.24
expr:IL17C,expression,0.008031862897469717,17,0.34
meth:DHDPSL,methylation,0.008004775270819664,2,0.04
expr:NKX2-2,expression,0.008004711591638625,35,0.7
meth:OR6P1,methylation,0.007981975795701146,8,0.16
expr:ATF3,expression,0.007980986905749887,8,0.16
expr:GUCY2D,expression,0.007977327403540794,13,0.26
expr:LY6G5B,expression,0.007976843874253656,23,0.46
expr:ZNF652,expression,0.007975137052126229,50,1.0
expr:CYP3A4,expression,0.007973863189690747,50,1.0
expr:PAQR8,expression,0.007972233161768493,17,0.34
expr:GATM,expression,0.007970864108453194,27,0.54
meth:SSPO,methylation,0.007950970903038979,1,0.02
expr:OIT3,expression,0.007946761862303201,13,0.26
meth:KIAA0922,methylation,0.007943123819286678,47,0.94
meth:CPNE6,methylation,0.007931566072834862,9,0.18
expr:QRFP,expression,0.00792735904836631,47,0.94
meth:SLC22A16,methylation,0.007921446301043033,5,0.1
expr:S100A6,expression,0.007919384176101612,49,0.98
expr:GGN,expression,0.007917563617229461,5,0.1
meth:PRSS23,methylation,0.007912169210612774,2,0.04
meth:FBLN1,methylation,0.007909711982522692,7,0.14
meth:PCDHB5,methylation,0.007903270489935364,21,0.42
expr:OPRK1,expression,0.00790300482714718,11,0.22
meth:C11orf31,methylation,0.007899248972535133,1,0.02
meth:SREBF1,methylation,0.007896668463945388,5,0.1
meth:DYRK1B,methylation,0.0078928517177701,1,0.02
expr:RETN,expression,0.007892314868513495,2,0.04
meth:MIR302D,methylation,0.007892195601016283,2,0.04
meth:ELN,methylation,0.007886746898293495,1,0.02
expr:FAM20C,expression,0.00788278733211643,38,0.76
meth:MIR199A1,methylation,0.00787962312382218,37,0.74
meth:HEMGN,methylation,0.007878932536446623,7,0.14
meth:PCDHB9,methylation,0.007868757149061332,13,0.26
expr:CFAP69,expression,0.007868538607865395,42,0.84
meth:LCK,methylation,0.00786583055742085,2,0.04
expr:ANXA1,expression,0.007853764295578002,5,0.1
expr:MT-ND1,expression,0.007842966619258126,45,0.9
expr:ZFP2,expression,0.007841901620849967,14,0.28
expr:HNF4G,expression,0.007824660658988417,49,0.98
meth:OXT,methylation,0.007821725031438595,12,0.24
expr:PRICKLE4,expression,0.00781695544719696,3,0.06
expr:C1orf167,expression,0.007813180697849021,50,1.0
meth:SCG5,methylation,0.00780842976214794,13,0.26
expr:PLXNB3,expression,0.007807187785051371,38,0.76
expr:XIRP1,expression,0.007802550680935383,1,0.02
meth:NLRX1,methylation,0.00780024379491806,5,0.1
meth:GLRB,methylation,0.007799608570834001,15,0.3
meth:C7orf34,methylation,0.007799012303751495,21,0.42
expr:CBSL,expression,0.00779900822089985,15,0.3
expr:CRYBA2,expression,0.007791784106908987,48,0.96
meth:GIPC2,methylation,0.007787871996269506,17,0.34
meth:CD3D,methylation,0.007780969142913818,1,0.02
expr:TMEM178A,expression,0.007761533372104168,1,0.02
expr:QSOX1,expression,0.007749401999171823,10,0.2
expr:SERPINE1,expression,0.007744074217043817,7,0.14
meth:EIF3E,methylation,0.007732879603281617,7,0.14
meth:CAMK4,methylation,0.007728705648332834,1,0.02
expr:EPHA10,expression,0.007713389311296244,6,0.12
meth:OR2V2,methylation,0.007708483789530065,18,0.36
expr:FKBP5,expression,0.0076891252855685625,11,0.22
expr:KCNJ15,expression,0.007678723894059658,1,0.02
meth:SEC31B,methylation,0.007675136073009559,27,0.54
expr:SLC25A21,expression,0.007668398101814091,50,1.0
meth:SCHIP1,methylation,0.007664339151233435,2,0.04
meth:TMPRSS11A,methylation,0.007653634063899517,1,0.02
expr:KLRC2,expression,0.007641589734703302,4,0.08
meth:ME3,methylation,0.007620854041953054,45,0.9
meth:OR51E1,methylation,0.007618016749620438,5,0.1
meth:HOXC8,methylation,0.007617914583534002,5,0.1
expr:CYP4F12,expression,0.00761527459602803,50,1.0
expr:L1CAM,expression,0.007615085448681687,48,0.96
meth:SNORD116-15,methylation,0.007612001150846481,1,0.02
meth:KRTCAP3,methylation,0.007581116321186225,6,0.12
expr:TSPEAR,expression,0.007579584179135661,12,0.24
meth:EFEMP1,methylation,0.0075748629595701845,7,0.14
expr:GPSM1,expression,0.007568106986582279,2,0.04
expr:EMP2,expression,0.00756231443907988,48,0.96
expr:ANKRD1,expression,0.00755985826253891,3,0.06
meth:ZDHHC1,methylation,0.007557052653282881,4,0.08
meth:SYNGR2,methylation,0.007556631229817867,5,0.1
meth:MYCNOS,methylation,0.00754454149864614,6,0.12
meth:ZFP14,methylation,0.007533720844159169,14,0.28
expr:TEX45,expression,0.007521799703439077,15,0.3
expr:KIF16B,expression,0.007520701736211777,5,0.1
meth:SNORD116-17,methylation,0.007515962701290846,1,0.02
meth:OR51I1,methylation,0.007510724477469921,4,0.08
meth:NCRNA00164,methylation,0.007510403636842966,1,0.02
meth:C9orf170,methylation,0.007500077597796917,2,0.04
meth:ZNF404,methylation,0.00749916722998023,1,0.02
expr:ALAS2,expression,0.00749860453652218,4,0.08
expr:HRK,expression,0.0074964378960430626,10,0.2
meth:GPC6,methylation,0.0074934692432483034,3,0.06
expr:GALNTL6,expression,0.0074876765720546246,2,0.04
meth:DCN,methylation,0.007480441592633724,1,0.02
meth:FBXO27,methylation,0.0074790826183743775,2,0.04
meth:TNFAIP2,methylation,0.007470027077943087,1,0.02
expr:RFLNA,expression,0.007469380846790348,36,0.72
meth:MIR144,methylation,0.007456585764884949,3,0.06
meth:LILRA2,methylation,0.007450792472809553,2,0.04
expr:PCBP3,expression,0.007442065006629987,11,0.22
expr:NAT8,expression,0.007440722657419328,36,0.72
expr:DENND2C,expression,0.007436154456809163,15,0.3
expr:CSF3R,expression,0.0074130095908361855,33,0.66
expr:PXDN,expression,0.007411316270008683,2,0.04
expr:TUBA3E,expression,0.007408666652627289,50,1.0
expr:ARMC3,expression,0.007406795859498409,49,0.98
expr:ZMAT1,expression,0.00740631964222035,17,0.34
meth:HOXD4,methylation,0.007379656657576561,1,0.02
meth:BANK1,methylation,0.007364768534898758,2,0.04
expr:OR2B11,expression,0.0073479292914271355,2,0.04
expr:ZNF107,expression,0.0073462895840961245,47,0.94
expr:ADM2,expression,0.007330963785837715,12,0.24
meth:TRPA1,methylation,0.0073176624874273935,15,0.3
expr:KIAA1958,expression,0.007316779810935259,4,0.08
expr:ARHGEF38,expression,0.00731425010599196,2,0.04
meth:GRIA4,methylation,0.007313387002795935,1,0.02
meth:LOC100233209,methylation,0.007309033535420895,1,0.02
meth:KAZALD1,methylation,0.007308469189760776,39,0.78
meth:LOC152225,methylation,0.007306841760873794,5,0.1
expr:RNF165,expression,0.00730251194909215,2,0.04
expr:FLT3,expression,0.007299674819223583,50,1.0
meth:C2orf90,methylation,0.007288727536797523,5,0.1
expr:IER3,expression,0.007288479059934616,5,0.1
expr:H1-4,expression,0.007287182689954837,6,0.12
expr:TMPRSS9,expression,0.00728110084310174,1,0.02
meth:ZNF426,methylation,0.007280679838731885,10,0.2
meth:C6orf191,methylation,0.007274914441513829,50,1.0
meth:NOL4,methylation,0.007271847584181362,9,0.18
expr:PSIP1,expression,0.007264371495693922,2,0.04
expr:KLHL30,expression,0.007264331707523929,9,0.18
meth:CRISPLD2,methylation,0.007256790642713895,16,0.32
meth:PITX2,methylation,0.007253487489651889,40,0.8
meth:NPB,methylation,0.007252020770683884,50,1.0
meth:UBB,methylation,0.007246159017086029,2,0.04
expr:WWTR1,expression,0.0072430976200848814,10,0.2
expr:CCDC89,expression,0.007234042044728994,1,0.02
meth:DISP1,methylation,0.00722783683533115,35,0.7
expr:PITPNM1,expression,0.007224592225005229,6,0.12
expr:CTSV,expression,0.007220565228421679,34,0.68
meth:KRT1,methylation,0.0072198128385934975,5,0.1
expr:KLHDC7B,expression,0.0071990517899394035,2,0.04
expr:CLCN1,expression,0.007196145754174463,35,0.7
meth:GLIPR2,methylation,0.007180328946560621,1,0.02
expr:RNF17,expression,0.007168938505596348,14,0.28
expr:ABCB9,expression,0.007158926118790987,32,0.64
expr:FLNA,expression,0.007154364087101486,9,0.18
meth:TOLLIP,methylation,0.007140403147786856,2,0.04
meth:STATH,methylation,0.007136233550097261,7,0.14
expr:SERPINF2,expression,0.007119373884052038,1,0.02
expr:PITPNM2,expression,0.0071166143752634525,1,0.02
meth:TAS2R46,methylation,0.00711423484608531,3,0.06
meth:SLC40A1,methylation,0.0071129100397229195,25,0.5
expr:NOX5,expression,0.007104093208909035,1,0.02
meth:UNC13D,methylation,0.007098633357180426,26,0.52
meth:PRDM12,methylation,0.007071655243635178,1,0.02
expr:TBX6,expression,0.007058138377033174,2,0.04
expr:TNFAIP8,expression,0.007040835488097448,19,0.38
expr:FAM166B,expression,0.007028407402053152,46,0.92
expr:PRR4,expression,0.007027909159660339,2,0.04
meth:CACNG5,methylation,0.007025760132819414,1,0.02
meth:DRGX,methylation,0.007025570738025838,9,0.18
expr:WNT8B,expression,0.007020681036864312,49,0.98
expr:UNC5A,expression,0.007014049217104912,1,0.02
expr:VASN,expression,0.0070124198294555145,12,0.24
expr:TMIGD3,expression,0.0070075976950845316,23,0.46
expr:SPTBN2,expression,0.007006564177572727,5,0.1
meth:SLC7A2,methylation,0.006997559788740343,9,0.18
meth:SCN5A,methylation,0.006993142422288656,8,0.16
expr:CISH,expression,0.006987173015820898,45,0.9
expr:VSX2,expression,0.0069867333264223164,7,0.14
meth:APOL1,methylation,0.0069857354974374175,8,0.16
expr:IRX4,expression,0.006976383117338021,6,0.12
meth:SNORA20,methylation,0.006975389939422409,48,0.96
meth:CALML4,methylation,0.006969635143306934,45,0.9
meth:ARL9,methylation,0.006966224405914545,2,0.04
expr:TMPRSS7,expression,0.006945642371041079,42,0.84
meth:MS4A5,methylation,0.0069401697886254015,48,0.96
expr:RELN,expression,0.006939961786635898,11,0.22
meth:FUT2,methylation,0.006939738057553768,1,0.02
expr:FCRL3,expression,0.006935365700527378,46,0.92
meth:IL16,methylation,0.00692680012434721,2,0.04
meth:ARHGAP28,methylation,0.006922210263881078,42,0.84
meth:CRYBB3,methylation,0.006913579795287833,42,0.84
expr:CYP4F2,expression,0.006907317412155185,47,0.94
meth:HOXD3,methylation,0.006905049551278353,6,0.12
meth:OR13F1,methylation,0.006900156382471323,2,0.04
expr:PFN2,expression,0.006896842271089554,1,0.02
expr:CGB7,expression,0.0068954819192488985,3,0.06
meth:TIPIN,methylation,0.006887628680228123,7,0.14
meth:CNGB3,methylation,0.006885680266552501,45,0.9
meth:DOK2,methylation,0.006882559973746538,1,0.02
expr:HLA-DQA1,expression,0.006874974351376295,1,0.02
expr:KCNIP3,expression,0.0068667999092632765,26,0.52
meth:NMU,methylation,0.0068638790232528534,28,0.56
expr:IL20RB,expression,0.006856313573994807,7,0.14
expr:MYO10,expression,0.006853094390992608,7,0.14
expr:ZNF23,expression,0.0068479344980525115,21,0.42
expr:C3orf14,expression,0.006847650355969866,9,0.18
expr:NCKAP5,expression,0.006827671880550359,23,0.46
meth:DOCK2,methylation,0.006819232949055731,39,0.78
meth:RBAK,methylation,0.00681311241351068,2,0.04
expr:CEP112,expression,0.006805899553000927,1,0.02
expr:CDKL4,expression,0.006803139430386099,22,0.44
meth:NCRNA00029,methylation,0.0068029630347155035,8,0.16
meth:DHRS4L2,methylation,0.006801487202756107,5,0.1
expr:CYB5R2,expression,0.006790832874165582,14,0.28
meth:CALML5,methylation,0.006790661147202958,44,0.88
meth:STK32A,methylation,0.006772027279819465,18,0.36
expr:SRGAP1,expression,0.006764282006770372,2,0.04
expr:CES3,expression,0.006747568856614331,15,0.3
expr:CPS1,expression,0.006740842635432879,3,0.06
expr:ATG9B,expression,0.0067329735805590945,6,0.12
expr:SLC23A1,expression,0.006722585138631985,50,1.0
meth:GRB14,methylation,0.006718537397682666,5,0.1
meth:HOXD12,methylation,0.006710936012677848,25,0.5
meth:CCDC85A,methylation,0.006708918993050854,6,0.12
meth:C6orf223,methylation,0.006702701871593793,3,0.06
meth:ZFP112,methylation,0.006701892524558518,7,0.14
meth:CERKL,methylation,0.0067000216582701316,21,0.42
meth:PAPOLB,methylation,0.0066971551730400985,27,0.54
meth:TMEM64,methylation,0.0066838088445365425,5,0.1
expr:FABP7,expression,0.006678578133384387,3,0.06
expr:IFNLR1,expression,0.006675194859105562,35,0.7
expr:GPR78,expression,0.00665762262152774,7,0.14
meth:ZNF556,methylation,0.00665292751727975,16,0.32
meth:QPRT,methylation,0.006652314832899719,40,0.8
expr:CENPU,expression,0.006641332991421223,1,0.02
expr:EN2,expression,0.006640254972955665,37,0.74
expr:VARS2,expression,0.006639339029788971,1,0.02
expr:YES1,expression,0.0066357563016936185,10,0.2
meth:LOC641518,methylation,0.006635168183981101,41,0.82
meth:HTR1F,methylation,0.00663152989000082,1,0.02
expr:C18orf54,expression,0.006628692150115967,13,0.26
meth:IPW,methylation,0.006618690676987171,1,0.02
meth:KCNAB3,methylation,0.006616109982132912,4,0.08
expr:KCNRG,expression,0.006613380868657259,16,0.32
expr:TRPM5,expression,0.0066117774695158005,3,0.06
meth:NCRNA00189,methylation,0.006606441154144704,10,0.2
expr:MIGA1,expression,0.006602832581847906,1,0.02
expr:CLIC6,expression,0.006595795744797215,50,1.0
meth:OPN1SW,methylation,0.006590247665720179,47,0.94
expr:ALDH3A2,expression,0.0065796570541958015,15,0.3
expr:TMEM229B,expression,0.0065666269633220505,50,1.0
meth:KIF5A,methylation,0.006559989330443469,11,0.22
meth:SNORD45B,methylation,0.006557958386838436,10,0.2
expr:RIPPLY1,expression,0.006557125233701386,42,0.84
expr:STXBP4,expression,0.006555071240291,20,0.4
expr:SCT,expression,0.006552006001584232,4,0.08
expr:PTPN1,expression,0.006545385806116667,19,0.38
meth:SPATA18,methylation,0.006540671922266483,1,0.02
expr:PNMA8A,expression,0.006533234224965175,21,0.42
expr:ADIPOQ,expression,0.0065270523961272935,31,0.62
expr:CYP26B1,expression,0.00652042599272375,19,0.38
expr:MANEAL,expression,0.006501804305506604,7,0.14
expr:CA3,expression,0.00649933039676398,4,0.08
meth:PCDHA8,methylation,0.006499173950093488,15,0.3
meth:DNTT,methylation,0.006480688229203224,1,0.02
expr:MFSD2A,expression,0.0064785233698785305,1,0.02
expr:GJC3,expression,0.006466719937244696,28,0.56
meth:SORCS1,methylation,0.006464150423804919,6,0.12
meth:TNP1,methylation,0.0064524912330157615,34,0.68
expr:SATB2,expression,0.00643637590110302,4,0.08
expr:SEC14L6,expression,0.006422831366459529,3,0.06
expr:SLC10A6,expression,0.006419667353232701,6,0.12
meth:PGBD5,methylation,0.006414221185776923,9,0.18
meth:CYB5R3,methylation,0.006400662334493884,41,0.82
expr:CES5A,expression,0.00639694556593895,2,0.04
expr:KCNJ5,expression,0.006395530487809863,7,0.14
meth:CBX2,methylation,0.006392838531890168,26,0.52
meth:ARNTL2,methylation,0.006380879133939743,5,0.1
expr:SREBF1,expression,0.006379645388654392,23,0.46
meth:SIX2,methylation,0.00637881965667475,8,0.16
expr:PSCA,expression,0.006375952297821641,20,0.4
meth:CD1D,methylation,0.006375346798449755,5,0.1
meth:AMT,methylation,0.006372736240293653,21,0.42
meth:CXCL2,methylation,0.006368196915565549,38,0.76
expr:C6orf52,expression,0.006368194613605738,5,0.1
meth:TIGD2,methylation,0.006361407264193986,16,0.32
meth:FAM46B,methylation,0.006356543570291251,2,0.04
expr:REC8,expression,0.00635347786010243,4,0.08
expr:WLS,expression,0.006341938809491694,50,1.0
expr:SMIM35,expression,0.006338187493383884,1,0.02
meth:MIR32,methylation,0.006325057242065668,2,0.04
meth:WDR45L,methylation,0.0063204700127244,6,0.12
meth:DDAH2,methylation,0.0063095842488110065,1,0.02
expr:ZNF185,expression,0.006302058510482311,5,0.1
meth:RIN1,methylation,0.0063009487465024,5,0.1
expr:TP53BP2,expression,0.006300838431343436,2,0.04
meth:NACAP1,methylation,0.006300402095630055,21,0.42
meth:HSD17B14,methylation,0.00629993086224612,49,0.98
meth:OR2F2,methylation,0.006288346058378617,12,0.24
meth:NRN1L,methylation,0.006282666340914809,11,0.22
expr:CD1A,expression,0.006279767956584692,1,0.02
meth:C2orf65,methylation,0.006264617015734653,44,0.88
expr:GSTM2,expression,0.006264107753522694,50,1.0
expr:RALGPS1,expression,0.006263639840120771,29,0.58
meth:PRB2,methylation,0.00626330025261268,2,0.04
expr:ZNF835,expression,0.006253871135413647,13,0.26
meth:SNORD119,methylation,0.0062496062102062365,7,0.14
meth:ZNF280A,methylation,0.006242834031581879,1,0.02
expr:TDRD1,expression,0.0062367869541049,1,0.02
meth:C13orf39,methylation,0.006228439548673729,12,0.24
meth:DUS1L,methylation,0.00622235208429629,20,0.4
expr:FN3K,expression,0.0062204816709517646,19,0.38
expr:GRAMD1B,expression,0.006211671357353528,3,0.06
expr:TMEM171,expression,0.006207829341292381,1,0.02
meth:CCDC57,methylation,0.006207756847446865,46,0.92
expr:CLPSL2,expression,0.0061999051831662655,1,0.02
meth:LOC283663,methylation,0.006199291907250881,2,0.04
meth:LOC100133991,methylation,0.006198413427531098,24,0.48
meth:FAM189A2,methylation,0.006196014117449522,2,0.04
expr:AC139491.7,expression,0.0061943260952830315,2,0.04
expr:IRX5,expression,0.006185163889313117,24,0.48
meth:CALY,methylation,0.006180926691740751,2,0.04
meth:OR6C74,methylation,0.00617731234524399,2,0.04
expr:OR7A5,expression,0.00616045602198158,7,0.14
meth:C3orf72,methylation,0.006154962313862948,13,0.26
meth:ADHFE1,methylation,0.0061521078105610996,46,0.92
meth:SATB2,methylation,0.006148787098936737,6,0.12
expr:GSTM3,expression,0.006147390870610252,50,1.0
expr:RBBP8,expression,0.006144383405626286,48,0.96
meth:WDR69,methylation,0.006121161752768482,24,0.48
meth:ZNF238,methylation,0.006117870463640429,48,0.96
expr:PDK2,expression,0.006117266664902369,15,0.3
meth:FLJ32063,methylation,0.006104566249996423,5,0.1
meth:COL4A1,methylation,0.006102606095373631,5,0.1
expr:VSIG1,expression,0.006097030863669273,37,0.74
meth:CKB,methylation,0.006092682894733217,18,0.36
meth:TMEM90B,methylation,0.006089295260608196,8,0.16
meth:MPP7,methylation,0.006088954117149115,10,0.2
expr:TNFRSF13B,expression,0.006086100528879863,41,0.82
expr:TCN1,expression,0.006063679698854685,1,0.02
expr:OTOS,expression,0.006061030551791191,2,0.04
expr:M1AP,expression,0.006060175265052489,35,0.7
meth:MIR33B,methylation,0.006059810905113678,27,0.54
meth:SNORD114-21,methylation,0.006059048522729427,8,0.16
meth:LRRC4C,methylation,0.006058637440825502,9,0.18
expr:DUOX1,expression,0.006053439853712916,5,0.1
expr:HAPLN1,expression,0.006042190667358227,16,0.32
meth:GAPDHS,methylation,0.006038500898284838,8,0.16
meth:EPHX2,methylation,0.006029725540429354,2,0.04
meth:DKK4,methylation,0.0060270564989996665,46,0.92
meth:ZNF232,methylation,0.006026638036763126,11,0.22
expr:TREX2,expression,0.006014709360897541,1,0.02
expr:MAP2K6,expression,0.006007891779299826,50,1.0
meth:RPL13AP17,methylation,0.006005907486028531,17,0.34
meth:FOXB2,methylation,0.006004785129334778,8,0.16
expr:MRPL38,expression,0.005994679537252523,8,0.16
expr:WNT5B,expression,0.00598809477047656,44,0.88
expr:TACR1,expression,0.005982526112347841,4,0.08
expr:ASCL5,expression,0.005982129691311946,13,0.26
expr:FGG,expression,0.005979509558528662,2,0.04
meth:LOC100144604,methylation,0.005975118605419993,13,0.26
expr:SDCBP2,expression,0.005969122573733329,50,1.0
expr:SFTPD,expression,0.005959040019661188,2,0.04
meth:PLSCR2,methylation,0.005958224646747112,2,0.04
expr:ERG,expression,0.005949531449005008,4,0.08
expr:DNAH12,expression,0.005943762022070587,24,0.48
meth:SH3D19,methylation,0.005942572828470951,21,0.42
expr:TCHH,expression,0.005934792171631541,7,0.14
meth:PDE1C,methylation,0.005934259667992592,5,0.1
meth:KRT13,methylation,0.0059320608351574565,43,0.86
expr:H2BC8,expression,0.005926669575273991,2,0.04
meth:OR52H1,methylation,0.005924454657360911,4,0.08
meth:CSTA,methylation,0.005918860375615103,35,0.7
meth:AOX1,methylation,0.005918820765024672,30,0.6
meth:KCNJ8,methylation,0.005913324976890263,44,0.88
expr:MSL1,expression,0.005910385472816415,16,0.32
expr:SBK1,expression,0.005903894360277003,28,0.56
meth:MGC16025,methylation,0.005898472428920546,7,0.14
meth:OR51L1,methylation,0.005897732451558113,1,0.02
expr:CERS3,expression,0.005893843714147806,1,0.02
meth:MGST2,methylation,0.005875860340893269,1,0.02
expr:MSLNL,expression,0.005862983781844378,10,0.2
meth:LIN7A,methylation,0.005854568739950254,37,0.74
expr:RTN4R,expression,0.005849845956304464,29,0.58
meth:RHPN2,methylation,0.0058491525580689615,43,0.86
meth:TBX10,methylation,0.005840201978571713,4,0.08
expr:ANKRD55,expression,0.005836877589380103,49,0.98
expr:RGPD4,expression,0.005831813672557473,4,0.08
meth:TESC,methylation,0.00583088798025115,11,0.22
expr:PDIA2,expression,0.005828279305371159,22,0.44
meth:EFCAB10,methylation,0.005828072426083963,8,0.16
meth:PTCRA,methylation,0.00581942405551672,1,0.02
meth:SH3GL2,methylation,0.00581793999299407,2,0.04
meth:ZNF285A,methylation,0.0058176148547014845,6,0.12
meth:HAO1,methylation,0.005816269665956497,1,0.02
expr:SIX1,expression,0.005799192935228348,1,0.02
meth:TREML4,methylation,0.005796168930828571,1,0.02
meth:SMAD9,methylation,0.005795391582068987,16,0.32
meth:CHST9,methylation,0.005782535532489419,16,0.32
meth:PM20D2,methylation,0.0057743308134377,2,0.04
expr:PHGDH,expression,0.005771175026893616,3,0.06
meth:BCL2L15,methylation,0.005767407827079296,1,0.02
expr:RNF225,expression,0.005760312080383301,3,0.06
meth:SP100,methylation,0.005758075043559074,2,0.04
expr:ZFYVE9,expression,0.005746114533394575,2,0.04
expr:DCD,expression,0.005745471443515271,10,0.2
expr:S100A4,expression,0.005744425912520715,7,0.14
expr:CD79A,expression,0.005743092740885913,37,0.74
meth:C21orf34,methylation,0.0057411885687283105,7,0.14
expr:GABRR3,expression,0.005740531254559755,1,0.02
meth:C8orf71,methylation,0.005738927594696482,12,0.24
meth:FLJ44606,methylation,0.005728697574037748,12,0.24
meth:EAPP,methylation,0.005717947843589607,23,0.46
meth:CD74,methylation,0.005714988768366831,7,0.14
expr:SMC1B,expression,0.005713799502700567,4,0.08
meth:KCNE3,methylation,0.005700631067156792,12,0.24
meth:LOC285401,methylation,0.005680631535748641,3,0.06
meth:MIR2052,methylation,0.005680051445960998,5,0.1
expr:IGFBP3,expression,0.005678712700804074,3,0.06
meth:KIAA1522,methylation,0.005676113069057465,1,0.02
meth:ZNF366,methylation,0.005673452973410133,21,0.42
meth:PGK2,methylation,0.0056677382197353595,38,0.76
meth:KRTAP5-9,methylation,0.005663915665511898,37,0.74
expr:WIF1,expression,0.005663721531163901,8,0.16
expr:GPD2,expression,0.005663179326802492,4,0.08
meth:FLJ22536,methylation,0.005661755334585905,4,0.08
expr:MASP1,expression,0.00566002115374431,18,0.36
expr:ASAH2,expression,0.005640003054092328,12,0.24
expr:AMPD1,expression,0.005638894854928367,45,0.9
meth:EPN3,methylation,0.0056370217353105545,1,0.02
expr:TMEM150B,expression,0.005633859525852162,29,0.58
expr:DAAM2,expression,0.005627887789160013,2,0.04
expr:PRRT3,expression,0.005626144595832254,6,0.12
meth:MUCL1,methylation,0.005623729096259922,25,0.5
meth:S1PR5,methylation,0.005620722658932209,2,0.04
meth:KRTAP5-5,methylation,0.005609625640014808,3,0.06
meth:COL16A1,methylation,0.005597163406491745,8,0.16
expr:SLURP1,expression,0.00559360295063721,49,0.98
expr:ZNF662,expression,0.005591702647507191,37,0.74
meth:CYP27A1,methylation,0.005585387721657753,5,0.1
expr:TMEM200B,expression,0.005572871305048466,2,0.04
expr:CSMD3,expression,0.005572764358172814,15,0.3
expr:IMPG1,expression,0.005568163003772497,2,0.04
meth:NCCRP1,methylation,0.005564297433011234,32,0.64
expr:MINDY4,expression,0.005560606174791853,3,0.06
expr:CA1,expression,0.005540024564676994,37,0.74
expr:PGK2,expression,0.00553280133037613,13,0.26
meth:CTNNA2,methylation,0.005530164809897542,10,0.2
meth:GPRC5D,methylation,0.005515755619853735,2,0.04
expr:MYO5C,expression,0.005513210440627658,13,0.26
expr:BRS3,expression,0.0055099050514400005,1,0.02
expr:KYNU,expression,0.005501463543623686,12,0.24
meth:SLC30A8,methylation,0.0054985912720439956,40,0.8
meth:CDSN,methylation,0.005494167603319511,20,0.4
expr:GKN2,expression,0.005493403505533933,20,0.4
meth:C1orf114,methylation,0.005478755554317364,7,0.14
expr:COPZ2,expression,0.005477796122431755,5,0.1
expr:TNRC6C,expression,0.0054773863434712305,47,0.94
expr:PAQR6,expression,0.005468385216469566,6,0.12
meth:FBXO41,methylation,0.005467600277846768,21,0.42
meth:PDE1B,methylation,0.005465219728648663,2,0.04
meth:VWA3A,methylation,0.005465159937739372,5,0.1
meth:CRX,methylation,0.005462222422162692,3,0.06
meth:DSG1,methylation,0.005456497388270994,12,0.24
expr:ULBP1,expression,0.005447936090739801,47,0.94
expr:GIMAP2,expression,0.005444020232451814,7,0.14
expr:SPRR1B,expression,0.005443107336759567,1,0.02
expr:ODF3L2,expression,0.00544208692959868,39,0.78
expr:ODC1,expression,0.005441025575338345,18,0.36
meth:CBWD2,methylation,0.005431214580312371,2,0.04
expr:RBP3,expression,0.005431145026635092,26,0.52
expr:MTFP1,expression,0.005427823401987553,1,0.02
meth:TMC3,methylation,0.005425750042334022,42,0.84
expr:TAGLN3,expression,0.005420134169980884,4,0.08
expr:FMN1,expression,0.005416175816208124,1,0.02
expr:PCDH19,expression,0.005416159828503926,3,0.06
meth:PCDHGB4,methylation,0.005412075519322967,39,0.78
meth:RNASE1,methylation,0.005400500533616413,23,0.46
meth:C9orf125,methylation,0.0053999275745203095,6,0.12
expr:TTN,expression,0.005393265125652154,9,0.18
meth:MAPK8IP2,methylation,0.0053927280621755185,49,0.98
expr:ENDOG,expression,0.005386998411267996,1,0.02
meth:C12orf63,methylation,0.0053866511055578785,6,0.12
meth:PTPRZ1,methylation,0.005377298747016875,27,0.54
expr:FFAR2,expression,0.005370146431960166,5,0.1
meth:PRHOXNB,methylation,0.005365003831684589,2,0.04
meth:RNF165,methylation,0.005357600324667799,39,0.78
expr:COL5A3,expression,0.00535295404155146,11,0.22
expr:CDH20,expression,0.005350632127374411,2,0.04
expr:CD79B,expression,0.005349366615215938,6,0.12
expr:CENPN,expression,0.005340656731277704,2,0.04
meth:HPYR1,methylation,0.0053350916132330894,2,0.04
expr:ADGRB3,expression,0.005324080586433411,1,0.02
expr:CELSR3,expression,0.005314858630299568,1,0.02
expr:PGAP1,expression,0.005310305888997391,40,0.8
meth:PLEKHA6,methylation,0.005303913388739933,44,0.88
expr:MEI1,expression,0.005300576335728346,21,0.42
expr:RASSF9,expression,0.005292945193234898,42,0.84
meth:PLXNB2,methylation,0.005287582819194844,30,0.6
expr:DCXR,expression,0.005284426879370585,4,0.08
meth:KLK13,methylation,0.005276548210531473,2,0.04
meth:TMEM20,methylation,0.005276277905241365,21,0.42
expr:EMILIN1,expression,0.005274804716464132,5,0.1
meth:LOC254312,methylation,0.005273921298794448,2,0.04
expr:RHOU,expression,0.005270789377391338,6,0.12
meth:LOC221122,methylation,0.005266283734024249,11,0.22
expr:LPP,expression,0.005260426684149674,14,0.28
expr:ZNF750,expression,0.005258823297672758,19,0.38
expr:GDAP1L1,expression,0.005256716161966324,3,0.06
meth:C15orf63,methylation,0.005255406919826308,23,0.46
expr:SOHLH2,expression,0.0052359744906425474,10,0.2
meth:XRCC5,methylation,0.005234624750705229,18,0.36
expr:OGFRL1,expression,0.005229526199400425,3,0.06
meth:HAR1A,methylation,0.005221583570043246,6,0.12
meth:SLC22A9,methylation,0.005221344137178926,29,0.58
expr:LHFPL1,expression,0.005219438190882404,30,0.6
expr:MT1G,expression,0.005204085474057744,18,0.36
meth:SLC5A7,methylation,0.005203996565850342,17,0.34
expr:NIBAN3,expression,0.005200538318604231,2,0.04
meth:C1orf180,methylation,0.005194673176100921,42,0.84
expr:WDR38,expression,0.0051940765231847765,5,0.1
meth:LOC338758,methylation,0.005191985401324928,43,0.86
expr:COL9A3,expression,0.005189617583528161,10,0.2
meth:RGS5,methylation,0.005187097315986951,3,0.06
meth:OR10H5,methylation,0.005180154616634051,6,0.12
expr:CFAP94,expression,0.005177743896638276,32,0.64
meth:PCP4,methylation,0.005175761703867465,4,0.08
meth:C17orf69,methylation,0.005169336819866051,12,0.24
expr:CAMK2B,expression,0.00516416903378235,9,0.18
expr:SLC29A2,expression,0.005152182900072897,17,0.34
expr:DLX4,expression,0.005147479164103667,3,0.06
expr:POTEI,expression,0.00512798893928098,13,0.26
meth:CCDC70,methylation,0.005127714121375571,11,0.22
expr:ARHGAP40,expression,0.005126714316272252,37,0.74
meth:SMO,methylation,0.0051262462822099526,30,0.6
expr:AL365205.1,expression,0.005117953289300203,4,0.08
meth:CPT1A,methylation,0.005115385477741559,3,0.06
expr:NIM1K,expression,0.005110649133308066,9,0.18
expr:SLC26A4,expression,0.005108558883269628,3,0.06
meth:SLC2A8,methylation,0.0051052674137860195,44,0.88
meth:BCAN,methylation,0.00510171039163002,7,0.14
meth:PTGES,methylation,0.005100205618267258,9,0.18
meth:IGFBP1,methylation,0.005095418691873932,39,0.78
expr:CTH,expression,0.005092794541269541,8,0.16
expr:SCN2A,expression,0.005092408211203292,10,0.2
meth:ERP27,methylation,0.0050916003063321115,5,0.1
meth:BCL11B,methylation,0.005086271557956934,4,0.08
expr:HPCA,expression,0.005084506844958434,13,0.26
meth:LRRFIP1,methylation,0.0050820658604304,3,0.06
expr:KRT14,expression,0.005081566981971264,6,0.12
expr:PRDM12,expression,0.005069688461454851,21,0.42
expr:F5,expression,0.0050678464584052564,10,0.2
meth:KIAA1984,methylation,0.005067293635672993,9,0.18
expr:LOXL4,expression,0.005066354862517781,9,0.18
expr:CHST1,expression,0.005063576701407631,3,0.06
meth:HRNBP3,methylation,0.0050626094453036785,2,0.04
expr:TAC4,expression,0.005062475278218453,37,0.74
expr:TOB1,expression,0.005062211537733674,43,0.86
meth:LOC93432,methylation,0.005057408175586412,30,0.6
expr:DRD4,expression,0.0050515781855210665,5,0.1
expr:SUSD5,expression,0.005048602633178234,5,0.1
meth:SIPA1L1,methylation,0.0050434032448157225,42,0.84
expr:TMEM211,expression,0.005040517209896019,7,0.14
expr:HAUS7,expression,0.005036517944453018,7,0.14
meth:KLK15,methylation,0.005035524070262909,10,0.2
expr:CHAD,expression,0.005023296591825783,50,1.0
expr:C4BPB,expression,0.005022655241191387,3,0.06
expr:CD14,expression,0.005018492474367744,19,0.38
meth:FKBP1B,methylation,0.005017968188298659,45,0.9
meth:SOBP,methylation,0.005015798015630848,42,0.84
expr:BCL2,expression,0.005015111564568301,49,0.98
expr:TLR10,expression,0.005014642418542763,49,0.98
expr:HEATR4,expression,0.0050140430999454115,50,1.0
expr:NGFR,expression,0.005013568665493618,11,0.22
meth:BOLL,methylation,0.005007534633360563,31,0.62
expr:TACR3,expression,0.005004906561225653,2,0.04
expr:MUC4,expression,0.005002758931368589,2,0.04
meth:AGPS,methylation,0.00499996875441866,2,0.04
expr:KIR2DL3,expression,0.004985792562365532,1,0.02
meth:XCL2,methylation,0.00498242350295186,4,0.08
meth:SPZ1,methylation,0.004974383395165205,1,0.02
expr:OR2A7,expression,0.004974181285693443,42,0.84
meth:KRTAP6-2,methylation,0.004973794756965203,11,0.22
expr:GAPT,expression,0.004973433921956409,48,0.96
meth:ARPM1,methylation,0.004972852684338303,17,0.34
expr:PSD3,expression,0.004962024092674255,10,0.2
expr:KSR2,expression,0.004953186933158172,9,0.18
expr:RNF217,expression,0.0049490840174257755,1,0.02
expr:MEF2B,expression,0.004947876062265835,43,0.86
meth:CDC42BPA,methylation,0.004939767907583906,31,0.62
expr:ODF4,expression,0.004920103553948658,7,0.14
meth:DLGAP3,methylation,0.004916440695524216,6,0.12
expr:PCLO,expression,0.004914878532290458,50,1.0
meth:PABPC1L,methylation,0.004907752212602645,8,0.16
meth:MGAT5,methylation,0.004897752398392186,26,0.52
meth:SHD,methylation,0.004896421451121569,4,0.08
expr:NAPSA,expression,0.004890831143018745,21,0.42
meth:OXGR1,methylation,0.004890707631905873,3,0.06
expr:TMEM98,expression,0.004887433489784598,12,0.24
expr:SAPCD1,expression,0.004885701462626457,1,0.02
expr:FKBP2,expression,0.0048719752114266155,5,0.1
meth:CSN3,methylation,0.004865849478584197,45,0.9
meth:CCDC86,methylation,0.004865223367232829,24,0.48
expr:MMP21,expression,0.004861037671456442,17,0.34
expr:MADCAM1,expression,0.00485629215836525,1,0.02
expr:CHST6,expression,0.004854040992213413,50,1.0
expr:GALNT16,expression,0.004853913034109965,23,0.46
meth:KRT40,methylation,0.004849483569463094,3,0.06
expr:CDHR1,expression,0.0048340121866203845,5,0.1
expr:TTK,expression,0.004833507817238569,1,0.02
expr:SLC25A41,expression,0.004812728904653341,44,0.88
expr:ARMC12,expression,0.0048079377505928274,40,0.8
meth:ADAM5P,methylation,0.004804445896297693,3,0.06
expr:SEMA7A,expression,0.004799428395926952,4,0.08
meth:CYP2B7P1,methylation,0.004791716113686562,4,0.08
meth:A2ML1,methylation,0.0047916872756710895,30,0.6
meth:IL23R,methylation,0.004789814352989197,5,0.1
expr:CFAP61,expression,0.004783426230534207,37,0.74
meth:IRF9,methylation,0.004782618331470682,12,0.24
meth:ITGAE,methylation,0.004777737448798356,41,0.82
expr:ALX4,expression,0.004776057674838552,29,0.58
expr:RBPMS,expression,0.004769447259604931,2,0.04
expr:AC093512.2,expression,0.004766951948113274,8,0.16
expr:TPSAB1,expression,0.004763393507649501,15,0.3
meth:NPPA,methylation,0.0047613437225042686,41,0.82
meth:HSD17B4,methylation,0.0047605292638763785,46,0.92
meth:C7orf52,methylation,0.004748755958504402,13,0.26
expr:C11orf45,expression,0.004734716558066959,22,0.44
expr:CEL,expression,0.00473223651239935,26,0.52
meth:SNORD37,methylation,0.004726836188786606,49,0.98
expr:DEFB131B,expression,0.004723039632341985,29,0.58
meth:ADAD1,methylation,0.004716510511934757,15,0.3
meth:ZNF532,methylation,0.004715983860660344,50,1.0
expr:MEGF11,expression,0.00471527362242341,1,0.02
expr:TNNT3,expression,0.004709665197879076,2,0.04
expr:REEP6,expression,0.004707244166638702,6,0.12
expr:XKR7,expression,0.004703053997622596,9,0.18
meth:RHCG,methylation,0.004699549371642726,7,0.14
meth:GJC2,methylation,0.0046980381677193305,14,0.28
expr:BATF,expression,0.004695141315460205,5,0.1
expr:SLC38A4,expression,0.004687694599851966,8,0.16
expr:SEMA5B,expression,0.004684229884707534,34,0.68
meth:PKD1L2,methylation,0.004681875463575125,2,0.04
expr:RGS20,expression,0.004678143133713427,49,0.98
expr:NCR2,expression,0.004673719871789217,1,0.02
meth:SH3BP1,methylation,0.004671481758123264,16,0.32
expr:IL12B,expression,0.0046712684668410494,49,0.98
meth:MFSD2A,methylation,0.0046666854177601635,32,0.64
expr:PRAME,expression,0.004665602131613663,14,0.28
meth:MPV17L,methylation,0.004661939727763335,6,0.12
meth:SH3PXD2A,methylation,0.004657371435314417,4,0.08
expr:WDR72,expression,0.004648887804102933,43,0.86
expr:S100A16,expression,0.004648077074671164,20,0.4
expr:NT5DC2,expression,0.004647301691066887,9,0.18
expr:ANKRD26,expression,0.00464438358321786,10,0.2
meth:ASB18,methylation,0.00464197075260537,7,0.14
meth:PRDM13,methylation,0.004641188325227371,14,0.28
expr:RTL9,expression,0.004635965678608045,10,0.2
expr:VLDLR,expression,0.004635425466720177,23,0.46
expr:CFAP299,expression,0.0046330758680899935,3,0.06
expr:RAB11FIP4,expression,0.004631763848010451,6,0.12
expr:RPH3A,expression,0.004629175562877208,20,0.4
expr:FAM110D,expression,0.004627866825709741,3,0.06
meth:PRR15,methylation,0.004625957357347943,8,0.16
expr:ACSM2A,expression,0.004620074911508709,50,1.0
expr:LY75,expression,0.004608272924087942,2,0.04
meth:ZFP106,methylation,0.004603326320648193,5,0.1
meth:CDK14,methylation,0.0045993321885665255,48,0.96
expr:MIOX,expression,0.0045968841967316204,13,0.26
meth:S100A6,methylation,0.004596029873937368,1,0.02
expr:C6orf141,expression,0.004594574740622193,48,0.96
expr:EFNA3,expression,0.004594491186341451,31,0.62
expr:LIPK,expression,0.004590779232482116,3,0.06
expr:OVGP1,expression,0.004587889804194371,9,0.18
expr:ITGAD,expression,0.004587862174957991,4,0.08
meth:PNOC,methylation,0.0045871695647725745,21,0.42
meth:ADAM23,methylation,0.0045775240287184715,4,0.08
meth:LOC400696,methylation,0.004574461840093136,1,0.02
meth:CGREF1,methylation,0.004569093347527087,12,0.24
meth:TARP,methylation,0.004567651367849774,45,0.9
meth:MLH1,methylation,0.004561526464143147,15,0.3
meth:SNCA,methylation,0.00455837557092309,4,0.08
meth:PAPL,methylation,0.0045508298790082335,8,0.16
expr:WNT5A,expression,0.00454886956140399,2,0.04
expr:EPHB2,expression,0.004547401797026396,2,0.04
expr:SLC26A9,expression,0.004545146684077653,11,0.22
expr:GP6,expression,0.004543636925518513,11,0.22
meth:DPP10,methylation,0.004534562584012747,1,0.02
expr:INHA,expression,0.0045316568575799465,2,0.04
expr:ZFP36,expression,0.004530564681145138,29,0.58
meth:NCF4,methylation,0.004525890224613249,8,0.16
meth:EMR3,methylation,0.004525735508650541,4,0.08
meth:ERMN,methylation,0.004514284704863611,45,0.9
expr:OMG,expression,0.004514134576311335,16,0.32
meth:PTGIR,methylation,0.004513496934022341,9,0.18
meth:ZNF876P,methylation,0.004507625009864569,4,0.08
meth:ALDH8A1,methylation,0.004507489688694477,15,0.3
expr:PLPP2,expression,0.004504705022554845,8,0.16
expr:WNK4,expression,0.004504540965426713,50,1.0
expr:CLTCL1,expression,0.004504233133047819,2,0.04
expr:AKAP5,expression,0.004498111549764872,2,0.04
meth:ZNF229,methylation,0.004495454486459494,1,0.02
meth:SLC10A6,methylation,0.004491286817938089,2,0.04
expr:ALDH3B1,expression,0.0044876947067677975,1,0.02
expr:AKAP14,expression,0.004480541108504814,17,0.34
expr:TTC25,expression,0.004478090099938627,36,0.72
expr:FYB1,expression,0.004473647413154443,3,0.06
expr:ADGRE3,expression,0.004465864990682651,12,0.24
meth:PAPLN,methylation,0.004464773715219714,11,0.22
expr:CD300E,expression,0.004463809169828891,10,0.2
meth:PPFIA2,methylation,0.004463369958102703,2,0.04
meth:C14orf177,methylation,0.004457738250494003,1,0.02
meth:RUSC1,methylation,0.004452205030247569,3,0.06
expr:CNTNAP2,expression,0.004446732345968485,5,0.1
expr:RCOR2,expression,0.004446428874507547,50,1.0
expr:AGBL2,expression,0.004445812949852552,50,1.0
expr:MYOCD,expression,0.004439946901541026,42,0.84
expr:VPS13A,expression,0.004437686587848207,17,0.34
meth:CACNG8,methylation,0.004437534267018582,29,0.58
expr:HK3,expression,0.00443081240672128,38,0.76
expr:MOB3B,expression,0.004426473286002874,2,0.04
expr:C20orf203,expression,0.004426246664176385,12,0.24
meth:PLA2G5,methylation,0.004422869610910614,6,0.12
expr:CYP8B1,expression,0.004417029837698109,23,0.46
expr:ZNF844,expression,0.004415473079701003,38,0.76
meth:SLC5A5,methylation,0.0043994638447960215,12,0.24
meth:SACS,methylation,0.004398542921990156,1,0.02
meth:RHBDL3,methylation,0.004398379837910302,38,0.76
meth:KRTAP25-1,methylation,0.0043974545868960295,11,0.22
expr:KRT24,expression,0.0043955241950849695,6,0.12
expr:LMOD3,expression,0.004391756653785705,5,0.1
meth:RAPGEF1,methylation,0.004390600403504712,7,0.14
meth:MEP1A,methylation,0.004387859565516313,3,0.06
expr:STEAP1,expression,0.0043831453658640385,2,0.04
meth:LOC150568,methylation,0.004382516999612562,8,0.16
meth:UNC93B1,methylation,0.0043789739403027024,44,0.88
meth:C1orf14,methylation,0.004374100128188729,14,0.28
meth:HAO2,methylation,0.004367465793620795,21,0.42
expr:EME2,expression,0.0043528288203690734,7,0.14
meth:CEL,methylation,0.004351862632161515,22,0.44
meth:TRAM1L1,methylation,0.004349888730383313,17,0.34
expr:KCNJ10,expression,0.004348702350398526,4,0.08
expr:CPA3,expression,0.004347328096628189,9,0.18
meth:ASAP1IT1,methylation,0.004343619223367026,47,0.94
meth:C11orf49,methylation,0.004341796878725291,10,0.2
meth:AP2A2,methylation,0.004341024435624214,7,0.14
expr:ZNF471,expression,0.0043403833957487035,19,0.38
meth:PPP1R16A,methylation,0.004328025101650772,28,0.56
expr:MEIOC,expression,0.004324214067310095,1,0.02
meth:WFIKKN1,methylation,0.004322497174143791,2,0.04
meth:MSI1,methylation,0.004317291560045515,26,0.52
expr:SPRED2,expression,0.004311388051818784,41,0.82
meth:KLK8,methylation,0.004309067688882351,5,0.1
expr:CST1,expression,0.004308945751593758,12,0.24
expr:LILRB5,expression,0.004306275397539139,1,0.02
expr:KRT2,expression,0.004301786097736719,6,0.12
meth:MAFA,methylation,0.004298528992674417,9,0.18
meth:AMPH,methylation,0.004297778708860278,20,0.4
meth:COL3A1,methylation,0.004294479498639703,4,0.08
expr:KCNH2,expression,0.004285473682102747,6,0.12
expr:ELAPOR2,expression,0.004285407620045589,24,0.48
expr:VNN3,expression,0.004283026509008117,22,0.44
expr:CPSF4L,expression,0.004279225146013271,23,0.46
expr:MIPOL1,expression,0.004278646937261025,6,0.12
expr:AKR1E2,expression,0.004277146313079568,43,0.86
meth:NLRP13,methylation,0.004275146150030195,5,0.1
meth:C8orf80,methylation,0.004270111947941284,18,0.36
meth:PLEKHA2,methylation,0.0042688860557973385,2,0.04
expr:SLC34A3,expression,0.004264402203261852,4,0.08
meth:KCNF1,methylation,0.0042583510124435025,6,0.12
expr:LACRT,expression,0.0042494927309579345,37,0.74
meth:NCRNA00093,methylation,0.0042492376640439035,5,0.1
expr:BRSK2,expression,0.004246028163470328,20,0.4
expr:PRB2,expression,0.004242700882829153,13,0.26
expr:AC006254.1,expression,0.0042397258803248405,3,0.06
expr:OXTR,expression,0.0042359348320003066,42,0.84
meth:ABCG2,methylation,0.004228224977850914,14,0.28
expr:RECQL4,expression,0.004222598392516375,1,0.02
expr:PRSS16,expression,0.00421379906765651,8,0.16
expr:BEX5,expression,0.0042069040549298125,6,0.12
meth:MIR499,methylation,0.004201660514809191,7,0.14
expr:PDE1A,expression,0.004198730923235416,10,0.2
meth:DDN,methylation,0.004197975809802301,40,0.8
meth:ZNF655,methylation,0.004192727954230375,9,0.18
expr:ASAP2,expression,0.004190076142549515,1,0.02
expr:HMCN1,expression,0.004182483069598675,2,0.04
expr:C2orf66,expression,0.004175885580480099,6,0.12
meth:JAM2,methylation,0.004175313543982622,41,0.82
meth:BCO2,methylation,0.004167553212027997,30,0.6
expr:PLPP7,expression,0.004167179297655821,5,0.1
expr:MMP14,expression,0.004158308787737042,2,0.04
expr:SEZ6L,expression,0.004157145818074544,6,0.12
expr:KCNH8,expression,0.004155637081971185,45,0.9
expr:KLHL4,expression,0.004154667723923922,1,0.02
expr:C2,expression,0.004152391929752552,13,0.26
meth:DBX2,methylation,0.004152237784583121,25,0.5
expr:TMEM35A,expression,0.004147237166762352,2,0.04
expr:MAGEB2,expression,0.004143108148127794,2,0.04
meth:BRCA1,methylation,0.004142336861973274,42,0.84
expr:SLC25A47,expression,0.004140362937635343,28,0.56
meth:GNG8,methylation,0.0041392531890708665,13,0.26
expr:VAV3,expression,0.004136574090175007,46,0.92
meth:BRUNOL5,methylation,0.0041341911419294775,4,0.08
expr:NXPH2,expression,0.004130173235252086,18,0.36
expr:LGALS8,expression,0.004129543395484453,27,0.54
expr:MYLK2,expression,0.004126938991248608,3,0.06
expr:ZNF337,expression,0.004121648039602276,28,0.56
meth:KRT23,methylation,0.0041211978532373905,2,0.04
meth:C17orf77,methylation,0.004121010657399893,1,0.02
expr:TEKT5,expression,0.004120040866837371,24,0.48
meth:PPP1R14D,methylation,0.004113934825484952,15,0.3
meth:ELMOD1,methylation,0.004108132570981979,25,0.5
expr:PTPRT,expression,0.004095811273294444,49,0.98
meth:QRFPR,methylation,0.00409385422244668,4,0.08
meth:PGA3,methylation,0.00409254664555192,1,0.02
meth:TUB,methylation,0.004090233801186762,11,0.22
expr:ZNF98,expression,0.004088903916999698,10,0.2
expr:H3C15,expression,0.004083186038769782,8,0.16
expr:GLCCI1,expression,0.0040716070992251234,6,0.12
meth:MAL,methylation,0.00407085622039934,6,0.12
meth:CHD2,methylation,0.004069506656378508,1,0.02
meth:KIAA0182,methylation,0.0040688989316358375,19,0.38
meth:RGS2,methylation,0.004065017681568861,2,0.04
meth:MAPT,methylation,0.004063573114884396,30,0.6
meth:SLC1A1,methylation,0.004061476591652116,26,0.52
meth:TLX1NB,methylation,0.00405461010005739,9,0.18
expr:SCGB3A2,expression,0.0040544066578149796,3,0.06
expr:PAX7,expression,0.00404244273280104,18,0.36
expr:SCML1,expression,0.004039570586983024,41,0.82
expr:ERN2,expression,0.004038396328687668,25,0.5
meth:RNF180,methylation,0.004032081839713183,11,0.22
expr:ROPN1L,expression,0.004025303293019533,8,0.16
meth:XKR4,methylation,0.004021127708256245,2,0.04
meth:FABP4,methylation,0.004019001964479685,4,0.08
expr:IGLON5,expression,0.004018363542854786,2,0.04
expr:FKBP10,expression,0.004011988127604127,5,0.1
meth:COPZ2,methylation,0.0040117245064013535,9,0.18
expr:APOLD1,expression,0.004011283713308248,11,0.22
expr:MED13L,expression,0.004009555610267584,27,0.54
expr:ARHGAP36,expression,0.004000787073487623,9,0.18
meth:C1QA,methylation,0.003996042534708977,1,0.02
expr:TRPM6,expression,0.003993608430027962,5,0.1
expr:ERRFI1,expression,0.003992786738448418,13,0.26
meth:BSND,methylation,0.003992502317907145,13,0.26
meth:SCGN,methylation,0.0039916604032946956,18,0.36
expr:GFOD1,expression,0.003989286534488201,5,0.1
expr:MYBPC1,expression,0.00398876859631855,50,1.0
meth:NDUFS2,methylation,0.0039866484701633455,5,0.1
expr:ZNF682,expression,0.003984842945903759,34,0.68
expr:ZNF280B,expression,0.003982330051561196,3,0.06
meth:SCARF2,methylation,0.003981634322553873,5,0.1
expr:KIF5C,expression,0.003978445935918361,49,0.98
meth:SPATA16,methylation,0.003976534713087056,34,0.68
meth:NPM3,methylation,0.003963447170099244,20,0.4
meth:VWA5A,methylation,0.003963290015235543,6,0.12
expr:EFCAB13,expression,0.0039522553690605694,9,0.18
meth:BTNL9,methylation,0.003948318772017956,3,0.06
meth:WSCD1,methylation,0.003944931179285049,10,0.2
expr:NPIPB5,expression,0.003940437565602008,21,0.42
meth:HP,methylation,0.003937438705987815,36,0.72
meth:C10orf67,methylation,0.003926857962812248,19,0.38
meth:GUCY1A3,methylation,0.003924196120351553,4,0.08
expr:PROKR1,expression,0.003921565786004067,10,0.2
expr:FAM71C,expression,0.003920029383152723,1,0.02
expr:TAF4B,expression,0.003915060798383572,11,0.22
meth:LHX6,methylation,0.003913626052014044,46,0.92
meth:GLIPR1L1,methylation,0.003911430016160011,2,0.04
expr:ARMC4,expression,0.003910969541376007,29,0.58
meth:BRSK2,methylation,0.003909306135028601,2,0.04
meth:SOX30,methylation,0.00390782677223561,27,0.54
meth:F2RL1,methylation,0.003906982246137757,7,0.14
meth:SRRM2,methylation,0.0039038706703909804,21,0.42
meth:MAPK4,methylation,0.0039038650159324917,21,0.42
meth:GPR177,methylation,0.0039012331908452325,48,0.96
meth:ZNF853,methylation,0.003885484905913472,50,1.0
meth:UGT1A5,methylation,0.003882294182072986,11,0.22
expr:AHSG,expression,0.0038801646555334125,27,0.54
meth:SVOPL,methylation,0.003878889954648912,4,0.08
expr:NHS,expression,0.0038787019342028848,48,0.96
expr:SMYD3,expression,0.003875975264236331,2,0.04
meth:CGB2,methylation,0.0038627043832093477,1,0.02
meth:PCSK6,methylation,0.0038607771159149705,5,0.1
meth:TFPI2,methylation,0.0038587330267406427,26,0.52
expr:AKAP9,expression,0.0038544148361931243,3,0.06
expr:MBNL3,expression,0.0038535090434379526,32,0.64
expr:TLX1,expression,0.0038525369794418416,3,0.06
expr:OPCML,expression,0.0038496910128742456,4,0.08
meth:AKR7A3,methylation,0.0038407005369663237,20,0.4
expr:MAFA,expression,0.0038399366506685815,45,0.9
meth:TNNT1,methylation,0.003838680684566498,1,0.02
meth:C7orf28A,methylation,0.0038362297822128644,11,0.22
meth:KRT6A,methylation,0.0038345406452814737,3,0.06
expr:FCRL2,expression,0.003832558770227479,40,0.8
meth:USP47,methylation,0.0038312154356390238,4,0.08
expr:PLIN5,expression,0.003829034820664674,50,1.0
expr:CHRNA4,expression,0.0038259834849408694,35,0.7
expr:XPC,expression,0.0038247423246502875,5,0.1
meth:MASP2,methylation,0.0038229539835204682,12,0.24
meth:LOC441869,methylation,0.003819960285909474,3,0.06
meth:CHI3L1,methylation,0.00381385863030089,31,0.62
expr:FCRL5,expression,0.003812906506936997,24,0.48
expr:RHOV,expression,0.0038098377432712973,33,0.66
meth:SMAD5OS,methylation,0.0038078129291534424,3,0.06
expr:ACSBG2,expression,0.003807504312135279,27,0.54
meth:FSCB,methylation,0.0038056788775561886,22,0.44
expr:ST6GALNAC2,expression,0.003805582970380783,25,0.5
meth:SMPDL3A,methylation,0.0038039826322346926,4,0.08
expr:ZNF723,expression,0.003800692269578576,6,0.12
meth:C20orf3,methylation,0.0038003948575351387,8,0.16
meth:MYO15A,methylation,0.0037996481405571103,2,0.04
expr:CSN3,expression,0.0037975815357640386,6,0.12
expr:JADE3,expression,0.0037963372706144582,40,0.8
expr:FNDC4,expression,0.003793721831503457,14,0.28
expr:AFF2,expression,0.0037783944593414802,27,0.54
expr:PNMT,expression,0.0037767592196663222,9,0.18
meth:LGR6,methylation,0.00376895465888083,2,0.04
expr:PREX1,expression,0.0037688077073139343,46,0.92
expr:CRIM1,expression,0.00376802496612072,3,0.06
expr:PEBP4,expression,0.0037665065777088913,14,0.28
meth:MIR1185-1,methylation,0.0037660934031009674,1,0.02
meth:ELOVL2,methylation,0.0037608101265504956,4,0.08
expr:NTN3,expression,0.00375260009119908,6,0.12
meth:ELMO1,methylation,0.0037513501857492056,11,0.22
expr:MROH2A,expression,0.003750080545432866,10,0.2
meth:LOC84931,methylation,0.0037459860447727677,28,0.56
meth:C12orf40,methylation,0.0037424797968318066,12,0.24
meth:MIR937,methylation,0.0037386157006646195,12,0.24
expr:ZPBP,expression,0.003738553412258625,25,0.5
expr:MSMB,expression,0.003734980127774179,8,0.16
expr:PLIN4,expression,0.003732402576133609,2,0.04
meth:DPYSL3,methylation,0.003732171357394411,13,0.26
meth:RGS6,methylation,0.003730617929250002,2,0.04
meth:PLEKHG4B,methylation,0.0037223848048597574,2,0.04
expr:MAGI3,expression,0.0037213267670467313,41,0.82
expr:ZBED9,expression,0.003720975713804364,1,0.02
expr:TFAP2C,expression,0.0037034692553182444,9,0.18
meth:MMRN2,methylation,0.0037029328988865016,25,0.5
expr:TESK2,expression,0.00369550296514086,49,0.98
meth:NKX2-1,methylation,0.0036952074927588305,3,0.06
meth:HTR1A,methylation,0.00369492769241333,5,0.1
expr:SLC44A5,expression,0.0036942811589381706,38,0.76
expr:AKR1D1,expression,0.003689010301604867,10,0.2
meth:NLRP12,methylation,0.003686492098495364,2,0.04
meth:SIVA1,methylation,0.003686187561834231,30,0.6
meth:LEPREL2,methylation,0.003683320161971179,11,0.22
meth:EIF3G,methylation,0.0036832957703154534,40,0.8
meth:GMCL1L,methylation,0.003682586674888929,3,0.06
expr:ZNF878,expression,0.003682289505377412,4,0.08
expr:ZNF630,expression,0.0036794686562974343,22,0.44
meth:HMSD,methylation,0.003678912801357607,6,0.12
meth:DLL1,methylation,0.003675785381346941,4,0.08
expr:AC013394.1,expression,0.0036753437016159296,4,0.08
meth:GPX7,methylation,0.0036747853737324476,1,0.02
meth:SHH,methylation,0.0036743686534464358,10,0.2
meth:GFRA3,methylation,0.0036739432252943516,4,0.08
expr:ANKRD33,expression,0.0036726671581466994,3,0.06
expr:SCGB2A2,expression,0.0036725022364407778,4,0.08
expr:EGR3,expression,0.0036707140822359857,47,0.94
meth:C10orf47,methylation,0.0036702052069207034,6,0.12
meth:OR2F1,methylation,0.0036692712048534302,20,0.4
expr:AC003002.3,expression,0.003667766461148858,1,0.02
meth:MPDU1,methylation,0.0036582804418035914,7,0.14
expr:CXCL12,expression,0.0036574777477653697,24,0.48
expr:FOSB,expression,0.0036570426273101475,16,0.32
meth:SLC20A2,methylation,0.0036570384399965405,4,0.08
meth:KIAA1949,methylation,0.003654718864709139,4,0.08
meth:S100A9,methylation,0.003651790553703904,12,0.24
meth:MMP12,methylation,0.0036479900859726164,13,0.26
meth:TCN1,methylation,0.0036464957520365715,2,0.04
expr:NPAS3,expression,0.003645579683624448,31,0.62
expr:F12,expression,0.003644818540972968,30,0.6
expr:CFAP161,expression,0.003641932155005634,12,0.24
expr:ARRDC4,expression,0.0036322162264054094,34,0.68
meth:CDH9,methylation,0.0036308635026216507,2,0.04
expr:MMP3,expression,0.0036250230041332543,6,0.12
expr:OR1L8,expression,0.0036185172696908316,6,0.12
expr:HS3ST1,expression,0.0036123013123869896,2,0.04
expr:FER1L6,expression,0.0036108717023848724,39,0.78
expr:KCNE1B,expression,0.0036087557673454285,1,0.02
expr:HPGDS,expression,0.0036072578902045884,6,0.12
meth:RNF123,methylation,0.003605404868721962,2,0.04
meth:SMTNL1,methylation,0.0036040890651444593,3,0.06
expr:JAKMIP1,expression,0.0035944692441262304,10,0.2
expr:PTPRH,expression,0.003594155516475439,5,0.1
meth:HOXA7,methylation,0.0035937655663404325,26,0.52
expr:PRR36,expression,0.0035930853795434815,40,0.8
expr:MT-ND4,expression,0.0035897215587153497,28,0.56
meth:HECW1,methylation,0.003589421510696411,2,0.04
meth:CSF1R,methylation,0.0035873704861539104,12,0.24
expr:E2F3,expression,0.003584087360650301,2,0.04
expr:LRRC46,expression,0.0035833006259053946,2,0.04
meth:TMEM178,methylation,0.0035812435801037485,27,0.54
expr:PRRT2,expression,0.0035811853686984825,38,0.76
expr:ODAPH,expression,0.0035805278457701206,2,0.04
expr:MTUS2,expression,0.0035805030493065715,2,0.04
meth:KIF5C,methylation,0.0035798303945921363,50,1.0
meth:AIM1,methylation,0.0035786248045042157,35,0.7
expr:CA10,expression,0.0035785119204471507,3,0.06
meth:PTCHD3,methylation,0.003574303351342678,4,0.08
expr:TNN,expression,0.0035739599878434093,50,1.0
expr:FCRLA,expression,0.0035729707593507155,41,0.82
expr:TMEM74,expression,0.003569267069300016,3,0.06
meth:IL6,methylation,0.003568527034737847,11,0.22
expr:DACH2,expression,0.0035593182909198933,45,0.9
expr:CST4,expression,0.003556363144889474,5,0.1
meth:APOM,methylation,0.003554183873347938,3,0.06
meth:KRT24,methylation,0.0035529764693068423,23,0.46
expr:TEKT2,expression,0.0035529383458197117,5,0.1
expr:ZNF69,expression,0.0035497851204127073,2,0.04
expr:MICB,expression,0.0035481480287368563,48,0.96
expr:CFB,expression,0.0035479518119245768,1,0.02
meth:LOC100129066,methylation,0.0035456719083918464,9,0.18
meth:ABCB4,methylation,0.003545632631617731,28,0.56
meth:LGALS2,methylation,0.003542402060702443,1,0.02
expr:SPNS2,expression,0.0035410216078162193,6,0.12
meth:SH3BGRL3,methylation,0.003540861006752637,38,0.76
expr:CNDP1,expression,0.003536604848704883,16,0.32
expr:SLC2A5,expression,0.0035351134969719817,7,0.14
expr:CLDN34,expression,0.003535085629361371,3,0.06
expr:DNAH17,expression,0.003533730800780985,9,0.18
expr:FGF1,expression,0.0035288690899809203,3,0.06
expr:SERP2,expression,0.0035286621801001398,37,0.74
expr:SHROOM3,expression,0.003527568856952712,32,0.64
expr:ANO5,expression,0.003523048317346852,43,0.86
expr:ISM1,expression,0.003516471375607782,9,0.18
expr:NUTM2A,expression,0.003509048342137881,23,0.46
expr:SYT3,expression,0.00350634241476655,1,0.02
expr:FAM161A,expression,0.0035059028280344097,47,0.94
expr:MARCHF8,expression,0.003503920044749975,20,0.4
expr:SGSM1,expression,0.003497702273307368,16,0.32
expr:CNKSR2,expression,0.0034973692148923875,5,0.1
expr:TRPS1,expression,0.003492335556074977,2,0.04
meth:SORCS3,methylation,0.0034908380534034223,10,0.2
meth:MIR216A,methylation,0.0034901673207059503,6,0.12
meth:RLTPR,methylation,0.003489663451910019,5,0.1
expr:IER5L,expression,0.00348868896253407,6,0.12
meth:PCDH9,methylation,0.0034876897066299403,35,0.7
expr:ADAMTS19,expression,0.003486829085482491,9,0.18
expr:DNAH6,expression,0.003478535647062879,19,0.38
meth:F5,methylation,0.0034782215176771083,6,0.12
meth:DHH,methylation,0.0034739465918391943,2,0.04
meth:IKZF4,methylation,0.003469375427812338,1,0.02
expr:SPINK4,expression,0.0034670846071094275,2,0.04
meth:ABCB11,methylation,0.00346457303094212,20,0.4
expr:ABCB1,expression,0.003454034647438675,50,1.0
meth:LIPI,methylation,0.0034517385065555573,1,0.02
expr:RABEP1,expression,0.0034510987595869945,13,0.26
expr:LARGE1,expression,0.003448955714702606,21,0.42
expr:GNMT,expression,0.0034489136189222334,5,0.1
meth:SCN7A,methylation,0.003445699500540892,3,0.06
expr:RBM24,expression,0.0034430878888815643,50,1.0
meth:PI15,methylation,0.0034408324217009875,18,0.36
meth:LOC254559,methylation,0.003436862491071224,4,0.08
meth:KRTAP6-3,methylation,0.0034320871345698833,16,0.32
expr:ATP13A5,expression,0.0034310510382056236,1,0.02
expr:C12orf54,expression,0.0034301001167691804,17,0.34
meth:ROBO4,methylation,0.003423664745059796,10,0.2
expr:ETV4,expression,0.0034231175120700806,17,0.34
expr:ARL13A,expression,0.0034209584817290308,5,0.1
meth:MAP1LC3A,methylation,0.003417172934859991,4,0.08
expr:ZNF385C,expression,0.0034147278137323963,18,0.36
expr:ZNF729,expression,0.003412951542823403,27,0.54
expr:RAB38,expression,0.003407820500433445,20,0.4
expr:C9orf153,expression,0.0034063595036665597,3,0.06
meth:TERC,methylation,0.0034058811143040657,4,0.08
meth:FSCN1,methylation,0.003404825393642698,14,0.28
expr:RBM11,expression,0.0034019785790587774,50,1.0
expr:HYAL4,expression,0.003401765748858452,25,0.5
meth:ARTN,methylation,0.003401214855590037,7,0.14
meth:SUSD4,methylation,0.0033991977731656175,34,0.68
expr:LDLRAD3,expression,0.0033969345156016737,43,0.86
meth:PDE7B,methylation,0.0033957961807027457,50,1.0
expr:ACSM4,expression,0.0033899584086611867,16,0.32
expr:NCAM2,expression,0.0033858205308206378,50,1.0
meth:TTC18,methylation,0.0033798939548432827,8,0.16
meth:FAM81A,methylation,0.0033757261311014495,3,0.06
expr:ERFE,expression,0.0033733300783512134,38,0.76
meth:NSUN7,methylation,0.0033721737563610077,5,0.1
expr:SLC7A4,expression,0.003368679266422987,25,0.5
expr:CD320,expression,0.0033683552672820432,7,0.14
meth:PTPRN2,methylation,0.003367844526655972,5,0.1
expr:MED24,expression,0.0033674220787361262,10,0.2
meth:SP9,methylation,0.0033666493346620548,19,0.38
expr:TRIML2,expression,0.0033665557154260264,48,0.96
expr:PPM1E,expression,0.003364460232357184,3,0.06
meth:GHRL,methylation,0.003363709027419249,39,0.78
meth:SHROOM1,methylation,0.003360482631251216,2,0.04
meth:SERINC4,methylation,0.0033593326612996557,24,0.48
expr:RNF182,expression,0.0033576780115254223,8,0.16
expr:ITM2A,expression,0.0033559517830144612,50,1.0
meth:MS4A6A,methylation,0.0033526477771094786,26,0.52
meth:NMBR,methylation,0.003351911108064301,17,0.34
meth:NLRP5,methylation,0.003350726794451475,1,0.02
expr:SIM2,expression,0.0033498051343485713,12,0.24
expr:ZNF649,expression,0.003349473560228944,50,1.0
expr:ZNF208,expression,0.0033493684272148778,49,0.98
expr:FGFR2,expression,0.0033473630901426077,4,0.08
meth:ZNF695,methylation,0.0033424057323357156,29,0.58
expr:SYCP3,expression,0.0033400671440176667,50,1.0
expr:KIFC3,expression,0.003339415296178424,33,0.66
meth:IL15RA,methylation,0.0033377951476722956,1,0.02
meth:ZNF536,methylation,0.0033332957453759654,14,0.28
expr:TDRD5,expression,0.0033318160383618975,38,0.76
expr:AL357673.1,expression,0.003326250961436017,32,0.64
meth:CLRN1,methylation,0.003325513415434893,47,0.94
expr:FAM177B,expression,0.0033251186832785606,8,0.16
expr:ARID3C,expression,0.003319112633011843,19,0.38
expr:PTGER3,expression,0.0033174348203465344,50,1.0
meth:GDPD4,methylation,0.003312739513247557,23,0.46
meth:CRISPLD1,methylation,0.0033114633787872977,29,0.58
meth:LYPLA1,methylation,0.003310819821698325,42,0.84
expr:SHISA6,expression,0.0033099013169042087,11,0.22
meth:WDR86,methylation,0.003306019638936656,24,0.48
expr:GHR,expression,0.0033036630507252227,19,0.38
meth:HIST1H2BJ,methylation,0.003299889426367978,6,0.12
meth:MSMB,methylation,0.0032987995431400263,13,0.26
expr:AC093827.5,expression,0.0032975648699158974,44,0.88
expr:SLC26A5,expression,0.0032929162156175485,11,0.22
expr:RAB6B,expression,0.00329286276317406,41,0.82
meth:MIR548N,methylation,0.0032924885551134744,3,0.06
expr:FAM184A,expression,0.0032892294228076937,10,0.2
expr:ARHGEF16,expression,0.0032887893418471017,3,0.06
meth:CRTAM,methylation,0.003287806256244389,26,0.52
expr:ANTXRL,expression,0.003285949816927314,1,0.02
expr:ZNF385B,expression,0.003285695163472353,46,0.92
expr:MGP,expression,0.0032838241507609687,6,0.12
meth:C21orf62,methylation,0.0032829707100366554,3,0.06
expr:CH25H,expression,0.003277858120522329,7,0.14
meth:JRK,methylation,0.0032715532664345424,48,0.96
expr:BDNF,expression,0.0032709131482988596,2,0.04
expr:ADAT3,expression,0.0032706490999675894,38,0.76
meth:ARNT2,methylation,0.0032655570345620313,24,0.48
expr:AMTN,expression,0.003263186221695779,34,0.68
expr:CIB2,expression,0.003262543410528451,8,0.16
expr:TXK,expression,0.0032580727711319923,8,0.16
expr:GFI1,expression,0.0032579737016931176,11,0.22
expr:GDAP1,expression,0.0032576023970313115,29,0.58
expr:KLHL13,expression,0.0032574804873937474,14,0.28
expr:FBP1,expression,0.003257412823586492,32,0.64
expr:SLC9A3,expression,0.0032505872659385204,5,0.1
expr:TFAP2E,expression,0.0032434132493411503,12,0.24
expr:RBP7,expression,0.0032421153038740156,5,0.1
meth:C18orf16,methylation,0.0032385283589570057,18,0.36
meth:SNORD19B,methylation,0.00323703714821022,4,0.08
expr:RNF125,expression,0.0032365394656026607,43,0.86
meth:ABCA1,methylation,0.0032352945515109846,48,0.96
meth:DGKD,methylation,0.0032320248428732157,22,0.44
meth:MIR1537,methylation,0.0032294788397848606,2,0.04
meth:CLDN17,methylation,0.003225618740543723,1,0.02
expr:PP2D1,expression,0.0032226912138101304,19,0.38
expr:B3GALT1,expression,0.003222393448760902,22,0.44
meth:MIR1178,methylation,0.003220490904317962,18,0.36
expr:NAGS,expression,0.003219550591893494,8,0.16
meth:MIR1260,methylation,0.0032181261922232807,4,0.08
expr:BTG2,expression,0.0032148838392458854,50,1.0
expr:OLFML1,expression,0.003214214462786913,4,0.08
meth:LOC400891,methylation,0.0032128129331838516,21,0.42
meth:NCAM1,methylation,0.0032110519241541624,1,0.02
meth:DNMT3L,methylation,0.003210471593774855,8,0.16
meth:SYK,methylation,0.0032085982550467762,14,0.28
meth:LRRC28,methylation,0.0032034370649073806,7,0.14
expr:SLITRK1,expression,0.003201217739842832,16,0.32
expr:MYOF,expression,0.003200914588801208,21,0.42
meth:HNF4G,methylation,0.003195911025007566,6,0.12
expr:CGN,expression,0.0031958241118392084,34,0.68
expr:PROZ,expression,0.003194777062162757,1,0.02
meth:EMX1,methylation,0.003194720411556773,16,0.32
expr:SLC9A6,expression,0.0031944308429956436,1,0.02
meth:MIR1248,methylation,0.0031939061979452768,3,0.06
expr:CSTL1,expression,0.003189738442112381,24,0.48
expr:DCAF10,expression,0.0031887576851659105,32,0.64
expr:MMD,expression,0.0031867748281608024,6,0.12
expr:H2AC11,expression,0.0031847525232781967,15,0.3
meth:ARG1,methylation,0.0031819327268749475,1,0.02
meth:SV2A,methylation,0.003179954248480499,16,0.32
meth:FGF12,methylation,0.0031726748815604617,7,0.14
expr:NAT1,expression,0.003170476967675818,18,0.36
expr:RAMP3,expression,0.0031664689470614705,7,0.14
meth:CCDC89,methylation,0.0031600573768272348,23,0.46
expr:SGCZ,expression,0.0031583887369682393,27,0.54
meth:MDFI,methylation,0.003156214393863094,31,0.62
meth:SLC2A2,methylation,0.003151577082462609,4,0.08
meth:ALOX5,methylation,0.003150671621427891,47,0.94
meth:ASB5,methylation,0.0031461139276091543,7,0.14
expr:SLC16A7,expression,0.0031441033269012614,14,0.28
expr:ARHGAP4,expression,0.0031398361461469904,8,0.16
expr:PALLD,expression,0.0031391282682307065,4,0.08
expr:IRX1,expression,0.0031373545061796904,1,0.02
expr:CDK15,expression,0.0031366706512366924,26,0.52
expr:FAM3B,expression,0.0031357876723632216,21,0.42
expr:NFIA,expression,0.0031352316769438665,28,0.56
expr:KLHL10,expression,0.003134258919292026,9,0.18
meth:PRDM11,methylation,0.003129236400127411,2,0.04
meth:HHEX,methylation,0.003123789094388485,3,0.06
meth:OSMR,methylation,0.0031225497368723154,4,0.08
expr:MT-ND3,expression,0.0031207472008342543,6,0.12
meth:ADH4,methylation,0.0031196685241801398,7,0.14
expr:RAB39B,expression,0.003118820058611723,26,0.52
meth:CYP4F8,methylation,0.0031135870059105482,11,0.22
expr:ERBB3,expression,0.003111305447029216,35,0.7
meth:SYTL3,methylation,0.0031109838746488094,2,0.04
expr:GLI1,expression,0.0031036168592981994,50,1.0
expr:DGKB,expression,0.003100095833360683,32,0.64
meth:KRT34,methylation,0.0030981852842555586,23,0.46
expr:ZNF578,expression,0.0030968297073351485,35,0.7
meth:FAM20C,methylation,0.0030955662950873375,3,0.06
expr:DAPL1,expression,0.0030930514622014016,20,0.4
expr:CADM3,expression,0.0030902303382754326,25,0.5
expr:C4orf19,expression,0.0030864460859447718,4,0.08
expr:PGLYRP2,expression,0.0030858911672839895,50,1.0
expr:ARID5B,expression,0.0030811551958322527,5,0.1
meth:SNORD36A,methylation,0.003078959031921366,23,0.46
expr:PRG4,expression,0.0030780149158090354,5,0.1
meth:OR4K1,methylation,0.003072537583088538,13,0.26
meth:SNORD58C,methylation,0.0030700480565428734,4,0.08
expr:CDH7,expression,0.0030700014458295514,47,0.94
expr:FHIT,expression,0.003068790017139344,21,0.42
meth:TBX15,methylation,0.0030671481508761644,2,0.04
meth:GSTP1,methylation,0.00306401743243138,3,0.06
expr:PRRX2,expression,0.0030597790610045195,2,0.04
expr:SLC17A4,expression,0.0030594137497246265,6,0.12
expr:SV2A,expression,0.003056243236642331,12,0.24
meth:GPR65,methylation,0.0030550776282325387,20,0.4
expr:TACR2,expression,0.003054013941437006,3,0.06
meth:SMAP2,methylation,0.00305247405776754,6,0.12
meth:DKFZp761E198,methylation,0.0030499398708343506,3,0.06
meth:AKR1B10,methylation,0.0030490688181349208,7,0.14
expr:APOF,expression,0.0030485642645017882,19,0.38
expr:PRPH,expression,0.0030465456657111645,2,0.04
expr:DSP,expression,0.0030465074814856052,3,0.06
expr:OLFML2A,expression,0.0030434314560677323,7,0.14
meth:SNCG,methylation,0.0030424190522171557,25,0.5
expr:NDRG1,expression,0.0030413390188995335,45,0.9
expr:SLC15A5,expression,0.0030383258126676083,8,0.16
expr:NDUFC2,expression,0.00303820016173025,6,0.12
expr:AFF3,expression,0.003037435570731759,50,1.0
expr:FREM2,expression,0.00303699881658845,42,0.84
meth:CTSK,methylation,0.0030343406833708286,1,0.02
expr:ZNF572,expression,0.003028751458399571,13,0.26
expr:PDZD7,expression,0.003025516846471212,11,0.22
meth:NUP210L,methylation,0.0030253206845372916,30,0.6
meth:C20orf71,methylation,0.0030230430711526424,4,0.08
expr:ADCY4,expression,0.00302225818450097,8,0.16
expr:ZNF587,expression,0.0030189884737843557,21,0.42
meth:CCDC140,methylation,0.003018853506849458,24,0.48
expr:BCAM,expression,0.003017189975997264,22,0.44
expr:KLHL23,expression,0.003016465075779706,40,0.8
meth:GAPT,methylation,0.003016446530818939,10,0.2
expr:ISYNA1,expression,0.0030163945630192757,4,0.08
meth:GIMAP5,methylation,0.0030156082939356565,2,0.04
expr:CATSPER2,expression,0.003011854273499921,25,0.5
expr:IL2,expression,0.0030115405502526655,23,0.46
expr:RGS1,expression,0.003009401533442239,24,0.48
meth:MMP23B,methylation,0.003009181935340166,5,0.1
expr:RAB40A,expression,0.0030069821514189243,4,0.08
expr:ZKSCAN7,expression,0.0030028706019306008,17,0.34
expr:PCDHGC4,expression,0.0030026682652533054,2,0.04
expr:IQCN,expression,0.003000766186195673,49,0.98
expr:SLC26A3,expression,0.002994212554767728,24,0.48
meth:PLA2G2C,methylation,0.002988534513860941,1,0.02
meth:LOC730755,methylation,0.00298051533754915,30,0.6
expr:SALL2,expression,0.0029799965523867582,49,0.98
expr:TMEM225B,expression,0.002978249932998644,49,0.98
meth:PCDHB11,methylation,0.002968072580794493,6,0.12
meth:PHF11,methylation,0.002965932401518027,3,0.06
expr:PGBD1,expression,0.0029653048312122173,11,0.22
meth:FAR2,methylation,0.002964565297588706,1,0.02
expr:TAFA3,expression,0.00296146370884445,9,0.18
expr:ROS1,expression,0.0029604273670549063,38,0.76
expr:RCAN2,expression,0.0029597238171845675,4,0.08
expr:ZNF501,expression,0.0029576386607784244,14,0.28
expr:GABRB1,expression,0.0029570707120001316,1,0.02
expr:SSTR2,expression,0.002951545628240785,37,0.74
meth:LAMB1,methylation,0.0029453921328800228,13,0.26
expr:KCNJ16,expression,0.0029445935095496036,17,0.34
meth:KRTAP4-12,methylation,0.002943808901666974,24,0.48
expr:PAK1,expression,0.0029407965152391364,7,0.14
meth:BAAT,methylation,0.002939029907186826,3,0.06
expr:CASP14,expression,0.002937742808546104,34,0.68
meth:SLC5A2,methylation,0.00293698450550437,5,0.1
expr:TSPAN6,expression,0.002934704595072954,27,0.54
expr:SRRM5,expression,0.002934035330933208,42,0.84
expr:NRCAM,expression,0.0029331790283322334,2,0.04
expr:TSLP,expression,0.002931728615964714,38,0.76
meth:CXCL14,methylation,0.0029306812211871147,5,0.1
meth:SFTA3,methylation,0.0029301904016048523,37,0.74
expr:MCTP1,expression,0.0029301288863644004,25,0.5
meth:LIMCH1,methylation,0.002928762489318615,32,0.64
meth:PNMT,methylation,0.002925126081099734,25,0.5
expr:FNDC1,expression,0.002923573600128293,2,0.04
meth:OR11H6,methylation,0.0029152865172363818,8,0.16
expr:ELAPOR1,expression,0.002914920449256897,3,0.06
expr:GOLGA8H,expression,0.002914719982072711,1,0.02
meth:GFPT1,methylation,0.002913331276475929,41,0.82
meth:CLRN3,methylation,0.002911707293242216,5,0.1
meth:PRTFDC1,methylation,0.002911686198785901,4,0.08
expr:PSMA8,expression,0.00291109224781394,12,0.24
expr:H3C1,expression,0.0029096846140289146,14,0.28
expr:TSC22D3,expression,0.0029055273978773393,33,0.66
expr:RHOH,expression,0.0029034102141546705,12,0.24
expr:RIMS4,expression,0.0029016027972102163,25,0.5
expr:BMERB1,expression,0.0029003663885305286,16,0.32
meth:S100A2,methylation,0.0029001654739576306,11,0.22
expr:FOS,expression,0.0028999754028128724,35,0.7
meth:MAMDC2,methylation,0.0028957343394202845,7,0.14
meth:PCDHA9,methylation,0.002893793396651745,5,0.1
expr:ALDH1A2,expression,0.0028926512757099644,43,0.86
expr:RUNDC3A,expression,0.0028916914016008377,1,0.02
meth:RETN,methylation,0.0028913867038985095,6,0.12
expr:REL,expression,0.0028891440015286207,11,0.22
expr:NR1H4,expression,0.002888388310869535,3,0.06
expr:SLC38A11,expression,0.0028867493900987837,9,0.18
meth:SCARNA20,methylation,0.002886055119184626,37,0.74
expr:SLC4A10,expression,0.00288431542692706,50,1.0
expr:TMEM190,expression,0.0028811164665967226,2,0.04
expr:TTLL3,expression,0.002877930379731374,18,0.36
expr:DSC2,expression,0.002872704528272152,3,0.06
meth:NCRNA00219,methylation,0.0028693725198536413,32,0.64
meth:UNKL,methylation,0.0028685579950712167,49,0.98
expr:AXIN2,expression,0.0028649233617425826,26,0.52
expr:NBPF1,expression,0.0028632726365079484,12,0.24
expr:CYFIP2,expression,0.002863230765797198,8,0.16
meth:ENTHD1,methylation,0.0028626721551907913,21,0.42
meth:LCE1D,methylation,0.002860412932932377,12,0.24
meth:FBN2,methylation,0.002858557671840702,21,0.42
expr:PKIA,expression,0.002856641666174097,46,0.92
meth:ITIH5,methylation,0.0028548475820571184,2,0.04
meth:GGH,methylation,0.002848342371483644,3,0.06
expr:IGSF3,expression,0.002846792386844754,5,0.1
meth:SNORD38B,methylation,0.002845935695069401,19,0.38
meth:WNT10A,methylation,0.002845281967893243,2,0.04
expr:PURG,expression,0.0028424635529518127,11,0.22
meth:CD151,methylation,0.0028404500772012398,16,0.32
meth:USHBP1,methylation,0.0028396781417541206,6,0.12
expr:C9orf116,expression,0.002837506588548422,2,0.04
expr:SPIB,expression,0.0028335138534506163,6,0.12
expr:ARSI,expression,0.002826281124725938,3,0.06
expr:MAL2,expression,0.0028256852529011667,4,0.08
meth:CDCP2,methylation,0.002825017450604497,41,0.82
expr:HHIPL2,expression,0.002823590616784752,47,0.94
expr:TPM2,expression,0.002823037405808767,3,0.06
expr:GCHFR,expression,0.002822294132784009,1,0.02
meth:ZC3HAV1L,methylation,0.002821833294417177,7,0.14
expr:OVCH1,expression,0.0028193170204758645,5,0.1
expr:TRDN,expression,0.002815915426860253,3,0.06
expr:CNTD1,expression,0.0028130563767626883,50,1.0
expr:SNTN,expression,0.002811908451080018,49,0.98
expr:RASEF,expression,0.002810895255404628,36,0.72
expr:SYTL2,expression,0.0028107588489850364,3,0.06
expr:PALM,expression,0.0028100142848085275,22,0.44
expr:DUSP1,expression,0.0028061980025514085,17,0.34
meth:SNORA67,methylation,0.0028057599425962082,49,0.98
expr:CHPT1,expression,0.002803861115826294,50,1.0
meth:PCDHGA10,methylation,0.002802773180883378,20,0.4
meth:MIR877,methylation,0.002798709600433035,36,0.72
expr:EDN3,expression,0.002797602986296018,3,0.06
expr:MPP2,expression,0.0027916128747165203,2,0.04
expr:LRRC55,expression,0.0027911661256274038,22,0.44
expr:SMARCE1,expression,0.0027861976592174296,49,0.98
expr:ABCA10,expression,0.0027847534243483096,50,1.0
meth:PCDHB7,methylation,0.002784581717569381,50,1.0
expr:CBX7,expression,0.0027808708138763903,5,0.1
meth:CIB4,methylation,0.0027748621068894863,1,0.02
meth:LHX8,methylation,0.0027730194851756096,3,0.06
meth:C8orf84,methylation,0.0027658786210748884,9,0.18
meth:GPBAR1,methylation,0.002764337696135044,3,0.06
meth:PSIMCT-1,methylation,0.002761496890646716,30,0.6
expr:CBWD3,expression,0.002757869353185275,28,0.56
expr:ZNF135,expression,0.002757140185817012,14,0.28
expr:ABCD3,expression,0.0027562472023419105,44,0.88
expr:FSCN2,expression,0.0027545253202940025,12,0.24
expr:SPG11,expression,0.002750205574557185,2,0.04
expr:ZNF91,expression,0.002747357598439391,28,0.56
expr:ABHD12B,expression,0.002745376673099303,43,0.86
expr:ADAM29,expression,0.0027438615361461416,16,0.32
expr:SLC17A7,expression,0.0027401395555999544,9,0.18
meth:C8orf34,methylation,0.0027398202643805257,37,0.74
expr:ZNF391,expression,0.0027387761510908604,4,0.08
expr:TCIM,expression,0.002735057547397446,28,0.56
meth:ASPRV1,methylation,0.0027346477177666705,36,0.72
expr:GTF2I,expression,0.0027334887611990175,3,0.06
expr:CCDC69,expression,0.002732444950379431,15,0.3
meth:ZNF804B,methylation,0.002731809322484674,49,0.98
meth:HYALP1,methylation,0.0027299762503909214,7,0.14
meth:MIR326,methylation,0.0027284506359137595,8,0.16
expr:CIB4,expression,0.0027257558419175134,48,0.96
meth:CCR3,methylation,0.002721601686636476,19,0.38
meth:FYB,methylation,0.0027207225082545644,18,0.36
expr:C2orf50,expression,0.002720375754288398,50,1.0
meth:NDUFB6,methylation,0.0027192235303421814,15,0.3
meth:ELF1,methylation,0.0027185429353266954,2,0.04
expr:DNAAF3,expression,0.0027090697549283504,7,0.14
expr:SHOX,expression,0.002707801992073655,1,0.02
meth:ALOX5AP,methylation,0.0027077235281467438,3,0.06
meth:LRRC25,methylation,0.0027003291373451552,3,0.06
expr:NGB,expression,0.0027000451726572855,7,0.14
expr:EFHB,expression,0.002698252210393548,8,0.16
meth:C12orf12,methylation,0.0026912554167211056,2,0.04
expr:UPP1,expression,0.0026906225573518038,34,0.68
expr:CCL22,expression,0.0026896903838496654,25,0.5
expr:TRIM6,expression,0.002687517243127028,3,0.06
meth:TWIST1,methylation,0.002686360596933148,11,0.22
expr:WNT3A,expression,0.002685961792142027,27,0.54
meth:RASGRP2,methylation,0.0026834157470148057,24,0.48
meth:NKPD1,methylation,0.002681357692927122,5,0.1
meth:SLC2A4RG,methylation,0.0026804959360400542,17,0.34
meth:MT1M,methylation,0.002678913423670051,46,0.92
expr:CPT1B,expression,0.002669943671207875,4,0.08
meth:COL4A3,methylation,0.0026688880287110807,10,0.2
meth:ZFP82,methylation,0.0026674953289330004,10,0.2
meth:SERPINA12,methylation,0.002663926687091589,12,0.24
expr:CAPS2,expression,0.0026623546831009057,30,0.6
meth:PCDHB6,methylation,0.002660724180750549,25,0.5
expr:BHLHE41,expression,0.00266051900229956,19,0.38
meth:OR5B21,methylation,0.002657886827364564,4,0.08
meth:TMEM200B,methylation,0.0026572562352892883,47,0.94
meth:MANEAL,methylation,0.0026544272009882013,28,0.56
meth:MIR548F2,methylation,0.002654309442732483,50,1.0
expr:C1orf189,expression,0.0026476040948182344,8,0.16
meth:APOA4,methylation,0.0026468446012586355,1,0.02
meth:JAK3,methylation,0.002646256936714053,1,0.02
meth:GCET2,methylation,0.0026454236141817515,43,0.86
expr:CCL19,expression,0.0026435091435401278,44,0.88
expr:ADRB1,expression,0.0026427561949406353,7,0.14
expr:INPP4B,expression,0.002642524514812976,50,1.0
expr:CCDC74B,expression,0.0026421215853770262,50,1.0
expr:TRAPPC6B,expression,0.002641477311650912,3,0.06
expr:FGD3,expression,0.0026411486603319643,25,0.5
expr:NKAIN2,expression,0.002637761179357767,1,0.02
expr:SYDE2,expression,0.0026332241321476747,49,0.98
expr:KPRP,expression,0.002632504159753973,11,0.22
meth:MS4A14,methylation,0.002630512152488033,45,0.9
meth:PCDHA7,methylation,0.0026299083838239312,12,0.24
meth:THEM5,methylation,0.0026267808862030506,2,0.04
expr:CEMIP,expression,0.0026240624990480554,28,0.56
meth:LOC285629,methylation,0.002623001276691811,33,0.66
expr:TNFSF9,expression,0.002620203420519829,7,0.14
expr:SLC26A1,expression,0.002617008579166039,23,0.46
expr:TOX3,expression,0.002615624350207662,38,0.76
expr:XYLT1,expression,0.0026155298110097647,1,0.02
expr:INSYN2A,expression,0.002615522327167647,7,0.14
meth:MIR301B,methylation,0.0026125128761949864,11,0.22
meth:MIA,methylation,0.0026058221442831885,18,0.36
expr:SLC16A5,expression,0.002604365483141289,26,0.52
meth:C17orf47,methylation,0.0026006816187873483,4,0.08
expr:H2BC11,expression,0.0025995211132491627,3,0.06
expr:BPIFB4,expression,0.0025968676538553176,43,0.86
expr:RPS6KA6,expression,0.002596677214439426,21,0.42
expr:ZNF483,expression,0.002596180522893767,44,0.88
expr:EMX1,expression,0.0025908014382408973,43,0.86
expr:CROCC2,expression,0.0025896190200001,1,0.02
meth:PLCH2,methylation,0.0025894658640027044,5,0.1
meth:RPL10L,methylation,0.002589065785286948,4,0.08
expr:IGFALS,expression,0.002587821053834084,17,0.34
meth:CPNE5,methylation,0.0025876598499183145,21,0.42
meth:CD226,methylation,0.0025871494659580863,13,0.26
meth:GUCY2C,methylation,0.0025842774581785,6,0.12
meth:L3MBTL3,methylation,0.0025813438509690706,28,0.56
expr:SLC14A2,expression,0.0025809530846097255,22,0.44
meth:GGN,methylation,0.002580848429352045,10,0.2
expr:HEPACAM2,expression,0.002579208502235512,12,0.24
expr:CCNK,expression,0.002576678928952398,14,0.28
expr:GBP6,expression,0.002575559444570293,6,0.12
expr:PRRT1B,expression,0.002572948283447725,41,0.82
expr:NUDT8,expression,0.0025714555910478034,6,0.12
meth:NR0B2,methylation,0.002566785125322092,17,0.34
expr:GALNT6,expression,0.002566410267415146,6,0.12
meth:OR6F1,methylation,0.0025634000776335597,4,0.08
expr:H4C11,expression,0.00255877698752253,12,0.24
meth:RFX4,methylation,0.002558008534833789,4,0.08
expr:OCLN,expression,0.002557961503043771,6,0.12
expr:BEX2,expression,0.002557333279401064,10,0.2
meth:DBH,methylation,0.0025536178611218928,10,0.2
expr:NR2E1,expression,0.0025510463863611223,5,0.1
expr:MRPS24,expression,0.002550863540144982,27,0.54
meth:ITGA7,methylation,0.002550706568667117,17,0.34
expr:MT-CYB,expression,0.0025504075456410646,2,0.04
meth:CEACAM4,methylation,0.002549452655431297,9,0.18
meth:LOC100131193,methylation,0.002546873070033533,35,0.7
meth:TCF4,methylation,0.0025456062983721496,5,0.1
expr:CXCL14,expression,0.0025418176470945277,42,0.84
expr:MAGEE2,expression,0.002541447739565262,27,0.54
expr:AKR7A3,expression,0.0025411678444860236,14,0.28
expr:XKR5,expression,0.0025410775560885668,2,0.04
meth:TRAF3IP2,methylation,0.0025384577456861734,4,0.08
expr:RAPGEFL1,expression,0.0025379896696124758,35,0.7
expr:SFXN2,expression,0.002535792644549575,45,0.9
expr:VRK2,expression,0.0025348765775561333,1,0.02
meth:KCNJ3,methylation,0.0025346995481835086,41,0.82
expr:CD209,expression,0.0025329224299639463,2,0.04
expr:ABCC8,expression,0.0025318613140067705,12,0.24
meth:KCNC2,methylation,0.002530390829113977,14,0.28
expr:CLUL1,expression,0.0025289039061005625,14,0.28
expr:FAM89A,expression,0.002528336946852505,22,0.44
expr:NR5A2,expression,0.002527935105621161,47,0.94
meth:KIAA1804,methylation,0.002527056899117796,19,0.38
expr:VMO1,expression,0.002524181753396988,25,0.5
expr:GLRA2,expression,0.002524067686560253,42,0.84
expr:IGF1,expression,0.00252285796450451,10,0.2
expr:LEF1,expression,0.0025217960309237243,50,1.0
expr:DLGAP1,expression,0.0025194427321871948,9,0.18
meth:CD36,methylation,0.0025182961102109404,50,1.0
meth:COL6A1,methylation,0.0025122019772728286,9,0.18
expr:EPHA6,expression,0.002511928216680079,37,0.74
expr:BNIPL,expression,0.0025083560030907393,1,0.02
expr:FAM171A2,expression,0.002505291200412268,11,0.22
expr:EFNA2,expression,0.002504085151789089,6,0.12
expr:MVD,expression,0.0025035311140258003,27,0.54
meth:KRT33A,methylation,0.0024961583462923213,27,0.54
meth:DNALI1,methylation,0.002493153420800809,4,0.08
expr:IL5RA,expression,0.002492347361112479,16,0.32
meth:KCNV1,methylation,0.002491482300683856,2,0.04
expr:GULP1,expression,0.002491305573367635,23,0.46
meth:IQCF1,methylation,0.0024906080216169357,2,0.04
expr:SCN3A,expression,0.002487586319389544,49,0.98
meth:TNRC4,methylation,0.0024867447625313488,7,0.14
expr:LDHB,expression,0.0024852966889739037,8,0.16
expr:TSPAN2,expression,0.002484971170567653,22,0.44
expr:C1QTNF2,expression,0.0024829359414676824,3,0.06
expr:LRFN4,expression,0.0024828596506267786,4,0.08
expr:TUNAR,expression,0.002480977651430294,4,0.08
meth:CT62,methylation,0.002479905227664858,5,0.1
expr:ZNF730,expression,0.0024792482778335594,37,0.74
expr:TBC1D4,expression,0.0024760749477606555,13,0.26
meth:DACT1,methylation,0.002474872052941161,30,0.6
expr:RTN4RL1,expression,0.002474424650426954,10,0.2
meth:IL29,methylation,0.0024722084403038026,5,0.1
expr:CATSPERG,expression,0.002469709317665547,32,0.64
expr:ARNT2,expression,0.0024692143003145852,36,0.72
meth:DRD3,methylation,0.0024666162207722664,1,0.02
meth:C2orf70,methylation,0.002466587894092742,37,0.74
meth:SNORD116-19,methylation,0.0024657947942614555,1,0.02
expr:CALML5,expression,0.0024622853379696608,16,0.32
meth:SNORD1A,methylation,0.002454822708386928,8,0.16
expr:TGFBI,expression,0.0024546192208718923,36,0.72
expr:UMOD,expression,0.00245406613976229,28,0.56
meth:GUCA1C,methylation,0.0024526224316408236,15,0.3
meth:VSIG8,methylation,0.002452593503726853,9,0.18
meth:BTF3L1,methylation,0.0024511716328561306,1,0.02
meth:SNORD94,methylation,0.0024502638807462063,32,0.64
meth:DLG2,methylation,0.0024475224781781435,2,0.04
expr:BORCS8-MEF2B,expression,0.0024431169552441975,13,0.26
expr:DHH,expression,0.002441967164890634,9,0.18
meth:LENG9,methylation,0.0024418653920292854,6,0.12
expr:ARHGDIB,expression,0.0024410138042488447,12,0.24
meth:MIR23A,methylation,0.0024390652716318345,47,0.94
expr:GFRA1,expression,0.002437165334582502,43,0.86
meth:FAM193B,methylation,0.002436611995411416,6,0.12
expr:SLC52A1,expression,0.0024352367036044598,2,0.04
expr:RP1L1,expression,0.0024344378284045626,7,0.14
meth:PGBD1,methylation,0.0024342072817186513,3,0.06
expr:FABP4,expression,0.0024338639341294765,2,0.04
meth:SSTR2,methylation,0.0024309461670262472,7,0.14
meth:GSN,methylation,0.002429994390062664,23,0.46
meth:SLIT1,methylation,0.002429230293879906,15,0.3
meth:RAX,methylation,0.0024289519695395775,11,0.22
expr:KLHDC1,expression,0.0024272480591510733,45,0.9
expr:PLCE1,expression,0.002426157893252469,31,0.62
expr:COL13A1,expression,0.002425979357212782,2,0.04
meth:CSRP2,methylation,0.002424600456530849,30,0.6
meth:UMOD,methylation,0.002422282480568226,14,0.28
meth:GGT5,methylation,0.002421077076966564,15,0.3
expr:PPEF1,expression,0.002420988166704774,2,0.04
expr:MATN2,expression,0.002420972932466409,36,0.72
expr:CDKN1B,expression,0.0024207600392401217,15,0.3
expr:TBX18,expression,0.002415470379803862,7,0.14
meth:CDH7,methylation,0.002414708036336709,22,0.44
meth:MIR148A,methylation,0.0024146363827061246,22,0.44
meth:GIGYF1,methylation,0.0024100077183296285,3,0.06
expr:HOXD11,expression,0.0024098511785268784,8,0.16
expr:FAM184B,expression,0.0024078729344182647,40,0.8
meth:KRTAP22-1,methylation,0.0024051593927045664,15,0.3
meth:TM4SF18,methylation,0.0024050226701157434,7,0.14
meth:DOC2B,methylation,0.0024037865780131974,23,0.46
expr:PAX9,expression,0.0023975206556944894,39,0.78
expr:ZFP37,expression,0.0023973546747583898,20,0.4
expr:KLRD1,expression,0.0023956810327945277,8,0.16
meth:EHHADH,methylation,0.002394985407590866,4,0.08
expr:HAND1,expression,0.002392008062452078,20,0.4
expr:SH3RF2,expression,0.0023907669819891453,8,0.16
expr:AOC3,expression,0.002390013774856925,2,0.04
meth:GNE,methylation,0.0023835878120735286,20,0.4
meth:NRIP2,methylation,0.002383189485408366,20,0.4
meth:SLC16A12,methylation,0.0023815894965082407,12,0.24
meth:MIR145,methylation,0.002381193218752742,2,0.04
expr:ZNF680,expression,0.002376974116104018,38,0.76
expr:OXGR1,expression,0.00237677083350718,4,0.08
meth:FAM71F2,methylation,0.0023749971102612713,30,0.6
meth:PM20D1,methylation,0.002373987575992942,2,0.04
meth:HTRA4,methylation,0.002369713304298265,7,0.14
meth:SLC22A18AS,methylation,0.002369210822507739,2,0.04
expr:BANK1,expression,0.0023686866916250437,12,0.24
meth:OR2AE1,methylation,0.002364173817581364,35,0.7
meth:LRRC20,methylation,0.0023636124096810818,4,0.08
expr:C3orf70,expression,0.0023621008859197722,41,0.82
meth:PTPN21,methylation,0.0023613027962190764,28,0.56
expr:BACE2,expression,0.002360798610264764,17,0.34
meth:ATF7,methylation,0.002359140366452801,34,0.68
expr:LTO1,expression,0.002357711116783321,25,0.5
expr:LYZL1,expression,0.0023573983926326036,2,0.04
expr:RAB3B,expression,0.00235717153797547,3,0.06
expr:CXCR2,expression,0.002357067281587256,18,0.36
expr:ZBTB20,expression,0.0023570069849180677,12,0.24
expr:JMJD7,expression,0.002356707880442793,11,0.22
meth:PITPNA,methylation,0.0023562023416161537,8,0.16
expr:ZNF311,expression,0.0023540499454992284,43,0.86
meth:OMP,methylation,0.002352725248783827,2,0.04
expr:FIBCD1,expression,0.0023524250990400713,45,0.9
meth:ALX3,methylation,0.002346745226532221,7,0.14
expr:CDH6,expression,0.002345981490280893,9,0.18
meth:MIR1180,methylation,0.002345739514566958,4,0.08
meth:DGUOK,methylation,0.0023437064207558122,14,0.28
meth:CD68,methylation,0.0023414403112838045,16,0.32
meth:IDO2,methylation,0.0023359974430924332,37,0.74
expr:CYP4F8,expression,0.002335621463134885,15,0.3
meth:PCDHB4,methylation,0.0023354229827721915,18,0.36
meth:SOX17,methylation,0.0023318482880395923,33,0.66
meth:TMEM194B,methylation,0.0023309547395911068,16,0.32
meth:ABCA10,methylation,0.0023307003295765473,26,0.52
expr:SEMA5A,expression,0.0023304305505007505,6,0.12
meth:LOC643008,methylation,0.0023302518271116745,9,0.18
expr:BLK,expression,0.0023279012355487795,30,0.6
expr:FAM95C,expression,0.0023252490945571266,17,0.34
meth:MAT2B,methylation,0.002324792556464672,3,0.06
expr:VGF,expression,0.002324516790125657,27,0.54
meth:SLC7A11,methylation,0.0023224709688552786,7,0.14
meth:SLC18A3,methylation,0.0023203649170075854,15,0.3
expr:ACSM2B,expression,0.002319539588195487,26,0.52
expr:BIRC7,expression,0.0023186102509498594,5,0.1
expr:CDC20,expression,0.0023165543563663958,5,0.1
expr:CAPS,expression,0.002313099568709731,8,0.16
expr:RAB4B,expression,0.002311037682161173,34,0.68
expr:NR4A1,expression,0.0023100176476873457,4,0.08
expr:TCEAL5,expression,0.002308909284152292,37,0.74
meth:RSPH4A,methylation,0.0023069543143113456,3,0.06
meth:SH2D5,methylation,0.0023066846872953806,34,0.68
expr:SIAH2,expression,0.0023066261084750293,50,1.0
meth:OTP,methylation,0.0023066200176253913,25,0.5
expr:EMCN,expression,0.002304243480466539,48,0.96
expr:CST9L,expression,0.002302716608864029,37,0.74
meth:MIR559,methylation,0.0023005945258773863,8,0.16
expr:CD24,expression,0.002298686420544982,2,0.04
expr:OR10AD1,expression,0.002298647149776419,12,0.24
expr:PDE6C,expression,0.002298410430084914,50,1.0
expr:SLC7A9,expression,0.002296774540669643,13,0.26
expr:CDK3,expression,0.0022944605111011435,14,0.28
meth:NCAM2,methylation,0.0022935870270568716,46,0.92
meth:FAM110B,methylation,0.002291412791237235,1,0.02
meth:UGT3A1,methylation,0.002290042280219495,10,0.2
expr:TP53INP1,expression,0.0022890624386491254,8,0.16
meth:PKD1L3,methylation,0.0022881384240463374,30,0.6
expr:SP6,expression,0.00228784866631031,10,0.2
expr:GP1BA,expression,0.002285970507987908,7,0.14
meth:MIR1908,methylation,0.002285381803583158,19,0.38
meth:IFNGR2,methylation,0.0022842374455649406,16,0.32
meth:ADAMTS18,methylation,0.0022818448886807474,35,0.7
meth:ESR1,methylation,0.0022795976450045905,3,0.06
expr:SYNE2,expression,0.002278966215870729,41,0.82
expr:NEB,expression,0.002277673843006293,6,0.12
expr:PRRG1,expression,0.002277109771966934,1,0.02
expr:PMAIP1,expression,0.0022746382925945977,13,0.26
expr:ITIH6,expression,0.002273780441520592,26,0.52
meth:KLF11,methylation,0.002270696684718132,4,0.08
meth:SIGLEC1,methylation,0.0022683858405798674,24,0.48
meth:GTF2IRD1,methylation,0.002267820517193865,22,0.44
expr:H3C7,expression,0.0022673739586025476,2,0.04
expr:ABTB2,expression,0.0022664772492134943,20,0.4
meth:NRXN3,methylation,0.0022661363322948737,31,0.62
meth:KRTAP13-2,methylation,0.0022643996261259808,28,0.56
meth:NKX2-2,methylation,0.0022606044658459723,4,0.08
meth:MIR1208,methylation,0.0022586637797454992,15,0.3
expr:DLK2,expression,0.0022582216188311577,2,0.04
expr:ACAN,expression,0.002258129755500704,10,0.2
expr:OTUD7A,expression,0.002257399474425862,12,0.24
expr:S1PR1,expression,0.0022534106725028585,14,0.28
expr:ZNF596,expression,0.0022517668548971415,2,0.04
meth:FAM71D,methylation,0.0022517271805554628,10,0.2
meth:CPA3,methylation,0.002250500290435465,34,0.68
meth:MIR1469,methylation,0.0022482387721538544,1,0.02
expr:ZNF675,expression,0.00224774960109866,38,0.76
expr:DLEC1,expression,0.0022470744443126023,4,0.08
meth:KRT9,methylation,0.0022461150074377656,12,0.24
expr:CLDN11,expression,0.0022452772732786076,49,0.98
meth:ANKRD20B,methylation,0.0022437754087150097,1,0.02
meth:KRT77,methylation,0.0022417104328804486,17,0.34
meth:TG,methylation,0.0022407912959655127,6,0.12
expr:GRIN2D,expression,0.0022400526329874994,5,0.1
expr:CTTNBP2,expression,0.0022397126303985715,10,0.2
meth:C1QL3,methylation,0.0022390348836779594,5,0.1
meth:RXFP4,methylation,0.002238528550757716,12,0.24
meth:MARVELD1,methylation,0.002235918684164062,12,0.24
expr:ACOT4,expression,0.0022345033432302867,43,0.86
expr:GRPR,expression,0.0022339226305484773,50,1.0
meth:PELO,methylation,0.002231201208713982,9,0.18
expr:HSD17B8,expression,0.0022311550306363236,27,0.54
meth:PGLYRP2,methylation,0.0022311521461233497,8,0.16
expr:CNR2,expression,0.002227475618660126,23,0.46
expr:KIF20B,expression,0.0022231751742462316,3,0.06
expr:H3C13,expression,0.0022221424733288586,4,0.08
meth:MMP20,methylation,0.0022218580706976354,8,0.16
expr:PPFIA3,expression,0.0022217642086056564,39,0.78
expr:SPAG17,expression,0.0022214917466044427,5,0.1
meth:SSNA1,methylation,0.002218009156640619,25,0.5
expr:CAMK2N1,expression,0.002215999806218821,23,0.46
meth:PCSK9,methylation,0.0022138634230941534,4,0.08
meth:C2orf54,methylation,0.002213036234024912,9,0.18
expr:NANOGP8,expression,0.0022121247089029674,34,0.68
meth:PCDHB12,methylation,0.002211616884988661,26,0.52
meth:TMEM139,methylation,0.00221099890768528,7,0.14
expr:GLRA3,expression,0.0022108565793711355,22,0.44
meth:FGF10,methylation,0.002210485724693475,24,0.48
expr:GCNT7,expression,0.002210343722254038,2,0.04
expr:EPB41,expression,0.002209697663784027,5,0.1
meth:OR51F2,methylation,0.0022096929606050253,2,0.04
expr:ARMCX2,expression,0.0022063472715672106,4,0.08
expr:ME3,expression,0.0022060394873663495,26,0.52
meth:FGF20,methylation,0.002205460492405109,16,0.32
expr:CYP4B1,expression,0.0021999611237429476,38,0.76
expr:NPIPA3,expression,0.0021991259418427944,6,0.12
meth:LOC283070,methylation,0.002195989992469549,10,0.2
meth:HMGB4,methylation,0.0021954088006168604,2,0.04
expr:ASTN1,expression,0.002193012075232608,21,0.42
meth:DEF6,methylation,0.0021920500190130304,7,0.14
expr:UGDH,expression,0.0021897302808197724,33,0.66
expr:RAMP1,expression,0.002188655063509941,25,0.5
expr:TTC28,expression,0.0021886404105720837,36,0.72
expr:LAGE3,expression,0.002188232960179448,1,0.02
meth:SERPINF1,methylation,0.002187541453167796,1,0.02
expr:CDC14A,expression,0.002187066849559372,43,0.86
meth:ZNF417,methylation,0.0021868039802939165,16,0.32
expr:IL1RAP,expression,0.002185170305892825,1,0.02
expr:FGF9,expression,0.0021842560451477764,25,0.5
meth:RUNDC3B,methylation,0.0021777147077955304,50,1.0
expr:MEOX2,expression,0.0021749739244114608,8,0.16
expr:TRIM58,expression,0.0021748674723009267,3,0.06
expr:TRIB1,expression,0.002172511164098978,20,0.4
expr:CYYR1,expression,0.0021712539850601126,28,0.56
expr:NME9,expression,0.002170421132493926,46,0.92
expr:TCF7,expression,0.0021701835095882414,20,0.4
expr:HOXB13,expression,0.00217003403748903,18,0.36
meth:KIAA1045,methylation,0.0021697460130477944,6,0.12
meth:SULF1,methylation,0.002168672469755014,15,0.3
expr:ZNF772,expression,0.002167165628634393,8,0.16
expr:IGSF1,expression,0.0021632710413541645,36,0.72
meth:LIMD2,methylation,0.002162724733352661,1,0.02
expr:PSG3,expression,0.0021620934682064935,19,0.38
expr:CDON,expression,0.0021601313104232154,9,0.18
expr:REM2,expression,0.0021595099195837976,25,0.5
expr:UPB1,expression,0.002156941389495676,11,0.22
expr:PRH1,expression,0.002156398259103298,1,0.02
meth:CST11,methylation,0.002153621509581083,31,0.62
meth:SKINTL,methylation,0.0021533479739446193,16,0.32
meth:LRTM2,methylation,0.002152378821084576,31,0.62
expr:CNKSR3,expression,0.002150778495706618,15,0.3
meth:GNPDA2,methylation,0.002150708335805042,29,0.58
expr:APBB2,expression,0.002149341041028189,24,0.48
expr:L3MBTL1,expression,0.0021490325810960853,26,0.52
expr:MAK,expression,0.002148398320281469,41,0.82
meth:PLXNC1,methylation,0.002143242279998958,16,0.32
meth:IL22,methylation,0.0021409292239695787,1,0.02
expr:CEACAM1,expression,0.0021405924344435334,4,0.08
meth:PRKACA,methylation,0.0021404149369931126,47,0.94
expr:SLC39A11,expression,0.002139896964633538,28,0.56
expr:AC007906.2,expression,0.002138822969487485,17,0.34
expr:RMND1,expression,0.0021371298003941774,10,0.2
meth:LEFTY2,methylation,0.0021368481684476137,1,0.02
expr:ZNF257,expression,0.002135663938647865,46,0.92
expr:MLXIPL,expression,0.002135517696539561,6,0.12
meth:LOC729467,methylation,0.0021346155554056168,4,0.08
expr:CCDC39,expression,0.002133815597485879,29,0.58
expr:HPGD,expression,0.002132903401313039,24,0.48
expr:IKZF3,expression,0.0021315326707230676,18,0.36
meth:SATB1,methylation,0.0021303894131311347,35,0.7
expr:PYHIN1,expression,0.0021298248320817947,16,0.32
meth:SHISA6,methylation,0.002128018289804459,25,0.5
meth:ZNF214,methylation,0.0021249578437871402,9,0.18
expr:RGSL1,expression,0.0021248545963317156,4,0.08
expr:SIX2,expression,0.0021243674942525103,40,0.8
meth:NT5C3,methylation,0.0021231904393061996,8,0.16
meth:FAM183B,methylation,0.0021216797868947724,37,0.74
meth:C6orf97,methylation,0.0021211168185497325,30,0.6
expr:ANKRD50,expression,0.002120228544808924,25,0.5
meth:C17orf93,methylation,0.0021190493229538377,43,0.86
expr:PCDHGB4,expression,0.0021180954936426133,4,0.08
expr:GSTM5,expression,0.002116016460220433,45,0.9
expr:SCG5,expression,0.0021159610311899868,7,0.14
expr:ADAM22,expression,0.002113006126601249,50,1.0
meth:PARVB,methylation,0.0021126559004187584,1,0.02
expr:ESRRG,expression,0.002112431843257086,22,0.44
expr:AFAP1L2,expression,0.002112116195494309,50,1.0
meth:NAPG,methylation,0.0021115958516020328,25,0.5
expr:KRT8,expression,0.002109748405119818,9,0.18
meth:PSD3,methylation,0.002109326422214508,16,0.32
meth:SNORD102,methylation,0.002109252023868836,13,0.26
expr:EPX,expression,0.002109140024653503,7,0.14
meth:HOXD11,methylation,0.0021082111768639432,13,0.26
meth:ABCB1,methylation,0.0021077358639255785,12,0.24
meth:SPSB1,methylation,0.002107508359072001,23,0.46
expr:SLC7A8,expression,0.0021073090342374947,26,0.52
expr:PAH,expression,0.002106099573071473,26,0.52
meth:APOBEC3G,methylation,0.0021055599208921194,4,0.08
meth:LAMC1,methylation,0.0021034856035839766,36,0.72
meth:GPHA2,methylation,0.0021034296369180083,4,0.08
meth:ZNF474,methylation,0.0021021089827020964,12,0.24
expr:GDNF,expression,0.002100671175867319,1,0.02
meth:TAPBP,methylation,0.00209976639598608,5,0.1
expr:NAP1L2,expression,0.002099668316077441,19,0.38
meth:MIR661,methylation,0.0020991564728319646,15,0.3
meth:MIR1282,methylation,0.0020989658326773983,48,0.96
expr:ZNF470,expression,0.0020948147866874933,7,0.14
expr:H3C11,expression,0.002094793046126142,24,0.48
meth:CYP26C1,methylation,0.0020943833515048027,4,0.08
meth:RPL3L,methylation,0.0020934509113430975,10,0.2
meth:MGC16275,methylation,0.002090876456350088,2,0.04
expr:RBM47,expression,0.002089594808729509,39,0.78
expr:ZNF711,expression,0.002089237517291873,29,0.58
expr:CDC20B,expression,0.0020857484390338263,12,0.24
expr:CCDC177,expression,0.00208303457144542,22,0.44
expr:KLF2,expression,0.0020819120777850137,47,0.94
expr:PLEKHS1,expression,0.0020816046744585037,4,0.08
meth:C11orf40,methylation,0.00207731444388628,5,0.1
meth:SNORA31,methylation,0.002075505514557545,13,0.26
expr:CIITA,expression,0.0020750894909724593,8,0.16
expr:TSHZ3,expression,0.002072937088087201,2,0.04
meth:FAM107A,methylation,0.0020725377835333347,1,0.02
meth:GCM1,methylation,0.002072167627158619,21,0.42
expr:LYPD6B,expression,0.0020708596566691995,10,0.2
expr:WDR64,expression,0.0020663104692680966,18,0.36
meth:RAB5A,methylation,0.0020655954496995093,31,0.62
meth:C10orf128,methylation,0.0020612762951902276,29,0.58
expr:MAGEB4,expression,0.002060647148755379,20,0.4
meth:SYNPO2,methylation,0.0020603621378540993,2,0.04
expr:C10orf67,expression,0.002056227690589271,19,0.38
meth:C7orf29,methylation,0.0020554086908565034,42,0.84
expr:SMCO4,expression,0.0020543862372002703,47,0.94
expr:GPRIN1,expression,0.002053230768069625,4,0.08
expr:ALK,expression,0.0020524157832066217,3,0.06
meth:ACTRT2,methylation,0.002051016917296996,6,0.12
expr:MMP15,expression,0.0020510066921512284,12,0.24
expr:FAM170A,expression,0.002050759270787239,6,0.12
expr:JADE2,expression,0.002048296192170758,19,0.38
expr:LGALS14,expression,0.002046497849126657,3,0.06
expr:MUC2,expression,0.002044288686623699,19,0.38
expr:LMO1,expression,0.0020425986568443476,50,1.0
meth:PRRT3,methylation,0.0020409561693668365,6,0.12
expr:IRS2,expression,0.00203960994258523,3,0.06
meth:TCP10L,methylation,0.0020375949521125717,11,0.22
meth:GJA4,methylation,0.0020355944238279176,23,0.46
meth:C2orf58,methylation,0.0020337398874107748,50,1.0
expr:TSPYL6,expression,0.002032064283931894,14,0.28
expr:UBA7,expression,0.0020320165591935315,3,0.06
expr:SCRT1,expression,0.0020314245182951845,27,0.54
expr:PKHD1L1,expression,0.0020306250501705924,38,0.76
meth:LRRC17,methylation,0.0020303677107828357,48,0.96
meth:PREX2,methylation,0.0020288932525242367,6,0.12
meth:C10orf62,methylation,0.0020268114749342203,1,0.02
meth:CLIC6,methylation,0.0020255002630304316,49,0.98
expr:RIC3,expression,0.0020247850782023026,13,0.26
expr:ZNF541,expression,0.002023719319064791,6,0.12
expr:PROC,expression,0.0020219153258949516,5,0.1
meth:MIR27A,methylation,0.0020196827542450693,45,0.9
meth:MIR126,methylation,0.0020190891188879806,15,0.3
meth:PHYHIP,methylation,0.0020169975441170947,21,0.42
expr:TH,expression,0.002016865923492746,11,0.22
expr:FCRL1,expression,0.002015202830079943,16,0.32
expr:ZNF726,expression,0.0020148310965547958,6,0.12
meth:KCNJ12,methylation,0.002013019286096096,3,0.06
expr:AGMAT,expression,0.0020129457116127014,4,0.08
expr:ADAP1,expression,0.002009366871789098,1,0.02
expr:RRAGD,expression,0.0020090246366129983,9,0.18
meth:GALNTL6,methylation,0.002008027064827426,48,0.96
meth:TRHDE,methylation,0.002006821503693407,11,0.22
expr:MAGIX,expression,0.0020060487357633455,14,0.28
expr:AL110118.1,expression,0.002005642933699374,26,0.52
meth:GABRA2,methylation,0.002003102769820197,42,0.84
meth:TAS2R8,methylation,0.0020031004678457975,2,0.04
expr:HLF,expression,0.002002016253148516,21,0.42
expr:APLP1,expression,0.0020020054798806086,24,0.48
meth:LOC100287718,methylation,0.0020004947582492605,8,0.16
expr:FAM110C,expression,0.0019993575156799386,49,0.98
expr:CCDC148,expression,0.0019980058015789835,50,1.0
expr:IGSF10,expression,0.001997359334586226,49,0.98
expr:SHISA9,expression,0.0019956023847360325,23,0.46
expr:KIRREL2,expression,0.001995059195905924,4,0.08
meth:OR51B2,methylation,0.001994428069641193,3,0.06
expr:NCS1,expression,0.001993699164207404,24,0.48
expr:GPRC5A,expression,0.0019918314769471947,19,0.38
expr:AC119396.1,expression,0.0019905268471982133,19,0.38
expr:IGFBP4,expression,0.0019899902067014147,7,0.14
meth:PLAC4,methylation,0.001987419508319969,30,0.6
expr:SEMA4G,expression,0.0019864928908646107,4,0.08
expr:SDK2,expression,0.0019857754761522465,11,0.22
expr:TTC34,expression,0.00198544206796214,40,0.8
expr:GCSAM,expression,0.001983627159239,45,0.9
expr:KRT32,expression,0.0019834915398281405,44,0.88
expr:SYT1,expression,0.0019824235350824893,18,0.36
expr:PDLIM5,expression,0.0019812126023073993,3,0.06
expr:MEGF9,expression,0.0019804253220522348,26,0.52
meth:LOC642587,methylation,0.001979693304747343,2,0.04
meth:PRG3,methylation,0.0019777428824454546,4,0.08
expr:KCNN4,expression,0.0019770073736759108,18,0.36
expr:IL1B,expression,0.0019763887394219637,1,0.02
meth:KLF7,methylation,0.0019759219721890986,24,0.48
meth:C7orf65,methylation,0.0019756614541014037,36,0.72
expr:ZNF100,expression,0.001975568748700122,15,0.3
expr:PSEN2,expression,0.001974121667444706,4,0.08
expr:ZNF620,expression,0.001973123156598636,49,0.98
meth:GAL3ST2,methylation,0.0019727801836486305,31,0.62
meth:RNU86,methylation,0.001970121104802404,14,0.28
meth:SPRR2F,methylation,0.0019695659367633717,21,0.42
expr:GADD45B,expression,0.0019676905125379563,5,0.1
meth:PHF21B,methylation,0.001966634066775441,10,0.2
meth:GNAO1,methylation,0.00196503328957728,7,0.14
expr:PKP2,expression,0.0019636177099668062,13,0.26
expr:ABHD1,expression,0.001963291086472704,7,0.14
expr:S100A7A,expression,0.0019624753850107286,46,0.92
meth:MTVR2,methylation,0.0019622775408524003,22,0.44
meth:C11orf92,methylation,0.0019621322945957737,7,0.14
meth:KIAA1549,methylation,0.001958457132180532,9,0.18
expr:PAX5,expression,0.0019571625024956815,17,0.34
meth:C1orf96,methylation,0.0019515478052198887,8,0.16
expr:PLAAT1,expression,0.0019502407974667018,9,0.18
expr:DPYSL4,expression,0.001949252386111766,20,0.4
meth:GLT1D1,methylation,0.001948227034881711,10,0.2
expr:DUOXA1,expression,0.0019477604489241327,7,0.14
expr:LRRC4C,expression,0.0019476076122373343,33,0.66
expr:KRTAP5-8,expression,0.0019461565340558689,12,0.24
expr:DLG5,expression,0.0019458802698037207,22,0.44
meth:STRN4,methylation,0.00194412920003136,12,0.24
expr:RTKN2,expression,0.001943836105056107,2,0.04
expr:LINC00634,expression,0.0019414356444031,10,0.2
meth:CYP26B1,methylation,0.0019410260254517197,5,0.1
expr:SLC22A11,expression,0.0019394383594697835,49,0.98
meth:ADCY4,methylation,0.0019348524666080872,15,0.3
expr:DUSP26,expression,0.0019327123882248998,4,0.08
expr:ANGPTL4,expression,0.001927869548972953,29,0.58
meth:SLC13A1,methylation,0.001925818776919883,47,0.94
meth:AKR1C2,methylation,0.0019248878029016355,11,0.22
expr:RAMP2,expression,0.0019232135798249925,14,0.28
meth:NGFR,methylation,0.0019229142926633358,3,0.06
expr:AC138969.1,expression,0.001922787374791664,37,0.74
expr:CCDC68,expression,0.0019216876741362892,48,0.96
meth:TRPC6,methylation,0.001919989025918767,40,0.8
meth:ST6GALNAC6,methylation,0.00191883445950225,12,0.24
expr:KLRF2,expression,0.001918091843633548,23,0.46
expr:DOCK10,expression,0.00191450584679842,8,0.16
expr:AC136428.1,expression,0.0019137227597335975,3,0.06
expr:FAXDC2,expression,0.0019094134470270504,21,0.42
expr:RAC2,expression,0.001908627524971962,5,0.1
meth:SLC4A8,methylation,0.0019080204323732427,28,0.56
meth:P2RY14,methylation,0.001906057938726412,45,0.9
expr:CAPN11,expression,0.001905933313537389,16,0.32
meth:SNORA71B,methylation,0.001904130853921631,49,0.98
meth:DPM2,methylation,0.0019036421707520881,15,0.3
meth:C2orf48,methylation,0.0019023061031475663,8,0.16
meth:LOC220930,methylation,0.0019000904315984563,38,0.76
expr:TXNIP,expression,0.0018995623769504683,7,0.14
expr:ADGRG4,expression,0.0018992060795426369,6,0.12
meth:HMGA2,methylation,0.001898803748190403,3,0.06
expr:HMX1,expression,0.0018975934945046902,6,0.12
expr:AMN1,expression,0.0018964925658933463,42,0.84
expr:PLAU,expression,0.0018958384171128273,3,0.06
meth:C5orf49,methylation,0.0018949071471128732,31,0.62
meth:FLJ25363,methylation,0.00189369753934443,1,0.02
meth:PCMT1,methylation,0.0018935150098210822,12,0.24
expr:SLC38A5,expression,0.0018930876394733787,2,0.04
expr:NPY,expression,0.0018921721105774243,6,0.12
meth:MIR24-2,methylation,0.0018895393103717806,47,0.94
expr:CRISPLD1,expression,0.001888534240424633,10,0.2
meth:TMPRSS11B,methylation,0.0018841805431293324,8,0.16
meth:KRTAP13-1,methylation,0.0018841392114101088,34,0.68
expr:SAG,expression,0.0018821135574184796,34,0.68
meth:DIRC3,methylation,0.0018814370036125184,5,0.1
expr:PRR5-ARHGAP8,expression,0.0018794746732885908,46,0.92
meth:TYR,methylation,0.0018787484150379896,2,0.04
meth:CRISP3,methylation,0.0018775163451209664,50,1.0
expr:AHNAK,expression,0.0018769366870401427,8,0.16
meth:OR51G1,methylation,0.0018766646971926093,2,0.04
expr:ZFP28,expression,0.0018734072024623554,6,0.12
expr:IFT140,expression,0.0018732976168394089,7,0.14
expr:SPRY1,expression,0.001871490726313953,14,0.28
meth:TSTD1,methylation,0.0018699136562645435,4,0.08
expr:SAMD13,expression,0.0018689652206376195,4,0.08
meth:CLDN10,methylation,0.0018681138574790496,13,0.26
meth:C1orf94,methylation,0.0018680471899535727,17,0.34
meth:LOC645676,methylation,0.0018675494939088821,4,0.08
expr:AMHR2,expression,0.0018675484461709857,2,0.04
expr:FUZ,expression,0.0018648509653665277,49,0.98
expr:AL590132.1,expression,0.00186445057624951,4,0.08
expr:TMEM233,expression,0.001863029319792986,2,0.04
meth:OR8U1,methylation,0.0018609423811237018,3,0.06
meth:NLRP8,methylation,0.0018600202165544033,3,0.06
meth:CNBD1,methylation,0.0018593188495807616,28,0.56
expr:MZB1,expression,0.0018585790433765699,3,0.06
meth:BEND5,methylation,0.0018569679278880357,25,0.5
meth:PTH,methylation,0.0018567540682852268,5,0.1
meth:COL11A1,methylation,0.0018547899363672033,17,0.34
expr:SOWAHA,expression,0.0018540391925183173,38,0.76
meth:MFSD1,methylation,0.0018533403053879738,1,0.02
meth:LHFP,methylation,0.001853146873569737,30,0.6
expr:STARD13,expression,0.001851947556133382,48,0.96
expr:CITED4,expression,0.0018503079708251688,9,0.18
meth:NTF3,methylation,0.0018502879538573325,8,0.16
expr:BOP1,expression,0.0018480194645235314,20,0.4
meth:C18orf26,methylation,0.001847765457473303,19,0.38
expr:PDGFC,expression,0.0018460509070957248,11,0.22
meth:TLR2,methylation,0.0018454943074966254,23,0.46
meth:SNX30,methylation,0.0018440482672303915,6,0.12
meth:TICAM2,methylation,0.0018423140237036233,13,0.26
meth:OLFM1,methylation,0.0018396017840132117,1,0.02
meth:CARD16,methylation,0.00183941051363945,2,0.04
expr:KCNQ4,expression,0.001838905046073099,15,0.3
meth:CNPY1,methylation,0.0018388306489214301,2,0.04
meth:C2orf55,methylation,0.0018385936200502329,32,0.64
meth:CBLN2,methylation,0.0018379134673436749,42,0.84
expr:TFAP2A,expression,0.0018378825188847259,40,0.8
expr:TSPAN7,expression,0.0018378466134890913,20,0.4
meth:ZNF208,methylation,0.0018367579808303465,24,0.48
meth:CHST1,methylation,0.0018366618672958934,13,0.26
expr:MSLN,expression,0.0018361424774732715,34,0.68
meth:STK31,methylation,0.0018351152539253235,1,0.02
meth:SYNGR3,methylation,0.0018341627437621355,1,0.02
meth:WSB1,methylation,0.0018337083980441093,5,0.1
expr:SETD9,expression,0.001833371744540177,19,0.38
expr:IL24,expression,0.0018327765754857582,29,0.58
meth:SLC35D3,methylation,0.0018316185288131236,25,0.5
meth:LRRC55,methylation,0.00183073740452528,25,0.5
expr:LRRC2,expression,0.0018271272491226544,49,0.98
meth:PABPC1P2,methylation,0.001826765574514866,5,0.1
meth:TERT,methylation,0.00182656804099679,8,0.16
expr:CCNG2,expression,0.0018240862060338258,50,1.0
expr:ACTL6B,expression,0.0018237661570310593,8,0.16
expr:P2RY12,expression,0.0018220109182452275,44,0.88
expr:PRR20G,expression,0.0018214305916141409,48,0.96
meth:SPINK5,methylation,0.0018210011167508183,33,0.66
meth:GRWD1,methylation,0.0018203361676289486,13,0.26
meth:FBXL21,methylation,0.0018179699046803372,14,0.28
expr:RNF157,expression,0.00181630610798796,9,0.18
expr:IL33,expression,0.0018162517008022405,48,0.96
meth:CATSPERB,methylation,0.001815382445541521,15,0.3
meth:SLC7A9,methylation,0.0018102846307946102,21,0.42
expr:TCEAL4,expression,0.0018098104434708755,6,0.12
expr:SHISAL2A,expression,0.001808770914952195,37,0.74
meth:LHFPL5,methylation,0.0018087529475096522,41,0.82
expr:HHEX,expression,0.0018081058238749391,40,0.8
expr:POTEF,expression,0.0018073903629556298,1,0.02
meth:MSL3L2,methylation,0.001805596984922886,7,0.14
expr:MMP12,expression,0.0018054185279955466,15,0.3
expr:GBGT1,expression,0.0018018238423835663,21,0.42
expr:RAB6D,expression,0.00180066111497581,5,0.1
expr:HLA-DOB,expression,0.0017997614967708404,13,0.26
expr:IL4,expression,0.0017993999800334374,15,0.3
expr:CERKL,expression,0.001799112747368567,17,0.34
expr:GPR18,expression,0.0017989306710660458,10,0.2
expr:ENHO,expression,0.0017972673522308469,2,0.04
meth:TUSC3,methylation,0.0017963390331715346,20,0.4
meth:SLC17A9,methylation,0.0017941187446316083,3,0.06
meth:GATA4,methylation,0.0017924253414902422,9,0.18
meth:UBE2E2,methylation,0.0017887725261971354,2,0.04
meth:ACP5,methylation,0.001785681233741343,22,0.44
meth:SNORD82,methylation,0.0017845032603612968,14,0.28
expr:MS4A15,expression,0.001781125546183957,43,0.86
expr:POTEH,expression,0.001780287188012153,32,0.64
expr:HORMAD1,expression,0.0017799976391389089,17,0.34
meth:LTBP1,methylation,0.001779823408772548,18,0.36
expr:EXOC6,expression,0.0017791313228520509,49,0.98
expr:NCBP2L,expression,0.0017790219224080807,41,0.82
expr:GABRG3,expression,0.0017722928896546364,1,0.02
expr:MUC20,expression,0.001772101436342512,7,0.14
expr:TUBB2A,expression,0.0017686882987618447,25,0.5
expr:IRS1,expression,0.0017685342908782117,34,0.68
expr:GPR33,expression,0.0017674597421366918,19,0.38
expr:SLC6A8,expression,0.0017665456159589572,39,0.78
meth:TUBGCP3,methylation,0.0017651998075760072,27,0.54
expr:TRIM45,expression,0.0017646897574696615,49,0.98
expr:CYB5D2,expression,0.0017630363581702113,2,0.04
meth:TGFB1I1,methylation,0.0017629596404731274,4,0.08
expr:NXN,expression,0.0017613864139370296,46,0.92
expr:LRG1,expression,0.00176128583467182,17,0.34
expr:MARCHF11,expression,0.0017602413427084684,4,0.08
meth:SCT,methylation,0.0017580021085450426,40,0.8
meth:IL17RE,methylation,0.0017570038326084614,13,0.26
meth:IL17REL,methylation,0.0017565584638052517,45,0.9
meth:EPSTI1,methylation,0.0017549894242124124,11,0.22
expr:SLC2A14,expression,0.0017549338517710567,4,0.08
expr:TCL1A,expression,0.0017540414507190387,3,0.06
expr:AC055839.2,expression,0.0017536047380417585,1,0.02
expr:SP140L,expression,0.0017525104805827141,5,0.1
expr:SLC22A10,expression,0.0017524582441323078,26,0.52
expr:TLE1,expression,0.0017518927110359074,20,0.4
expr:CRYBA1,expression,0.001750899152830243,10,0.2
expr:MYO16,expression,0.0017507586951157259,31,0.62
expr:CD160,expression,0.0017504014074802398,5,0.1
expr:THNSL2,expression,0.0017496275000407227,28,0.56
meth:LOC553137,methylation,0.001747991553404265,18,0.36
meth:NAGS,methylation,0.0017466140720485287,22,0.44
meth:C1orf204,methylation,0.001746449212078005,4,0.08
expr:DBNDD2,expression,0.0017432383028790355,10,0.2
meth:LOC100129534,methylation,0.0017431703994848899,7,0.14
expr:BDP1,expression,0.0017428906238637866,25,0.5
meth:ENPP2,methylation,0.001742814783938229,16,0.32
expr:SEMA4A,expression,0.0017390866996720433,4,0.08
meth:PCDHGB1,methylation,0.001738333748653531,5,0.1
meth:NFIB,methylation,0.0017356877215206623,8,0.16
expr:LHX1,expression,0.0017334527980822783,13,0.26
meth:KRT4,methylation,0.0017332432325929403,2,0.04
expr:WNT9B,expression,0.0017325235530734062,3,0.06
expr:CAPSL,expression,0.0017312030928830306,3,0.06
meth:EMP1,methylation,0.001728943510291477,6,0.12
meth:VSX1,methylation,0.0017280981450437985,29,0.58
expr:PHYHD1,expression,0.00172755712022384,3,0.06
meth:SLA2,methylation,0.0017264422494918108,2,0.04
expr:EBF4,expression,0.001726343622673691,48,0.96
expr:CDK14,expression,0.0017254747217521071,10,0.2
expr:B3GNT4,expression,0.0017247324576601386,50,1.0
meth:DCLK3,methylation,0.001724332757294178,10,0.2
expr:GBX2,expression,0.001723859923414796,31,0.62
meth:B4GALNT1,methylation,0.001723086625133874,32,0.64
meth:TRAPPC3,methylation,0.0017207497954726792,13,0.26
meth:ARL10,methylation,0.0017204252653755248,24,0.48
meth:HSPB7,methylation,0.0017168402915731782,21,0.42
expr:ACSM3,expression,0.0017149879975477233,25,0.5
expr:DSG2,expression,0.0017149539574259712,31,0.62
meth:SNORD10,methylation,0.001712296918338659,49,0.98
expr:NDRG2,expression,0.0017120269023709828,9,0.18
expr:MSX2,expression,0.0017114779240308474,26,0.52
expr:TMEM88B,expression,0.0017114019331832726,3,0.06
expr:VWA2,expression,0.001711248319932363,36,0.72
expr:TRERF1,expression,0.0017043632299949725,6,0.12
meth:CCDC68,methylation,0.0017021998452643554,6,0.12
expr:SULF2,expression,0.001702120085246861,5,0.1
meth:ATG9B,methylation,0.001699619897408411,8,0.16
expr:ZFAND4,expression,0.0016983217792585492,10,0.2
expr:LRTM2,expression,0.0016982260858640075,2,0.04
expr:SCD5,expression,0.0016969363059615716,8,0.16
meth:PLXDC2,methylation,0.0016959133522155194,26,0.52
expr:ADH1C,expression,0.0016927546123042703,10,0.2
expr:OLIG1,expression,0.001692398402762289,24,0.48
expr:TMEM59L,expression,0.001691604615189135,1,0.02
expr:RARA,expression,0.0016900781368793443,43,0.86
expr:MEOX1,expression,0.0016899963658353364,37,0.74
expr:SLC24A2,expression,0.0016874286734188597,15,0.3
expr:CABCOCO1,expression,0.0016865074733742609,49,0.98
meth:TMEM100,methylation,0.001685958239249885,2,0.04
expr:TCEAL7,expression,0.001685527000768945,29,0.58
expr:ANKRD2,expression,0.0016853285487741232,2,0.04
meth:CCNJL,methylation,0.0016853257010762508,13,0.26
expr:ZNF132,expression,0.0016823573839954203,36,0.72
meth:ESPNL,methylation,0.0016819574674101251,19,0.38
meth:OR51A2,methylation,0.0016819412953087262,7,0.14
expr:METTL11B,expression,0.0016771801747381687,6,0.12
meth:AGXT,methylation,0.001676787340425347,19,0.38
expr:ARL9,expression,0.001673773381575618,46,0.92
meth:EBF4,methylation,0.001672989773479375,11,0.22
meth:KIAA1875,methylation,0.0016726048197597265,13,0.26
meth:ZBTB43,methylation,0.0016725344272951286,3,0.06
expr:MEP1B,expression,0.0016706532333046198,1,0.02
expr:CLEC2D,expression,0.0016689039184711874,36,0.72
expr:CASZ1,expression,0.00166293477492505,19,0.38
expr:DMGDH,expression,0.001662502996623516,10,0.2
meth:FGFBP2,methylation,0.0016585784915757055,15,0.3
expr:SCART1,expression,0.0016582590537740196,47,0.94
meth:TRYX3,methylation,0.0016578353242948651,1,0.02
expr:ADAMTS8,expression,0.001655462763586041,46,0.92
meth:SLC25A34,methylation,0.001654878624581865,7,0.14
expr:FGF10,expression,0.0016544654965400696,5,0.1
meth:INSL6,methylation,0.0016544499667361379,12,0.24
expr:KLHL5,expression,0.0016537790031482776,30,0.6
meth:YPEL4,methylation,0.0016535443460775746,9,0.18
meth:PADI3,methylation,0.001653141885374983,6,0.12
meth:SDPR,methylation,0.001651352402404882,12,0.24
expr:CYP4F11,expression,0.0016511567577254028,40,0.8
expr:TENT5C,expression,0.0016474652802571654,50,1.0
meth:ANXA13,methylation,0.0016456570476293564,5,0.1
expr:CALB2,expression,0.0016450381837785244,10,0.2
expr:ASGR1,expression,0.001644399327536424,6,0.12
meth:SELE,methylation,0.0016443788145597165,26,0.52
meth:SNORA80,methylation,0.0016430673034240801,6,0.12
meth:C10orf82,methylation,0.0016410768662086304,17,0.34
meth:ALX1,methylation,0.001640970069274772,16,0.32
expr:TMEM64,expression,0.001637818873859942,6,0.12
expr:RIPOR2,expression,0.0016375802965326743,33,0.66
expr:HOMER2,expression,0.0016374914973442043,7,0.14
expr:RDM1,expression,0.0016368550048874958,7,0.14
meth:ALS2CR12,methylation,0.0016365959236281924,8,0.16
expr:SAPCD2,expression,0.001635365977158977,18,0.36
expr:PLEKHF2,expression,0.0016340915833345869,11,0.22
expr:SLC9C1,expression,0.0016339826035416788,45,0.9
meth:SLC26A1,methylation,0.001632206988605586,11,0.22
expr:ICA1L,expression,0.001630965493926097,41,0.82
meth:FAM129A,methylation,0.0016303117050685816,45,0.9
expr:SLC4A1,expression,0.0016285304445773363,1,0.02
expr:ASPN,expression,0.0016271729022264481,5,0.1
meth:TRPC1,methylation,0.0016266856621950864,25,0.5
meth:DDX25,methylation,0.0016260985285043716,3,0.06
expr:SCGB2B2,expression,0.001625120872631669,19,0.38
expr:TXNDC16,expression,0.0016248148604063317,8,0.16
expr:NEDD9,expression,0.0016239702876191587,20,0.4
meth:CCDC106,methylation,0.0016236037481576204,8,0.16
meth:PVT1,methylation,0.0016215417999774218,7,0.14
expr:KIRREL3,expression,0.0016211406817953837,19,0.38
expr:PCNX2,expression,0.0016208675224334002,1,0.02
meth:WFDC2,methylation,0.0016180570892174728,8,0.16
expr:MYSM1,expression,0.0016163508440109177,18,0.36
meth:P2RY13,methylation,0.001616112782357959,32,0.64
expr:NDUFV2,expression,0.001614675511941747,43,0.86
expr:CERS6,expression,0.00161418564883726,14,0.28
meth:COLQ,methylation,0.001612607276112568,41,0.82
expr:OSGIN1,expression,0.0016120310872793197,5,0.1
meth:SNX18,methylation,0.0016101153989977858,27,0.54
meth:RBMXL2,methylation,0.00160981307271868,2,0.04
meth:CCDC37,methylation,0.0016071892605395988,20,0.4
meth:KRT19,methylation,0.001606411300599575,13,0.26
expr:KDM4B,expression,0.001606176044240746,49,0.98
meth:DNAJC6,methylation,0.0016038566633748512,27,0.54
expr:ANK3,expression,0.0016021816250444813,44,0.88
expr:MYCT1,expression,0.0016016265310879265,28,0.56
expr:CPEB4,expression,0.001600148156285286,12,0.24
expr:ERICH3,expression,0.0015996700070788894,49,0.98
expr:F7,expression,0.0015993782435543835,8,0.16
meth:BCAT2,methylation,0.0015982441836968064,2,0.04
meth:SSTR4,methylation,0.0015959208831191063,7,0.14
expr:EVL,expression,0.001595552700261275,9,0.18
meth:LCNL1,methylation,0.0015950797125697136,5,0.1
expr:SLC27A2,expression,0.001594353221460349,18,0.36
expr:RGS7,expression,0.0015937374638659613,14,0.28
meth:LOC645323,methylation,0.0015934548761887366,34,0.68
expr:HOXC12,expression,0.001592337464292844,6,0.12
expr:NXNL2,expression,0.001588162388652563,50,1.0
meth:MTPAP,methylation,0.0015867839101701975,50,1.0
meth:IFFO1,methylation,0.0015860821253487042,7,0.14
expr:RADX,expression,0.0015823523508293963,41,0.82
meth:MICAL2,methylation,0.0015822417102754117,5,0.1
expr:CACNA1D,expression,0.001582072852179408,50,1.0
meth:DAO,methylation,0.001582063178324865,9,0.18
expr:METTL7A,expression,0.0015801175946502813,28,0.56
expr:LRRIQ1,expression,0.001579071639287399,41,0.82
meth:ATP6V0A4,methylation,0.0015789978206157684,2,0.04
expr:KLRC1,expression,0.0015760179609060287,15,0.3
meth:TRIM65,methylation,0.0015752564547309542,34,0.68
meth:PYDC1,methylation,0.0015747003490105271,1,0.02
expr:PCDHB9,expression,0.0015735055009524028,12,0.24
meth:SGCB,methylation,0.0015728034278643982,28,0.56
expr:ABCA5,expression,0.0015724924147513736,46,0.92
expr:AOC2,expression,0.001572204116003021,23,0.46
expr:IGFLR1,expression,0.0015704926336184144,2,0.04
meth:SERPINC1,methylation,0.001569828985688778,13,0.26
meth:SOD3,methylation,0.0015694620669819415,2,0.04
meth:PPIE,methylation,0.001565703989139625,7,0.14
meth:MIR34A,methylation,0.0015652544437519584,12,0.24
expr:SH3BGRL2,expression,0.0015643672086298466,6,0.12
expr:TTC24,expression,0.0015640558674931526,5,0.1
expr:KLF7,expression,0.0015638662423173497,42,0.84
meth:COLEC10,methylation,0.0015619060141034424,8,0.16
meth:ADNP,methylation,0.0015609993606631178,4,0.08
meth:C12orf39,methylation,0.0015601357021792369,22,0.44
expr:KLLN,expression,0.0015599250186686263,33,0.66
expr:PLAAT4,expression,0.0015582915227973788,41,0.82
expr:ARHGEF26,expression,0.0015562659376882949,20,0.4
expr:SETBP1,expression,0.0015560706893285347,43,0.86
expr:STAG3,expression,0.0015557306024300702,17,0.34
meth:MIR365-2,methylation,0.0015542543409631038,39,0.78
expr:HIPK2,expression,0.0015540331692641808,18,0.36
expr:ADCY1,expression,0.001550899197657903,3,0.06
expr:BPIFA2,expression,0.0015493674436584115,8,0.16
meth:LOC401387,methylation,0.001549325625092024,32,0.64
expr:BBOF1,expression,0.0015487793702405037,41,0.82
meth:FUT4,methylation,0.0015475668541684343,37,0.74
expr:GABRQ,expression,0.0015470652189105748,25,0.5
expr:SP8,expression,0.0015468842401686641,9,0.18
expr:ZNF582,expression,0.001544901988069926,35,0.7
expr:PRRG4,expression,0.0015442042368585649,23,0.46
meth:C1orf229,methylation,0.0015441483507553737,3,0.06
meth:GRIN3A,methylation,0.0015438572503626347,5,0.1
meth:C6orf163,methylation,0.0015436022193171083,15,0.3
expr:SYNPO2,expression,0.0015412689877532262,46,0.92
expr:IGFL4,expression,0.0015397654846310616,15,0.3
expr:LDLRAD4,expression,0.0015396603266708553,12,0.24
meth:CMA1,methylation,0.001532234251499176,17,0.34
meth:TSKS,methylation,0.0015311315655708313,2,0.04
meth:SLITRK3,methylation,0.0015299707651138307,5,0.1
expr:GPR135,expression,0.0015297699865186587,16,0.32
expr:ATP6V1G2,expression,0.001529581204522401,26,0.52
expr:SLC28A1,expression,0.001527779852040112,2,0.04
expr:ZIC4,expression,0.0015262197185721663,9,0.18
meth:SNORA18,methylation,0.0015224341639421051,36,0.72
expr:SSPN,expression,0.001522037759423256,5,0.1
expr:COLQ,expression,0.001520639807550293,33,0.66
expr:SP5,expression,0.001519880723208189,13,0.26
expr:FAM166C,expression,0.0015194959317644436,6,0.12
meth:PUM2,methylation,0.0015188581543043255,40,0.8
expr:ADH1B,expression,0.0015174883948121634,27,0.54
expr:PKIB,expression,0.0015173918045302097,37,0.74
meth:SPATS1,methylation,0.001515765953809023,5,0.1
expr:LY6K,expression,0.0015155348228290677,1,0.02
meth:SPP2,methylation,0.0015131316031329334,16,0.32
meth:CRYGB,methylation,0.001512855337932706,10,0.2
expr:RTN1,expression,0.0015092075802385807,10,0.2
expr:MEIG1,expression,0.0015089335625596118,33,0.66
expr:CYBRD1,expression,0.0015063804193315182,22,0.44
meth:TNFSF4,methylation,0.001505920896306634,4,0.08
meth:FXYD4,methylation,0.0015026851615402848,24,0.48
meth:ARL4C,methylation,0.0015026415451703703,17,0.34
expr:CELSR2,expression,0.0015016842696170968,26,0.52
expr:RAI2,expression,0.0014992799548781478,50,1.0
meth:MIR886,methylation,0.001499146455898881,2,0.04
meth:LMAN1L,methylation,0.0014981910852449281,35,0.7
expr:CYP4F22,expression,0.0014954817434772848,50,1.0
meth:TRAT1,methylation,0.001495275180786848,3,0.06
expr:FRMPD2,expression,0.0014947695502390463,12,0.24
meth:MIR1266,methylation,0.0014933078177273274,25,0.5
meth:F2,methylation,0.001491447351872921,10,0.2
expr:CCND1,expression,0.0014899183259976486,31,0.62
meth:ZNF468,methylation,0.0014880350790917873,1,0.02
expr:VSTM5,expression,0.0014871943276375532,8,0.16
meth:PCDHA10,methylation,0.0014871350819400202,6,0.12
expr:SHROOM4,expression,0.0014866706915199757,6,0.12
expr:BEX4,expression,0.0014861269961469448,13,0.26
meth:GNAT1,methylation,0.0014861032444362838,6,0.12
meth:ATP4B,methylation,0.0014860912412405015,25,0.5
expr:C5orf58,expression,0.0014855233021080494,1,0.02
expr:FHL5,expression,0.0014849027308324974,6,0.12
expr:SERPINA5,expression,0.0014840353927057651,45,0.9
expr:PPBP,expression,0.0014839787215280992,13,0.26
expr:NTRK3,expression,0.0014789058826863767,50,1.0
meth:HSP90B3P,methylation,0.0014773772660798083,6,0.12
expr:ALDH6A1,expression,0.001473839995172887,23,0.46
meth:TMEM176A,methylation,0.0014724672814323144,11,0.22
meth:CHSY3,methylation,0.0014709516117970148,15,0.3
meth:C10orf53,methylation,0.0014702960136620438,17,0.34
expr:CARD9,expression,0.001468942156466453,23,0.46
meth:IDO1,methylation,0.0014687896790829573,22,0.44
meth:HMP19,methylation,0.0014683299564889499,7,0.14
meth:MIR133A2,methylation,0.0014657848992750847,14,0.28
meth:FOXE1,methylation,0.0014652859212623702,27,0.54
expr:MTMR7,expression,0.0014650394829610984,3,0.06
expr:PIEZO2,expression,0.0014613411738537252,20,0.4
expr:RERGL,expression,0.0014610468409955502,5,0.1
expr:RXFP1,expression,0.00145989409647882,10,0.2
meth:TMEM26,methylation,0.001458944719550865,28,0.56
meth:REG1B,methylation,0.0014572132689257462,3,0.06
meth:LOC645752,methylation,0.0014560256386175752,4,0.08
expr:TMEM63C,expression,0.0014555805634396772,12,0.24
meth:GCNT3,methylation,0.0014551966451108456,5,0.1
expr:ABCD2,expression,0.0014526617763164853,42,0.84
expr:SORCS1,expression,0.0014507015002891421,1,0.02
expr:GJD3,expression,0.0014501283395751987,23,0.46
expr:NEO1,expression,0.0014486632885803517,19,0.38
meth:COCH,methylation,0.0014485917054116726,2,0.04
expr:BMPR1B,expression,0.001447215521087249,12,0.24
expr:STOML3,expression,0.0014468146292793175,31,0.62
expr:S100A7,expression,0.0014459184096314204,39,0.78
meth:C10orf50,methylation,0.0014443142572417855,2,0.04
expr:ZNF676,expression,0.0014441533813900921,46,0.92
expr:CNBD2,expression,0.0014431463657981819,9,0.18
meth:PEX19,methylation,0.0014427958854607173,14,0.28
expr:ZNF610,expression,0.0014393826626474039,40,0.8
expr:STC2,expression,0.001438077362254262,50,1.0
meth:VHL,methylation,0.0014347952221416766,18,0.36
meth:C15orf23,methylation,0.0014346462602798755,13,0.26
meth:CAPN11,methylation,0.0014327347744256258,2,0.04
meth:RAPGEF4,methylation,0.001431488792502111,31,0.62
expr:GSTO2,expression,0.0014307618640908382,41,0.82
expr:SPATA4,expression,0.0014305396692361682,50,1.0
expr:CFAP53,expression,0.0014282574433040012,27,0.54
expr:GPR156,expression,0.0014268917342027028,6,0.12
expr:PGR,expression,0.0014268469982495417,49,0.98
expr:SLC7A5,expression,0.0014266054063374477,31,0.62
expr:CD1C,expression,0.0014229410417928275,44,0.88
meth:BARHL1,methylation,0.0014228538299600284,15,0.3
meth:PCDHB15,methylation,0.0014227666995591587,9,0.18
expr:SOX5,expression,0.001422378067404796,39,0.78
meth:HHIPL1,methylation,0.0014193627517670392,5,0.1
meth:PAX1,methylation,0.00141913579268889,11,0.22
expr:ZFHX2,expression,0.0014183404775143698,29,0.58
meth:ARID5A,methylation,0.001417738536153646,17,0.34
expr:RDH8,expression,0.0014164024697882788,14,0.28
meth:SST,methylation,0.0014131111092865467,6,0.12
meth:CCDC105,methylation,0.0014106686083743204,13,0.26
meth:SNORA74A,methylation,0.0014093808798255243,48,0.96
meth:LOC121952,methylation,0.0014072010293602944,5,0.1
expr:TIGD4,expression,0.0014065535700259109,12,0.24
meth:CNIH2,methylation,0.0014055620865999824,36,0.72
meth:SFRS13A,methylation,0.0014049108805400984,49,0.98
expr:OR2M4,expression,0.0014023400144651532,1,0.02
expr:CAPN8,expression,0.001401658053509891,4,0.08
meth:EML6,methylation,0.0013975834954180755,32,0.64
expr:TRIQK,expression,0.0013970675376745372,13,0.26
expr:AGTR2,expression,0.0013948445208370685,5,0.1
expr:TAS2R5,expression,0.001394515484571457,40,0.8
meth:F10,methylation,0.0013936392829886504,7,0.14
meth:C17orf107,methylation,0.00139329532210372,19,0.38
expr:COL17A1,expression,0.0013932892276595037,21,0.42
meth:C7orf53,methylation,0.0013932080008089542,5,0.1
expr:CDH15,expression,0.0013930828402711388,24,0.48
expr:ACSL5,expression,0.0013921198228167163,18,0.36
expr:LEXM,expression,0.0013913203729316592,1,0.02
expr:CLEC4F,expression,0.001390325567788548,45,0.9
expr:HECTD2,expression,0.0013901546856181488,45,0.9
meth:MB,methylation,0.0013898004544898868,1,0.02
expr:UCP1,expression,0.0013894321985871477,34,0.68
expr:RESF1,expression,0.0013885376910911873,50,1.0
meth:EXOC8,methylation,0.0013877643505111337,4,0.08
meth:ACADS,methylation,0.0013864974025636911,4,0.08
expr:DUSP10,expression,0.0013829393844519342,7,0.14
meth:TBX5,methylation,0.0013800311367958783,15,0.3
expr:NUP210,expression,0.0013778949139156827,27,0.54
expr:KCNIP1,expression,0.0013776787233595945,49,0.98
meth:SLC18A1,methylation,0.001377092325128615,1,0.02
meth:SOX9,methylation,0.0013770487469931443,3,0.06
expr:METTL24,expression,0.001376552740111947,2,0.04
expr:MPDZ,expression,0.0013755099735809145,27,0.54
meth:PCDHGA2,methylation,0.001374471311767896,24,0.48
expr:PARD3B,expression,0.00137225883314386,50,1.0
meth:STX16,methylation,0.001371946622384712,8,0.16
expr:SPATA17,expression,0.0013714346201404144,19,0.38
expr:AL357556.3,expression,0.0013677998213097453,1,0.02
expr:CLGN,expression,0.0013675722810957166,9,0.18
meth:EPHA6,methylation,0.0013666829360382898,35,0.7
meth:NCOA1,methylation,0.0013664245489053428,16,0.32
expr:XCR1,expression,0.0013660178553046925,35,0.7
expr:RAB3IP,expression,0.001365662942154576,46,0.92
expr:TPSB2,expression,0.0013655023778685266,9,0.18
meth:MOGAT3,methylation,0.0013641275561832149,29,0.58
meth:ADH1A,methylation,0.0013638338423334062,5,0.1
meth:SLC25A10,methylation,0.0013636513120638062,26,0.52
meth:KALRN,methylation,0.0013633418479003013,5,0.1
meth:SNORA71C,methylation,0.001363260404172319,27,0.54
meth:DRD5,methylation,0.0013622982138446693,29,0.58
meth:BSCL2,methylation,0.0013619499281048776,20,0.4
meth:SERPINA9,methylation,0.001360742375254631,6,0.12
meth:ASB15,methylation,0.001360459356672234,9,0.18
expr:AC107871.1,expression,0.0013585408916696907,20,0.4
expr:CLIC5,expression,0.0013585398206487297,15,0.3
meth:C3orf64,methylation,0.0013580847553384956,24,0.48
expr:TNXB,expression,0.0013577047269791366,20,0.4
expr:CIB3,expression,0.0013569574730354361,48,0.96
meth:C1orf74,methylation,0.0013565196422860026,4,0.08
expr:PRTG,expression,0.0013534147896010567,27,0.54
expr:TMC3,expression,0.001352198835876253,18,0.36
expr:IFNE,expression,0.001351982937194407,16,0.32
expr:EDDM13,expression,0.0013518896403497663,29,0.58
expr:TYW1B,expression,0.0013507003074183183,17,0.34
meth:USP28,methylation,0.0013498977714334615,48,0.96
meth:MIR1228,methylation,0.0013498913031071424,1,0.02
expr:AMER3,expression,0.001348993294717123,6,0.12
expr:PLA2R1,expression,0.0013476570311468095,8,0.16
meth:NEUROG1,methylation,0.001347047561365697,18,0.36
expr:MAGEE1,expression,0.0013462583793120253,45,0.9
expr:IDO1,expression,0.0013458355097100139,1,0.02
meth:KRTAP23-1,methylation,0.0013456126131738226,6,0.12
expr:BBS1,expression,0.0013452097336994484,9,0.18
expr:AP001931.1,expression,0.0013446620569619186,34,0.68
expr:S100A12,expression,0.0013441666233120486,16,0.32
meth:ADNP2,methylation,0.0013436130053984623,12,0.24
expr:NAALADL2,expression,0.001343051405759373,24,0.48
expr:AMY2B,expression,0.0013425851683333066,29,0.58
expr:SLC16A6,expression,0.0013424576426149105,27,0.54
expr:MTARC2,expression,0.0013405740444016243,14,0.28
meth:TMEM130,methylation,0.001334407167243106,7,0.14
expr:ANK2,expression,0.0013307456392794847,2,0.04
expr:NR0B1,expression,0.0013303840532898903,3,0.06
expr:SEC16B,expression,0.0013300189360355337,3,0.06
expr:ZNF587B,expression,0.001329966385383159,25,0.5
expr:SLC25A48,expression,0.001329328864812851,3,0.06
expr:AGPAT4,expression,0.0013293004594743252,4,0.08
expr:GRAMD1C,expression,0.0013288059050682933,50,1.0
expr:ITGAL,expression,0.0013261136773508042,8,0.16
expr:OXT,expression,0.001325370860286057,1,0.02
expr:LRRC8C,expression,0.0013251142227090895,16,0.32
meth:LOC91450,methylation,0.0013240584303275682,8,0.16
meth:P704P,methylation,0.001323696575127542,4,0.08
meth:SPRED3,methylation,0.0013228998286649585,8,0.16
expr:TSPAN15,expression,0.0013225758706943856,18,0.36
expr:HOOK1,expression,0.0013215965775184725,19,0.38
expr:SUPT4H1,expression,0.0013212845143344668,9,0.18
expr:TMEM255A,expression,0.0013177301708815826,45,0.9
expr:USP53,expression,0.0013169141519548638,28,0.56
expr:CCR9,expression,0.0013165480146805446,6,0.12
meth:FREM2,methylation,0.0013160020822570438,21,0.42
expr:PTPN21,expression,0.0013159241919454775,19,0.38
expr:ADGRL4,expression,0.001315467874519527,8,0.16
meth:SLAMF6,methylation,0.0013150462368503213,25,0.5
meth:ZNF649,methylation,0.001314353197813034,9,0.18
expr:SLITRK6,expression,0.0013143301475793123,2,0.04
expr:OSR2,expression,0.001312992525830244,12,0.24
meth:MS4A12,methylation,0.0013116859644651414,50,1.0
expr:PHLDA2,expression,0.0013116774405352771,50,1.0
expr:NPIPB4,expression,0.0013114344480487964,46,0.92
expr:STEAP4,expression,0.0013110334984958172,4,0.08
expr:PANK3,expression,0.001310821635545128,9,0.18
expr:OPHN1,expression,0.0013102301810350683,18,0.36
expr:RBP4,expression,0.0013096428675843136,7,0.14
expr:AC011498.4,expression,0.001309237340156331,49,0.98
meth:PKD2L1,methylation,0.00130873013404198,13,0.26
expr:NFE2,expression,0.001307605699236904,14,0.28
meth:PBOV1,methylation,0.001306602525908281,17,0.34
meth:SYCN,methylation,0.0013059981974947732,48,0.96
expr:AC022415.2,expression,0.0013039346244609492,33,0.66
expr:SLC22A23,expression,0.0013033075956627727,4,0.08
expr:PLAAT5,expression,0.0013028096047139938,31,0.62
meth:PMEPA1,methylation,0.0013021420338191092,10,0.2
meth:FLT3,methylation,0.001299606517274329,47,0.94
meth:SNORD21,methylation,0.001299531013967517,39,0.78
expr:IRAK3,expression,0.00129884627634002,34,0.68
expr:S100A5,expression,0.001298757386393845,4,0.08
expr:RAD21L1,expression,0.0012907178606837988,2,0.04
meth:GHDC,methylation,0.0012903022579848766,27,0.54
expr:DTHD1,expression,0.0012893721199361608,40,0.8
meth:KRTAP12-4,methylation,0.0012875498505309224,2,0.04
meth:PROKR2,methylation,0.001285415724851191,4,0.08
expr:BCHE,expression,0.001283568562939763,16,0.32
meth:F2RL2,methylation,0.0012818431381934456,7,0.14
expr:ANKRD36,expression,0.001280712302435528,11,0.22
expr:USP37,expression,0.0012802928686141968,9,0.18
expr:RCN3,expression,0.0012787895706983714,13,0.26
expr:AL353588.1,expression,0.0012777182273566723,8,0.16
meth:C14orf49,methylation,0.0012774124781305834,41,0.82
expr:RHCE,expression,0.0012760514946421608,8,0.16
expr:EFCAB12,expression,0.0012752347747268884,23,0.46
expr:DNAAF1,expression,0.0012734687188640237,38,0.76
meth:OR6C2,methylation,0.0012725889682769775,9,0.18
expr:ISL1,expression,0.0012725639601492069,11,0.22
expr:B3GALT2,expression,0.001272110641002655,5,0.1
expr:GCAT,expression,0.0012717454228550196,1,0.02
expr:KLRG1,expression,0.0012716698305060465,6,0.12
expr:PER3,expression,0.0012684918229321116,19,0.38
expr:ZNF732,expression,0.0012656943872570992,2,0.04
expr:ANKRD30A,expression,0.0012626151825922232,24,0.48
expr:LAD1,expression,0.0012613461456365055,9,0.18
meth:RETNLB,methylation,0.0012596880551427603,2,0.04
meth:CTSS,methylation,0.0012596163433045149,1,0.02
expr:MIXL1,expression,0.0012584625344191278,7,0.14
expr:SPATA9,expression,0.0012574093416333199,1,0.02
expr:ITGA9,expression,0.0012572693892500617,22,0.44
meth:PTPRE,methylation,0.001255815030045567,31,0.62
expr:ABCG2,expression,0.0012553290777278187,34,0.68
expr:FAM222A,expression,0.001254673736790816,6,0.12
expr:RENBP,expression,0.0012540607480332256,40,0.8
meth:LPAR5,methylation,0.0012521946337074041,2,0.04
expr:DRICH1,expression,0.0012509033133807992,28,0.56
expr:CYP3A43,expression,0.0012483039870858192,10,0.2
expr:SLC1A6,expression,0.001247736026665994,14,0.28
expr:UTRN,expression,0.0012470619066765434,19,0.38
meth:GSC2,methylation,0.001246940189351638,6,0.12
expr:PDXP,expression,0.0012469275078425804,15,0.3
expr:MDGA1,expression,0.0012439130417381723,3,0.06
expr:ARG1,expression,0.0012414760887622834,5,0.1
expr:DPYSL5,expression,0.0012412506288715772,7,0.14
expr:KLK3,expression,0.0012408834882080555,16,0.32
meth:PCDHGB6,methylation,0.0012408222361511097,43,0.86
meth:PDZK1IP1,methylation,0.0012406238238327205,32,0.64
expr:EFHD1,expression,0.0012400737490900087,33,0.66
expr:NBEA,expression,0.0012400026510780056,27,0.54
meth:TMIE,methylation,0.001239611126948148,20,0.4
meth:SCARNA12,methylation,0.0012380288389977068,8,0.16
expr:RORC,expression,0.001238006932128753,7,0.14
expr:ZNF99,expression,0.0012376993933382134,12,0.24
expr:MYB,expression,0.0012367077792684237,30,0.6
expr:PRSS27,expression,0.0012363298524481555,30,0.6
expr:FOXJ1,expression,0.0012362505393949423,11,0.22
expr:GBP4,expression,0.001235980180447372,39,0.78
expr:OR2L13,expression,0.0012356041067202266,48,0.96
expr:PTGFR,expression,0.0012349073464671771,9,0.18
expr:MNS1,expression,0.0012320274435397652,45,0.9
expr:CHST9,expression,0.0012317762732328404,42,0.84
expr:PCDH7,expression,0.0012310032034292817,8,0.16
expr:ADAM21,expression,0.0012308017394389026,16,0.32
expr:SIGLEC15,expression,0.0012304816951250865,36,0.72
meth:LOC728819,methylation,0.0012258953813995635,7,0.14
meth:HOXD13,methylation,0.0012253982325394948,6,0.12
expr:DST,expression,0.0012244310659857897,13,0.26
meth:MCM5,methylation,0.0012224827624970312,33,0.66
expr:FAM9C,expression,0.0012212343669186037,6,0.12
expr:PPT2-EGFL8,expression,0.0012203414278866892,22,0.44
expr:MAP9,expression,0.001219292093689243,3,0.06
meth:TMEM213,methylation,0.0012189815558182697,18,0.36
expr:PRSS56,expression,0.0012170692160725595,25,0.5
meth:ZDHHC8,methylation,0.001216860767453909,10,0.2
expr:PROX1,expression,0.0012150616385042667,4,0.08
meth:CLNK,methylation,0.0012148999209914888,21,0.42
expr:NUP62CL,expression,0.0012131185177713633,25,0.5
meth:EXTL3,methylation,0.0012124765338376163,25,0.5
expr:SLC25A35,expression,0.0012114698048239446,29,0.58
expr:COL6A6,expression,0.0012103755380613384,27,0.54
meth:KC6,methylation,0.0012100891908630729,1,0.02
meth:PHOX2B,methylation,0.0012083938308933284,32,0.64
meth:CACNG4,methylation,0.0012044997517174731,24,0.48
expr:FOXA2,expression,0.0012036457192152739,10,0.2
expr:LPXN,expression,0.0012025722244288772,8,0.16
meth:ANK3,methylation,0.0012003700569039211,20,0.4
meth:NR1H4,methylation,0.0011997150722891092,3,0.06
expr:GSTM4,expression,0.0011992704495787621,50,1.0
meth:KIAA1683,methylation,0.0011984710064199236,9,0.18
expr:TRIM73,expression,0.001198277110233903,16,0.32
expr:AK7,expression,0.0011982600518967957,50,1.0
expr:C3,expression,0.0011980350439747174,21,0.42
expr:HID1,expression,0.0011978362149834124,22,0.44
expr:MAS1,expression,0.001197227044031024,5,0.1
expr:ZNF681,expression,0.0011946137861481734,28,0.56
expr:MACIR,expression,0.0011937381544460852,6,0.12
expr:LGALS7B,expression,0.0011936347647052673,9,0.18
expr:PYGO1,expression,0.0011934633366763592,29,0.58
meth:SPAM1,methylation,0.0011923562735319138,5,0.1
expr:FGF19,expression,0.0011923063173890113,50,1.0
expr:SYTL4,expression,0.0011917735197736572,48,0.96
expr:TAS2R4,expression,0.0011914812535646238,28,0.56
expr:ERBB4,expression,0.0011911981656543948,49,0.98
expr:SELE,expression,0.0011909338645637035,37,0.74
expr:ZNF728,expression,0.001190110296010971,25,0.5
expr:FAM102B,expression,0.0011893963879522156,17,0.34
expr:ARX,expression,0.0011884162668138742,4,0.08
meth:RBM24,methylation,0.0011877627025279117,47,0.94
meth:PPARG,methylation,0.0011866379322277175,18,0.36
expr:CCDC30,expression,0.0011863279593826244,33,0.66
expr:RNF207,expression,0.0011856353376060724,6,0.12
meth:CST7,methylation,0.0011854610956189308,22,0.44
expr:MYRIP,expression,0.001184706417162244,41,0.82
expr:KRT19,expression,0.0011844553894573642,31,0.62
expr:SLAIN1,expression,0.0011840799741227837,34,0.68
expr:C2CD4D,expression,0.001183870481327176,6,0.12
expr:PDCD4,expression,0.00118191106267492,49,0.98
expr:LONRF2,expression,0.001181826072109,41,0.82
expr:PRRT1,expression,0.0011811391916126013,15,0.3
meth:CTRB2,methylation,0.0011798228370025754,2,0.04
expr:MGAT4A,expression,0.001179230826285978,3,0.06
expr:PPP1R1C,expression,0.001178561826236546,2,0.04
expr:DHFR,expression,0.0011762354988604784,4,0.08
meth:C11orf16,methylation,0.0011761870506840448,24,0.48
meth:SYT1,methylation,0.0011756442370824515,20,0.4
meth:ATP6V0D2,methylation,0.00117529443830151,37,0.74
meth:MIR455,methylation,0.0011743226476634541,30,0.6
expr:AHR,expression,0.0011742987437173725,5,0.1
expr:FZD4,expression,0.0011742044744702676,30,0.6
expr:TTC39C,expression,0.0011717880978573893,43,0.86
expr:RHOB,expression,0.0011706900633206324,28,0.56
expr:CHL1,expression,0.001170115043350961,32,0.64
meth:STK19,methylation,0.00116961150938137,22,0.44
expr:CCL20,expression,0.001169129303889349,16,0.32
meth:ZNF415,methylation,0.001168741092372399,26,0.52
expr:CCDC117,expression,0.0011677866005488941,31,0.62
meth:UPP1,methylation,0.0011674643804629643,12,0.24
meth:LOC285375,methylation,0.0011664124098248207,13,0.26
meth:TMEM150B,methylation,0.0011659730225801468,7,0.14
expr:SLC25A29,expression,0.0011638477852102369,20,0.4
expr:ASTL,expression,0.0011635899155711135,15,0.3
expr:PDZD9,expression,0.0011634056456387043,10,0.2
meth:CST9L,methylation,0.0011623468436300754,25,0.5
meth:RBP2,methylation,0.0011623017066581683,44,0.88
expr:TEX52,expression,0.0011621463345363736,4,0.08
expr:PRR15,expression,0.0011609802798678477,27,0.54
expr:CHRDL1,expression,0.001158232451416552,2,0.04
meth:FUT11,methylation,0.0011581668945690317,31,0.62
expr:H2AC20,expression,0.0011572465965790407,14,0.28
expr:SLC51B,expression,0.001156342469833114,11,0.22
expr:TBX2,expression,0.0011539970291778445,1,0.02
expr:FRS2,expression,0.0011530912648279059,46,0.92
expr:RAB27B,expression,0.00115237403444426,43,0.86
meth:FBRSL1,methylation,0.0011502713896334171,2,0.04
expr:VEGFD,expression,0.0011495682928297254,9,0.18
expr:ECI2,expression,0.0011465566025839911,18,0.36
expr:AOX1,expression,0.0011438916437327862,5,0.1
meth:HECW2,methylation,0.0011437038192525506,4,0.08
meth:ZNF107,methylation,0.0011415649768746188,31,0.62
meth:BCL2L10,methylation,0.0011409081052988768,2,0.04
expr:CCKBR,expression,0.0011393183376640081,2,0.04
meth:SUGT1L1,methylation,0.001138373122860988,3,0.06
expr:NBL1,expression,0.0011383461533114314,4,0.08
expr:CITED2,expression,0.0011376339631776016,3,0.06
meth:LHX5,methylation,0.001137560897041112,10,0.2
expr:MAOA,expression,0.0011374764726497233,25,0.5
meth:VEGFC,methylation,0.0011366944826607193,35,0.7
meth:TCF20,methylation,0.0011365013003038864,6,0.12
expr:ZNF814,expression,0.0011353663285262883,20,0.4
meth:GNAI1,methylation,0.0011350701097398996,1,0.02
expr:STAT4,expression,0.0011344438898959197,32,0.64
expr:HOXB1,expression,0.0011327933971188031,16,0.32
meth:C5orf39,methylation,0.0011319455322033416,6,0.12
meth:SLC14A1,methylation,0.0011308422434099373,21,0.42
expr:HES7,expression,0.0011306750820949674,2,0.04
meth:HPCAL4,methylation,0.0011296790326014161,4,0.08
meth:TGM3,methylation,0.0011291098780930042,5,0.1
expr:NPIPB9,expression,0.0011282956693321466,12,0.24
meth:EPS8L1,methylation,0.001127995065568636,12,0.24
expr:HHIP,expression,0.0011260454009128053,41,0.82
expr:TOGARAM1,expression,0.0011256838188273832,4,0.08
expr:MT-ATP6,expression,0.0011253874169932189,19,0.38
expr:COX8C,expression,0.0011252588481597957,21,0.42
expr:RALGPS2,expression,0.0011250839589218445,17,0.34
meth:LRRC26,methylation,0.0011232082444407483,17,0.34
expr:ARHGAP22,expression,0.0011231910592565933,30,0.6
meth:TRIM36,methylation,0.0011224173582517183,13,0.26
expr:NXPH4,expression,0.0011222989996895194,27,0.54
expr:CCDC152,expression,0.0011215760023333132,44,0.88
meth:EPM2AIP1,methylation,0.001120646515240272,15,0.3
expr:ATP8B1,expression,0.001119687226600945,25,0.5
meth:LOC100270710,methylation,0.0011195498518645763,2,0.04
expr:NRK,expression,0.0011194465681910516,20,0.4
meth:FAM38B,methylation,0.0011187677960248386,47,0.94
expr:ZIC2,expression,0.0011169982317369431,8,0.16
expr:ACTL8,expression,0.0011152036939798247,23,0.46
expr:ACADSB,expression,0.001113668546390634,49,0.98
expr:ASPHD1,expression,0.001108410691226562,31,0.62
expr:INCA1,expression,0.0011068731546401978,5,0.1
meth:LRRN4CL,methylation,0.001106804675039123,17,0.34
expr:SERPINA12,expression,0.0011056176153942943,1,0.02
expr:APBA2,expression,0.0011048401693666452,19,0.38
expr:ZMYND10,expression,0.0011043338818126358,32,0.64
expr:NSG1,expression,0.00110425369348377,8,0.16
meth:C12orf77,methylation,0.0011034129684875634,44,0.88
expr:MALRD1,expression,0.0011031375033780932,4,0.08
meth:TM4SF19,methylation,0.001102966771993254,21,0.42
meth:LUZP1,methylation,0.0011022799834609033,25,0.5
expr:PLEKHA6,expression,0.0011013571163449361,49,0.98
expr:MYOG,expression,0.0011012591421604156,15,0.3
expr:STARD5,expression,0.0011009393659021174,21,0.42
meth:HCK,methylation,0.0011004049512040284,9,0.18
expr:ZNF577,expression,0.0010998008718238548,47,0.94
meth:PRAP1,methylation,0.001098998705856502,33,0.66
expr:ARR3,expression,0.0010989076791979048,23,0.46
expr:KRTAP5-9,expression,0.0010984212858602405,28,0.56
expr:FAM174B,expression,0.0010980266379192472,1,0.02
expr:DOC2B,expression,0.0010966806585201994,48,0.96
meth:PCDHGA3,methylation,0.0010961906352479542,14,0.28
expr:RIPK3,expression,0.00109533768693876,46,0.92
meth:RIPK3,methylation,0.0010945176831088387,26,0.52
expr:OPN1SW,expression,0.001091938465833664,5,0.1
meth:GCKR,methylation,0.0010913698187442092,23,0.46
expr:SLC40A1,expression,0.0010910920854610372,49,0.98
meth:RAD51C,methylation,0.001088263961719349,32,0.64
meth:FBXL7,methylation,0.0010872104903683066,4,0.08
expr:DUSP6,expression,0.0010853983694687486,4,0.08
expr:CYP4A11,expression,0.0010849468791010704,22,0.44
meth:KISS1R,methylation,0.0010845914095019302,30,0.6
meth:BHLHE41,methylation,0.0010819566022190782,9,0.18
expr:EHHADH,expression,0.0010814580268093518,7,0.14
meth:PDILT,methylation,0.0010808178218254863,43,0.86
expr:ZNF705E,expression,0.0010805313009768724,15,0.3
expr:C20orf96,expression,0.0010804865641358236,26,0.52
expr:RASAL1,expression,0.0010798655760784943,12,0.24
expr:PATJ,expression,0.0010785702962075939,37,0.74
expr:TRARG1,expression,0.001077998150140047,5,0.1
expr:MYCL,expression,0.0010778331585849326,6,0.12
expr:FYB2,expression,0.0010735514745312301,19,0.38
expr:TMPRSS12,expression,0.0010734267998486757,4,0.08
expr:ZNF441,expression,0.0010731726446572471,17,0.34
meth:P2RY12,methylation,0.0010724921968565987,35,0.7
expr:SYT5,expression,0.0010724218251804511,9,0.18
expr:EIF4EBP1,expression,0.0010706585346032743,46,0.92
expr:UGCG,expression,0.001070147603560163,49,0.98
expr:UTS2B,expression,0.0010686745420874406,24,0.48
meth:MAB21L1,methylation,0.0010685321958994287,45,0.9
expr:STK39,expression,0.0010676439172433068,24,0.48
expr:ABCA8,expression,0.0010657904722393141,48,0.96
expr:DNAAF4,expression,0.0010657348237665637,42,0.84
meth:C14orf182,methylation,0.0010651138960383832,5,0.1
expr:UBE2S,expression,0.0010650286502722236,18,0.36
meth:PCDHA2,methylation,0.0010629228358580308,11,0.22
meth:CCNI2,methylation,0.001062542200088501,2,0.04
expr:LDHAL6B,expression,0.001062422408722341,2,0.04
meth:MIR130B,methylation,0.0010621125776586787,28,0.56
expr:TRMT9B,expression,0.001061569703252692,19,0.38
meth:C1orf92,methylation,0.001060868054628372,5,0.1
expr:CFAP46,expression,0.001058511921049406,36,0.72
expr:BTN3A3,expression,0.001055691362125799,16,0.32
meth:NXNL2,methylation,0.0010554643347859382,10,0.2
meth:NANOS1,methylation,0.00105426448308641,21,0.42
meth:IL31RA,methylation,0.0010536863002926112,40,0.8
expr:KLK4,expression,0.0010536584976272513,13,0.26
meth:OR5R1,methylation,0.0010532336309552193,9,0.18
meth:MIR365-1,methylation,0.001052794088092115,45,0.9
meth:SBK2,methylation,0.0010520314463065006,16,0.32
expr:PIH1D2,expression,0.0010516923979263413,11,0.22
expr:GPAT3,expression,0.0010515964240767062,16,0.32
expr:ZNF737,expression,0.0010514970247944195,9,0.18
meth:HAPLN3,methylation,0.001051075587218458,11,0.22
meth:BZW1L1,methylation,0.0010489746584260668,44,0.88
expr:IGF1R,expression,0.0010479456197688395,47,0.94
expr:ACER2,expression,0.0010475237005656318,7,0.14
expr:RNF169,expression,0.0010467898100614548,11,0.22
expr:CBWD5,expression,0.0010460657313593575,21,0.42
meth:TSHZ2,methylation,0.0010447679087519646,5,0.1
meth:FAM12B,methylation,0.0010447124605653462,27,0.54
expr:ESR1,expression,0.0010440526124771818,14,0.28
meth:ST8SIA6,methylation,0.001044017542153597,5,0.1
expr:TEX55,expression,0.0010431726378473368,22,0.44
expr:TSSK3,expression,0.0010426079850156767,19,0.38
meth:AVPR1B,methylation,0.001042139700389114,29,0.58
meth:SERPINB9,methylation,0.0010386181708711844,13,0.26
expr:AC005833.1,expression,0.0010368702754091758,13,0.26
meth:PRAME,methylation,0.0010353965529551108,15,0.3
meth:SMOC2,methylation,0.00103533251240151,16,0.32
expr:GLA,expression,0.0010352963581681252,6,0.12
expr:LRATD2,expression,0.0010352782820436087,22,0.44
meth:ANTXR1,methylation,0.0010343671758444263,26,0.52
expr:EFCAB8,expression,0.0010320120491087437,10,0.2
meth:KCNA5,methylation,0.0010310491521118416,9,0.18
expr:MYOM3,expression,0.0010277555592245226,33,0.66
meth:PVRL3,methylation,0.0010274525702698156,16,0.32
expr:N4BP2L1,expression,0.0010273334171090806,49,0.98
expr:PAPLN,expression,0.0010269756284764125,42,0.84
expr:ASMT,expression,0.0010266295867040753,11,0.22
expr:GPM6A,expression,0.001026366278529167,50,1.0
meth:WTIP,methylation,0.0010263623456315447,24,0.48
expr:ABCG4,expression,0.0010253684207176168,9,0.18
meth:CSPP1,methylation,0.0010247768550470937,28,0.56
expr:APOD,expression,0.0010228162329341914,37,0.74
meth:TAS2R1,methylation,0.0010226608719676733,6,0.12
meth:LOC148709,methylation,0.0010225241914248238,26,0.52
expr:BEX1,expression,0.0010224365706865987,30,0.6
meth:C9orf98,methylation,0.0010219135632117589,6,0.12
expr:HPN,expression,0.0010218390221284194,11,0.22
meth:CD9,methylation,0.001021834823768586,15,0.3
meth:CASP10,methylation,0.0010202476246790452,11,0.22
meth:FADD,methylation,0.001019808209755204,33,0.66
meth:DNLZ,methylation,0.0010194936274694135,26,0.52
meth:BZRAP1,methylation,0.001015911189218362,9,0.18
expr:HMGB3,expression,0.0010156896522468223,7,0.14
expr:PIK3R1,expression,0.0010146673816694494,34,0.68
expr:GRIA3,expression,0.0010145579775174458,3,0.06
expr:ITGA10,expression,0.0010142342115824039,13,0.26
expr:SH3GL3,expression,0.0010136917047202587,25,0.5
expr:FBXO15,expression,0.0010119952261447907,20,0.4
expr:ETNPPL,expression,0.0010099206119775772,11,0.22
meth:ASAH2B,methylation,0.0010096463111920221,31,0.62
meth:PRO0611,methylation,0.0010095646604895592,5,0.1
expr:RAB19,expression,0.0010086094206642536,21,0.42
expr:SCARA5,expression,0.0010072117826590936,3,0.06
expr:CELSR1,expression,0.001005218403103451,18,0.36
expr:FAM110B,expression,0.0010028015716340053,22,0.44
meth:STMN4,methylation,0.0010024580600050588,12,0.24
meth:NNT,methylation,0.0010024486711534503,44,0.88
expr:NLRC3,expression,0.0010013626888394356,8,0.16
meth:SLC6A7,methylation,0.001001297809685079,13,0.26
meth:EMP3,methylation,0.0010008359987599155,30,0.6
expr:FCER1A,expression,0.00100059295738382,35,0.7
expr:LRGUK,expression,0.0009998220722286068,49,0.98
meth:SNORD59B,methylation,0.0009994480695406144,11,0.22
meth:NPY1R,methylation,0.000999022884934675,40,0.8
expr:RGPD8,expression,0.0009977591567133601,19,0.38
meth:MIRLET7A3,methylation,0.000997485825791955,4,0.08
expr:TYRP1,expression,0.0009974539279937744,1,0.02
meth:SEC16B,methylation,0.0009971802843914879,31,0.62
meth:WNT7A,methylation,0.000994996951582531,30,0.6
expr:TOMM20L,expression,0.0009946771868271753,30,0.6
expr:PDE9A,expression,0.0009944898076355458,5,0.1
expr:RIBC1,expression,0.000990525165217973,42,0.84
meth:SCUBE2,methylation,0.000990317773539573,40,0.8
expr:TXNDC2,expression,0.000989910169866764,18,0.36
meth:CCL1,methylation,0.000987824285402894,2,0.04
expr:SAMD9L,expression,0.000987726729363203,4,0.08
meth:HTR3B,methylation,0.0009874094636567559,36,0.72
meth:DCAF4L1,methylation,0.0009873079139769317,31,0.62
expr:OMD,expression,0.0009858571214690095,21,0.42
expr:TESPA1,expression,0.0009840370621532202,28,0.56
expr:SYNDIG1L,expression,0.0009836968965828419,5,0.1
meth:LOC285735,methylation,0.0009832597337663175,5,0.1
expr:NDUFA4L2,expression,0.0009823333530221134,24,0.48
meth:SNED1,methylation,0.000982025750160504,13,0.26
expr:CASQ2,expression,0.0009819237113168294,22,0.44
meth:SVEP1,methylation,0.0009817321385656083,7,0.14
expr:BLMH,expression,0.0009813751094043255,17,0.34
meth:GLIS3,methylation,0.000980547908693552,5,0.1
meth:RSAD1,methylation,0.0009802229968564852,21,0.42
expr:TMEM164,expression,0.0009794223826760666,39,0.78
expr:CDK5R2,expression,0.0009786486135501611,19,0.38
expr:STX11,expression,0.0009778237846844336,17,0.34
expr:CACNA1F,expression,0.000976870395243168,20,0.4
expr:ECRG4,expression,0.000976784472974638,15,0.3
expr:ABCB5,expression,0.0009727714350447059,6,0.12
expr:ZNF396,expression,0.0009711957583203912,50,1.0
expr:LHX6,expression,0.0009702351875603199,10,0.2
expr:DPYD,expression,0.0009677570520175828,36,0.72
expr:OSBPL1A,expression,0.0009674316388554871,47,0.94
expr:DNMBP,expression,0.000967189482859491,24,0.48
expr:NR3C1,expression,0.0009664096869528294,13,0.26
meth:FEZF2,methylation,0.0009660911322994666,22,0.44
meth:BLMH,methylation,0.0009657704082201235,40,0.8
expr:LURAP1L,expression,0.0009649985270308597,35,0.7
meth:FUZ,methylation,0.0009601406658475753,40,0.8
meth:ISPD,methylation,0.0009601056974913393,7,0.14
expr:SYT9,expression,0.0009593850001692772,5,0.1
expr:ENTPD5,expression,0.000959043565671891,4,0.08
meth:MIR1276,methylation,0.0009569646790623665,28,0.56
expr:ZNF671,expression,0.0009563441077868143,3,0.06
meth:CELSR2,methylation,0.000955794272678239,7,0.14
expr:ZNF853,expression,0.0009542266647754745,33,0.66
meth:NCRNA00161,methylation,0.0009541233793195141,38,0.76
expr:CADM2,expression,0.0009538457146845758,50,1.0
meth:C14orf37,methylation,0.0009532629822691282,18,0.36
meth:PTGER2,methylation,0.0009530520183034241,4,0.08
meth:LPPR5,methylation,0.0009521845728158951,15,0.3
meth:ZFR,methylation,0.0009513286730417839,13,0.26
expr:ULK2,expression,0.000950246982808624,7,0.14
expr:AASS,expression,0.0009500579826635658,48,0.96
expr:C19orf81,expression,0.0009498124127276242,8,0.16
meth:NCRNA00052,methylation,0.0009497309103608132,5,0.1
meth:ADCYAP1R1,methylation,0.0009494539459838587,17,0.34
meth:ADAMDEC1,methylation,0.0009480918898978936,28,0.56
expr:ERVW-1,expression,0.0009441790947069725,9,0.18
expr:COL15A1,expression,0.0009431315637711021,18,0.36
expr:PPP2R2B,expression,0.0009422536240890622,4,0.08
expr:TAS2R46,expression,0.0009411765883366267,3,0.06
expr:BLNK,expression,0.00094090159259865,29,0.58
expr:ERICH2,expression,0.0009402529407948764,11,0.22
meth:FADS6,methylation,0.0009393051266670227,5,0.1
expr:SH3BP5,expression,0.0009389959780188898,30,0.6
expr:RAB3C,expression,0.0009378463817903629,26,0.52
expr:TC2N,expression,0.000937753589823842,3,0.06
expr:LRRN1,expression,0.0009377051383347773,41,0.82
meth:CHRNA4,methylation,0.0009376597008667886,8,0.16
expr:EMB,expression,0.0009350763284601271,4,0.08
meth:PRTG,methylation,0.0009349034905123214,39,0.78
expr:THTPA,expression,0.0009343825014574188,7,0.14
expr:FITM1,expression,0.0009342405412878309,7,0.14
expr:ADM,expression,0.0009335571710525596,47,0.94
meth:SNORD117,methylation,0.0009334445411867991,37,0.74
expr:KRT18,expression,0.0009328351275493893,26,0.52
expr:SCN10A,expression,0.0009322944679297507,4,0.08
meth:KRT39,methylation,0.0009316590507156574,13,0.26
expr:CCDC136,expression,0.0009316501207649707,5,0.1
expr:CTNND2,expression,0.0009312698384746909,10,0.2
expr:BCAR3,expression,0.0009310182524911527,28,0.56
meth:DUSP27,methylation,0.000930399916666959,21,0.42
expr:NIPSNAP3B,expression,0.0009277450541655222,3,0.06
meth:MIR2117,methylation,0.0009273788374331263,9,0.18
expr:MMP1,expression,0.0009273452409875713,28,0.56
expr:TAS2R3,expression,0.0009271169081330299,5,0.1
expr:UBXN10,expression,0.0009253194245199362,6,0.12
meth:LOC554202,methylation,0.0009234985336661339,5,0.1
meth:HPDL,methylation,0.0009231130696005292,9,0.18
expr:SMR3A,expression,0.0009224767091910582,37,0.74
meth:MIR489,methylation,0.0009222819809676022,37,0.74
expr:AC119674.2,expression,0.000922230604811813,27,0.54
expr:TBX3,expression,0.0009209515216449896,42,0.84
expr:ADAMTS7,expression,0.0009199167136102915,10,0.2
expr:NME5,expression,0.000918705043861539,36,0.72
meth:PCDHGA8,methylation,0.0009178434136427111,9,0.18
expr:PLN,expression,0.0009158566826954484,4,0.08
expr:ARHGAP8,expression,0.0009153231357534726,45,0.9
expr:SGK2,expression,0.0009141643319956281,11,0.22
expr:ETFB,expression,0.0009113807464018464,8,0.16
meth:TMEM229A,methylation,0.0009107663878239691,40,0.8
expr:UNC45B,expression,0.0009096319942424694,3,0.06
meth:TRDMT1,methylation,0.0009086898535315413,12,0.24
expr:A2ML1,expression,0.0009086284659464251,44,0.88
meth:C6orf58,methylation,0.0009085502436695,3,0.06
expr:ALG10B,expression,0.0009076148876788052,44,0.88
meth:IRF4,methylation,0.0009074399176125343,13,0.26
expr:ANO1,expression,0.0009073754229272405,45,0.9
expr:ZNF410,expression,0.0009072569577256217,40,0.8
expr:KRT37,expression,0.0009071426730687646,33,0.66
meth:RIMS4,methylation,0.0009063211424897114,6,0.12
meth:LCE2A,methylation,0.0009062723838724196,6,0.12
meth:EHD2,methylation,0.0009051232527081783,13,0.26
expr:C5AR2,expression,0.0009024391292768996,48,0.96
meth:AKNA,methylation,0.0009014673913562936,14,0.28
meth:LOC84740,methylation,0.0009008557652123272,15,0.3
expr:RGS22,expression,0.000900426139945493,17,0.34
expr:SELP,expression,0.0009002969623543322,50,1.0
meth:CMTM3,methylation,0.0008999198246535591,44,0.88
meth:PRDM6,methylation,0.0008991970680654049,2,0.04
meth:C11orf41,methylation,0.0008965307924275596,15,0.3
expr:GVQW3,expression,0.0008964259126831008,23,0.46
expr:PIM2,expression,0.0008956322562880814,4,0.08
meth:MIR1280,methylation,0.0008948067552410066,8,0.16
meth:PDE8B,methylation,0.0008938072249293327,10,0.2
expr:DDAH1,expression,0.0008912457722342677,36,0.72
meth:CST3,methylation,0.0008901233784854412,5,0.1
expr:LRIT3,expression,0.0008897135137683816,9,0.18
expr:MKRN2OS,expression,0.0008893029764294625,5,0.1
expr:TXLNB,expression,0.0008890575239396034,48,0.96
expr:NR2C2,expression,0.0008864145082257249,17,0.34
expr:ASXL3,expression,0.0008862437214702367,20,0.4
expr:ST8SIA6,expression,0.000886108919075923,32,0.64
expr:ELOA2,expression,0.0008860568515956402,10,0.2
expr:ADGRV1,expression,0.0008859640511218458,32,0.64
expr:CD69,expression,0.0008849853383643287,35,0.7
expr:TRPC5OS,expression,0.0008849458123046545,31,0.62
expr:GBP7,expression,0.000884817602733771,24,0.48
expr:EFCAB6,expression,0.0008842301968899039,9,0.18
expr:KCNK15,expression,0.0008827936399029568,28,0.56
expr:LEKR1,expression,0.0008827658991018931,3,0.06
expr:INTU,expression,0.0008820198603313078,11,0.22
meth:JAZF1,methylation,0.0008795388857834041,4,0.08
meth:SH2B2,methylation,0.0008792280219495297,10,0.2
expr:SLC9C2,expression,0.0008786301128566265,10,0.2
meth:TDRD1,methylation,0.0008775324231999762,17,0.34
meth:LRRC37B,methylation,0.000877509771201473,13,0.26
expr:TSPOAP1,expression,0.0008771018963307142,25,0.5
expr:CMYA5,expression,0.0008769261564694992,46,0.92
meth:CDH2,methylation,0.000874302078348895,12,0.24
expr:TPO,expression,0.0008742359350435436,4,0.08
meth:TRPM8,methylation,0.0008739993209019303,4,0.08
expr:MED12L,expression,0.0008733967930311337,40,0.8
expr:SAMD12,expression,0.0008725132641342024,46,0.92
meth:ZNF750,methylation,0.0008719137404114008,3,0.06
expr:CCDC110,expression,0.0008707642555236816,2,0.04
expr:SOX11,expression,0.0008699866011738777,32,0.64
meth:MALL,methylation,0.0008668637419759762,6,0.12
expr:NPIPB3,expression,0.0008664157633718691,38,0.76
expr:LGI1,expression,0.0008650274100178417,47,0.94
meth:GLYCAM1,methylation,0.0008648352464661002,5,0.1
meth:MIR30E,methylation,0.0008642257396232984,46,0.92
expr:RFX3,expression,0.0008614598350091414,44,0.88
meth:PDLIM3,methylation,0.0008610558791340075,44,0.88
expr:CPEB3,expression,0.0008609995872167678,29,0.58
expr:PLCD3,expression,0.0008596110985510879,9,0.18
expr:SIGLEC6,expression,0.0008583810822283094,37,0.74
expr:LRRC49,expression,0.0008580095189459183,34,0.68
expr:HOXD12,expression,0.0008578484412282705,16,0.32
expr:IQGAP2,expression,0.0008568129879200743,42,0.84
expr:RBM14-RBM4,expression,0.0008562073011749557,14,0.28
expr:IFIT5,expression,0.0008560218615457415,5,0.1
meth:SOX7,methylation,0.0008559715934097767,18,0.36
meth:SLC22A25,methylation,0.0008541670344446017,23,0.46
meth:FAM124B,methylation,0.0008537883188055698,43,0.86
expr:DEGS2,expression,0.0008521549752913415,1,0.02
meth:S100A13,methylation,0.0008519222028553486,7,0.14
expr:SEMA3G,expression,0.0008512969527925764,14,0.28
expr:GJA1,expression,0.0008512875530868769,20,0.4
meth:EXPH5,methylation,0.0008503862135555773,21,0.42
meth:C1orf52,methylation,0.0008500704342233283,14,0.28
expr:ATP7B,expression,0.0008468541455818568,41,0.82
meth:PCDHGA7,methylation,0.00084573810454458,11,0.22
expr:CD8B2,expression,0.000845541263482085,27,0.54
expr:MYCN,expression,0.0008444806847434777,13,0.26
expr:GRIK3,expression,0.0008442755185699623,14,0.28
expr:PDZK1,expression,0.0008418200666912728,45,0.9
meth:SPINK5L3,methylation,0.0008412722912099626,45,0.9
expr:NEDD4L,expression,0.0008408780364940563,6,0.12
meth:BAI3,methylation,0.0008408047103633483,15,0.3
expr:TUBA3C,expression,0.0008399675134569407,18,0.36
meth:CARD9,methylation,0.0008396242059663766,45,0.9
expr:ARRDC3,expression,0.0008382207597605884,8,0.16
meth:CPA6,methylation,0.0008377240598707905,46,0.92
expr:MTHFD1L,expression,0.0008376542470311202,48,0.96
meth:LRRC34,methylation,0.0008373450149189342,11,0.22
expr:KIR3DL2,expression,0.0008371816948056221,2,0.04
expr:RNASE4,expression,0.0008357943382900979,29,0.58
expr:SLC12A3,expression,0.0008354438088682233,49,0.98
expr:ITGA2,expression,0.0008344086578290444,40,0.8
meth:HDGFRP3,methylation,0.0008331879913850232,43,0.86
expr:CHRNA6,expression,0.0008330539215442746,43,0.86
expr:LRRC17,expression,0.0008321912386096441,13,0.26
expr:TPBG,expression,0.0008313208163599484,8,0.16
expr:CAP2,expression,0.000831219678123792,48,0.96
expr:GSTP1,expression,0.000830651345578107,11,0.22
meth:C7orf20,methylation,0.0008293164893984795,10,0.2
expr:CCDC38,expression,0.000827422912497523,29,0.58
expr:CROT,expression,0.0008265048000612297,50,1.0
expr:PPFIA1,expression,0.0008258776759485836,23,0.46
meth:KIAA0195,methylation,0.0008254144340753555,20,0.4
expr:STAG1,expression,0.0008252165280282497,14,0.28
expr:SYBU,expression,0.0008247292324718412,46,0.92
meth:DYSF,methylation,0.0008240590492884318,18,0.36
expr:KCTD6,expression,0.000823929478132794,43,0.86
expr:LRRC70,expression,0.0008238117986669143,30,0.6
expr:CAVIN3,expression,0.0008223692453207655,18,0.36
meth:CTPS,methylation,0.0008218255429205277,36,0.72
expr:FOXI2,expression,0.0008215262496378273,32,0.64
meth:SNORD5,methylation,0.0008209030881213645,36,0.72
meth:RNF133,methylation,0.0008201723883394152,50,1.0
expr:ASB2,expression,0.0008197165178981694,11,0.22
meth:OR1F1,methylation,0.0008193245079989235,15,0.3
meth:PVR,methylation,0.0008189039460072914,6,0.12
meth:PDYN,methylation,0.0008188571082428098,2,0.04
expr:DNAAF6,expression,0.0008162849582731724,10,0.2
expr:C17orf97,expression,0.0008157205069437623,30,0.6
expr:NSUN7,expression,0.0008144395965659483,22,0.44
expr:SCN4A,expression,0.0008137891089300747,23,0.46
meth:HDHD3,methylation,0.0008125431835651397,15,0.3
expr:ANGPTL1,expression,0.0008121912988523643,15,0.3
expr:SPARCL1,expression,0.0008121649193209271,43,0.86
expr:MED1,expression,0.0008119906256483359,11,0.22
expr:TET1,expression,0.0008117956264565388,3,0.06
expr:UGT3A2,expression,0.0008109904063696212,22,0.44
meth:TRPM1,methylation,0.0008100671799514781,44,0.88
meth:HSD17B2,methylation,0.0008099247546245655,3,0.06
meth:BMPER,methylation,0.0008095817821514276,18,0.36
expr:ASZ1,expression,0.0008080322295427322,25,0.5
expr:PLAC8,expression,0.0008079974353313446,25,0.5
meth:ADCY1,methylation,0.0008076285594142973,4,0.08
meth:ZNF300,methylation,0.0008073344943113625,8,0.16
expr:CD1D,expression,0.0008060841355472803,3,0.06
meth:MIR548Q,methylation,0.0008060638460197619,28,0.56
expr:SLC1A4,expression,0.0008056744052885974,49,0.98
meth:OR4E2,methylation,0.0008053230779731404,46,0.92
expr:MAGEB17,expression,0.0008043527880700578,41,0.82
meth:GLP1R,methylation,0.0008028808515518904,3,0.06
meth:GRIN2C,methylation,0.0008020016054312388,9,0.18
expr:SELENOP,expression,0.0008010725858946179,43,0.86
expr:ATP1A2,expression,0.0008006889003571932,46,0.92
meth:SPINK9,methylation,0.0008004625560715795,16,0.32
meth:GRIN2B,methylation,0.0007997994812635275,13,0.26
expr:PRAC2,expression,0.0007994993904824642,34,0.68
meth:SNORD73A,methylation,0.0007986004718325355,33,0.66
meth:NOL3,methylation,0.0007980624879045146,35,0.7
expr:TMEM170B,expression,0.0007978119672491,13,0.26
expr:MYO15B,expression,0.0007976425494516975,29,0.58
expr:MRTFB,expression,0.0007971680102248986,15,0.3
expr:P2RY14,expression,0.0007967090208989543,37,0.74
expr:C8orf37,expression,0.0007953123018449666,49,0.98
meth:TMEM220,methylation,0.0007941928128466794,19,0.38
expr:BTN3A1,expression,0.0007928847044240683,4,0.08
expr:MS4A7,expression,0.000792019596487722,34,0.68
meth:KIAA0495,methylation,0.0007915974234823476,11,0.22
expr:VPS13C,expression,0.0007895464422526183,27,0.54
expr:MEF2A,expression,0.0007893453786472002,13,0.26
meth:SCGB3A1,methylation,0.0007887980900704861,5,0.1
meth:CD44,methylation,0.0007876267579073707,24,0.48
meth:PDZK1,methylation,0.0007873158234253745,34,0.68
expr:ARHGEF6,expression,0.0007856580412679134,47,0.94
meth:C3orf66,methylation,0.0007841605382661025,15,0.3
meth:PNLDC1,methylation,0.0007832202310156492,18,0.36
expr:CELA1,expression,0.0007813099771738052,20,0.4
meth:FBP1,methylation,0.0007812996769732819,41,0.82
expr:KCNQ2,expression,0.0007805047789588571,24,0.48
expr:ADRB2,expression,0.0007798687710116307,15,0.3
expr:SORBS1,expression,0.0007798657611464009,33,0.66
expr:TACC1,expression,0.0007794104243183266,23,0.46
meth:SNORD111B,methylation,0.0007779113416883932,46,0.92
expr:EFCAB2,expression,0.0007757498699772571,42,0.84
expr:APOA1,expression,0.0007749781520529227,11,0.22
expr:PLEKHD1,expression,0.0007742664311081171,33,0.66
expr:C12orf42,expression,0.0007715043417798976,9,0.18
expr:SPIN4,expression,0.0007706869510002434,2,0.04
meth:SEMA6B,methylation,0.00077003282494843,15,0.3
meth:SLURP1,methylation,0.0007698604437921729,7,0.14
meth:NPSR1,methylation,0.0007684599401486316,49,0.98
meth:GSTM2,methylation,0.0007677756321544831,26,0.52
meth:SNORA40,methylation,0.000767090639923341,26,0.52
expr:AMPH,expression,0.0007634334341513322,34,0.68
meth:C15orf50,methylation,0.0007624789141118526,49,0.98
expr:CKMT2,expression,0.0007624401177670206,31,0.62
expr:KCNA1,expression,0.0007624107069875064,19,0.38
expr:LRRC63,expression,0.0007619856235881647,3,0.06
meth:MIR338,methylation,0.000761600322616489,23,0.46
expr:GPR27,expression,0.0007609011871474129,49,0.98
meth:ASRGL1,methylation,0.0007590798049932346,8,0.16
expr:DDX47,expression,0.0007588855538366211,37,0.74
meth:TLL2,methylation,0.0007587414002045989,12,0.24
expr:CCDC160,expression,0.0007585557177662849,11,0.22
expr:TLR3,expression,0.0007574618211947381,16,0.32
meth:SERPINA3,methylation,0.0007559401565231383,8,0.16
expr:SLC16A3,expression,0.0007556158507584917,49,0.98
expr:CYP21A2,expression,0.0007536400775683837,18,0.36
expr:TBCE,expression,0.0007532790186814964,4,0.08
meth:GPR171,methylation,0.0007519168235982457,6,0.12
expr:F2RL2,expression,0.0007501365849748254,50,1.0
expr:NAIP,expression,0.0007490867551846,13,0.26
expr:LMX1B,expression,0.0007490625139325857,4,0.08
expr:RGL3,expression,0.0007483398845319503,28,0.56
expr:SPDYC,expression,0.0007480856729671359,4,0.08
expr:MYC,expression,0.000746246543712914,4,0.08
expr:CD300LG,expression,0.0007460940784464279,12,0.24
expr:CREG2,expression,0.0007457117634740742,11,0.22
expr:SERPINA4,expression,0.000745143392123282,4,0.08
expr:GLCE,expression,0.0007441139725201271,17,0.34
meth:OR10Z1,methylation,0.0007426529773510993,2,0.04
meth:ZNF264,methylation,0.0007426146883517503,10,0.2
expr:C10orf82,expression,0.0007414534087398682,33,0.66
meth:MIR135A2,methylation,0.00074127281550318,16,0.32
expr:CLSTN2,expression,0.0007409011789908012,39,0.78
expr:BEND5,expression,0.0007402811474590139,22,0.44
expr:H2AC21,expression,0.0007402513797084491,15,0.3
expr:NKX2-8,expression,0.0007395150605589151,2,0.04
expr:BHLHE40,expression,0.0007391425302906081,47,0.94
meth:PID1,methylation,0.0007386316234866778,6,0.12
expr:ELOVL2,expression,0.0007374375098152086,50,1.0
meth:NCOR2,methylation,0.000736515037715435,13,0.26
meth:SEPT9,methylation,0.0007362452786765061,40,0.8
meth:ASXL3,methylation,0.0007360832920918862,18,0.36
expr:PLA1A,expression,0.0007351960521191359,6,0.12
meth:PNLIP,methylation,0.000733423667649428,6,0.12
expr:KCNH1,expression,0.0007330357084835047,38,0.76
expr:RRH,expression,0.0007319657418590325,13,0.26
expr:PRLR,expression,0.000731960514465093,44,0.88
expr:CXADR,expression,0.00073167587009569,15,0.3
meth:HLA-A,methylation,0.0007313134148716927,15,0.3
expr:KATNAL2,expression,0.0007312026961396138,3,0.06
expr:NLGN3,expression,0.0007290324917243373,31,0.62
meth:SMARCB1,methylation,0.0007282824662979692,8,0.16
expr:PLS1,expression,0.0007280040299519897,2,0.04
expr:OR7D2,expression,0.0007259382659362422,27,0.54
meth:STAP1,methylation,0.000725446967408061,3,0.06
expr:KL,expression,0.0007247577519401124,38,0.76
expr:MASP2,expression,0.0007245616159505314,36,0.72
expr:DPY19L2,expression,0.0007236624334120389,33,0.66
meth:SLC26A9,methylation,0.0007233023537661542,11,0.22
meth:IGFBP4,methylation,0.0007220060150656435,9,0.18
meth:GPRIN2,methylation,0.0007214136594147594,27,0.54
expr:OLFML3,expression,0.0007207675371319056,5,0.1
meth:NOVA1,methylation,0.0007196402090785066,33,0.66
expr:S100A9,expression,0.0007178840744826529,45,0.9
expr:KCNF1,expression,0.0007178445306161176,23,0.46
expr:DNAH9,expression,0.0007167445280804083,26,0.52
expr:ZNF528,expression,0.000715345535427332,50,1.0
expr:AR,expression,0.000714793963070829,43,0.86
meth:RAMP3,methylation,0.0007137065404094756,4,0.08
expr:RIPOR3,expression,0.0007128865336594374,23,0.46
meth:MYH14,methylation,0.0007126769050955772,13,0.26
expr:DEFB132,expression,0.0007125344127416611,12,0.24
expr:ZNF155,expression,0.0007119664084166288,25,0.5
expr:CCDC40,expression,0.0007112567010964896,37,0.74
expr:APCDD1L,expression,0.0007112147868610919,8,0.16
expr:ARHGAP32,expression,0.0007099617172830871,7,0.14
meth:PCDHGA4,methylation,0.0007094546991328781,13,0.26
expr:KCTD12,expression,0.0007093128127356371,3,0.06
meth:MYF6,methylation,0.0007042246313927615,23,0.46
expr:PDK4,expression,0.0007018455316459662,19,0.38
meth:PRKD3,methylation,0.0007016911624452552,37,0.74
expr:ABCA9,expression,0.0007016602337259699,37,0.74
meth:MIR1286,methylation,0.0007006734914074724,13,0.26
expr:RGS13,expression,0.0006987056968843236,34,0.68
meth:SNORD86,methylation,0.00069830754314196,29,0.58
meth:IRX2,methylation,0.00069828543134711,11,0.22
meth:STON1,methylation,0.0006981198093853891,4,0.08
expr:FERMT2,expression,0.0006961569500466188,9,0.18
expr:SEMA3F,expression,0.000695663646587895,36,0.72
meth:SLCO2A1,methylation,0.0006949090457055718,16,0.32
meth:TUG1,methylation,0.0006918870533506075,15,0.3
expr:KDR,expression,0.0006910926496953165,19,0.38
expr:CYP1B1,expression,0.0006897735875099897,5,0.1
expr:AREG,expression,0.0006879944121465087,11,0.22
meth:TGM5,methylation,0.0006877958907612733,7,0.14
meth:NEURL3,methylation,0.0006869366043247283,2,0.04
meth:ABI3BP,methylation,0.0006868176977150142,20,0.4
expr:LAMA3,expression,0.0006860071263308155,29,0.58
expr:MYH3,expression,0.0006851320310185353,18,0.36
expr:TEX26,expression,0.00068455645814538,10,0.2
expr:NUTM2D,expression,0.0006835110701407151,48,0.96
expr:MAP3K1,expression,0.0006834181328304111,50,1.0
meth:BAIAP2L2,methylation,0.0006832820363342762,4,0.08
meth:TMEFF2,methylation,0.0006818779677684818,14,0.28
expr:ZFP36L2,expression,0.0006817573131146756,22,0.44
meth:C5orf27,methylation,0.0006815371258805195,3,0.06
meth:ZNF382,methylation,0.0006794878281652927,8,0.16
expr:EPS8L3,expression,0.0006786743852947103,38,0.76
meth:ANTXRL,methylation,0.0006785780191421509,5,0.1
meth:PDCD1LG2,methylation,0.0006781477713957429,4,0.08
meth:PYGM,methylation,0.0006777830130886286,8,0.16
meth:PCDHA4,methylation,0.0006775002194834607,14,0.28
expr:C8orf34,expression,0.000677281269981038,21,0.42
expr:PXMP4,expression,0.0006759531029007014,17,0.34
expr:PGM5,expression,0.000675691901866732,29,0.58
meth:ARFGAP3,methylation,0.0006749980926417328,29,0.58
expr:PAK5,expression,0.0006742423550136625,47,0.94
meth:ZFATAS,methylation,0.0006734833945162022,13,0.26
expr:MDFIC,expression,0.0006725241585324208,30,0.6
meth:HMGCLL1,methylation,0.0006718340415605589,19,0.38
meth:KIAA0513,methylation,0.0006716386828985479,45,0.9
meth:IL17D,methylation,0.0006715498748235404,8,0.16
expr:GBP2,expression,0.000671245383896998,35,0.7
expr:CYP2B6,expression,0.0006711899980225346,11,0.22
expr:PGBD5,expression,0.0006688497551540668,37,0.74
meth:GALM,methylation,0.0006680645514279604,5,0.1
meth:HEYL,methylation,0.0006647582049481571,8,0.16
expr:FRMD6,expression,0.0006646061973536716,17,0.34
expr:IKZF2,expression,0.0006645896233079073,19,0.38
meth:NLRP1,methylation,0.0006638049649504515,13,0.26
expr:SLC52A3,expression,0.0006613729055970907,3,0.06
expr:PROX2,expression,0.0006605104662160924,47,0.94
expr:ZIC5,expression,0.0006603795724610487,18,0.36
meth:NKAIN4,methylation,0.0006586008572823278,31,0.62
expr:LRFN5,expression,0.0006570945230410679,19,0.38
expr:ACMSD,expression,0.0006569213195083042,24,0.48
expr:CSRNP3,expression,0.00065661973785609,20,0.4
meth:TRIM29,methylation,0.0006552250930466331,13,0.26
expr:ZNF704,expression,0.0006547945514811497,19,0.38
expr:ADCY5,expression,0.0006543586670886726,20,0.4
meth:TMEM37,methylation,0.0006508710794150829,8,0.16
meth:SNORA27,methylation,0.0006488147385728856,15,0.3
meth:CRISP1,methylation,0.0006488088401965797,8,0.16
expr:TANC2,expression,0.0006475397466500807,9,0.18
meth:SLC6A18,methylation,0.0006474738940596581,5,0.1
expr:SELL,expression,0.0006474550395710941,34,0.68
expr:ADHFE1,expression,0.0006474357338227106,33,0.66
expr:SEMA3E,expression,0.000646954880556388,44,0.88
meth:OR8B2,methylation,0.0006463746540248394,5,0.1
expr:PHGR1,expression,0.0006457638810388744,4,0.08
expr:PLAAT3,expression,0.0006448125244456936,33,0.66
expr:CCDC74A,expression,0.0006422149982848545,41,0.82
meth:SLC44A5,methylation,0.0006412652079374171,26,0.52
meth:MMP1,methylation,0.0006410700367077401,38,0.76
meth:TRABD,methylation,0.0006404267897938981,17,0.34
expr:ZIC1,expression,0.0006389256566762924,5,0.1
expr:AMBP,expression,0.0006389102124123145,46,0.92
meth:COL9A2,methylation,0.000637739521658255,18,0.36
meth:EPOR,methylation,0.0006374425979124175,9,0.18
meth:MGC26647,methylation,0.0006371268113567071,22,0.44
expr:SLC27A5,expression,0.0006369595066644251,1,0.02
meth:TMED9,methylation,0.0006366802379488945,5,0.1
expr:NEK5,expression,0.0006365325534716249,43,0.86
meth:LOC145845,methylation,0.0006334423510865731,11,0.22
expr:ACKR2,expression,0.0006316337967291474,1,0.02
expr:KCTD3,expression,0.0006285473192110658,50,1.0
meth:FGF2,methylation,0.0006282079876178787,21,0.42
expr:SH2B2,expression,0.00062759297348007,27,0.54
expr:PWWP3B,expression,0.0006265110620814893,45,0.9
meth:SNORD36C,methylation,0.0006256442324821512,43,0.86
expr:EGFL8,expression,0.0006248954450711608,2,0.04
meth:TLR1,methylation,0.0006246932115855402,29,0.58
expr:CENPW,expression,0.000624097857831253,18,0.36
meth:RABL5,methylation,0.0006240727803246541,11,0.22
expr:NIBAN1,expression,0.00062360566724757,28,0.56
expr:FGD6,expression,0.0006235717048280334,38,0.76
expr:GAL,expression,0.0006227455367999417,7,0.14
expr:CA12,expression,0.0006227027822335783,42,0.84
expr:PLAAT2,expression,0.0006218931172043085,20,0.4
meth:SLFNL1,methylation,0.0006214017260142348,11,0.22
expr:SLC39A6,expression,0.0006211767684215227,37,0.74
expr:LRRC37A,expression,0.0006211180472746492,20,0.4
expr:OR2I1P,expression,0.0006205865647643805,8,0.16
expr:DTD2,expression,0.000620231730863452,2,0.04
meth:MGC13005,methylation,0.0006189788519232361,27,0.54
meth:NGDN,methylation,0.0006187935107542823,15,0.3
expr:C6orf201,expression,0.0006185687485743653,11,0.22
expr:MT-ND5,expression,0.0006166975612619094,14,0.28
expr:NXF5,expression,0.000616306516652306,18,0.36
expr:PTCH2,expression,0.0006157425967486281,19,0.38
expr:DUSP5,expression,0.0006154134959703492,31,0.62
expr:TTR,expression,0.0006134081166237592,10,0.2
expr:SKIL,expression,0.0006113825074862689,16,0.32
expr:EPB41L5,expression,0.0006107301534419614,14,0.28
meth:TMEM201,methylation,0.0006103206251282245,14,0.28
meth:IL11,methylation,0.0006098396959714591,10,0.2
expr:CCDC65,expression,0.0006081432232167572,50,1.0
meth:KIAA0240,methylation,0.0006076080491766334,10,0.2
expr:OR56A3,expression,0.0006075104465708137,4,0.08
expr:YPEL1,expression,0.0006070842916545059,14,0.28
meth:SLC5A1,methylation,0.0006057565333321691,20,0.4
meth:CASP8,methylation,0.0006051492334033052,30,0.6
meth:LOC285045,methylation,0.0006044825847646663,38,0.76
expr:KIAA0040,expression,0.0006043158290493819,36,0.72
expr:RNF43,expression,0.0006030236545484513,39,0.78
meth:ARMC4,methylation,0.0006030036982300938,49,0.98
expr:TNFRSF11B,expression,0.0006022542715072632,5,0.1
meth:TRIM10,methylation,0.0006013265810906887,6,0.12
expr:ACSL6,expression,0.0006000928580760956,15,0.3
meth:SLC9A10,methylation,0.0005986375257461553,42,0.84
meth:MIR1182,methylation,0.0005983764549455373,32,0.64
meth:HSP90AB2P,methylation,0.0005970963975414634,2,0.04
expr:SLC4A11,expression,0.0005968900143422864,11,0.22
expr:MREG,expression,0.0005948666948825121,37,0.74
expr:USP35,expression,0.0005940441507846117,5,0.1
expr:KITLG,expression,0.0005934351924579682,41,0.82
meth:GPR183,methylation,0.0005931939522270113,34,0.68
expr:C3orf52,expression,0.0005929062816513968,28,0.56
meth:CPO,methylation,0.000592562765814364,20,0.4
meth:OR8S1,methylation,0.0005922147133590087,23,0.46
expr:CLDN19,expression,0.0005903861190124256,41,0.82
meth:MYRIP,methylation,0.0005901670824228363,33,0.66
meth:ZNF710,methylation,0.0005901263514533639,50,1.0
meth:TREM1,methylation,0.0005901262474556763,15,0.3
meth:SNORA5B,methylation,0.0005901260936463422,11,0.22
meth:ABCC13,methylation,0.0005897715222090482,10,0.2
meth:OTOR,methylation,0.0005893663370183536,14,0.28
expr:RGS9,expression,0.0005891095681459104,19,0.38
expr:WDR17,expression,0.0005883380684903578,38,0.76
expr:IFNB1,expression,0.0005864316287140051,9,0.18
expr:ALDH2,expression,0.0005862711695954204,29,0.58
expr:SCUBE2,expression,0.000586106872651726,40,0.8
meth:PCNXL2,methylation,0.0005846739125748476,18,0.36
expr:TREM1,expression,0.0005840674544183108,13,0.26
expr:ZNF281,expression,0.000583419859010194,21,0.42
expr:CILP,expression,0.0005817377629379431,18,0.36
meth:LOC145663,methylation,0.0005810236159179892,14,0.28
expr:C17orf113,expression,0.000579129729885608,45,0.9
expr:NLRP10,expression,0.0005788736161775887,4,0.08
expr:LIMA1,expression,0.0005785550301273663,15,0.3
expr:ASB13,expression,0.000578546395095495,13,0.26
expr:RAET1L,expression,0.0005776026815993294,49,0.98
meth:MIR346,methylation,0.0005772952572442591,8,0.16
meth:OR51V1,methylation,0.0005769177694760618,21,0.42
meth:MIR187,methylation,0.0005762609653174877,14,0.28
meth:WDR72,methylation,0.0005761235952377319,13,0.26
meth:MMP3,methylation,0.0005761068471959637,48,0.96
expr:GPA33,expression,0.0005752839885341624,30,0.6
expr:ASCL4,expression,0.000574619575802769,14,0.28
expr:KCND3,expression,0.0005735479547486951,12,0.24
meth:HRAS,methylation,0.0005729156158243617,6,0.12
expr:LNX1,expression,0.000572876597288996,2,0.04
expr:SLC16A12,expression,0.0005718668090236006,33,0.66
expr:MS4A14,expression,0.0005706375500617119,39,0.78
meth:SNORD15B,methylation,0.0005701773456837001,19,0.38
meth:CROCC,methylation,0.0005701484158635139,5,0.1
expr:PARP11,expression,0.0005697998893447221,25,0.5
expr:ERVV-1,expression,0.0005697594645122687,15,0.3
expr:RASA4B,expression,0.0005695133004337549,6,0.12
expr:ZNF813,expression,0.0005677295163931215,17,0.34
expr:CDHR4,expression,0.0005670124748056489,7,0.14
expr:SYNE4,expression,0.0005667278143976416,7,0.14
meth:ROR2,methylation,0.0005665270742984154,39,0.78
meth:ADAMTS10,methylation,0.0005665246086815993,6,0.12
expr:RSPH4A,expression,0.0005656976951286197,50,1.0
expr:ABI3BP,expression,0.0005650374757048363,24,0.48
meth:C6orf174,methylation,0.0005643137847073376,4,0.08
expr:NTRK2,expression,0.0005633543348974652,9,0.18
expr:KLRB1,expression,0.0005627170531079173,25,0.5
meth:FLJ25006,methylation,0.0005623221707840761,3,0.06
meth:AKR1E2,methylation,0.0005611772648990154,10,0.2
expr:TTLL9,expression,0.0005607743217195902,45,0.9
meth:PCDHGB7,methylation,0.0005594860607137283,6,0.12
expr:JAM2,expression,0.0005590321496129036,5,0.1
expr:ZSCAN18,expression,0.0005575938531282274,11,0.22
meth:BDH2,methylation,0.0005570966523231529,41,0.82
meth:AAA1,methylation,0.0005561919127957839,33,0.66
expr:TMEM196,expression,0.0005545063080110898,24,0.48
expr:SERPINB9,expression,0.0005538246950891335,16,0.32
expr:CCL14,expression,0.0005534858708935124,7,0.14
meth:C2orf66,methylation,0.0005528202236746438,8,0.16
expr:SP7,expression,0.0005527329428688339,23,0.46
expr:MAPT,expression,0.000552161164523568,40,0.8
meth:KRTAP19-1,methylation,0.0005516344348766974,7,0.14
meth:UBQLNL,methylation,0.0005514918862340542,13,0.26
expr:RALGAPA1,expression,0.0005512493778951466,30,0.6
expr:ENO4,expression,0.0005499452973405521,30,0.6
expr:CST9,expression,0.0005498995160451159,32,0.64
expr:ILK,expression,0.0005489891860634089,5,0.1
expr:CDK12,expression,0.0005485327371085683,6,0.12
meth:ADAMTS3,methylation,0.0005467882851183775,31,0.62
expr:FOXD1,expression,0.0005463822677624053,26,0.52
expr:TEX35,expression,0.0005463412031531334,20,0.4
expr:DAGLA,expression,0.0005446466368286767,36,0.72
expr:IPCEF1,expression,0.0005441296962089837,4,0.08
expr:C14orf132,expression,0.0005440578970592469,8,0.16
meth:CA7,methylation,0.0005438605909265818,31,0.62
expr:ACKR1,expression,0.0005420201703452984,37,0.74
meth:AS3MT,methylation,0.0005419762932102789,22,0.44
meth:CCDC162,methylation,0.0005412731319665909,5,0.1
expr:C17orf58,expression,0.0005412114369391929,48,0.96
expr:H2AC12,expression,0.0005410220474004745,8,0.16
expr:P2RY4,expression,0.0005405622241259725,27,0.54
expr:DIRAS3,expression,0.0005395522457547486,4,0.08
meth:ACCN3,methylation,0.0005395257014444926,9,0.18
expr:SLC3A1,expression,0.0005387949058786035,4,0.08
expr:SHANK2,expression,0.0005381420720368624,20,0.4
meth:LOC440957,methylation,0.0005377386696636677,11,0.22
expr:TMEM232,expression,0.0005374248006514141,35,0.7
meth:PRSS48,methylation,0.0005371069374422615,26,0.52
meth:CAMKK1,methylation,0.0005368271959014237,13,0.26
expr:AMIGO2,expression,0.0005355276581313875,27,0.54
expr:ADAM8,expression,0.0005346934311091899,10,0.2
expr:SSH3,expression,0.0005322968075051903,25,0.5
meth:KRT38,methylation,0.0005321511707734317,8,0.16
expr:PGLYRP4,expression,0.0005313664150889963,32,0.64
meth:TTLL10,methylation,0.000531299039721489,4,0.08
expr:EBLN2,expression,0.0005305523689671912,34,0.68
meth:SCARNA4,methylation,0.0005304369044357112,35,0.7
expr:LHFPL6,expression,0.0005304006859660149,10,0.2
meth:HULC,methylation,0.0005302957724779844,1,0.02
expr:SCN7A,expression,0.0005300299311056734,50,1.0
expr:NEURL1,expression,0.0005297006573528051,5,0.1
meth:GFRA1,methylation,0.0005292322686208146,35,0.7
expr:TBC1D9,expression,0.000527962312132687,23,0.46
meth:CHAD,methylation,0.0005256372096482664,32,0.64
expr:SLC7A3,expression,0.0005253434389678025,43,0.86
expr:ABAT,expression,0.000524732832564041,50,1.0
expr:FGL2,expression,0.0005237359631185731,6,0.12
meth:RBP4,methylation,0.0005223704734817147,25,0.5
expr:CLEC9A,expression,0.0005208153056446463,50,1.0
expr:LYPD6,expression,0.0005205000875654017,41,0.82
expr:F2R,expression,0.000518598376462857,15,0.3
expr:LUZP2,expression,0.0005184037477842399,7,0.14
meth:MIR199B,methylation,0.0005183787240336338,27,0.54
meth:ANKFN1,methylation,0.0005182173865085298,11,0.22
expr:MMP8,expression,0.0005180357489734888,5,0.1
meth:FURIN,methylation,0.0005149091904362043,15,0.3
expr:MACROD2,expression,0.0005134357488714159,2,0.04
expr:KCNE1,expression,0.0005125088447874242,33,0.66
expr:SAMD15,expression,0.0005122054504075398,30,0.6
expr:RFTN2,expression,0.0005119087511737799,29,0.58
expr:CFAP43,expression,0.0005108202225528657,45,0.9
expr:RUNDC3B,expression,0.0005102390201673621,21,0.42
expr:MPP7,expression,0.0005092117689653403,45,0.9
expr:SHISA2,expression,0.0005091518396511674,17,0.34
expr:AC087289.3,expression,0.0005085179582238197,14,0.28
meth:CCDC48,methylation,0.0005072498037903147,33,0.66
expr:MLPH,expression,0.0005062733261817784,33,0.66
expr:TEAD1,expression,0.000505478714000095,22,0.44
expr:CAPN13,expression,0.0005033722237082354,30,0.6
expr:TAC1,expression,0.0005030798492953181,16,0.32
expr:CFAP126,expression,0.00050261409746276,9,0.18
meth:BPESC1,methylation,0.0005020624222724061,19,0.38
expr:TP63,expression,0.0005012436794411195,38,0.76
meth:ATRNL1,methylation,0.0005005591620619481,13,0.26
meth:C15orf62,methylation,0.0004996368642120312,15,0.3
expr:ZNF655,expression,0.0004994423123372889,44,0.88
meth:CAPN13,methylation,0.0004994081442846972,17,0.34
expr:CCR4,expression,0.0004984650411643087,20,0.4
expr:CACNA2D1,expression,0.0004981338808482343,11,0.22
meth:GRAMD1A,methylation,0.0004970298946968146,7,0.14
expr:NREP,expression,0.0004964042454957962,3,0.06
expr:MAML3,expression,0.0004958239115887519,33,0.66
expr:H3C3,expression,0.0004936147438870235,22,0.44
expr:TNS1,expression,0.0004930471563163926,17,0.34
expr:BACH2,expression,0.0004925751418340951,22,0.44
meth:DSCR4,methylation,0.0004924975335597992,20,0.4
expr:EOMES,expression,0.0004924753342162479,11,0.22
expr:SLC14A1,expression,0.0004918587109487918,45,0.9
meth:ATXN7L1,methylation,0.0004916910180135778,19,0.38
expr:DUSP13,expression,0.0004911421681754291,10,0.2
meth:PIRT,methylation,0.0004904257971793413,25,0.5
expr:PARD6B,expression,0.0004897290235385299,50,1.0
meth:CMTM7,methylation,0.0004893860779702664,5,0.1
meth:KHDC1,methylation,0.0004889583797194064,8,0.16
expr:GPLD1,expression,0.0004870113334618509,4,0.08
expr:SSTR5,expression,0.00048649734817445277,5,0.1
expr:SC5D,expression,0.0004863449797520171,23,0.46
expr:RNF180,expression,0.0004858265777951793,38,0.76
expr:LRRIQ3,expression,0.0004850695375353098,5,0.1
expr:RASL11A,expression,0.0004842124132361884,24,0.48
expr:PLK1,expression,0.00048380249523018534,19,0.38
expr:NPIPB13,expression,0.0004824658196109037,12,0.24
meth:FAM65C,methylation,0.0004818635008467192,11,0.22
expr:IL1RL1,expression,0.0004816491502534711,33,0.66
expr:UNC93A,expression,0.0004804241258037708,41,0.82
expr:GPR160,expression,0.0004797023325525702,39,0.78
expr:MINDY2,expression,0.000479597452795133,4,0.08
meth:TPM2,methylation,0.00047949570580385625,2,0.04
meth:LOC253039,methylation,0.0004789159866049886,3,0.06
expr:FSCN1,expression,0.00047801798726949425,45,0.9
expr:AGR2,expression,0.0004765139038238722,39,0.78
expr:THRB,expression,0.0004764689753452937,21,0.42
meth:SH2D7,methylation,0.0004760774318128824,10,0.2
meth:LCN12,methylation,0.00047543691471219063,5,0.1
expr:C5orf49,expression,0.0004754242487251759,15,0.3
expr:SERPING1,expression,0.0004744813260104921,9,0.18
expr:CCDC85B,expression,0.000474188884254545,1,0.02
expr:KRT34,expression,0.00047243629685706564,9,0.18
meth:CA9,methylation,0.000470714942228211,23,0.46
expr:LCN1,expression,0.00046932715827561154,49,0.98
expr:OLAH,expression,0.0004682799626607448,8,0.16
meth:PLAC9,methylation,0.0004665293575574954,6,0.12
expr:SYNPO2L,expression,0.00046502859331667425,5,0.1
expr:SLC4A8,expression,0.0004646629880880937,20,0.4
meth:OTX2,methylation,0.0004645652421142744,23,0.46
expr:OR2T8,expression,0.0004639961989596486,12,0.24
meth:SLC16A11,methylation,0.0004637844183228233,11,0.22
meth:SNORA70C,methylation,0.00046218146259586015,15,0.3
expr:RASA4,expression,0.0004613571800291538,6,0.12
meth:ABAT,methylation,0.00046008005360695153,37,0.74
expr:HDGFL3,expression,0.00045949239801201553,45,0.9
expr:CCDC87,expression,0.0004593879378209,34,0.68
meth:KANK1,methylation,0.0004592997138388455,2,0.04
meth:DSCR10,methylation,0.00045929829745242995,12,0.24
meth:CHST4,methylation,0.00045885353756602854,32,0.64
expr:NPY5R,expression,0.0004574267553504218,11,0.22
expr:SLC4A7,expression,0.00045699201291427016,16,0.32
meth:KRTAP1-5,methylation,0.00045692546603580316,15,0.3
expr:TMEM253,expression,0.00045590847730636597,13,0.26
meth:LOC284837,methylation,0.00045572318776976317,16,0.32
expr:ARMCX4,expression,0.00045561924277783624,22,0.44
expr:CFAP57,expression,0.00045435971151164267,16,0.32
meth:ARRDC4,methylation,0.00045395337252153293,18,0.36
expr:CEP290,expression,0.00045275048390836816,39,0.78
expr:TMEM272,expression,0.00045183461131245804,33,0.66
expr:GIMAP7,expression,0.00045170377319057783,15,0.3
expr:BPIFB1,expression,0.00045130119126822265,7,0.14
expr:ALDH1A1,expression,0.0004510683622876448,35,0.7
expr:PYY,expression,0.0004510041737162015,34,0.68
expr:SLIT2,expression,0.0004497920162975788,18,0.36
expr:DMXL1,expression,0.0004494346503634006,4,0.08
expr:KLHL33,expression,0.0004492681732194291,45,0.9
meth:OR2L8,methylation,0.00044871069258078933,8,0.16
meth:DCLK2,methylation,0.0004486841894686222,25,0.5
expr:KRT33B,expression,0.00044868067790823125,27,0.54
meth:GIT1,methylation,0.00044866002281196415,4,0.08
meth:ITGAD,methylation,0.000448538964106278,11,0.22
expr:ZNF439,expression,0.00044821041008231765,33,0.66
expr:CCDC191,expression,0.00044774138514185323,40,0.8
meth:ADAMTS17,methylation,0.0004473367506372077,7,0.14
meth:GREB1,methylation,0.0004467382287574847,22,0.44
expr:NAB1,expression,0.000446401652880013,3,0.06
expr:TPRG1,expression,0.00044626741388735053,48,0.96
expr:CST11,expression,0.0004458393805715091,34,0.68
expr:CCDC173,expression,0.0004451875978776691,49,0.98
meth:STOM,methylation,0.0004431552049936727,40,0.8
meth:RHBDL1,methylation,0.0004423786071129143,40,0.8
meth:HBBP1,methylation,0.00044236392714083197,10,0.2
meth:C11orf20,methylation,0.0004423150792717934,10,0.2
expr:SH3D21,expression,0.0004417949308844982,20,0.4
expr:LCP1,expression,0.0004401364518950383,6,0.12
expr:ABHD3,expression,0.0004392128612380475,1,0.02
expr:NXF3,expression,0.00043833322706632316,16,0.32
expr:TIMM23B-AGAP6,expression,0.0004372495427929066,37,0.74
expr:SEMA3B,expression,0.00043706683021399283,31,0.62
expr:CPEB2,expression,0.0004357409715238545,27,0.54
meth:MIR429,methylation,0.0004356728780916647,19,0.38
meth:NRAS,methylation,0.00043559930502222135,13,0.26
expr:LIN7A,expression,0.0004352936254387411,48,0.96
meth:UCP1,methylation,0.00043436655631432164,13,0.26
expr:ZNF43,expression,0.00043373571113786765,36,0.72
expr:GAB1,expression,0.0004332310548334411,33,0.66
expr:GPD1L,expression,0.00043322716373950243,42,0.84
expr:RHCG,expression,0.00043265474254660535,33,0.66
expr:ANKRD31,expression,0.0004326186701655388,25,0.5
expr:CAVIN4,expression,0.00043190873571132357,19,0.38
meth:SELENBP1,methylation,0.000431003887206316,5,0.1
meth:LOC286238,methylation,0.0004309695865958929,25,0.5
expr:COX6C,expression,0.0004306332557462156,2,0.04
expr:ZNF763,expression,0.00043004248222774444,34,0.68
expr:OR7C1,expression,0.000430035637691617,20,0.4
meth:ITGA2B,methylation,0.00042973267513194254,14,0.28
expr:MFAP4,expression,0.0004284124059433287,11,0.22
expr:SEC14L2,expression,0.0004273904640668709,19,0.38
expr:SGK3,expression,0.00042698248194492593,49,0.98
meth:LOC100130691,methylation,0.000426509960864981,3,0.06
expr:AC009779.3,expression,0.00042637061172475416,3,0.06
meth:FAM166B,methylation,0.00042613721094452415,13,0.26
meth:STAR,methylation,0.0004235242571060856,3,0.06
expr:SULT1C4,expression,0.0004230149691769232,33,0.66
expr:AMER2,expression,0.0004229965111748739,11,0.22
meth:KBTBD10,methylation,0.0004229410034086969,9,0.18
meth:COL6A3,methylation,0.00042269822442904116,20,0.4
meth:LOC728392,methylation,0.000421572264961221,11,0.22
meth:DDR2,methylation,0.00042137689888477325,13,0.26
meth:IRS1,methylation,0.00042133555481476445,7,0.14
meth:NCRNA00203,methylation,0.00042098571206084813,26,0.52
meth:FAM149A,methylation,0.0004205616811911265,6,0.12
expr:ZP1,expression,0.00042010946802932905,27,0.54
meth:C2orf68,methylation,0.00041966740100178866,20,0.4
expr:DNALI1,expression,0.000418690023753716,49,0.98
expr:PFKP,expression,0.00041845776118302287,26,0.52
expr:CBLN4,expression,0.0004174406931269914,8,0.16
meth:C10orf26,methylation,0.00041669167371259793,9,0.18
expr:SBK2,expression,0.0004160667131482451,27,0.54
expr:UBE2U,expression,0.00041425992171035,19,0.38
meth:MIR647,methylation,0.0004142323099397894,29,0.58
expr:DPY19L1,expression,0.00041398731991648674,8,0.16
expr:SPATA12,expression,0.00041347742080688477,6,0.12
expr:TNFRSF4,expression,0.00041330140084028244,4,0.08
expr:TMEM26,expression,0.00041161888279020784,50,1.0
expr:MRC2,expression,0.00041144213173538446,2,0.04
expr:HCN4,expression,0.0004108936118427664,8,0.16
meth:ENTPD8,methylation,0.00041049827334725046,22,0.44
expr:NT5C1A,expression,0.0004099074751138687,5,0.1
expr:ZNF804B,expression,0.0004096763674169779,5,0.1
meth:TNFAIP8L2,methylation,0.00040838652399971206,17,0.34
expr:CYSLTR2,expression,0.00040828774523872296,38,0.76
expr:ERO1B,expression,0.0004077502785043584,18,0.36
meth:C14orf64,methylation,0.0004065521740509818,12,0.24
meth:PBXIP1,methylation,0.0004057663318235427,4,0.08
expr:CATSPERE,expression,0.00040488026570528746,26,0.52
meth:LOC100128288,methylation,0.000404785736463964,2,0.04
expr:GATA3,expression,0.00040434535155643004,49,0.98
expr:ARL17A,expression,0.00040433413497256964,22,0.44
expr:NBPF9,expression,0.0004042897166477309,9,0.18
expr:ANGPTL6,expression,0.0004041957436129451,3,0.06
expr:FANK1,expression,0.0004039911242822806,15,0.3
meth:VWCE,methylation,0.00040385286944607894,30,0.6
meth:RAB12,methylation,0.0004037403967231512,5,0.1
expr:RFX4,expression,0.00040285675786435606,5,0.1
expr:MYO3A,expression,0.00040252701464024455,11,0.22
meth:RASAL3,methylation,0.0004020265968782561,35,0.7
meth:GSTM4,methylation,0.0004019897896796465,20,0.4
expr:ACSM6,expression,0.0004016026268126788,27,0.54
expr:PIK3R2,expression,0.0004009200104822715,6,0.12
meth:ZNF280D,methylation,0.0004005828540715756,33,0.66
expr:GHRL,expression,0.00040031480602920055,5,0.1
expr:CARD14,expression,0.00040019263785022,6,0.12
meth:ZNF642,methylation,0.0003996468731202185,40,0.8
expr:CELA2B,expression,0.00039912108331918716,23,0.46
meth:GRIK4,methylation,0.00039886206324244366,29,0.58
meth:ATP2B2,methylation,0.0003987105366023671,36,0.72
expr:ARAP2,expression,0.000398286333721545,18,0.36
meth:ZNF678,methylation,0.00039774292547787936,7,0.14
expr:PREX2,expression,0.00039673510652322037,26,0.52
expr:PLAG1,expression,0.00039596649757758887,27,0.54
meth:SNORA52,methylation,0.00039526413505276047,30,0.6
expr:ZNF665,expression,0.0003950771687623973,39,0.78
expr:NFATC2,expression,0.0003937235274149672,23,0.46
meth:SIGLEC15,methylation,0.00039315618212438293,36,0.72
expr:CACNG1,expression,0.0003929936225176789,50,1.0
expr:AC008770.2,expression,0.0003923873882740736,3,0.06
expr:ATP2B3,expression,0.00039238260970229195,21,0.42
meth:PKDREJ,methylation,0.00039053536602295935,4,0.08
expr:SLC18A2,expression,0.00038914063978674155,14,0.28
expr:LHX5,expression,0.00038881130618689466,49,0.98
expr:NTN4,expression,0.0003887765109539032,5,0.1
expr:AGXT2,expression,0.00038852964362670335,31,0.62
meth:PCDHGA6,methylation,0.00038812512066215276,10,0.2
expr:OSBPL8,expression,0.0003878055140376091,13,0.26
expr:TEX9,expression,0.0003876524010243324,13,0.26
expr:C7orf57,expression,0.0003870158107019961,2,0.04
expr:TMTC2,expression,0.0003868834775251647,30,0.6
expr:NF1,expression,0.00038658636705284674,14,0.28
meth:GP2,methylation,0.00038487031789762635,7,0.14
meth:PCDHB19P,methylation,0.0003844155774762233,21,0.42
expr:PLA2G1B,expression,0.0003841942816507071,8,0.16
expr:TMEM221,expression,0.00038335460389183983,37,0.74
expr:FGF18,expression,0.0003832202163283472,27,0.54
expr:TCP11L2,expression,0.00037970460419143947,14,0.28
expr:CYP46A1,expression,0.0003796220989897847,1,0.02
meth:LOC151300,methylation,0.00037943715737624603,11,0.22
expr:TMEM30B,expression,0.00037942892716576654,45,0.9
expr:SLC25A24,expression,0.0003783008760365192,32,0.64
meth:CDK3,methylation,0.00037826813058927655,2,0.04
meth:MGC16703,methylation,0.00037816855021648936,18,0.36
expr:KIAA1109,expression,0.00037689879536628723,9,0.18
meth:LOC255025,methylation,0.0003767501621041447,1,0.02
meth:BRF2,methylation,0.0003763997548325595,46,0.92
expr:ARPP21,expression,0.0003750960750039667,4,0.08
meth:WNK2,methylation,0.0003742694098036736,4,0.08
expr:FBXW12,expression,0.00037412685311497435,38,0.76
expr:PTTG1,expression,0.00037364446018871506,19,0.38
expr:NFAT5,expression,0.00037286336737452075,16,0.32
expr:MYO9A,expression,0.0003723159898072481,7,0.14
meth:NRP1,methylation,0.0003723053854297508,11,0.22
meth:ARPC1B,methylation,0.000371221053813185,14,0.28
expr:WWP1,expression,0.00037031653110028765,41,0.82
meth:AGR3,methylation,0.0003688837750814855,2,0.04
expr:DBX2,expression,0.00036850261967629193,40,0.8
meth:PSMB11,methylation,0.00036828896845690905,15,0.3
expr:FREM1,expression,0.0003674882345319707,49,0.98
meth:MAST3,methylation,0.0003673206930133429,11,0.22
expr:TMEM135,expression,0.00036723611265188083,16,0.32
meth:HRASLS2,methylation,0.00036678597098216414,8,0.16
expr:ZEB1,expression,0.00036657944713768204,19,0.38
meth:PADI6,methylation,0.0003662650124169886,8,0.16
meth:PARP1,methylation,0.00036571710370481014,34,0.68
expr:FAM161B,expression,0.0003654979152737984,35,0.7
expr:RND3,expression,0.0003637265181168914,3,0.06
meth:IL21,methylation,0.0003634612075984478,9,0.18
expr:AC114490.3,expression,0.00036276166065363213,48,0.96
expr:MYH11,expression,0.00036193582539757095,15,0.3
expr:ZFYVE16,expression,0.0003613961245199399,14,0.28
meth:ACTA1,methylation,0.0003610338850800569,24,0.48
meth:ITPRIP,methylation,0.00035978011874249205,40,0.8
expr:NOTCH2NLC,expression,0.00035839600381083216,13,0.26
expr:CKB,expression,0.0003566987346857786,5,0.1
expr:IL7R,expression,0.0003563516204141908,18,0.36
expr:DSEL,expression,0.0003553987015038729,5,0.1
meth:C12orf34,methylation,0.00035446087095999354,33,0.66
expr:ZNF552,expression,0.00035324390046298504,50,1.0
meth:CEBPA,methylation,0.0003532257932850993,19,0.38
meth:PGLYRP1,methylation,0.00035313617263454944,8,0.16
expr:STAB2,expression,0.00035011206498546967,42,0.84
meth:DNAJB13,methylation,0.00034977330897863093,13,0.26
meth:RD3,methylation,0.0003473017408396117,40,0.8
expr:TMEM101,expression,0.0003469907043671066,11,0.22
expr:WDR93,expression,0.00034663624190274745,31,0.62
expr:ELP2,expression,0.00034646278158213724,34,0.68
expr:DET1,expression,0.0003464396020559513,23,0.46
expr:ADAMTS18,expression,0.0003462855210749521,21,0.42
expr:LEMD1,expression,0.0003462823676980204,18,0.36
meth:PLA2G4C,methylation,0.00034599442733451724,8,0.16
expr:LHFPL3,expression,0.000344888501179715,6,0.12
expr:KIAA0825,expression,0.00034364418437083565,15,0.3
meth:RPL23,methylation,0.00034316513157481776,29,0.58
expr:PDE6B,expression,0.000342790805734694,10,0.2
expr:CHDH,expression,0.00034119227999135067,19,0.38
expr:GP2,expression,0.0003389415602820615,24,0.48
expr:NLRP6,expression,0.000338735602175196,3,0.06
meth:MIR653,methylation,0.00033711426658555865,42,0.84
expr:PLAT,expression,0.0003367402929474007,11,0.22
expr:CNGA4,expression,0.00033502457663416865,15,0.3
meth:GRIA1,methylation,0.0003340484981890768,4,0.08
meth:GORASP2,methylation,0.0003339995468691499,22,0.44
expr:SLC7A14,expression,0.00033330521546304226,5,0.1
expr:OR2A1,expression,0.00033274745672113367,9,0.18
expr:CCDC107,expression,0.00033267695107497275,12,0.24
meth:TMEM181,methylation,0.0003326569276396185,8,0.16
expr:THSD7B,expression,0.0003324448302084086,49,0.98
meth:C9orf131,methylation,0.0003302089343731273,49,0.98
meth:DNM3,methylation,0.0003292972513008863,10,0.2
expr:SLC22A16,expression,0.00032888425048440697,20,0.4
meth:BEST2,methylation,0.00032808622345328333,5,0.1
meth:TMEM176B,methylation,0.00032808164178277366,16,0.32
meth:TAGLN,methylation,0.00032698568732788164,12,0.24
meth:HOXD10,methylation,0.0003262052112924201,14,0.28
expr:THSD4,expression,0.0003227145715179492,49,0.98
expr:ITPR2,expression,0.00032258668215945363,4,0.08
expr:ZNF689,expression,0.0003223982198643639,33,0.66
meth:KRT2,methylation,0.0003223596528793375,6,0.12
expr:STAP1,expression,0.00032203658095871407,12,0.24
meth:LOC100128788,methylation,0.0003218450916132757,7,0.14
expr:DOC2A,expression,0.00032076013407536915,7,0.14
expr:DENND5B,expression,0.0003205989778507501,4,0.08
expr:MAGEA4,expression,0.00032043089875235007,26,0.52
meth:RWDD2B,methylation,0.00031874104143055375,43,0.86
expr:CRABP1,expression,0.00031849385413806885,2,0.04
expr:STMND1,expression,0.0003184802969917655,50,1.0
expr:RNF113B,expression,0.000314411959455659,6,0.12
expr:IL20,expression,0.00031412164874685306,6,0.12
meth:GPR135,methylation,0.00031360217932766926,36,0.72
expr:KLHL41,expression,0.000313572299395067,24,0.48
expr:C11orf86,expression,0.0003131649379308025,3,0.06
meth:TRIM34,methylation,0.0003126800584141165,16,0.32
expr:NRIP1,expression,0.0003123318678454349,19,0.38
expr:CFAP91,expression,0.00031114132434595376,48,0.96
expr:TFPI2,expression,0.00031041172333061694,10,0.2
expr:HHAT,expression,0.00030975213603061787,17,0.34
expr:FBXL20,expression,0.00030964980367571116,25,0.5
meth:LOC283314,methylation,0.0003093648992944509,4,0.08
meth:SLC6A6,methylation,0.00030840779823671665,31,0.62
expr:SUSD3,expression,0.0003080306574702263,50,1.0
expr:LCA5,expression,0.0003059678861210423,31,0.62
expr:TEK,expression,0.0003033314003712601,36,0.72
expr:AQP6,expression,0.00030319295315579933,11,0.22
expr:SYT17,expression,0.00030246380573281873,13,0.26
meth:PCDHB13,methylation,0.00029971569099209523,11,0.22
expr:ILDR1,expression,0.0002993177788864289,14,0.28
expr:FOXN4,expression,0.00029828117112629116,2,0.04
meth:AMZ1,methylation,0.0002970933564938605,32,0.64
meth:LPHN2,methylation,0.0002970511990564841,27,0.54
meth:EIF3IP1,methylation,0.00029616752496023274,41,0.82
expr:EDDM3B,expression,0.0002958699783665084,42,0.84
expr:BTBD8,expression,0.00029570342898792165,22,0.44
expr:SLC5A4,expression,0.00029533150664065035,40,0.8
expr:CCDC196,expression,0.00029522187137247426,46,0.92
meth:COL7A1,methylation,0.00029442956387672734,23,0.46
meth:HSD17B12,methylation,0.0002938336498724918,3,0.06
expr:ANKRD29,expression,0.00029287723566781966,47,0.94
expr:GPRASP1,expression,0.0002924888243864256,27,0.54
expr:LAX1,expression,0.0002920542222758134,15,0.3
meth:SLC37A2,methylation,0.0002920531800815037,7,0.14
expr:PDX1,expression,0.00029117695146029996,31,0.62
meth:TRIM63,methylation,0.0002911312330979854,16,0.32
expr:AWAT1,expression,0.00028985811513848603,2,0.04
meth:CLEC3A,methylation,0.0002876731034900461,7,0.14
meth:SLC35C1,methylation,0.0002849421633238142,22,0.44
expr:CAMK4,expression,0.000283320463495329,32,0.64
expr:STOM,expression,0.00028223375556990504,6,0.12
expr:TUBA3D,expression,0.00028218658507226947,47,0.94
expr:CD74,expression,0.0002821457649891575,12,0.24
expr:SCRT2,expression,0.0002821457040097032,14,0.28
expr:CCND2,expression,0.0002814555101884672,26,0.52
expr:EGLN2,expression,0.0002809939440339804,10,0.2
expr:SCN2B,expression,0.0002807657195565601,12,0.24
meth:MS4A13,methylation,0.00028057940653525293,16,0.32
expr:FCRL4,expression,0.00027996853459626435,10,0.2
expr:DNAJC12,expression,0.00027975380750528225,30,0.6
meth:KRTAP13-4,methylation,0.0002796471739808718,15,0.3
expr:ETS1,expression,0.0002778908528853208,8,0.16
meth:TMTC1,methylation,0.0002766781056861338,34,0.68
meth:PRTN3,methylation,0.00027616006263997406,12,0.24
meth:PUS3,methylation,0.0002751635038293898,2,0.04
expr:DDX3Y,expression,0.00027451798086985946,4,0.08
expr:LAMA2,expression,0.0002731544431298971,5,0.1
expr:CALCRL,expression,0.0002729980236229797,24,0.48
expr:FCMR,expression,0.0002729308219965209,22,0.44
expr:PLD4,expression,0.00027271401352034166,13,0.26
expr:ODAM,expression,0.00027270984719507396,4,0.08
expr:TMEM132C,expression,0.0002723439550027251,25,0.5
expr:PEX11A,expression,0.0002721699309490976,21,0.42
meth:TIMP2,methylation,0.0002709999421818389,9,0.18
meth:SCRN1,methylation,0.0002706087090902858,27,0.54
meth:ITGA1,methylation,0.0002690749824978411,8,0.16
expr:NEK10,expression,0.0002685547118413855,44,0.88
meth:VIT,methylation,0.0002683715761772224,7,0.14
expr:GLUD2,expression,0.00026702199413973304,14,0.28
expr:CASC3,expression,0.0002669084642548114,8,0.16
expr:ALDH3A1,expression,0.0002667982427572662,11,0.22
expr:IL17RB,expression,0.0002665387437446043,40,0.8
expr:STOX1,expression,0.0002645892365013852,17,0.34
expr:AP001931.2,expression,0.00026436750563241696,49,0.98
expr:RGS5,expression,0.00026399455964565277,6,0.12
expr:NEK11,expression,0.00026295271832062753,43,0.86
expr:TCP10L,expression,0.0002595012968716522,3,0.06
expr:NPNT,expression,0.0002594014396890998,10,0.2
meth:FAM180A,methylation,0.0002588007878512144,25,0.5
meth:SNORD4B,methylation,0.0002587541300607355,19,0.38
expr:ADRA2A,expression,0.0002582578066115578,6,0.12
meth:IL6R,methylation,0.0002572094441954202,24,0.48
expr:SLC24A1,expression,0.00025577864920099577,30,0.6
expr:SPOCK3,expression,0.00025565540892313475,27,0.54
meth:MSGN1,methylation,0.000254707394300827,7,0.14
meth:OR51B5,methylation,0.00025423687960331637,6,0.12
meth:KRTAP12-3,methylation,0.00025296618696302176,37,0.74
expr:NEK4,expression,0.0002527968344193968,11,0.22
expr:WIPF1,expression,0.0002524591109249741,8,0.16
expr:CKLF,expression,0.0002522328450140776,32,0.64
expr:COMTD1,expression,0.0002521549817174673,5,0.1
expr:PDE5A,expression,0.00025176197884540103,29,0.58
expr:IGF2BP1,expression,0.0002487259841506818,27,0.54
expr:GZMK,expression,0.00024828069802859557,23,0.46
expr:SPOPL,expression,0.0002481451614157242,17,0.34
expr:CHRNA9,expression,0.0002480997471138835,10,0.2
meth:CDKN1A,methylation,0.0002476956384877364,6,0.12
expr:NOXRED1,expression,0.0002475101655970017,15,0.3
expr:GPR171,expression,0.0002457359603241734,23,0.46
expr:FZD9,expression,0.00024485543253831564,5,0.1
expr:C1orf226,expression,0.00024468370247632265,6,0.12
expr:KREMEN2,expression,0.00024446178161139997,7,0.14
expr:DDO,expression,0.00024433020735159516,8,0.16
expr:DCDC2B,expression,0.00024361288371054749,19,0.38
expr:ZAN,expression,0.00024354167875241149,11,0.22
meth:SLC7A4,methylation,0.00024293527627984682,15,0.3
expr:AMDHD1,expression,0.00024221512333800395,15,0.3
expr:ULBP3,expression,0.0002405781706329435,40,0.8
meth:PITX1,methylation,0.00024033164266835559,11,0.22
expr:FPGT-TNNI3K,expression,0.00024012328289887484,17,0.34
expr:NR3C2,expression,0.0002398861339315772,15,0.3
expr:LRCH2,expression,0.0002396745660987038,26,0.52
expr:OR10H1,expression,0.000238911496499219,39,0.78
expr:S100A8,expression,0.00023715074187041156,36,0.72
meth:FILIP1,methylation,0.00023690098896622658,25,0.5
expr:INPP5J,expression,0.0002362527552460774,39,0.78
expr:MCCD1,expression,0.00023604597802096534,42,0.84
expr:ART3,expression,0.00023604254238307476,9,0.18
meth:APOC1P1,methylation,0.00023478512211065543,19,0.38
expr:ARSG,expression,0.00023313928654210435,36,0.72
expr:C16orf95,expression,0.00023250244557857514,10,0.2
meth:HAMP,methylation,0.00023210224592023424,27,0.54
meth:SNORA8,methylation,0.00023192344233393669,30,0.6
meth:GALNT1,methylation,0.00023173622321337461,14,0.28
meth:PLIN4,methylation,0.00023158833097953064,13,0.26
expr:SERPINA3,expression,0.00023146973398979753,8,0.16
expr:PRKAG3,expression,0.0002296103824240466,6,0.12
expr:SBSN,expression,0.0002289651967704487,39,0.78
expr:MCCC2,expression,0.0002286661765538156,41,0.82
meth:FAM180B,methylation,0.0002281881868839264,5,0.1
meth:CAPN12,methylation,0.00022729183547198772,12,0.24
meth:C1orf70,methylation,0.00022579634096473456,5,0.1
expr:NPHP1,expression,0.00022547744447365403,34,0.68
meth:CASP4,methylation,0.00022515489642197886,6,0.12
meth:FHL5,methylation,0.00022502982756122947,2,0.04
meth:BMP6,methylation,0.0002246274638714062,27,0.54
expr:CLNK,expression,0.00022337690461426973,10,0.2
meth:ADCY10,methylation,0.00022333842935040593,3,0.06
expr:P2RY13,expression,0.00022246809432192917,31,0.62
expr:PTPN22,expression,0.00022235799891253313,9,0.18
expr:KCNJ11,expression,0.00022118791405643736,49,0.98
expr:DLX5,expression,0.00022003920325501397,11,0.22
expr:HMOX1,expression,0.00021893519442528486,5,0.1
expr:CHD1,expression,0.0002178777109033295,28,0.56
expr:ETV1,expression,0.00021751740132458508,2,0.04
expr:BTBD18,expression,0.0002172041075447431,13,0.26
meth:LGALS12,methylation,0.00021715866401791572,25,0.5
expr:FBXL7,expression,0.000216552663142934,33,0.66
expr:IGDCC4,expression,0.000215664753341116,4,0.08
meth:MIR802,methylation,0.00021524392068386077,20,0.4
expr:CD302,expression,0.00021488133817911147,25,0.5
expr:TTC36,expression,0.00021321395877748727,50,1.0
expr:TRIM63,expression,0.00021314618061296642,8,0.16
expr:ANKRD35,expression,0.00021269323769956827,5,0.1
expr:PSKH2,expression,0.00021228977129794657,2,0.04
meth:NFAM1,methylation,0.0002104715968016535,2,0.04
meth:C11orf93,methylation,0.000210459945568194,3,0.06
expr:SKAP1,expression,0.00021002622264804262,33,0.66
expr:C1QC,expression,0.00020933435298502444,5,0.1
expr:C8orf89,expression,0.00020923236241707436,13,0.26
meth:TTC29,methylation,0.0002071559865726158,1,0.02
meth:MAN2A2,methylation,0.00020645756740123034,4,0.08
expr:HTR6,expression,0.0002056142893707147,8,0.16
expr:RAB6C,expression,0.00020542646059766413,50,1.0
meth:MMADHC,methylation,0.00020476347074294701,39,0.78
meth:MSLN,methylation,0.000204295873464573,21,0.42
expr:LHB,expression,0.00020208039010564485,3,0.06
meth:DHRS9,methylation,0.00020204092074623878,34,0.68
expr:PVR,expression,0.00020200609772776565,6,0.12
meth:KCNB2,methylation,0.0002017912073907527,11,0.22
expr:KLRF1,expression,0.00020095650106668472,30,0.6
expr:LRRC37A2,expression,0.0001988089746899075,45,0.9
expr:CYP2C8,expression,0.00019873483494545023,30,0.6
expr:TBC1D30,expression,0.0001976532628759742,5,0.1
expr:EGR2,expression,0.00019713686779141427,10,0.2
expr:SLC22A5,expression,0.00019712981690342228,30,0.6
expr:PTGER4,expression,0.0001970980956684798,2,0.04
meth:TAS2R16,methylation,0.000197077234990375,43,0.86
expr:CCDC170,expression,0.0001967968646346069,41,0.82
expr:FCRL6,expression,0.00019667201559059322,8,0.16
expr:FAM214A,expression,0.00019557855619573372,47,0.94
expr:SYTL5,expression,0.00019467323242376247,18,0.36
expr:AL049839.2,expression,0.0001941685466310726,13,0.26
meth:RAN,methylation,0.00019380583479586575,18,0.36
meth:C4orf45,methylation,0.0001937021588673815,4,0.08
meth:SCGB3A2,methylation,0.00019306546060501466,14,0.28
expr:LRIG1,expression,0.00019216158737738926,45,0.9
expr:SIDT1,expression,0.0001918124802846541,47,0.94
meth:SPIC,methylation,0.00019135239999741317,10,0.2
expr:CPED1,expression,0.0001894252814559473,18,0.36
meth:CRY2,methylation,0.00018938598805107176,18,0.36
expr:AL117339.4,expression,0.00018935019827701828,11,0.22
meth:ERN1,methylation,0.00018910225480794907,6,0.12
expr:CD1E,expression,0.00018765219967022085,33,0.66
expr:RORA,expression,0.0001869722506783616,26,0.52
expr:SPOCD1,expression,0.00018637024913914502,2,0.04
expr:TLX3,expression,0.00018585877027362584,50,1.0
meth:QRFP,methylation,0.00018577998049468513,42,0.84
expr:POU5F1B,expression,0.0001849608961492777,2,0.04
expr:KCNN3,expression,0.00018485321197658777,8,0.16
expr:XCL2,expression,0.00018453379161655902,10,0.2
meth:HGFAC,methylation,0.00018374520974854627,21,0.42
expr:KCNA3,expression,0.0001831795476997892,9,0.18
expr:IGF2,expression,0.0001828476476172606,9,0.18
expr:ENPP6,expression,0.00018252009758725762,10,0.2
meth:GBGT1,methylation,0.00018154319453363618,6,0.12
expr:SMIM33,expression,0.00018133203654239574,6,0.12
meth:CCDC88A,methylation,0.00018047395860776305,8,0.16
expr:DUXB,expression,0.0001791408464599114,26,0.52
meth:HDC,methylation,0.00017730204854160547,4,0.08
expr:CDH5,expression,0.00017683314056032233,9,0.18
meth:MYH11,methylation,0.0001760156398328642,6,0.12
meth:MIR106B,methylation,0.00017518299217853282,18,0.36
meth:GRAP2,methylation,0.00017432686096678177,12,0.24
expr:USP50,expression,0.00017378492891017734,29,0.58
expr:DNAH7,expression,0.00017278024461120367,18,0.36
meth:TRIP10,methylation,0.00017261106647007787,12,0.24
meth:C2orf81,methylation,0.0001725434817166792,18,0.36
expr:IL6ST,expression,0.00017032260075211525,50,1.0
meth:ELANE,methylation,0.00016935305029619485,16,0.32
meth:KSR1,methylation,0.00016921202186495065,20,0.4
expr:TSSK4,expression,0.00016906080791392387,39,0.78
meth:ZEB1,methylation,0.0001680219080299139,15,0.3
expr:PIP5KL1,expression,0.00016791703334699074,3,0.06
expr:SERPINA6,expression,0.00016772994422353804,1,0.02
expr:KRT16,expression,0.00016713188961148262,10,0.2
expr:HIPK4,expression,0.0001664417925187283,9,0.18
expr:PBX1,expression,0.00016471192793687806,24,0.48
meth:CEACAM5,methylation,0.00016440463799011448,23,0.46
expr:ZNF418,expression,0.00016280904842110781,13,0.26
expr:C2orf92,expression,0.0001613555775423135,7,0.14
expr:BPTF,expression,0.00016059717128166196,33,0.66
expr:CDK6,expression,0.00016035755591777465,3,0.06
meth:FAM102A,methylation,0.00015991286804469733,26,0.52
expr:MAGEC3,expression,0.00015986500180919063,11,0.22
meth:MAP1LC3C,methylation,0.0001597526619055619,6,0.12
expr:PLSCR4,expression,0.0001592156768310815,40,0.8
expr:FLNB,expression,0.00015785198667328114,27,0.54
expr:ISOC1,expression,0.00015724060497069288,21,0.42
expr:FAM169A,expression,0.0001567199340507645,29,0.58
expr:TRAT1,expression,0.00015666976611575356,23,0.46
meth:ANGPTL2,methylation,0.00015593291453381138,41,0.82
expr:TRIM68,expression,0.00015579028986394404,5,0.1
expr:DNAI1,expression,0.0001545638868784798,14,0.28
expr:TTC23L,expression,0.00015411955407924123,45,0.9
meth:C1QTNF6,methylation,0.00015381416596937925,4,0.08
expr:CATIP,expression,0.00015356260701082647,16,0.32
expr:SIX4,expression,0.00015324818862912556,24,0.48
expr:CDH23,expression,0.0001531966457453867,12,0.24
expr:STEAP2,expression,0.00015314704893777767,45,0.9
expr:FEV,expression,0.00015248943148463061,33,0.66
expr:IKZF1,expression,0.000151428057708674,9,0.18
meth:EIF4G1,methylation,0.00015138444141484796,40,0.8
expr:SMIM14,expression,0.000151229720689695,44,0.88
expr:TMEM156,expression,0.0001511132219233192,26,0.52
expr:HNF1A,expression,0.00014991576608736068,4,0.08
meth:PISRT1,methylation,0.0001497964549344033,4,0.08
meth:VENTX,methylation,0.00014945550356060266,7,0.14
expr:GLUL,expression,0.00014862620558303135,13,0.26
meth:EXOSC2,methylation,0.0001476751931477338,8,0.16
expr:CACNB4,expression,0.00014743579473967353,30,0.6
meth:ADIG,methylation,0.00014727126755234267,9,0.18
expr:SLC11A1,expression,0.00014660565093869255,21,0.42
expr:CTNNA3,expression,0.00014609289688191244,14,0.28
expr:MED13,expression,0.00014527216262649745,8,0.16
expr:ADAMTS15,expression,0.00014497995531807342,3,0.06
expr:PABPC1L2A,expression,0.00014448216340194145,9,0.18
expr:OTP,expression,0.0001437614788301289,5,0.1
expr:KERA,expression,0.00014360272325575352,14,0.28
meth:C1orf157,methylation,0.00014340871065441106,18,0.36
meth:GKN2,methylation,0.00014276240835897624,3,0.06
meth:MIR1304,methylation,0.00014216242085114634,29,0.58
meth:PARK2,methylation,0.0001409754855558276,5,0.1
meth:KCNK15,methylation,0.00014022875111550093,20,0.4
meth:ICAM5,methylation,0.00013923653168603777,10,0.2
expr:C5orf47,expression,0.00013902978712899817,9,0.18
expr:CLEC1A,expression,0.0001387246399341772,12,0.24
meth:P2RY11,methylation,0.00013785255703561264,29,0.58
meth:IGFALS,methylation,0.000137717059502999,30,0.6
meth:MYO16,methylation,0.000137670566082785,19,0.38
meth:SNORD123,methylation,0.00013705606397707015,16,0.32
meth:CD14,methylation,0.0001370151488420864,3,0.06
expr:TMEM220,expression,0.0001352547604421323,11,0.22
meth:RGS12,methylation,0.00013104047550433805,19,0.38
expr:CD96,expression,0.00012946687638759613,13,0.26
expr:ZNF484,expression,0.0001257691696724471,17,0.34
expr:RAB31,expression,0.00012555575813166797,6,0.12
expr:DRC3,expression,0.0001235312523325168,48,0.96
meth:SERPINA5,methylation,0.0001232120193890296,6,0.12
meth:IZUMO1,methylation,0.00012275409796435772,29,0.58
expr:FUT8,expression,0.00012220690191230352,17,0.34
expr:FITM2,expression,0.00012206756946397945,1,0.02
expr:ANKRD40,expression,0.00012162712608607343,13,0.26
meth:CRYBB2,methylation,0.00012126446773226444,13,0.26
meth:CRISP2,methylation,0.00012095223646610976,5,0.1
expr:CCKAR,expression,0.00012040226283716038,16,0.32
expr:CADPS2,expression,0.00012039665598422289,10,0.2
expr:RBL2,expression,0.00011994299478828907,25,0.5
meth:CLIC5,methylation,0.000119365518912673,19,0.38
meth:CSF3,methylation,0.00011828235639970646,36,0.72
expr:FGF8,expression,0.00011803729589595351,43,0.86
meth:ENDOG,methylation,0.00011609783579938506,38,0.76
expr:EML5,expression,0.0001153886162986358,12,0.24
meth:ANKRD23,methylation,0.0001128194077561299,33,0.66
meth:CEACAM19,methylation,0.00011225074477907684,18,0.36
expr:ZIM2,expression,0.0001116589539580875,9,0.18
expr:DOK6,expression,0.00011164445507650574,30,0.6
meth:GCNT4,methylation,0.00011139100284448691,7,0.14
expr:CFAP99,expression,0.0001112712467416983,27,0.54
expr:SESTD1,expression,0.00010980536899296567,8,0.16
expr:GCSAML,expression,0.0001090299992938526,8,0.16
expr:THEMIS,expression,0.00010902361156275639,26,0.52
expr:NPY1R,expression,0.00010712920201887541,34,0.68
expr:SPNS1,expression,0.00010633342234151704,21,0.42
expr:CABYR,expression,0.0001062369377787916,31,0.62
expr:TFF1,expression,0.00010607627142841617,15,0.3
expr:AC008758.6,expression,0.00010547376725645292,21,0.42
meth:TUBB2B,methylation,0.00010520886983080157,29,0.58
expr:FOXP2,expression,0.00010504809906706214,10,0.2
expr:TCAF2,expression,0.0001049610270586397,14,0.28
meth:ASZ1,methylation,0.00010363700372787814,6,0.12
meth:PDE6B,methylation,0.00010338092882496615,6,0.12
expr:TRPC3,expression,0.00010245808840004934,9,0.18
expr:RASSF6,expression,0.00010197209373403054,13,0.26
expr:MS4A2,expression,0.00010153094697142802,31,0.62
meth:STAB2,methylation,0.00010102025407832116,16,0.32
expr:SCML4,expression,0.00010027260577771813,16,0.32
expr:PLCH1,expression,0.00010023720824392512,1,0.02
expr:CARD18,expression,9.918691486948066e-05,18,0.36
meth:CSTL1,methylation,9.913763138823785e-05,13,0.26
expr:ADGB,expression,9.87108085407979e-05,36,0.72
expr:BHMT,expression,9.870552681744672e-05,13,0.26
expr:KAT6B,expression,9.844805427579855e-05,49,0.98
expr:NDP,expression,9.829574264585972e-05,7,0.14
expr:SLC9A3R1,expression,9.809130902535148e-05,7,0.14
expr:CXCL9,expression,9.653227170929313e-05,10,0.2
expr:NKX2-5,expression,9.456459831978594e-05,28,0.56
expr:RAPGEF4,expression,9.426167040752868e-05,12,0.24
meth:HTR2B,methylation,9.423655977186102e-05,13,0.26
meth:MGST1,methylation,9.378296849520311e-05,23,0.46
expr:PDZD3,expression,9.378215518633002e-05,19,0.38
expr:NEDD4,expression,9.177743922919034e-05,15,0.3
meth:FLJ35024,methylation,9.117151708587219e-05,19,0.38
expr:PPIL6,expression,9.080228539040455e-05,13,0.26
expr:KLK2,expression,9.054260832878451e-05,18,0.36
meth:SH3BP4,methylation,8.981870632851496e-05,16,0.32
expr:PRR7,expression,8.746098980984904e-05,22,0.44
expr:NKAIN1,expression,8.717483724467457e-05,25,0.5
expr:USP6,expression,8.71284180046881e-05,34,0.68
expr:C6orf163,expression,8.589664939790964e-05,15,0.3
expr:ZSCAN23,expression,8.568511943199805e-05,21,0.42
expr:ICAM5,expression,8.397889489840184e-05,7,0.14
expr:GABRA2,expression,8.310159319080412e-05,6,0.12
expr:NOSTRIN,expression,8.034306731794707e-05,22,0.44
meth:ART5,methylation,7.996090506720875e-05,9,0.18
expr:PTPRB,expression,7.945861268256391e-05,42,0.84
expr:CCR6,expression,7.889276769544397e-05,42,0.84
expr:IGDCC3,expression,7.764568838935632e-05,26,0.52
expr:C1QL2,expression,7.594041380798444e-05,2,0.04
meth:MIR623,methylation,7.422862108796835e-05,23,0.46
meth:FUT3,methylation,7.362914038822055e-05,26,0.52
expr:ZDHHC11,expression,7.302165031433105e-05,5,0.1
meth:FNDC4,methylation,7.273732788032955e-05,36,0.72
expr:ADGRA3,expression,7.241972101231416e-05,15,0.3
expr:SLC19A2,expression,7.154754585707965e-05,46,0.92
expr:COL22A1,expression,7.039222206609945e-05,24,0.48
expr:TMEM144,expression,6.968139704050762e-05,28,0.56
meth:PCDHGB3,methylation,6.84627375449054e-05,16,0.32
meth:VAX2,methylation,6.787031888961792e-05,35,0.7
expr:MAOB,expression,6.676999328192323e-05,8,0.16
expr:ABRACL,expression,6.625713285757229e-05,8,0.16
expr:TTC30A,expression,6.59391340432745e-05,33,0.66
expr:XBP1,expression,6.415296288929424e-05,49,0.98
expr:PIRT,expression,6.280698289629072e-05,20,0.4
meth:NKAIN3,methylation,6.27930203336291e-05,32,0.64
expr:COX20,expression,6.262122098213204e-05,13,0.26
expr:EDARADD,expression,6.212572704746641e-05,22,0.44
meth:SLC17A8,methylation,6.193901891961242e-05,33,0.66
expr:DHCR24,expression,6.094163365881233e-05,17,0.34
expr:AJUBA,expression,6.0920443502254784e-05,6,0.12
expr:ANXA9,expression,6.003903364194784e-05,41,0.82
expr:DNAH5,expression,5.927215203304183e-05,11,0.22
meth:SNORD18C,methylation,5.702062844648026e-05,32,0.64
expr:ABCC11,expression,5.619575968012214e-05,10,0.2
expr:CCDC102A,expression,5.5943656226863034e-05,23,0.46
expr:C17orf64,expression,5.564485763898119e-05,1,0.02
expr:KCNE4,expression,5.456842700368725e-05,8,0.16
meth:GSTA3,methylation,5.3708745247643925e-05,23,0.46
expr:RGR,expression,5.306304956320673e-05,24,0.48
expr:SPEF2,expression,5.2938406469718534e-05,49,0.98
expr:ASTN2,expression,5.289662318925063e-05,15,0.3
expr:TP53TG3D,expression,5.2566558588296174e-05,15,0.3
meth:HEPN1,methylation,5.242069660611874e-05,11,0.22
expr:GNAO1,expression,5.191327155833798e-05,7,0.14
expr:HTN1,expression,5.015577577675382e-05,24,0.48
expr:BTNL3,expression,4.932559677399695e-05,20,0.4
meth:RCN3,methylation,4.76631896824322e-05,22,0.44
meth:LRP2BP,methylation,4.458851413801312e-05,25,0.5
expr:KRT35,expression,4.418441999910606e-05,9,0.18
expr:TESMIN,expression,4.327611796642569e-05,11,0.22
expr:C1QL4,expression,4.322830500314012e-05,8,0.16
meth:PLIN2,methylation,4.171706475770204e-05,36,0.72
expr:RPS6KA5,expression,4.111052993194837e-05,38,0.76
expr:C1QTNF12,expression,4.05587961722631e-05,2,0.04
expr:CCDC96,expression,4.0489991079084575e-05,5,0.1
expr:ARHGEF10,expression,4.014567093690857e-05,12,0.24
meth:SNORA48,methylation,3.923858647518184e-05,23,0.46
expr:AGR3,expression,3.833851600386973e-05,29,0.58
expr:H4C3,expression,3.749879860234532e-05,11,0.22
expr:MEF2C,expression,3.7178146437956734e-05,13,0.26
expr:ASS1,expression,3.6954181268811226e-05,14,0.28
expr:ATXN1,expression,3.5635722451843324e-05,10,0.2
meth:C5AR1,methylation,3.484752559070957e-05,29,0.58
expr:CDX2,expression,3.3495991374365985e-05,3,0.06
expr:CDHR3,expression,3.292773908469826e-05,5,0.1
expr:ZNF214,expression,3.0394117437446348e-05,26,0.52
meth:CSTT,methylation,2.933822716364548e-05,21,0.42
expr:CDS1,expression,2.8299458790570498e-05,2,0.04
expr:MSI2,expression,2.6573355746816616e-05,49,0.98
expr:SLC45A1,expression,2.6493366979258625e-05,19,0.38
expr:AC118553.2,expression,2.5812623789533973e-05,14,0.28
expr:LRBA,expression,2.5267079998288424e-05,31,0.62
meth:SLC4A11,methylation,2.4641932147305185e-05,41,0.82
expr:ARMT1,expression,2.4570004825363867e-05,4,0.08
expr:CFAP70,expression,2.2685530558718663e-05,19,0.38
expr:GREB1,expression,2.1961604215903207e-05,50,1.0
expr:TTC6,expression,2.121195607089802e-05,23,0.46
meth:C21orf70,methylation,2.105620418054362e-05,30,0.6
meth:GPR97,methylation,2.0376930478960276e-05,15,0.3
meth:CLRN1OS,methylation,2.0376812185971966e-05,31,0.62
expr:FAAH2,expression,1.9516927811006705e-05,15,0.3
expr:FSIP1,expression,1.8878799164667725e-05,30,0.6
meth:TNNT2,methylation,1.8412645699249375e-05,45,0.9
expr:GCNT4,expression,1.8143591205443954e-05,32,0.64
expr:ZNF804A,expression,1.7847117435719285e-05,28,0.56
expr:ZNF92,expression,1.721782733666453e-05,47,0.94
expr:CD8A,expression,1.5588777387165464e-05,16,0.32
meth:PKP1,methylation,1.4947916497476399e-05,18,0.36
meth:SNORA62,methylation,1.3279505462075273e-05,15,0.3
meth:TMEM204,methylation,1.1271223047515378e-05,5,0.1
expr:ETNK2,expression,1.0528656902947816e-05,29,0.58
expr:CNGB1,expression,9.982757748932474e-06,36,0.72
expr:HPX,expression,9.375039483599652e-06,13,0.26
meth:ETNK1,methylation,7.301062093271564e-06,15,0.3
expr:PGLYRP3,expression,6.5103654792024335e-06,22,0.44
meth:KRTAP15-1,methylation,4.6786125217888346e-06,23,0.46
meth:MAP1A,methylation,0.0,1,0.02
meth:LTB4R2,methylation,0.0,0,0.0
meth:LCAT,methylation,0.0,0,0.0
expr:BHMT2,expression,0.0,11,0.22
expr:C14orf180,expression,0.0,0,0.0
meth:LBP,methylation,0.0,0,0.0
meth:LBXCOR1,methylation,0.0,1,0.02
meth:LBX1,methylation,0.0,1,0.02
meth:MIR196B,methylation,0.0,1,0.02
expr:BAHCC1,expression,0.0,0,0.0
meth:LBX2,methylation,0.0,0,0.0
meth:LRFN5,methylation,0.0,0,0.0
meth:LRFN4,methylation,0.0,16,0.32
meth:LDHAL6A,methylation,0.0,0,0.0
meth:LDHAL6B,methylation,0.0,0,0.0
meth:LDHB,methylation,0.0,1,0.02
meth:MAMDC4,methylation,0.0,0,0.0
expr:BNIP5,expression,0.0,0,0.0
meth:LDHC,methylation,0.0,0,0.0
meth:LDHD,methylation,0.0,0,0.0
expr:B4GALNT2,expression,0.0,0,0.0
meth:LCN10,methylation,0.0,0,0.0
expr:B4GALNT1,expression,0.0,0,0.0
meth:MIR196A2,methylation,0.0,0,0.0
expr:BICDL2,expression,0.0,0,0.0
expr:C13orf46,expression,0.0,0,0.0
meth:LCE5A,methylation,0.0,0,0.0
expr:BMPER,expression,0.0,0,0.0
meth:LDLRAD1,methylation,0.0,1,0.02
meth:LDLRAD2,methylation,0.0,1,0.02
meth:MACF1,methylation,0.0,0,0.0
meth:MIR199A2,methylation,0.0,0,0.0
meth:LCN1,methylation,0.0,4,0.08
meth:MIR1975,methylation,0.0,0,0.0
meth:LCN6,methylation,0.0,0,0.0
meth:LCE1A,methylation,0.0,0,0.0
expr:BAMBI,expression,0.0,0,0.0
expr:C11orf91,expression,0.0,0,0.0
expr:B3GNT7,expression,0.0,3,0.06
expr:C11orf94,expression,0.0,0,0.0
meth:LTBP4,methylation,0.0,2,0.04
meth:LCE3A,methylation,0.0,0,0.0
meth:LCT,methylation,0.0,0,0.0
expr:C11orf97,expression,0.0,0,0.0
meth:LCE2D,methylation,0.0,0,0.0
meth:LCTL,methylation,0.0,1,0.02
meth:LTBR,methylation,0.0,0,0.0
meth:MAML2,methylation,0.0,2,0.04
expr:C12orf50,expression,0.0,0,0.0
meth:LDB2,methylation,0.0,0,0.0
meth:LCE1F,methylation,0.0,0,0.0
meth:LCE2B,methylation,0.0,0,0.0
meth:MARCH4,methylation,0.0,0,0.0
meth:MAN1C1,methylation,0.0,0,0.0
meth:MIR1976,methylation,0.0,1,0.02
meth:LCE6A,methylation,0.0,0,0.0
expr:B3GNT8,expression,0.0,0,0.0
meth:LILRB2,methylation,0.0,0,0.0
meth:MIR197,methylation,0.0,0,0.0
meth:MIR1979,methylation,0.0,0,0.0
meth:LCN8,methylation,0.0,1,0.02
meth:LTBP2,methylation,0.0,0,0.0
expr:C14orf39,expression,0.0,0,0.0
meth:LCN9,methylation,0.0,0,0.0
expr:BAIAP2L2,expression,0.0,2,0.04
meth:LCP1,methylation,0.0,0,0.0
meth:LRFN2,methylation,0.0,0,0.0
meth:LCP2,methylation,0.0,0,0.0
expr:B3GNT5,expression,0.0,0,0.0
expr:BAIAP3,expression,0.0,0,0.0
expr:C11orf87,expression,0.0,0,0.0
meth:LTBP3,methylation,0.0,0,0.0
meth:LCE3E,methylation,0.0,0,0.0
meth:LCE4A,methylation,0.0,0,0.0
expr:C11orf80,expression,0.0,0,0.0
expr:BIK,expression,0.0,0,0.0
meth:LRCH1,methylation,0.0,0,0.0
meth:MIR198,methylation,0.0,1,0.02
meth:LRAT,methylation,0.0,0,0.0
meth:MAMSTR,methylation,0.0,0,0.0
expr:BMP8B,expression,0.0,0,0.0
meth:LCE3D,methylation,0.0,0,0.0
expr:B3GNT6,expression,0.0,0,0.0
expr:BLVRA,expression,0.0,2,0.04
expr:BMP3,expression,0.0,0,0.0
expr:BICC1,expression,0.0,1,0.02
meth:LAMA4,methylation,0.0,0,0.0
meth:MIR25,methylation,0.0,11,0.22
meth:MIR26B,methylation,0.0,0,0.0
meth:LECT1,methylation,0.0,11,0.22
expr:BICD1,expression,0.0,0,0.0
meth:LEPREL1,methylation,0.0,0,0.0
expr:BMP4,expression,0.0,0,0.0
meth:LEUTX,methylation,0.0,0,0.0
expr:C11orf53,expression,0.0,0,0.0
meth:MIR296,methylation,0.0,0,0.0
expr:C16orf92,expression,0.0,0,0.0
expr:BMP5,expression,0.0,0,0.0
meth:MIR195,methylation,0.0,0,0.0
meth:LAMA3,methylation,0.0,14,0.28
expr:B4GALT6,expression,0.0,0,0.0
expr:BAALC,expression,0.0,0,0.0
expr:BIN2,expression,0.0,0,0.0
meth:LRRC36,methylation,0.0,0,0.0
meth:LELP1,methylation,0.0,0,0.0
meth:MAGOH,methylation,0.0,0,0.0
expr:BIRC3,expression,0.0,3,0.06
meth:LEFTY1,methylation,0.0,0,0.0
meth:LAMC3,methylation,0.0,0,0.0
expr:BARX1,expression,0.0,0,0.0
expr:BLVRB,expression,0.0,0,0.0
meth:LAMP3,methylation,0.0,0,0.0
expr:BMI1,expression,0.0,0,0.0
meth:LAMC2,methylation,0.0,0,0.0
expr:BARX2,expression,0.0,0,0.0
meth:LEP,methylation,0.0,0,0.0
meth:LRRC4,methylation,0.0,0,0.0
meth:LDLRAD3,methylation,0.0,0,0.0
meth:LEAP2,methylation,0.0,0,0.0
expr:BMP2K,expression,0.0,2,0.04
meth:LAMB4,methylation,0.0,0,0.0
expr:BMP6,expression,0.0,0,0.0
meth:MAGEL2,methylation,0.0,0,0.0
meth:MAGI2,methylation,0.0,0,0.0
meth:MAG,methylation,0.0,0,0.0
meth:LAMB3,methylation,0.0,2,0.04
meth:LEPR,methylation,0.0,0,0.0
expr:C16orf96,expression,0.0,0,0.0
expr:BMP2,expression,0.0,1,0.02
expr:BMP7,expression,0.0,0,0.0
meth:LAMB2,methylation,0.0,0,0.0
meth:MIR193B,methylation,0.0,1,0.02
meth:MIR194-1,methylation,0.0,0,0.0
expr:C11orf52,expression,0.0,1,0.02
meth:LRRC32,methylation,0.0,0,0.0
expr:BNC2,expression,0.0,0,0.0
expr:BOC,expression,0.0,0,0.0
expr:BLM,expression,0.0,0,0.0
expr:C12orf56,expression,0.0,2,0.04
meth:LARP1,methylation,0.0,0,0.0
expr:BNC1,expression,0.0,1,0.02
meth:MIR196A1,methylation,0.0,2,0.04
meth:LAPTM5,methylation,0.0,0,0.0
expr:C12orf60,expression,0.0,0,0.0
expr:BACH1,expression,0.0,0,0.0
meth:MADCAM1,methylation,0.0,0,0.0
expr:BMX,expression,0.0,2,0.04
meth:LCE1C,methylation,0.0,0,0.0
expr:BMP8A,expression,0.0,0,0.0
meth:MIR19B1,methylation,0.0,0,0.0
expr:C12orf75,expression,0.0,0,0.0
meth:LCE1B,methylation,0.0,0,0.0
meth:LTB4R,methylation,0.0,0,0.0
expr:BAG2,expression,0.0,0,0.0
meth:MIR19A,methylation,0.0,0,0.0
meth:LDB3,methylation,0.0,0,0.0
expr:BAG4,expression,0.0,0,0.0
expr:C12orf71,expression,0.0,0,0.0
meth:LEMD1,methylation,0.0,4,0.08
meth:LBH,methylation,0.0,0,0.0
meth:MIR200A,methylation,0.0,0,0.0
expr:C15orf48,expression,0.0,0,0.0
expr:BIRC5,expression,0.0,0,0.0
meth:LAYN,methylation,0.0,0,0.0
expr:C15orf62,expression,0.0,0,0.0
meth:LAX1,methylation,0.0,3,0.06
expr:BARHL2,expression,0.0,0,0.0
meth:LCN2,methylation,0.0,0,0.0
meth:LAT,methylation,0.0,0,0.0
expr:BICDL1,expression,0.0,0,0.0
expr:C16orf90,expression,0.0,0,0.0
meth:LASS3,methylation,0.0,0,0.0
meth:MAFB,methylation,0.0,1,0.02
meth:LRRC33,methylation,0.0,0,0.0
expr:BIVM,expression,0.0,0,0.0
expr:C16orf71,expression,0.0,0,0.0
meth:LASS1,methylation,0.0,0,0.0
expr:BLACAT1,expression,0.0,0,0.0
expr:C16orf74,expression,0.0,0,0.0
meth:MAEL,methylation,0.0,0,0.0
meth:LCN15,methylation,0.0,1,0.02
expr:C16orf86,expression,0.0,0,0.0
expr:C16orf89,expression,0.0,1,0.02
expr:C16orf54,expression,0.0,8,0.16
meth:KRT80,methylation,0.0,0,0.0
meth:KRT81,methylation,0.0,0,0.0
meth:KRT82,methylation,0.0,0,0.0
meth:MIR541,methylation,0.0,0,0.0
meth:MIR539,methylation,0.0,0,0.0
meth:KRT83,methylation,0.0,0,0.0
meth:MIR527,methylation,0.0,0,0.0
meth:LYN,methylation,0.0,0,0.0
meth:LST1,methylation,0.0,0,0.0
meth:KRT84,methylation,0.0,0,0.0
meth:MIR526A2,methylation,0.0,0,0.0
meth:KRT85,methylation,0.0,0,0.0
meth:MACC1,methylation,0.0,0,0.0
meth:MIR526A1,methylation,0.0,0,0.0
meth:MIR412,methylation,0.0,0,0.0
meth:KRT86,methylation,0.0,0,0.0
meth:MIR411,methylation,0.0,0,0.0
meth:MIR526B,methylation,0.0,0,0.0
meth:LYPD1,methylation,0.0,0,0.0
meth:MIR525,methylation,0.0,0,0.0
meth:KRT14,methylation,0.0,0,0.0
meth:KRT15,methylation,0.0,0,0.0
meth:MIR524,methylation,0.0,0,0.0
meth:KRT16,methylation,0.0,0,0.0
meth:MIR523,methylation,0.0,0,0.0
meth:LYNX1,methylation,0.0,0,0.0
meth:MIR543,methylation,0.0,0,0.0
meth:MIR520G,methylation,0.0,0,0.0
meth:KRT20,methylation,0.0,0,0.0
meth:MIR520E,methylation,0.0,0,0.0
meth:MIR520C,methylation,0.0,0,0.0
meth:KRT222,methylation,0.0,0,0.0
meth:MIR520A,methylation,0.0,0,0.0
meth:MIR548A1,methylation,0.0,0,0.0
meth:MAPK10,methylation,0.0,0,0.0
expr:C17orf107,expression,0.0,0,0.0
meth:MIR521-2,methylation,0.0,0,0.0
meth:MIR453,methylation,0.0,0,0.0
meth:KRT33B,methylation,0.0,0,0.0
meth:MAPK15,methylation,0.0,2,0.04
meth:MIR449B,methylation,0.0,0,0.0
meth:LYZL4,methylation,0.0,0,0.0
meth:LYZ,methylation,0.0,0,0.0
meth:KRT5,methylation,0.0,0,0.0
meth:KRT6B,methylation,0.0,0,0.0
meth:MIR410,methylation,0.0,0,0.0
meth:KRT6C,methylation,0.0,0,0.0
meth:KRT7,methylation,0.0,0,0.0
expr:C1QTNF1,expression,0.0,2,0.04
meth:MIR433,methylation,0.0,0,0.0
meth:MIR432,methylation,0.0,0,0.0
meth:MIR431,methylation,0.0,0,0.0
meth:LYVE1,methylation,0.0,0,0.0
expr:C1QTNF3,expression,0.0,0,0.0
meth:MIR449A,methylation,0.0,0,0.0
meth:MIR409,methylation,0.0,0,0.0
meth:MAPK12,methylation,0.0,1,0.02
meth:LZTS1,methylation,0.0,0,0.0
meth:MIR382,methylation,0.0,0,0.0
meth:LYZL6,methylation,0.0,0,0.0
meth:KRTAP1-3,methylation,0.0,2,0.04
meth:KRT71,methylation,0.0,0,0.0
meth:KRT73,methylation,0.0,0,0.0
meth:MIR379,methylation,0.0,0,0.0
meth:KRT74,methylation,0.0,0,0.0
meth:MAPK13,methylation,0.0,0,0.0
meth:KRT75,methylation,0.0,0,0.0
meth:KRT76,methylation,0.0,0,0.0
meth:MIR380,methylation,0.0,0,0.0
meth:KRT78,methylation,0.0,0,0.0
meth:KRT79,methylation,0.0,1,0.02
meth:KRT8,methylation,0.0,0,0.0
meth:KRT31,methylation,0.0,0,0.0
meth:MIR381,methylation,0.0,0,0.0
meth:KLHL33,methylation,0.0,1,0.02
meth:KLHL35,methylation,0.0,0,0.0
meth:MIR517A,methylation,0.0,0,0.0
meth:KLHL36,methylation,0.0,0,0.0
meth:LUZP2,methylation,0.0,0,0.0
meth:KLHL38,methylation,0.0,0,0.0
meth:MAP6D1,methylation,0.0,0,0.0
meth:KLHL6,methylation,0.0,0,0.0
meth:KRT12,methylation,0.0,0,0.0
meth:KLK1,methylation,0.0,1,0.02
meth:LUC7L,methylation,0.0,0,0.0
meth:LTK,methylation,0.0,0,0.0
expr:C1GALT1,expression,0.0,0,0.0
expr:C1GALT1C1L,expression,0.0,0,0.0
expr:C1QA,expression,0.0,5,0.1
expr:C1QB,expression,0.0,2,0.04
meth:LYL1,methylation,0.0,1,0.02
meth:MIR516B2,methylation,0.0,0,0.0
meth:MIR581,methylation,0.0,0,0.0
meth:KLRG1,methylation,0.0,0,0.0
meth:MIR578,methylation,0.0,0,0.0
meth:KLK11,methylation,0.0,0,0.0
meth:MIR518A1,methylation,0.0,4,0.08
meth:KLK12,methylation,0.0,0,0.0
meth:KLK14,methylation,0.0,0,0.0
meth:KLK2,methylation,0.0,0,0.0
meth:LVRN,methylation,0.0,0,0.0
meth:LY6G6D,methylation,0.0,0,0.0
meth:MAP6,methylation,0.0,0,0.0
meth:LY6D,methylation,0.0,0,0.0
meth:KLK4,methylation,0.0,0,0.0
meth:KLK5,methylation,0.0,0,0.0
meth:KLK6,methylation,0.0,0,0.0
meth:KLHL31,methylation,0.0,0,0.0
meth:LXN,methylation,0.0,0,0.0
meth:KLHL32,methylation,0.0,0,0.0
meth:KLK3,methylation,0.0,1,0.02
meth:LY6K,methylation,0.0,0,0.0
meth:MIR519C,methylation,0.0,0,0.0
meth:MIR519B,methylation,0.0,0,0.0
meth:LY6H,methylation,0.0,0,0.0
expr:C17orf67,expression,0.0,0,0.0
meth:LY6G6E,methylation,0.0,0,0.0
meth:MIR518F,methylation,0.0,0,0.0
expr:C17orf78,expression,0.0,0,0.0
expr:C1QL1,expression,0.0,0,0.0
meth:LYPD5,methylation,0.0,1,0.02
meth:MIR518E,methylation,0.0,0,0.0
meth:MIR518D,methylation,0.0,0,0.0
expr:C17orf98,expression,0.0,0,0.0
meth:LYPD4,methylation,0.0,0,0.0
meth:MIR518B,methylation,0.0,0,0.0
meth:LYPD3,methylation,0.0,1,0.02
meth:MIR518A2,methylation,0.0,0,0.0
meth:LYPD2,methylation,0.0,0,0.0
meth:LYPLA2P1,methylation,0.0,0,0.0
meth:MIR516B1,methylation,0.0,0,0.0
meth:MIR516A2,methylation,0.0,0,0.0
expr:C1QL3,expression,0.0,0,0.0
expr:C17orf99,expression,0.0,0,0.0
meth:LYG1,methylation,0.0,0,0.0
expr:C18orf63,expression,0.0,0,0.0
meth:MIR515-2,methylation,0.0,0,0.0
expr:C19orf18,expression,0.0,2,0.04
expr:C17orf50,expression,0.0,1,0.02
expr:C19orf57,expression,0.0,0,0.0
meth:LY9,methylation,0.0,0,0.0
expr:C19orf67,expression,0.0,0,0.0
meth:MIR515-1,methylation,0.0,0,0.0
meth:LY86,methylation,0.0,0,0.0
expr:C19orf84,expression,0.0,0,0.0
meth:MIR512-2,methylation,0.0,0,0.0
meth:LY75,methylation,0.0,1,0.02
meth:MIR519D,methylation,0.0,0,0.0
expr:C19orf38,expression,0.0,0,0.0
meth:LAMA2,methylation,0.0,0,0.0
meth:KRTAP9-4,methylation,0.0,0,0.0
meth:LSP1,methylation,0.0,0,0.0
meth:KRTDAP,methylation,0.0,0,0.0
meth:MIR339,methylation,0.0,0,0.0
meth:KY,methylation,0.0,0,0.0
meth:LSM12,methylation,0.0,0,0.0
meth:MIR377,methylation,0.0,0,0.0
meth:MAPK3,methylation,0.0,0,0.0
meth:L3MBTL,methylation,0.0,0,0.0
meth:MIR376C,methylation,0.0,0,0.0
meth:L3MBTL4,methylation,0.0,0,0.0
meth:LACRT,methylation,0.0,0,0.0
meth:KRTAP5-11,methylation,0.0,0,0.0
meth:MIR376B,methylation,0.0,0,0.0
meth:LSAMP,methylation,0.0,0,0.0
meth:LRTM1,methylation,0.0,0,0.0
meth:L1TD1,methylation,0.0,0,0.0
meth:MIR324,methylation,0.0,0,0.0
meth:MIR323,methylation,0.0,0,0.0
meth:MIR320C1,methylation,0.0,4,0.08
meth:LACTB,methylation,0.0,0,0.0
meth:MIR320B2,methylation,0.0,0,0.0
meth:MIR320B1,methylation,0.0,0,0.0
meth:MAP2K6,methylation,0.0,0,0.0
meth:LAD1,methylation,0.0,0,0.0
meth:MARCKS,methylation,0.0,0,0.0
meth:LAG3,methylation,0.0,0,0.0
meth:LTA,methylation,0.0,2,0.04
meth:LAIR1,methylation,0.0,6,0.12
meth:MIR34C,methylation,0.0,0,0.0
meth:MIR34B,methylation,0.0,0,0.0
meth:LAIR2,methylation,0.0,0,0.0
meth:LALBA,methylation,0.0,0,0.0
meth:MIR340,methylation,0.0,0,0.0
meth:LAMA1,methylation,0.0,0,0.0
meth:MIR369,methylation,0.0,0,0.0
expr:B3GAT1,expression,0.0,0,0.0
meth:KRTAP3-1,methylation,0.0,0,0.0
meth:MAP4K1,methylation,0.0,0,0.0
expr:B3GALT5,expression,0.0,1,0.02
meth:MIR2277,methylation,0.0,0,0.0
meth:KRTAP3-3,methylation,0.0,0,0.0
meth:MIR2276,methylation,0.0,0,0.0
meth:LTC4S,methylation,0.0,0,0.0
meth:KRTAP5-4,methylation,0.0,0,0.0
meth:KRTAP4-3,methylation,0.0,5,0.1
meth:KRTAP4-5,methylation,0.0,3,0.06
meth:KRTAP4-8,methylation,0.0,0,0.0
meth:MAL2,methylation,0.0,0,0.0
expr:B4GALNT4,expression,0.0,0,0.0
meth:KRTAP5-1,methylation,0.0,0,0.0
meth:LCE1E,methylation,0.0,0,0.0
expr:B4GALNT3,expression,0.0,0,0.0
meth:KRTAP4-1,methylation,0.0,0,0.0
meth:LRRTM4,methylation,0.0,4,0.08
meth:KRTAP5-6,methylation,0.0,0,0.0
meth:MIR376A2,methylation,0.0,0,0.0
meth:KRTAP5-7,methylation,0.0,1,0.02
meth:MIR376A1,methylation,0.0,0,0.0
meth:MIR373,methylation,0.0,0,0.0
meth:MIR372,methylation,0.0,0,0.0
meth:MIR371,methylation,0.0,0,0.0
meth:MAP3K2,methylation,0.0,0,0.0
meth:KRTAP7-1,methylation,0.0,0,0.0
expr:B3GNT3,expression,0.0,0,0.0
meth:KRTAP8-1,methylation,0.0,4,0.08
expr:B3GNT10,expression,0.0,0,0.0
meth:MAP3K13,methylation,0.0,0,0.0
meth:LTF,methylation,0.0,0,0.0
meth:KRTAP9-2,methylation,0.0,0,0.0
meth:KRTAP27-1,methylation,0.0,1,0.02
expr:B3GAT2,expression,0.0,1,0.02
meth:KRTAP5-8,methylation,0.0,0,0.0
meth:LRRC52,methylation,0.0,0,0.0
meth:LRRC4B,methylation,0.0,0,0.0
meth:LRRC43,methylation,0.0,0,0.0
meth:MAPK8,methylation,0.0,0,0.0
meth:LRRTM2,methylation,0.0,0,0.0
meth:KRTAP2-4,methylation,0.0,2,0.04
meth:KRTAP20-1,methylation,0.0,1,0.02
meth:KRTAP20-3,methylation,0.0,0,0.0
meth:MAP2,methylation,0.0,0,0.0
meth:MIR498,methylation,0.0,0,0.0
meth:MIR497,methylation,0.0,0,0.0
meth:MIR496,methylation,0.0,0,0.0
meth:MIR495,methylation,0.0,0,0.0
meth:KRTAP21-1,methylation,0.0,1,0.02
meth:MIR494,methylation,0.0,0,0.0
meth:LRRN4,methylation,0.0,0,0.0
meth:KRTAP24-1,methylation,0.0,2,0.04
meth:LRRTM1,methylation,0.0,0,0.0
meth:KRT25,methylation,0.0,0,0.0
meth:LYSMD4,methylation,0.0,0,0.0
meth:LRRIQ1,methylation,0.0,0,0.0
meth:MIR490,methylation,0.0,0,0.0
meth:MIR488,methylation,0.0,0,0.0
meth:KRT26,methylation,0.0,0,0.0
meth:LRRC8E,methylation,0.0,0,0.0
meth:LRRC8C,methylation,0.0,0,0.0
meth:KRTAP2-2,methylation,0.0,0,0.0
meth:MIR487A,methylation,0.0,0,0.0
meth:KRT27,methylation,0.0,0,0.0
meth:MIR486,methylation,0.0,0,0.0
meth:LRRC7,methylation,0.0,0,0.0
meth:MIR485,methylation,0.0,0,0.0
meth:MIR483,methylation,0.0,0,0.0
meth:MIR512-1,methylation,0.0,0,0.0
meth:KRT3,methylation,0.0,0,0.0
meth:LRRC6,methylation,0.0,0,0.0
meth:MIR487B,methylation,0.0,0,0.0
meth:MAP1LC3B2,methylation,0.0,0,0.0
meth:MIR301A,methylation,0.0,1,0.02
meth:LRRK1,methylation,0.0,0,0.0
meth:LRRIQ4,methylation,0.0,6,0.12
meth:KRTAP10-10,methylation,0.0,0,0.0
meth:KRTAP10-11,methylation,0.0,0,0.0
meth:LTB,methylation,0.0,0,0.0
meth:MIR300,methylation,0.0,0,0.0
meth:KRTAP26-1,methylation,0.0,1,0.02
meth:MIR299,methylation,0.0,0,0.0
meth:MIR298,methylation,0.0,0,0.0
meth:MIR335,methylation,0.0,0,0.0
meth:MIR329-2,methylation,0.0,0,0.0
meth:KRTAP10-2,methylation,0.0,0,0.0
meth:KRTAP10-3,methylation,0.0,0,0.0
meth:MIR329-1,methylation,0.0,0,0.0
meth:KRTAP10-4,methylation,0.0,0,0.0
meth:KRTAP10-6,methylation,0.0,1,0.02
meth:KRTAP10-12,methylation,0.0,0,0.0
meth:MAP1B,methylation,0.0,2,0.04
meth:MIR493,methylation,0.0,0,0.0
meth:KRTAP17-1,methylation,0.0,5,0.1
meth:MIR492,methylation,0.0,8,0.16
meth:KRTAP19-3,methylation,0.0,2,0.04
meth:LRRN2,methylation,0.0,1,0.02
meth:KRTAP19-5,methylation,0.0,0,0.0
meth:KRTAP19-6,methylation,0.0,2,0.04
meth:KRTAP12-2,methylation,0.0,2,0.04
meth:KRTAP2-1,methylation,0.0,0,0.0
meth:KRTAP10-7,methylation,0.0,0,0.0
meth:MIR30C2,methylation,0.0,0,0.0
meth:KRTAP10-8,methylation,0.0,0,0.0
meth:MIR30B,methylation,0.0,0,0.0
meth:MIR30A,methylation,0.0,0,0.0
meth:LRRN1,methylation,0.0,0,0.0
meth:KRTAP11-1,methylation,0.0,2,0.04
meth:KRTAP12-1,methylation,0.0,0,0.0
meth:KRTAP19-8,methylation,0.0,3,0.06
meth:LOC285733,methylation,0.0,0,0.0
meth:MFAP3L,methylation,0.0,1,0.02
meth:LOC728640,methylation,0.0,0,0.0
meth:LOC285740,methylation,0.0,0,0.0
meth:MFAP2,methylation,0.0,2,0.04
meth:LOC285768,methylation,0.0,3,0.06
meth:LOC285780,methylation,0.0,0,0.0
meth:MBIP,methylation,0.0,0,0.0
meth:MIR152,methylation,0.0,6,0.12
meth:METTL11A,methylation,0.0,0,0.0
meth:METRN,methylation,0.0,0,0.0
meth:LOC285796,methylation,0.0,0,0.0
meth:LOC285830,methylation,0.0,0,0.0
meth:LOC285194,methylation,0.0,0,0.0
meth:LOC285205,methylation,0.0,0,0.0
meth:MBL1P,methylation,0.0,0,0.0
meth:LOC285370,methylation,0.0,0,0.0
meth:MGAM,methylation,0.0,6,0.12
meth:METTL11B,methylation,0.0,0,0.0
meth:MIR1207,methylation,0.0,3,0.06
meth:LOC157627,methylation,0.0,0,0.0
meth:MIR1206,methylation,0.0,0,0.0
meth:LOC148824,methylation,0.0,0,0.0
meth:LOC149620,methylation,0.0,0,0.0
meth:MCHR1,methylation,0.0,2,0.04
meth:LOC150185,methylation,0.0,0,0.0
meth:LOC150197,methylation,0.0,0,0.0
meth:LOC728661,methylation,0.0,0,0.0
meth:MFAP5,methylation,0.0,0,0.0
meth:LOC650226,methylation,0.0,0,0.0
meth:LOC150622,methylation,0.0,0,0.0
meth:MCHR2,methylation,0.0,0,0.0
meth:MFAP4,methylation,0.0,3,0.06
meth:LOC151162,methylation,0.0,0,0.0
meth:LOC151174,methylation,0.0,0,0.0
meth:LOC728743,methylation,0.0,0,0.0
meth:LOC285696,methylation,0.0,0,0.0
meth:MFI2,methylation,0.0,1,0.02
meth:MBOAT4,methylation,0.0,0,0.0
meth:LOC728276,methylation,0.0,0,0.0
meth:LOC731789,methylation,0.0,1,0.02
meth:LOC731779,methylation,0.0,0,0.0
meth:LOC729991-MEF2B,methylation,0.0,0,0.0
meth:LOC729668,methylation,0.0,0,0.0
meth:MFRP,methylation,0.0,0,0.0
meth:LOC283761,methylation,0.0,0,0.0
meth:LOC285419,methylation,0.0,0,0.0
meth:MGC15885,methylation,0.0,0,0.0
meth:LOC283856,methylation,0.0,0,0.0
meth:LOC729384,methylation,0.0,1,0.02
meth:MGC14436,methylation,0.0,0,0.0
meth:MBP,methylation,0.0,1,0.02
meth:LOC283867,methylation,0.0,0,0.0
meth:LOC283999,methylation,0.0,0,0.0
meth:LOC729176,methylation,0.0,1,0.02
meth:MGC12982,methylation,0.0,3,0.06
meth:MFNG,methylation,0.0,0,0.0
meth:LOC728613,methylation,0.0,0,0.0
meth:MGA,methylation,0.0,0,0.0
meth:LOC285501,methylation,0.0,0,0.0
meth:MFSD7,methylation,0.0,0,0.0
meth:LOC728606,methylation,0.0,0,0.0
meth:LOC285548,methylation,0.0,0,0.0
meth:LOC285627,methylation,0.0,0,0.0
meth:LOC284578,methylation,0.0,0,0.0
meth:MBNL2,methylation,0.0,0,0.0
meth:MBL2,methylation,0.0,0,0.0
meth:LOC284661,methylation,0.0,0,0.0
meth:MFSD4,methylation,0.0,1,0.02
meth:LOC284749,methylation,0.0,0,0.0
meth:MFSD2B,methylation,0.0,0,0.0
meth:LOC284788,methylation,0.0,0,0.0
meth:LOC284798,methylation,0.0,0,0.0
meth:LOC728448,methylation,0.0,0,0.0
meth:LOC284805,methylation,0.0,2,0.04
meth:MFSD6L,methylation,0.0,0,0.0
meth:MIR107,methylation,0.0,5,0.1
meth:LOC100271831,methylation,0.0,0,0.0
meth:LOC100271832,methylation,0.0,1,0.02
expr:BEND4,expression,0.0,0,0.0
meth:LOC255411,methylation,0.0,0,0.0
meth:LOC257358,methylation,0.0,0,0.0
meth:LOC26102,methylation,0.0,5,0.1
meth:LOC283174,methylation,0.0,0,0.0
meth:MIR122,methylation,0.0,0,0.0
meth:MIOX,methylation,0.0,6,0.12
meth:MINPP1,methylation,0.0,0,0.0
meth:LOC283332,methylation,0.0,0,0.0
meth:LOC283404,methylation,0.0,0,0.0
meth:LOC646982,methylation,0.0,0,0.0
meth:LOC283731,methylation,0.0,0,0.0
meth:MC4R,methylation,0.0,0,0.0
meth:LOC158376,methylation,0.0,0,0.0
meth:MC5R,methylation,0.0,0,0.0
meth:MIP,methylation,0.0,0,0.0
meth:LOC100289511,methylation,0.0,0,0.0
meth:LOC100302650,methylation,0.0,1,0.02
meth:LOC100302652,methylation,0.0,0,0.0
meth:LOC100310782,methylation,0.0,0,0.0
meth:LOC647946,methylation,0.0,0,0.0
meth:LOC647309,methylation,0.0,0,0.0
meth:LOC113230,methylation,0.0,0,0.0
meth:LOC116437,methylation,0.0,0,0.0
meth:LOC100271722,methylation,0.0,1,0.02
meth:LOC100192426,methylation,0.0,0,0.0
meth:LOC100240726,methylation,0.0,0,0.0
meth:MGP,methylation,0.0,0,0.0
meth:MGMT,methylation,0.0,2,0.04
meth:LOC100270804,methylation,0.0,1,0.02
meth:MGC87042,methylation,0.0,0,0.0
meth:LOC100271715,methylation,0.0,0,0.0
meth:MGC45800,methylation,0.0,0,0.0
meth:MGC4473,methylation,0.0,0,0.0
meth:LOC646999,methylation,0.0,0,0.0
meth:LOC654433,methylation,0.0,0,0.0
meth:LOC653566,methylation,0.0,0,0.0
meth:MCART3P,methylation,0.0,0,0.0
meth:MCCD1,methylation,0.0,0,0.0
meth:MIR124-1,methylation,0.0,0,0.0
meth:LOC255167,methylation,0.0,0,0.0
meth:LOC151534,methylation,0.0,0,0.0
meth:MCF2L2,methylation,0.0,4,0.08
meth:MIMT1,methylation,0.0,0,0.0
meth:MIR1236,methylation,0.0,0,0.0
meth:LOC651250,methylation,0.0,0,0.0
meth:MIR1227,methylation,0.0,0,0.0
meth:LOC153328,methylation,0.0,0,0.0
meth:MIR1224,methylation,0.0,0,0.0
meth:LOC153684,methylation,0.0,4,0.08
meth:LOC153910,methylation,0.0,0,0.0
meth:LOC154822,methylation,0.0,0,0.0
meth:LOC157381,methylation,0.0,0,0.0
meth:LOC151658,methylation,0.0,0,0.0
meth:LOC646627,methylation,0.0,0,0.0
meth:LOC646498,methylation,0.0,0,0.0
meth:LOC728264,methylation,0.0,0,0.0
meth:MIER2,methylation,0.0,0,0.0
meth:LOC158381,methylation,0.0,0,0.0
meth:LOC168474,methylation,0.0,0,0.0
meth:MICAL1,methylation,0.0,0,0.0
meth:LOC200726,methylation,0.0,0,0.0
meth:MIR1205,methylation,0.0,0,0.0
meth:LOC220429,methylation,0.0,0,0.0
meth:MIR1197,methylation,0.0,0,0.0
meth:LOC727677,methylation,0.0,1,0.02
meth:MIR1185-2,methylation,0.0,0,0.0
meth:LOC723972,methylation,0.0,0,0.0
meth:MIR1179,methylation,0.0,0,0.0
meth:MCAM,methylation,0.0,0,0.0
meth:LOC723809,methylation,0.0,1,0.02
meth:MIR10B,methylation,0.0,0,0.0
meth:MIR10A,methylation,0.0,0,0.0
meth:MIR1200,methylation,0.0,0,0.0
meth:MELK,methylation,0.0,5,0.1
expr:BRICD5,expression,0.0,0,0.0
expr:BRINP1,expression,0.0,0,0.0
expr:BRINP2,expression,0.0,0,0.0
meth:MEIS3,methylation,0.0,1,0.02
meth:MEIS2,methylation,0.0,0,0.0
meth:LOC642852,methylation,0.0,0,0.0
expr:BRINP3,expression,0.0,0,0.0
meth:LOC284009,methylation,0.0,0,0.0
meth:LOC642846,methylation,0.0,0,0.0
expr:BRSK1,expression,0.0,0,0.0
expr:BSN,expression,0.0,0,0.0
meth:LOC642826,methylation,0.0,0,0.0
expr:BPIFB2,expression,0.0,0,0.0
meth:MARK1,methylation,0.0,0,0.0
expr:BPIFB6,expression,0.0,0,0.0
expr:BPIFC,expression,0.0,0,0.0
meth:MARK4,methylation,0.0,11,0.22
expr:BRIP1,expression,0.0,0,0.0
meth:MBD6,methylation,0.0,0,0.0
meth:MEFV,methylation,0.0,0,0.0
meth:LOC441601,methylation,0.0,0,0.0
meth:LOC400804,methylation,0.0,0,0.0
meth:MEF2C,methylation,0.0,2,0.04
meth:MARCKSL1,methylation,0.0,0,0.0
meth:LOC401010,methylation,0.0,0,0.0
meth:LOC441204,methylation,0.0,0,0.0
meth:MARCO,methylation,0.0,7,0.14
meth:MEF2B,methylation,0.0,0,0.0
meth:LOC401097,methylation,0.0,0,0.0
meth:LOC401463,methylation,0.0,0,0.0
meth:LOC441089,methylation,0.0,0,0.0
meth:MED13L,methylation,0.0,0,0.0
meth:MECOM,methylation,0.0,1,0.02
meth:MEP1B,methylation,0.0,0,0.0
expr:BRF2,expression,0.0,0,0.0
meth:MEOX1,methylation,0.0,0,0.0
meth:LOC441177,methylation,0.0,0,0.0
meth:MAS1L,methylation,0.0,0,0.0
meth:MESTIT1,methylation,0.0,2,0.04
expr:BPIFA1,expression,0.0,0,0.0
meth:MEST,methylation,0.0,2,0.04
meth:MESP2,methylation,0.0,1,0.02
meth:MASP1,methylation,0.0,4,0.08
meth:LOC643387,methylation,0.0,0,0.0
meth:MESP1,methylation,0.0,1,0.02
meth:MARVELD2,methylation,0.0,0,0.0
meth:LOC494141,methylation,0.0,0,0.0
meth:LOC643677,methylation,0.0,0,0.0
meth:MERTK,methylation,0.0,0,0.0
meth:LOC643719,methylation,0.0,0,0.0
meth:LOC644145,methylation,0.0,0,0.0
meth:LOC646214,methylation,0.0,0,0.0
meth:MEPE,methylation,0.0,0,0.0
meth:LOC644649,methylation,0.0,2,0.04
meth:LOC644165,methylation,0.0,0,0.0
meth:LOC643406,methylation,0.0,0,0.0
meth:LOC642597,methylation,0.0,0,0.0
meth:MEI1,methylation,0.0,0,0.0
expr:BRCA1,expression,0.0,0,0.0
expr:BRCA2,expression,0.0,0,0.0
meth:MEGF6,methylation,0.0,0,0.0
expr:BRDT,expression,0.0,0,0.0
meth:LOC390858,methylation,0.0,0,0.0
meth:MEGF11,methylation,0.0,0,0.0
meth:MET,methylation,0.0,0,0.0
meth:LOC642006,methylation,0.0,0,0.0
meth:METAP1,methylation,0.0,0,0.0
meth:LOC399815,methylation,0.0,0,0.0
meth:MAS1,methylation,0.0,0,0.0
expr:BOK,expression,0.0,0,0.0
expr:BOLA2B,expression,0.0,4,0.08
meth:LOC606724,methylation,0.0,0,0.0
expr:BOLL,expression,0.0,0,0.0
expr:BORA,expression,0.0,0,0.0
meth:LOC399744,methylation,0.0,1,0.02
meth:MGAT3,methylation,0.0,0,0.0
meth:MGC42105,methylation,0.0,1,0.02
meth:MGC34034,methylation,0.0,0,0.0
meth:MGC29506,methylation,0.0,0,0.0
meth:MGC2889,methylation,0.0,0,0.0
meth:LOC390594,methylation,0.0,1,0.02
meth:LOC440335,methylation,0.0,0,0.0
meth:LOC404266,methylation,0.0,0,0.0
meth:MEG3,methylation,0.0,0,0.0
meth:LOC402778,methylation,0.0,0,0.0
meth:LOC360030,methylation,0.0,0,0.0
meth:LOC375196,methylation,0.0,0,0.0
meth:LOC387646,methylation,0.0,2,0.04
meth:MGC26597,methylation,0.0,0,0.0
meth:MATK,methylation,0.0,0,0.0
meth:LOC387647,methylation,0.0,0,0.0
meth:MGC23270,methylation,0.0,0,0.0
meth:LOC387763,methylation,0.0,0,0.0
meth:LOC348840,methylation,0.0,0,0.0
meth:MC2R,methylation,0.0,0,0.0
meth:LOC284023,methylation,0.0,0,0.0
meth:LOC729020,methylation,0.0,0,0.0
meth:MGC12916,methylation,0.0,0,0.0
meth:MGAT5B,methylation,0.0,0,0.0
meth:LOC284276,methylation,0.0,0,0.0
meth:MC3R,methylation,0.0,0,0.0
meth:LOC284379,methylation,0.0,0,0.0
meth:MAST4,methylation,0.0,0,0.0
meth:LOC388946,methylation,0.0,1,0.02
meth:LOC388965,methylation,0.0,0,0.0
meth:LOC389332,methylation,0.0,1,0.02
meth:LOC441046,methylation,0.0,0,0.0
meth:LOC389333,methylation,0.0,0,0.0
meth:LOC389458,methylation,0.0,0,0.0
meth:LOC440461,methylation,0.0,0,0.0
meth:LOC389493,methylation,0.0,0,0.0
meth:LOC389705,methylation,0.0,0,0.0
meth:MGAT4C,methylation,0.0,0,0.0
meth:LOC441897,methylation,0.0,0,0.0
meth:MCOLN2,methylation,0.0,0,0.0
meth:LOC285954,methylation,0.0,0,0.0
meth:LOC286002,methylation,0.0,0,0.0
meth:LOC286094,methylation,0.0,0,0.0
meth:MATN4,methylation,0.0,0,0.0
meth:LOC441666,methylation,0.0,0,0.0
meth:LOC286359,methylation,0.0,0,0.0
meth:LOC388387,methylation,0.0,0,0.0
meth:LOC339290,methylation,0.0,1,0.02
expr:BSPRY,expression,0.0,0,0.0
meth:MBD3L1,methylation,0.0,0,0.0
expr:BST2,expression,0.0,0,0.0
expr:BTBD11,expression,0.0,0,0.0
meth:MCM2,methylation,0.0,0,0.0
meth:LOC399959,methylation,0.0,0,0.0
meth:MEGF10,methylation,0.0,1,0.02
meth:MEG8,methylation,0.0,0,0.0
meth:LOC338588,methylation,0.0,1,0.02
meth:LOC402644,methylation,0.0,2,0.04
meth:LOC388428,methylation,0.0,3,0.06
meth:LOC339524,methylation,0.0,0,0.0
meth:LOC339568,methylation,0.0,0,0.0
meth:LOC339674,methylation,0.0,0,0.0
meth:LOC340074,methylation,0.0,0,0.0
meth:LOC340094,methylation,0.0,0,0.0
meth:LOC402377,methylation,0.0,1,0.02
meth:ME1,methylation,0.0,0,0.0
meth:LOC442245,methylation,0.0,0,0.0
meth:LOC340357,methylation,0.0,0,0.0
meth:LOC341056,methylation,0.0,0,0.0
meth:LOC342346,methylation,0.0,0,0.0
meth:MATN2,methylation,0.0,3,0.06
meth:MDFIC,methylation,0.0,0,0.0
meth:MCTP2,methylation,0.0,0,0.0
meth:MCTP1,methylation,0.0,0,0.0
meth:LOC285847,methylation,0.0,1,0.02
meth:LOC442308,methylation,0.0,0,0.0
meth:MDGA2,methylation,0.0,0,0.0
meth:MIR181B2,methylation,0.0,0,0.0
meth:LRRC10B,methylation,0.0,1,0.02
meth:LRRC10,methylation,0.0,0,0.0
meth:LIPM,methylation,0.0,0,0.0
meth:LIPN,methylation,0.0,0,0.0
meth:MIR181B1,methylation,0.0,0,0.0
meth:MIR16-2,methylation,0.0,0,0.0
meth:MIR15B,methylation,0.0,0,0.0
meth:LOC648691,methylation,0.0,4,0.08
meth:MIR155HG,methylation,0.0,0,0.0
meth:MIR193A,methylation,0.0,0,0.0
meth:MIR1914,methylation,0.0,32,0.64
meth:MIR1913,methylation,0.0,0,0.0
meth:LRP8,methylation,0.0,0,0.0
meth:LIX1,methylation,0.0,0,0.0
meth:LMBR1L,methylation,0.0,0,0.0
meth:LMF1,methylation,0.0,0,0.0
meth:MIR1910,methylation,0.0,0,0.0
expr:BHLHA15,expression,0.0,1,0.02
meth:LMOD1,methylation,0.0,0,0.0
meth:MIR150,methylation,0.0,0,0.0
meth:MIR149,methylation,0.0,0,0.0
meth:LMOD2,methylation,0.0,0,0.0
meth:LMOD3,methylation,0.0,0,0.0
meth:MIR147B,methylation,0.0,0,0.0
meth:LMX1A,methylation,0.0,0,0.0
meth:LRIT1,methylation,0.0,9,0.18
meth:LIPJ,methylation,0.0,0,0.0
meth:MIR184,methylation,0.0,2,0.04
meth:LIPG,methylation,0.0,0,0.0
meth:LRGUK,methylation,0.0,0,0.0
expr:BGN,expression,0.0,0,0.0
meth:LRG1,methylation,0.0,0,0.0
meth:LIPH,methylation,0.0,0,0.0
meth:LRRC14B,methylation,0.0,0,0.0
meth:MIR181D,methylation,0.0,5,0.1
meth:MIR181C,methylation,0.0,4,0.08
meth:LNX1,methylation,0.0,15,0.3
expr:BEND6,expression,0.0,0,0.0
meth:LINGO2,methylation,0.0,5,0.1
meth:MIR128-2,methylation,0.0,0,0.0
meth:LRP2,methylation,0.0,0,0.0
meth:LINGO3,methylation,0.0,0,0.0
meth:LINGO4,methylation,0.0,0,0.0
meth:LIPC,methylation,0.0,0,0.0
meth:LIPE,methylation,0.0,0,0.0
meth:MIR190B,methylation,0.0,0,0.0
expr:BIN1,expression,0.0,0,0.0
meth:LOC100133308,methylation,0.0,0,0.0
meth:LRRC31,methylation,0.0,0,0.0
meth:LRRC30,methylation,0.0,0,0.0
meth:LRRC3,methylation,0.0,0,0.0
meth:LOC100133545,methylation,0.0,0,0.0
meth:LOC100133893,methylation,0.0,0,0.0
meth:LOC100134259,methylation,0.0,2,0.04
meth:MIR1275,methylation,0.0,9,0.18
meth:LOC100132215,methylation,0.0,0,0.0
meth:MIR18A,methylation,0.0,0,0.0
meth:LIMS2,methylation,0.0,0,0.0
meth:MIR185,methylation,0.0,1,0.02
expr:BHLHE22,expression,0.0,9,0.18
meth:MIR1265,methylation,0.0,0,0.0
meth:LIN28,methylation,0.0,3,0.06
meth:MIR1262,methylation,0.0,1,0.02
meth:MIR125B2,methylation,0.0,0,0.0
meth:MIR1283-2,methylation,0.0,0,0.0
meth:LRP5,methylation,0.0,0,0.0
meth:MIR125A,methylation,0.0,0,0.0
meth:MIR1259,methylation,0.0,0,0.0
meth:MIR1258,methylation,0.0,0,0.0
expr:BHMG1,expression,0.0,0,0.0
meth:MIR1257,methylation,0.0,0,0.0
meth:LRP4,methylation,0.0,0,0.0
meth:LIN28B,methylation,0.0,0,0.0
meth:MIR1287,methylation,0.0,0,0.0
meth:MIR125B1,methylation,0.0,0,0.0
meth:LIF,methylation,0.0,0,0.0
meth:LILRA1,methylation,0.0,0,0.0
meth:MIR219-1,methylation,0.0,0,0.0
meth:MIR218-2,methylation,0.0,0,0.0
meth:LPPR3,methylation,0.0,1,0.02
meth:LRP1B,methylation,0.0,2,0.04
meth:LILRA4,methylation,0.0,0,0.0
meth:LILRA5,methylation,0.0,0,0.0
meth:LRIT2,methylation,0.0,0,0.0
meth:LILRB1,methylation,0.0,0,0.0
meth:LGR5,methylation,0.0,0,0.0
meth:MIR218-1,methylation,0.0,0,0.0
meth:LGSN,methylation,0.0,0,0.0
meth:LGTN,methylation,0.0,0,0.0
meth:MIR215,methylation,0.0,0,0.0
meth:MIR211,methylation,0.0,0,0.0
meth:LHCGR,methylation,0.0,0,0.0
meth:LHFPL3,methylation,0.0,1,0.02
expr:BFSP2,expression,0.0,6,0.12
meth:LILRB3,methylation,0.0,0,0.0
meth:LILRB4,methylation,0.0,0,0.0
meth:MIR20A,methylation,0.0,0,0.0
meth:LILRB5,methylation,0.0,0,0.0
meth:MIR208A,methylation,0.0,1,0.02
meth:MIR206,methylation,0.0,0,0.0
meth:LPPR4,methylation,0.0,0,0.0
meth:LILRP2,methylation,0.0,0,0.0
meth:LHX9,methylation,0.0,0,0.0
meth:LIME1,methylation,0.0,0,0.0
meth:LIMS1,methylation,0.0,11,0.22
meth:MIR2054,methylation,0.0,0,0.0
meth:MIR204,methylation,0.0,0,0.0
meth:LHX3,methylation,0.0,0,0.0
meth:MIR203,methylation,0.0,1,0.02
meth:MIR202,methylation,0.0,0,0.0
meth:MIR200C,methylation,0.0,0,0.0
meth:MIR22,methylation,0.0,0,0.0
meth:LIM2,methylation,0.0,0,0.0
meth:LGALS8,methylation,0.0,0,0.0
meth:LRMP,methylation,0.0,4,0.08
meth:LGI1,methylation,0.0,0,0.0
meth:MIR154,methylation,0.0,0,0.0
meth:MIR153-2,methylation,0.0,0,0.0
meth:LOC100124692,methylation,0.0,0,0.0
meth:LOC100126784,methylation,0.0,3,0.06
meth:LOC100127888,methylation,0.0,0,0.0
meth:LHFPL4,methylation,0.0,0,0.0
meth:LOC100128023,methylation,0.0,0,0.0
meth:MIR153-1,methylation,0.0,0,0.0
meth:LOC100128071,methylation,0.0,0,0.0
meth:LOC100128191,methylation,0.0,0,0.0
meth:LOC100128239,methylation,0.0,0,0.0
meth:LMO2,methylation,0.0,0,0.0
meth:LMO3,methylation,0.0,4,0.08
meth:LMO7,methylation,0.0,0,0.0
meth:LRIT3,methylation,0.0,0,0.0
meth:LOC100128003,methylation,0.0,2,0.04
meth:LHX1,methylation,0.0,1,0.02
meth:LHX2,methylation,0.0,0,0.0
meth:LGALS14,methylation,0.0,0,0.0
meth:LGALS3,methylation,0.0,0,0.0
meth:MIR21,methylation,0.0,0,0.0
meth:MIR1471,methylation,0.0,0,0.0
meth:MIR147,methylation,0.0,0,0.0
meth:MIR146B,methylation,0.0,0,0.0
meth:LGALS3BP,methylation,0.0,0,0.0
meth:MIR155,methylation,0.0,0,0.0
expr:BGLAP,expression,0.0,0,0.0
meth:LGALS4,methylation,0.0,0,0.0
meth:MIR142,methylation,0.0,2,0.04
meth:LGALS7,methylation,0.0,0,0.0
meth:LRP12,methylation,0.0,0,0.0
meth:MIR141,methylation,0.0,0,0.0
meth:MIR139,methylation,0.0,0,0.0
meth:LGALS7B,methylation,0.0,0,0.0
meth:MIR138-2,methylation,0.0,0,0.0
meth:MIR143,methylation,0.0,0,0.0
expr:BCAS4,expression,0.0,0,0.0
expr:BCAS1,expression,0.0,1,0.02
meth:LOXL3,methylation,0.0,0,0.0
expr:BCAN,expression,0.0,0,0.0
meth:LOXL2,methylation,0.0,0,0.0
expr:BTNL2,expression,0.0,0,0.0
meth:LOXL1,methylation,0.0,0,0.0
expr:BTNL8,expression,0.0,0,0.0
meth:LOC100169752,methylation,0.0,0,0.0
meth:LPPR1,methylation,0.0,0,0.0
expr:BTBD17,expression,0.0,3,0.06
meth:LPO,methylation,0.0,0,0.0
expr:BTBD19,expression,0.0,0,0.0
meth:LPL,methylation,0.0,0,0.0
expr:BTC,expression,0.0,0,0.0
expr:BTG3,expression,0.0,0,0.0
meth:LPIN3,methylation,0.0,0,0.0
expr:BDH1,expression,0.0,0,0.0
expr:BTNL9,expression,0.0,0,0.0
expr:BUB1B,expression,0.0,0,0.0
expr:BVES,expression,0.0,3,0.06
expr:BEAN1,expression,0.0,0,0.0
meth:LPAR1,methylation,0.0,0,0.0
expr:BX276092.9,expression,0.0,0,0.0
expr:C10orf105,expression,0.0,1,0.02
expr:BECN2,expression,0.0,0,0.0
meth:MIR124-3,methylation,0.0,0,0.0
expr:BTN3A2,expression,0.0,1,0.02
meth:LPAL2,methylation,0.0,0,0.0
meth:LPA,methylation,0.0,0,0.0
expr:C10orf99,expression,0.0,0,0.0
meth:MIR124-2,methylation,0.0,1,0.02
expr:BCL2A1,expression,0.0,0,0.0
expr:BCL11B,expression,0.0,2,0.04
expr:BTLA,expression,0.0,16,0.32
expr:BCL11A,expression,0.0,0,0.0
meth:LOXL4,methylation,0.0,0,0.0
expr:C10orf90,expression,0.0,0,0.0
meth:LOC121838,methylation,0.0,0,0.0
meth:MIR1251,methylation,0.0,6,0.12
meth:LOC143188,methylation,0.0,0,0.0
meth:MIR1250,methylation,0.0,0,0.0
meth:LOC144571,methylation,0.0,0,0.0
meth:LOC648740,methylation,0.0,0,0.0
meth:MIR1249,methylation,0.0,0,0.0
meth:MIR1247,methylation,0.0,1,0.02
expr:BTG4,expression,0.0,0,0.0
meth:LOC144742,methylation,0.0,0,0.0
meth:LOC144776,methylation,0.0,0,0.0
expr:BDKRB2,expression,0.0,0,0.0
expr:BDKRB1,expression,0.0,0,0.0
meth:MIAT,methylation,0.0,0,0.0
meth:MIA2,methylation,0.0,0,0.0
meth:LOC145814,methylation,0.0,2,0.04
meth:LOC100286948,methylation,0.0,0,0.0
meth:LOC100287216,methylation,0.0,0,0.0
meth:MIR1246,methylation,0.0,2,0.04
expr:BTK,expression,0.0,0,0.0
expr:BCOR,expression,0.0,0,0.0
meth:LOC145837,methylation,0.0,0,0.0
meth:LPIN2,methylation,0.0,0,0.0
meth:LOC146336,methylation,0.0,0,0.0
meth:LOC147804,methylation,0.0,0,0.0
expr:BCO2,expression,0.0,0,0.0
meth:LPCAT2,methylation,0.0,0,0.0
meth:MIR1253,methylation,0.0,0,0.0
expr:BCO1,expression,0.0,0,0.0
expr:BCL9L,expression,0.0,0,0.0
expr:BCL2L2-PABPN1,expression,0.0,0,0.0
meth:LOC148145,methylation,0.0,0,0.0
meth:LOC148189,methylation,0.0,0,0.0
expr:BCL2L15,expression,0.0,0,0.0
meth:LOC148696,methylation,0.0,0,0.0
expr:BEND3,expression,0.0,2,0.04
expr:BCL2L14,expression,0.0,5,0.1
expr:BEGAIN,expression,0.0,0,0.0
meth:LOC100130017,methylation,0.0,0,0.0
meth:LOC100130238,methylation,0.0,0,0.0
meth:LOC100130264,methylation,0.0,0,0.0
meth:LOC90586,methylation,0.0,0,0.0
expr:BEST2,expression,0.0,0,0.0
expr:BEST3,expression,0.0,0,0.0
meth:LOC100130274,methylation,0.0,0,0.0
meth:LOC100130331,methylation,0.0,0,0.0
expr:BUB1,expression,0.0,0,0.0
meth:MIR129-2,methylation,0.0,0,0.0
meth:LOC100130522,methylation,0.0,0,0.0
meth:LOC90246,methylation,0.0,0,0.0
meth:LOC90110,methylation,0.0,0,0.0
expr:BEST4,expression,0.0,2,0.04
meth:LOC84989,methylation,0.0,0,0.0
meth:MIR129-1,methylation,0.0,0,0.0
meth:LOC84856,methylation,0.0,0,0.0
meth:LOC100128542,methylation,0.0,3,0.06
meth:MIR1295,methylation,0.0,0,0.0
meth:LOC100188947,methylation,0.0,1,0.02
meth:MIR127,methylation,0.0,0,0.0
expr:BTBD16,expression,0.0,0,0.0
meth:LRRC24,methylation,0.0,0,0.0
meth:LRRC18,methylation,0.0,0,0.0
meth:LOC100130776,methylation,0.0,0,0.0
meth:LOC100130872,methylation,0.0,0,0.0
meth:LOC100130933,methylation,0.0,8,0.16
meth:LOC90784,methylation,0.0,1,0.02
meth:LOC100131496,methylation,0.0,4,0.08
meth:LOC100131551,methylation,0.0,0,0.0
meth:LOC100131726,methylation,0.0,0,0.0
meth:LOC100132111,methylation,0.0,0,0.0
meth:MIR130A,methylation,0.0,0,0.0
meth:LOC100129637,methylation,0.0,0,0.0
meth:MIR1305,methylation,0.0,0,0.0
expr:BEND7,expression,0.0,0,0.0
meth:LOC100130015,methylation,0.0,0,0.0
meth:LRRC15,methylation,0.0,0,0.0
meth:MIR1323,methylation,0.0,0,0.0
meth:LOC92973,methylation,0.0,0,0.0
expr:C11orf42,expression,0.0,0,0.0
meth:LOC91948,methylation,0.0,0,0.0
meth:LOC100188949,methylation,0.0,0,0.0
meth:MARCH10,methylation,0.0,0,0.0
meth:MARCH11,methylation,0.0,0,0.0
meth:LOC100189589,methylation,0.0,0,0.0
meth:LOC100128554,methylation,0.0,0,0.0
expr:BBOX1,expression,0.0,0,0.0
expr:BBC3,expression,0.0,0,0.0
meth:LOC100190940,methylation,0.0,0,0.0
expr:BATF3,expression,0.0,0,0.0
meth:LOC91149,methylation,0.0,0,0.0
expr:BATF2,expression,0.0,0,0.0
expr:BASP1,expression,0.0,0,0.0
meth:LPAR3,methylation,0.0,1,0.02
meth:LOC100192378,methylation,0.0,0,0.0
meth:LOC100190938,methylation,0.0,0,0.0
expr:BFSP1,expression,0.0,2,0.04
meth:MIR1289-2,methylation,0.0,0,0.0
meth:LOC100128811,methylation,0.0,0,0.0
meth:MIR138-1,methylation,0.0,1,0.02
meth:MIR136,methylation,0.0,0,0.0
meth:LOC100129083,methylation,0.0,0,0.0
meth:LOC732275,methylation,0.0,0,0.0
meth:LOC100129354,methylation,0.0,0,0.0
meth:LOC100129550,methylation,0.0,0,0.0
meth:MIR133A1,methylation,0.0,0,0.0
meth:MARCH1,methylation,0.0,0,0.0
expr:C11orf21,expression,0.0,0,0.0
meth:MIR135B,methylation,0.0,2,0.04
meth:LOXHD1,methylation,0.0,0,0.0
meth:LOX,methylation,0.0,0,0.0
meth:MIR134,methylation,0.0,0,0.0
meth:MIR133B,methylation,0.0,0,0.0
meth:LOR,methylation,0.0,0,0.0
meth:LOH3CR2A,methylation,0.0,0,0.0
expr:C11orf16,expression,0.0,0,0.0
expr:CCDC116,expression,0.0,0,0.0
expr:CCDC122,expression,0.0,6,0.12
expr:CCDC125,expression,0.0,0,0.0
expr:CCDC126,expression,0.0,0,0.0
expr:CCDC13,expression,0.0,0,0.0
expr:CCDC141,expression,0.0,4,0.08
expr:CBY3,expression,0.0,0,0.0
expr:CCBE1,expression,0.0,0,0.0
expr:CCDC106,expression,0.0,0,0.0
expr:CCDC113,expression,0.0,0,0.0
expr:CCDC114,expression,0.0,3,0.06
expr:CBR1,expression,0.0,0,0.0
expr:CBR3,expression,0.0,0,0.0
meth:IL2RB,methylation,0.0,0,0.0
expr:CBX2,expression,0.0,6,0.12
expr:CBX6,expression,0.0,0,0.0
expr:CBY2,expression,0.0,1,0.02
meth:FLJ33360,methylation,0.0,0,0.0
meth:FLJ34503,methylation,0.0,0,0.0
meth:FLJ37307,methylation,0.0,0,0.0
meth:FLJ39609,methylation,0.0,0,0.0
meth:FLJ40125,methylation,0.0,0,0.0
meth:FLJ40292,methylation,0.0,0,0.0
meth:FLJ40434,methylation,0.0,0,0.0
meth:FLJ16779,methylation,0.0,0,0.0
meth:FLJ20184,methylation,0.0,0,0.0
meth:FLJ23834,methylation,0.0,0,0.0
expr:CBS,expression,0.0,0,0.0
meth:FGF3,methylation,0.0,0,0.0
meth:FGF4,methylation,0.0,1,0.02
meth:FGF6,methylation,0.0,0,0.0
meth:FGF7,methylation,0.0,0,0.0
meth:FGF8,methylation,0.0,0,0.0
meth:FGF9,methylation,0.0,4,0.08
meth:FGFBP1,methylation,0.0,0,0.0
meth:FGF1,methylation,0.0,0,0.0
meth:FGF11,methylation,0.0,0,0.0
meth:FGF14,methylation,0.0,0,0.0
meth:FGF17,methylation,0.0,0,0.0
meth:FGF18,methylation,0.0,0,0.0
meth:FGF19,methylation,0.0,0,0.0
meth:FIGN,methylation,0.0,1,0.02
meth:FFAR1,methylation,0.0,0,0.0
meth:FFAR2,methylation,0.0,1,0.02
meth:FFAR3,methylation,0.0,2,0.04
meth:FGA,methylation,0.0,0,0.0
meth:FGB,methylation,0.0,0,0.0
meth:FGD2,methylation,0.0,0,0.0
meth:FGD4,methylation,0.0,15,0.3
meth:FGD5,methylation,0.0,0,0.0
expr:CCDC144A,expression,0.0,0,0.0
expr:CCDC15,expression,0.0,0,0.0
meth:FHL3,methylation,0.0,1,0.02
meth:FIBCD1,methylation,0.0,1,0.02
meth:FIBIN,methylation,0.0,0,0.0
meth:FIGLA,methylation,0.0,0,0.0
meth:FGF21,methylation,0.0,0,0.0
meth:FMO3,methylation,0.0,0,0.0
meth:FMO5,methylation,0.0,0,0.0
meth:FMO6P,methylation,0.0,0,0.0
meth:FMOD,methylation,0.0,0,0.0
meth:FLJ45079,methylation,0.0,0,0.0
meth:FLJ46111,methylation,0.0,0,0.0
meth:FLJ46361,methylation,0.0,1,0.02
meth:FLNC,methylation,0.0,1,0.02
meth:FLRT2,methylation,0.0,0,0.0
meth:FLT1,methylation,0.0,0,0.0
meth:FLT4,methylation,0.0,0,0.0
meth:FLJ41350,methylation,0.0,1,0.02
meth:FLJ41941,methylation,0.0,0,0.0
meth:FLJ25328,methylation,0.0,0,0.0
meth:FLJ42709,methylation,0.0,12,0.24
meth:FLJ42875,methylation,0.0,0,0.0
meth:FLJ43390,methylation,0.0,0,0.0
meth:FLJ43860,methylation,0.0,0,0.0
meth:FLJ43950,methylation,0.0,0,0.0
meth:FREM1,methylation,0.0,0,0.0
meth:FREM3,methylation,0.0,0,0.0
meth:FREQ,methylation,0.0,7,0.14
meth:FRK,methylation,0.0,0,0.0
meth:FRMD4A,methylation,0.0,0,0.0
meth:FRMD4B,methylation,0.0,0,0.0
meth:FRMD5,methylation,0.0,0,0.0
meth:FOXQ1,methylation,0.0,0,0.0
meth:FOXR1,methylation,0.0,0,0.0
meth:FLJ42393,methylation,0.0,0,0.0
meth:FLJ25758,methylation,0.0,0,0.0
meth:FLJ26850,methylation,0.0,0,0.0
meth:FLJ32810,methylation,0.0,0,0.0
meth:FLG,methylation,0.0,0,0.0
meth:FLG2,methylation,0.0,0,0.0
meth:FLI1,methylation,0.0,0,0.0
meth:FLJ10357,methylation,0.0,1,0.02
meth:FLJ11235,methylation,0.0,0,0.0
meth:FLJ12825,methylation,0.0,0,0.0
meth:FLJ13224,methylation,0.0,0,0.0
meth:FLJ14107,methylation,0.0,0,0.0
meth:FIGNL1,methylation,0.0,1,0.02
meth:FIGNL2,methylation,0.0,0,0.0
meth:FMO2,methylation,0.0,3,0.06
meth:FIP1L1,methylation,0.0,10,0.2
meth:FJX1,methylation,0.0,0,0.0
meth:FKBP11,methylation,0.0,0,0.0
meth:FKSG83,methylation,0.0,0,0.0
meth:FN3K,methylation,0.0,0,0.0
meth:FNDC1,methylation,0.0,0,0.0
meth:FNDC7,methylation,0.0,0,0.0
meth:FOLH1,methylation,0.0,0,0.0
meth:FOLR1,methylation,0.0,0,0.0
meth:FOLR2,methylation,0.0,0,0.0
meth:FOLR3,methylation,0.0,0,0.0
meth:FMN1,methylation,0.0,0,0.0
meth:FMN2,methylation,0.0,0,0.0
meth:FMO1,methylation,0.0,0,0.0
meth:FILIP1L,methylation,0.0,0,0.0
meth:FAM71B,methylation,0.0,0,0.0
meth:FAM71C,methylation,0.0,0,0.0
meth:FAM71E1,methylation,0.0,1,0.02
meth:FAM71E2,methylation,0.0,1,0.02
meth:FAM55B,methylation,0.0,0,0.0
meth:FAM55D,methylation,0.0,0,0.0
meth:FAM57B,methylation,0.0,0,0.0
meth:FAM58B,methylation,0.0,1,0.02
meth:FAM59B,methylation,0.0,0,0.0
meth:FAM5B,methylation,0.0,0,0.0
meth:FAM5C,methylation,0.0,0,0.0
meth:FAM3B,methylation,0.0,1,0.02
meth:FAM41C,methylation,0.0,0,0.0
meth:FGF23,methylation,0.0,0,0.0
meth:FAM43B,methylation,0.0,0,0.0
meth:FAM49A,methylation,0.0,0,0.0
meth:FAM50B,methylation,0.0,1,0.02
meth:FAM55A,methylation,0.0,0,0.0
meth:FBXL15,methylation,0.0,0,0.0
meth:FBXL16,methylation,0.0,0,0.0
meth:FBXL22,methylation,0.0,4,0.08
meth:FBXO17,methylation,0.0,0,0.0
meth:FBXO21,methylation,0.0,0,0.0
meth:FBXO25,methylation,0.0,0,0.0
meth:FBLIM1,methylation,0.0,0,0.0
meth:FBLL1,methylation,0.0,0,0.0
meth:FBLN2,methylation,0.0,0,0.0
meth:FBLN5,methylation,0.0,1,0.02
meth:FAM43A,methylation,0.0,0,0.0
meth:FAM19A2,methylation,0.0,0,0.0
meth:FAM19A3,methylation,0.0,0,0.0
meth:FAM19A4,methylation,0.0,0,0.0
meth:FAM181B,methylation,0.0,0,0.0
meth:FAM183A,methylation,0.0,0,0.0
meth:FAM184B,methylation,0.0,0,0.0
meth:FAM188B,methylation,0.0,0,0.0
meth:FAM189A1,methylation,0.0,0,0.0
meth:FAM190A,methylation,0.0,0,0.0
meth:FAM193A,methylation,0.0,0,0.0
meth:FAM194B,methylation,0.0,0,0.0
meth:FAM176A,methylation,0.0,0,0.0
meth:FAM176B,methylation,0.0,0,0.0
meth:FAM71A,methylation,0.0,0,0.0
meth:FAM178B,methylation,0.0,0,0.0
meth:FAM179A,methylation,0.0,0,0.0
meth:FAM181A,methylation,0.0,0,0.0
meth:FAM71F1,methylation,0.0,0,0.0
meth:FAM78A,methylation,0.0,0,0.0
meth:FAM78B,methylation,0.0,0,0.0
meth:FAM81B,methylation,0.0,0,0.0
meth:FAM83A,methylation,0.0,0,0.0
meth:FAM83B,methylation,0.0,0,0.0
meth:FAM83C,methylation,0.0,0,0.0
meth:FAM83E,methylation,0.0,0,0.0
meth:FAM66C,methylation,0.0,0,0.0
meth:FAM69B,methylation,0.0,0,0.0
meth:FAM69C,methylation,0.0,0,0.0
meth:FAM177B,methylation,0.0,0,0.0
meth:FCRL6,methylation,0.0,0,0.0
meth:FCRLA,methylation,0.0,0,0.0
meth:FCRLB,methylation,0.0,2,0.04
meth:FER1L4,methylation,0.0,0,0.0
meth:FCGBP,methylation,0.0,0,0.0
meth:FCGR2A,methylation,0.0,0,0.0
meth:FCGR3A,methylation,0.0,1,0.02
meth:FCGRT,methylation,0.0,0,0.0
meth:FCHO1,methylation,0.0,0,0.0
meth:FCN1,methylation,0.0,0,0.0
meth:FCN2,methylation,0.0,0,0.0
meth:FCRL1,methylation,0.0,0,0.0
meth:FBXO39,methylation,0.0,0,0.0
meth:FBN1,methylation,0.0,0,0.0
meth:FBXO44,methylation,0.0,0,0.0
meth:FBXW2,methylation,0.0,0,0.0
meth:FCAMR,methylation,0.0,0,0.0
meth:FCAR,methylation,0.0,1,0.02
meth:FCER1A,methylation,0.0,0,0.0
meth:FCER2,methylation,0.0,0,0.0
meth:FGFR1,methylation,0.0,0,0.0
meth:FGFR2,methylation,0.0,0,0.0
meth:FGG,methylation,0.0,0,0.0
meth:FGL1,methylation,0.0,3,0.06
meth:FGL2,methylation,0.0,0,0.0
meth:FGR,methylation,0.0,0,0.0
meth:FHL2,methylation,0.0,0,0.0
expr:CBLN3,expression,0.0,0,0.0
meth:FBXO40,methylation,0.0,0,0.0
meth:FBN3,methylation,0.0,2,0.04
meth:FBP2,methylation,0.0,2,0.04
meth:FANK1,methylation,0.0,0,0.0
meth:FAP,methylation,0.0,0,0.0
meth:FASLG,methylation,0.0,0,0.0
meth:FASTK,methylation,0.0,2,0.04
meth:FAT1,methylation,0.0,2,0.04
meth:FAT2,methylation,0.0,0,0.0
meth:FAT3,methylation,0.0,0,0.0
meth:FAT4,methylation,0.0,0,0.0
meth:FAM84A,methylation,0.0,0,0.0
meth:FAM89A,methylation,0.0,0,0.0
meth:FAM92A1,methylation,0.0,0,0.0
meth:FCRL5,methylation,0.0,0,0.0
meth:FAM92B,methylation,0.0,0,0.0
meth:FAM99B,methylation,0.0,2,0.04
meth:FANCA,methylation,0.0,0,0.0
meth:FANCG,methylation,0.0,4,0.08
meth:FER1L6,methylation,0.0,0,0.0
meth:FERMT1,methylation,0.0,0,0.0
meth:FERMT3,methylation,0.0,0,0.0
meth:FES,methylation,0.0,0,0.0
meth:FETUB,methylation,0.0,0,0.0
meth:FEV,methylation,0.0,0,0.0
meth:FEZ1,methylation,0.0,0,0.0
meth:FCRL2,methylation,0.0,1,0.02
meth:FCRL3,methylation,0.0,0,0.0
meth:FCRL4,methylation,0.0,0,0.0
meth:FAM92A3,methylation,0.0,0,0.0
meth:GDF9,methylation,0.0,0,0.0
meth:GDNF,methylation,0.0,0,0.0
meth:GDPD3,methylation,0.0,0,0.0
meth:GDPD5,methylation,0.0,0,0.0
meth:GEFT,methylation,0.0,0,0.0
meth:GEM,methylation,0.0,0,0.0
meth:GFAP,methylation,0.0,0,0.0
meth:GDEP,methylation,0.0,0,0.0
meth:GDF1,methylation,0.0,0,0.0
meth:GDF10,methylation,0.0,0,0.0
meth:GDF15,methylation,0.0,0,0.0
meth:GDF2,methylation,0.0,0,0.0
meth:GDF3,methylation,0.0,0,0.0
meth:FOXS1,methylation,0.0,0,0.0
meth:GDF6,methylation,0.0,0,0.0
meth:GCM2,methylation,0.0,0,0.0
meth:GCNT2,methylation,0.0,5,0.1
meth:GCOM1,methylation,0.0,0,0.0
meth:GDA,methylation,0.0,0,0.0
meth:GDAP1,methylation,0.0,0,0.0
meth:GDAP1L1,methylation,0.0,0,0.0
meth:GJB3,methylation,0.0,0,0.0
meth:GJB4,methylation,0.0,0,0.0
meth:GJB5,methylation,0.0,0,0.0
meth:GJB6,methylation,0.0,0,0.0
meth:GJC1,methylation,0.0,0,0.0
meth:GJD4,methylation,0.0,0,0.0
meth:GDF5,methylation,0.0,4,0.08
meth:GAST,methylation,0.0,0,0.0
meth:GATA2,methylation,0.0,0,0.0
meth:GATA5,methylation,0.0,0,0.0
meth:GATM,methylation,0.0,0,0.0
meth:GBA3,methylation,0.0,0,0.0
meth:GALP,methylation,0.0,0,0.0
meth:GALR1,methylation,0.0,0,0.0
meth:GALR2,methylation,0.0,0,0.0
meth:GALR3,methylation,0.0,0,0.0
meth:GAMT,methylation,0.0,3,0.06
meth:GARNL3,methylation,0.0,0,0.0
meth:GAS1,methylation,0.0,0,0.0
meth:GAS2,methylation,0.0,0,0.0
meth:GDF7,methylation,0.0,0,0.0
meth:GALNT5,methylation,0.0,0,0.0
meth:GALNT6,methylation,0.0,0,0.0
meth:GALNT8,methylation,0.0,0,0.0
meth:GALNT9,methylation,0.0,6,0.12
meth:GALNTL1,methylation,0.0,0,0.0
meth:GALNTL2,methylation,0.0,0,0.0
meth:GALNTL5,methylation,0.0,0,0.0
meth:GFI1,methylation,0.0,0,0.0
meth:GFI1B,methylation,0.0,0,0.0
meth:GFPT2,methylation,0.0,0,0.0
meth:GFRA2,methylation,0.0,0,0.0
meth:GFRA4,methylation,0.0,0,0.0
meth:GFRAL,methylation,0.0,0,0.0
meth:GGT6,methylation,0.0,0,0.0
meth:GALNT14,methylation,0.0,0,0.0
expr:CAPN9,expression,0.0,0,0.0
expr:CAPNS2,expression,0.0,0,0.0
expr:CAPZA3,expression,0.0,0,0.0
expr:CARD10,expression,0.0,0,0.0
expr:CARD11,expression,0.0,0,0.0
expr:CARD16,expression,0.0,0,0.0
expr:CARD17,expression,0.0,0,0.0
expr:CAPN12,expression,0.0,0,0.0
expr:CAPN2,expression,0.0,1,0.02
expr:CAPN3,expression,0.0,0,0.0
expr:CAPN5,expression,0.0,0,0.0
expr:CAPN6,expression,0.0,1,0.02
meth:GLB1L3,methylation,0.0,0,0.0
meth:GK2,methylation,0.0,0,0.0
meth:GLDN,methylation,0.0,0,0.0
meth:GLI2,methylation,0.0,0,0.0
meth:GLI3,methylation,0.0,0,0.0
expr:CAMSAP3,expression,0.0,0,0.0
expr:CAND2,expression,0.0,2,0.04
meth:GNAS,methylation,0.0,0,0.0
meth:GNASAS,methylation,0.0,0,0.0
meth:GNAT2,methylation,0.0,0,0.0
meth:GNAT3,methylation,0.0,0,0.0
meth:GNB4,methylation,0.0,0,0.0
meth:GNG11,methylation,0.0,0,0.0
meth:GNG13,methylation,0.0,0,0.0
meth:GNG2,methylation,0.0,1,0.02
meth:GLYATL2,methylation,0.0,0,0.0
meth:GLDC,methylation,0.0,1,0.02
meth:GKN1,methylation,0.0,0,0.0
meth:GJA1,methylation,0.0,2,0.04
meth:GJA10,methylation,0.0,1,0.02
meth:GJA3,methylation,0.0,0,0.0
meth:GJA5,methylation,0.0,0,0.0
meth:GJA8,methylation,0.0,0,0.0
meth:GJA9,methylation,0.0,0,0.0
meth:GJB2,methylation,0.0,0,0.0
meth:GIMAP4,methylation,0.0,0,0.0
meth:GIMAP6,methylation,0.0,7,0.14
meth:GIMAP7,methylation,0.0,0,0.0
meth:GIMAP8,methylation,0.0,0,0.0
meth:GINS2,methylation,0.0,0,0.0
expr:CASD1,expression,0.0,0,0.0
meth:GIPC3,methylation,0.0,2,0.04
meth:GIPR,methylation,0.0,0,0.0
meth:GGTA1,methylation,0.0,1,0.02
meth:GHRH,methylation,0.0,0,0.0
meth:GHRHR,methylation,0.0,9,0.18
meth:GHRLOS,methylation,0.0,12,0.24
meth:GHSR,methylation,0.0,17,0.34
meth:GIF,methylation,0.0,0,0.0
meth:GIMAP1,methylation,0.0,0,0.0
expr:CARD6,expression,0.0,1,0.02
expr:CARMIL2,expression,0.0,0,0.0
expr:CARMIL3,expression,0.0,0,0.0
expr:CARNS1,expression,0.0,0,0.0
expr:CARTPT,expression,0.0,0,0.0
meth:GIP,methylation,0.0,0,0.0
meth:FUT5,methylation,0.0,0,0.0
meth:FUT6,methylation,0.0,1,0.02
meth:FUT7,methylation,0.0,1,0.02
meth:FUT9,methylation,0.0,0,0.0
meth:FSHR,methylation,0.0,0,0.0
meth:FSIP1,methylation,0.0,0,0.0
meth:FST,methylation,0.0,1,0.02
meth:FSTL1,methylation,0.0,0,0.0
meth:FSTL3,methylation,0.0,0,0.0
meth:FSTL5,methylation,0.0,0,0.0
meth:FTL,methylation,0.0,0,0.0
meth:FTMT,methylation,0.0,0,0.0
meth:FRMPD2,methylation,0.0,1,0.02
meth:GAS7,methylation,0.0,0,0.0
meth:FSCN2,methylation,0.0,0,0.0
meth:FSCN3,methylation,0.0,0,0.0
meth:FSD1,methylation,0.0,0,0.0
meth:FSD1L,methylation,0.0,0,0.0
meth:FSD2,methylation,0.0,0,0.0
meth:FSHB,methylation,0.0,0,0.0
meth:GABRR1,methylation,0.0,0,0.0
meth:GABRR3,methylation,0.0,0,0.0
meth:GAD1,methylation,0.0,0,0.0
meth:GADD45A,methylation,0.0,0,0.0
meth:GADL1,methylation,0.0,0,0.0
meth:GAL,methylation,0.0,0,0.0
meth:GAL3ST1,methylation,0.0,2,0.04
meth:GAL3ST3,methylation,0.0,2,0.04
meth:FRZB,methylation,0.0,0,0.0
meth:FPGS,methylation,0.0,0,0.0
meth:FPR1,methylation,0.0,0,0.0
meth:FPR2,methylation,0.0,0,0.0
meth:FPR3,methylation,0.0,6,0.12
meth:FRAS1,methylation,0.0,0,0.0
meth:FOXF1,methylation,0.0,0,0.0
meth:FOXF2,methylation,0.0,0,0.0
meth:FOXG1,methylation,0.0,0,0.0
meth:FOXI1,methylation,0.0,0,0.0
meth:FOXI3,methylation,0.0,0,0.0
meth:FOXN3,methylation,0.0,0,0.0
meth:FOXN4,methylation,0.0,7,0.14
meth:FOXP2,methylation,0.0,0,0.0
meth:FUT1,methylation,0.0,0,0.0
meth:FOXA3,methylation,0.0,1,0.02
meth:FOXB1,methylation,0.0,0,0.0
meth:FOXC1,methylation,0.0,0,0.0
meth:FOXC2,methylation,0.0,0,0.0
meth:FOXD1,methylation,0.0,0,0.0
meth:FOXD3,methylation,0.0,0,0.0
meth:FOXE3,methylation,0.0,0,0.0
meth:FXN,methylation,0.0,0,0.0
meth:FXYD1,methylation,0.0,0,0.0
meth:FXYD2,methylation,0.0,0,0.0
meth:FXYD3,methylation,0.0,0,0.0
meth:FXYD5,methylation,0.0,0,0.0
meth:FXYD6,methylation,0.0,0,0.0
meth:FXYD7,methylation,0.0,0,0.0
meth:FOXA2,methylation,0.0,0,0.0
expr:CATSPERB,expression,0.0,0,0.0
expr:CATSPERD,expression,0.0,0,0.0
expr:CAV1,expression,0.0,0,0.0
expr:CAV2,expression,0.0,0,0.0
expr:CAV3,expression,0.0,0,0.0
expr:CAVIN1,expression,0.0,0,0.0
expr:CAVIN2,expression,0.0,37,0.74
expr:CASQ1,expression,0.0,0,0.0
expr:CASR,expression,0.0,0,0.0
expr:CASS4,expression,0.0,4,0.08
expr:CASTOR1,expression,0.0,0,0.0
expr:CATSPER1,expression,0.0,0,0.0
expr:CATSPER4,expression,0.0,0,0.0
meth:GABRB1,methylation,0.0,0,0.0
expr:CASKIN1,expression,0.0,0,0.0
expr:CASP1,expression,0.0,0,0.0
expr:CASP10,expression,0.0,0,0.0
expr:CASP5,expression,0.0,1,0.02
expr:CASP8AP2,expression,0.0,1,0.02
meth:GBP3,methylation,0.0,0,0.0
meth:GBP6,methylation,0.0,0,0.0
meth:GBX1,methylation,0.0,0,0.0
meth:GBX2,methylation,0.0,1,0.02
meth:GC,methylation,0.0,0,0.0
meth:GCC1,methylation,0.0,1,0.02
meth:GCG,methylation,0.0,0,0.0
meth:GCK,methylation,0.0,0,0.0
meth:GAS2L2,methylation,0.0,0,0.0
meth:GAL3ST4,methylation,0.0,0,0.0
meth:GABRB2,methylation,0.0,1,0.02
meth:GABRB3,methylation,0.0,0,0.0
meth:GABRD,methylation,0.0,0,0.0
meth:GABRG1,methylation,0.0,0,0.0
meth:GABRG2,methylation,0.0,0,0.0
meth:GABRG3,methylation,0.0,0,0.0
meth:GABRP,methylation,0.0,0,0.0
meth:G6PC,methylation,0.0,1,0.02
meth:G6PC2,methylation,0.0,1,0.02
meth:GAB4,methylation,0.0,0,0.0
meth:GABBR2,methylation,0.0,0,0.0
meth:GABRA1,methylation,0.0,0,0.0
meth:GABRA4,methylation,0.0,0,0.0
meth:GALNT13,methylation,0.0,0,0.0
meth:GABRA6,methylation,0.0,0,0.0
meth:FYN,methylation,0.0,0,0.0
meth:FZD1,methylation,0.0,0,0.0
meth:FZD10,methylation,0.0,0,0.0
meth:FZD6,methylation,0.0,0,0.0
meth:FZD7,methylation,0.0,6,0.12
meth:FZD8,methylation,0.0,1,0.02
meth:FZD9,methylation,0.0,0,0.0
meth:G0S2,methylation,0.0,3,0.06
expr:CBARP,expression,0.0,0,0.0
expr:CBFA2T3,expression,0.0,0,0.0
expr:CBLC,expression,0.0,0,0.0
expr:CBLN1,expression,0.0,0,0.0
expr:CBLN2,expression,0.0,5,0.1
meth:GABRA5,methylation,0.0,0,0.0
meth:DPYS,methylation,0.0,0,0.0
meth:DPYSL4,methylation,0.0,0,0.0
meth:DPYSL5,methylation,0.0,0,0.0
meth:DQX1,methylation,0.0,0,0.0
meth:DRD1,methylation,0.0,0,0.0
meth:DRD2,methylation,0.0,0,0.0
meth:DRD4,methylation,0.0,4,0.08
meth:DPH3B,methylation,0.0,0,0.0
meth:DPP4,methylation,0.0,0,0.0
meth:DPP6,methylation,0.0,0,0.0
meth:DPPA2,methylation,0.0,0,0.0
meth:DPPA3,methylation,0.0,0,0.0
meth:DPPA4,methylation,0.0,0,0.0
meth:FAM19A1,methylation,0.0,0,0.0
meth:DPRX,methylation,0.0,0,0.0
meth:DOK3,methylation,0.0,10,0.2
meth:DOK5,methylation,0.0,0,0.0
meth:DOLPP1,methylation,0.0,0,0.0
meth:DOPEY2,methylation,0.0,0,0.0
meth:DPCR1,methylation,0.0,0,0.0
meth:DPEP1,methylation,0.0,0,0.0
meth:DPEP2,methylation,0.0,0,0.0
meth:DPF3,methylation,0.0,0,0.0
meth:DNM1P35,methylation,0.0,0,0.0
meth:DNMBP,methylation,0.0,0,0.0
meth:DOCK10,methylation,0.0,5,0.1
meth:DOCK3,methylation,0.0,0,0.0
meth:DPPA5,methylation,0.0,0,0.0
meth:DMRT3,methylation,0.0,2,0.04
expr:CCL3,expression,0.0,0,0.0
expr:CCL3L3,expression,0.0,0,0.0
expr:CCL4,expression,0.0,0,0.0
expr:CCL4L2,expression,0.0,0,0.0
expr:CCL5,expression,0.0,1,0.02
expr:CCL7,expression,0.0,0,0.0
expr:CCN1,expression,0.0,0,0.0
expr:CCN2,expression,0.0,0,0.0
expr:CCL18,expression,0.0,0,0.0
expr:CCL2,expression,0.0,0,0.0
expr:CCL23,expression,0.0,0,0.0
expr:CCL24,expression,0.0,0,0.0
meth:DPT,methylation,0.0,0,0.0
expr:CCL26,expression,0.0,7,0.14
expr:CCL28,expression,0.0,1,0.02
expr:CCL1,expression,0.0,1,0.02
expr:CCL11,expression,0.0,1,0.02
expr:CCL13,expression,0.0,0,0.0
expr:CCL16,expression,0.0,0,0.0
expr:CCL17,expression,0.0,0,0.0
meth:DNASE1L2,methylation,0.0,0,0.0
meth:DNASE1L3,methylation,0.0,16,0.32
meth:DNASE2B,methylation,0.0,0,0.0
meth:DNER,methylation,0.0,0,0.0
expr:CCER2,expression,0.0,0,0.0
expr:CCIN,expression,0.0,0,0.0
expr:CCK,expression,0.0,0,0.0
expr:CCL25,expression,0.0,0,0.0
meth:DSCR6,methylation,0.0,0,0.0
meth:EFCAB8,methylation,0.0,0,0.0
meth:EFEMP2,methylation,0.0,0,0.0
meth:EFHA2,methylation,0.0,0,0.0
meth:EFHB,methylation,0.0,0,0.0
meth:EFNA2,methylation,0.0,0,0.0
meth:EFNA3,methylation,0.0,0,0.0
meth:EFNA4,methylation,0.0,0,0.0
meth:EFNB3,methylation,0.0,0,0.0
meth:EDN3,methylation,0.0,0,0.0
meth:EDNRA,methylation,0.0,0,0.0
meth:EDNRB,methylation,0.0,0,0.0
meth:EEF1AL7,methylation,0.0,0,0.0
meth:DOCK5,methylation,0.0,0,0.0
meth:EFCAB2,methylation,0.0,0,0.0
meth:EFCAB3,methylation,0.0,1,0.02
meth:EFCAB4B,methylation,0.0,0,0.0
meth:EBF3,methylation,0.0,0,0.0
meth:EBI3,methylation,0.0,0,0.0
meth:ECE2,methylation,0.0,0,0.0
meth:ECEL1,methylation,0.0,0,0.0
meth:ECM2,methylation,0.0,0,0.0
meth:EDAR,methylation,0.0,0,0.0
meth:EDARADD,methylation,0.0,1,0.02
meth:EDN2,methylation,0.0,0,0.0
meth:DYRK2,methylation,0.0,2,0.04
meth:DYRK3,methylation,0.0,0,0.0
meth:DYRK4,methylation,0.0,0,0.0
meth:EFCAB1,methylation,0.0,0,0.0
meth:DOCK8,methylation,0.0,0,0.0
meth:DOK1,methylation,0.0,0,0.0
meth:DUSP22,methylation,0.0,0,0.0
meth:DUSP26,methylation,0.0,0,0.0
meth:DUXA,methylation,0.0,0,0.0
meth:DYDC1,methylation,0.0,0,0.0
meth:DYDC2,methylation,0.0,0,0.0
meth:DYNC1I1,methylation,0.0,1,0.02
meth:DYNLRB2,methylation,0.0,0,0.0
meth:DTX1,methylation,0.0,0,0.0
meth:DUOX1,methylation,0.0,0,0.0
meth:DUOX2,methylation,0.0,0,0.0
meth:DUOXA1,methylation,0.0,0,0.0
meth:DSCAML1,methylation,0.0,0,0.0
meth:DUPD1,methylation,0.0,0,0.0
meth:DUSP13,methylation,0.0,0,0.0
meth:DUSP2,methylation,0.0,0,0.0
meth:DSCR8,methylation,0.0,4,0.08
meth:DSCR9,methylation,0.0,0,0.0
meth:DSG3,methylation,0.0,0,0.0
meth:DSP,methylation,0.0,0,0.0
meth:DSPP,methylation,0.0,0,0.0
meth:DST,methylation,0.0,0,0.0
meth:DTHD1,methylation,0.0,0,0.0
meth:DTNA,methylation,0.0,0,0.0
meth:DSC1,methylation,0.0,0,0.0
meth:DSC3,methylation,0.0,1,0.02
meth:DSCAM,methylation,0.0,0,0.0
meth:DUOXA2,methylation,0.0,0,0.0
meth:DIO1,methylation,0.0,0,0.0
meth:DES,methylation,0.0,0,0.0
meth:DEXI,methylation,0.0,0,0.0
meth:DFNA5,methylation,0.0,0,0.0
meth:DGCR9,methylation,0.0,0,0.0
meth:DGKB,methylation,0.0,0,0.0
meth:DGKG,methylation,0.0,0,0.0
meth:DGKI,methylation,0.0,2,0.04
meth:DGKZ,methylation,0.0,0,0.0
meth:DEFB133,methylation,0.0,0,0.0
meth:DEFB134,methylation,0.0,0,0.0
meth:DEFB135,methylation,0.0,0,0.0
meth:DEFB136,methylation,0.0,0,0.0
meth:DMRT2,methylation,0.0,0,0.0
meth:DENND1C,methylation,0.0,0,0.0
meth:DENND2D,methylation,0.0,0,0.0
meth:DEPDC7,methylation,0.0,0,0.0
meth:DEFB122,methylation,0.0,0,0.0
meth:DEFB123,methylation,0.0,0,0.0
meth:DEFB124,methylation,0.0,0,0.0
meth:DEFB125,methylation,0.0,0,0.0
meth:DEFB127,methylation,0.0,0,0.0
meth:DEFB128,methylation,0.0,0,0.0
meth:DEFB129,methylation,0.0,0,0.0
meth:DEFB132,methylation,0.0,0,0.0
meth:DLK1,methylation,0.0,3,0.06
meth:DLK2,methylation,0.0,1,0.02
meth:DLX1,methylation,0.0,0,0.0
meth:DENND1B,methylation,0.0,0,0.0
meth:DEFB118,methylation,0.0,0,0.0
meth:DEFB121,methylation,0.0,0,0.0
expr:CCR10,expression,0.0,0,0.0
expr:CCR2,expression,0.0,2,0.04
expr:CCR3,expression,0.0,0,0.0
expr:CCR5,expression,0.0,0,0.0
expr:CCR7,expression,0.0,12,0.24
expr:CCR8,expression,0.0,0,0.0
expr:CCNE1,expression,0.0,7,0.14
expr:CCNE2,expression,0.0,0,0.0
expr:CCNI2,expression,0.0,2,0.04
expr:CCNJL,expression,0.0,0,0.0
expr:CCNO,expression,0.0,0,0.0
meth:DIABLO,methylation,0.0,2,0.04
expr:CCR1,expression,0.0,0,0.0
expr:CCN4,expression,0.0,0,0.0
expr:CCN5,expression,0.0,0,0.0
expr:CCN6,expression,0.0,1,0.02
expr:CCNA1,expression,0.0,0,0.0
expr:CCNA2,expression,0.0,0,0.0
expr:CCNB1,expression,0.0,0,0.0
expr:CCNB2,expression,0.0,0,0.0
expr:CCNB3,expression,0.0,1,0.02
meth:DHRS2,methylation,0.0,0,0.0
meth:DHRS3,methylation,0.0,3,0.06
meth:DHRS4,methylation,0.0,0,0.0
meth:DHRS7C,methylation,0.0,0,0.0
meth:DHX40,methylation,0.0,0,0.0
expr:CCNP,expression,0.0,1,0.02
meth:DNAJB5,methylation,0.0,1,0.02
meth:DNAJB8,methylation,0.0,0,0.0
meth:DNAJC11,methylation,0.0,2,0.04
meth:DNAJC15,methylation,0.0,0,0.0
meth:DNAJC5B,methylation,0.0,2,0.04
meth:DNAJC5G,methylation,0.0,0,0.0
meth:DNAH3,methylation,0.0,0,0.0
meth:DNAH5,methylation,0.0,0,0.0
meth:DNAH6,methylation,0.0,0,0.0
meth:DNAH8,methylation,0.0,3,0.06
meth:DNAH9,methylation,0.0,0,0.0
meth:DNAI1,methylation,0.0,0,0.0
meth:DNAI2,methylation,0.0,5,0.1
meth:DLX4,methylation,0.0,0,0.0
meth:DMRTA2,methylation,0.0,0,0.0
meth:DMRTB1,methylation,0.0,0,0.0
meth:DMRTC2,methylation,0.0,0,0.0
meth:DNAH1,methylation,0.0,0,0.0
meth:DNAH10,methylation,0.0,0,0.0
meth:DNAH11,methylation,0.0,0,0.0
meth:DNAH17,methylation,0.0,0,0.0
meth:DNAH2,methylation,0.0,0,0.0
meth:DMBX1,methylation,0.0,0,0.0
meth:DMC1,methylation,0.0,0,0.0
meth:DMGDH,methylation,0.0,0,0.0
meth:DMP1,methylation,0.0,0,0.0
meth:DMPK,methylation,0.0,0,0.0
meth:DMRT1,methylation,0.0,0,0.0
meth:DNAJA4,methylation,0.0,0,0.0
meth:DLX5,methylation,0.0,0,0.0
meth:DLX6,methylation,0.0,0,0.0
meth:DLX6AS,methylation,0.0,0,0.0
meth:DMBT1,methylation,0.0,0,0.0
meth:DKK3,methylation,0.0,0,0.0
meth:DLAT,methylation,0.0,0,0.0
meth:DLC1,methylation,0.0,0,0.0
meth:DLEC1,methylation,0.0,0,0.0
meth:DLEU7,methylation,0.0,0,0.0
meth:DLGAP2,methylation,0.0,0,0.0
meth:DLGAP4,methylation,0.0,0,0.0
meth:DLGAP5,methylation,0.0,0,0.0
meth:DKFZP434K028,methylation,0.0,3,0.06
meth:DNAJB3,methylation,0.0,0,0.0
meth:DKFZp434J0226,methylation,0.0,10,0.2
meth:DKFZp434L192,methylation,0.0,0,0.0
meth:DKFZp566F0947,methylation,0.0,0,0.0
meth:DKFZp686A1627,methylation,0.0,0,0.0
meth:DKFZp686O24166,methylation,0.0,0,0.0
meth:DKK1,methylation,0.0,0,0.0
meth:DIO2,methylation,0.0,0,0.0
meth:DIO3,methylation,0.0,0,0.0
meth:DIO3OS,methylation,0.0,0,0.0
meth:DIRAS1,methylation,0.0,0,0.0
meth:DIRAS2,methylation,0.0,0,0.0
meth:DIRAS3,methylation,0.0,0,0.0
meth:DISC1,methylation,0.0,0,0.0
meth:DISP2,methylation,0.0,0,0.0
meth:DKFZP686I15217,methylation,0.0,0,0.0
meth:FAM100A,methylation,0.0,0,0.0
meth:FAM101A,methylation,0.0,3,0.06
meth:FAM101B,methylation,0.0,0,0.0
meth:FAM107B,methylation,0.0,0,0.0
meth:FAM109B,methylation,0.0,0,0.0
meth:FABP3,methylation,0.0,1,0.02
meth:FABP5,methylation,0.0,0,0.0
meth:FABP6,methylation,0.0,0,0.0
meth:FABP7,methylation,0.0,0,0.0
meth:FADS1,methylation,0.0,0,0.0
meth:FADS2,methylation,0.0,0,0.0
meth:F13A1,methylation,0.0,0,0.0
meth:F2R,methylation,0.0,0,0.0
meth:DYTN,methylation,0.0,0,0.0
meth:F7,methylation,0.0,0,0.0
meth:FAAH,methylation,0.0,0,0.0
meth:FABP1,methylation,0.0,0,0.0
meth:FABP2,methylation,0.0,0,0.0
meth:FAM164A,methylation,0.0,3,0.06
meth:FAM166A,methylation,0.0,0,0.0
meth:FAM167B,methylation,0.0,4,0.08
expr:CCDC150,expression,0.0,0,0.0
expr:CCDC151,expression,0.0,0,0.0
expr:CCDC153,expression,0.0,0,0.0
meth:FAM151A,methylation,0.0,0,0.0
meth:FAM154A,methylation,0.0,0,0.0
meth:FAM155A,methylation,0.0,1,0.02
meth:F2RL3,methylation,0.0,0,0.0
meth:EVX1,methylation,0.0,0,0.0
meth:EVX2,methylation,0.0,0,0.0
meth:EXOC2,methylation,0.0,0,0.0
meth:EXOC3L,methylation,0.0,0,0.0
meth:EXOC3L2,methylation,0.0,0,0.0
meth:ETV7,methylation,0.0,0,0.0
meth:EVC,methylation,0.0,0,0.0
meth:EVC2,methylation,0.0,0,0.0
meth:EVI2A,methylation,0.0,0,0.0
meth:EVI5,methylation,0.0,0,0.0
meth:EVL,methylation,0.0,0,0.0
meth:EVPL,methylation,0.0,0,0.0
meth:EVPLL,methylation,0.0,0,0.0
meth:FAIM3,methylation,0.0,0,0.0
meth:ETS1,methylation,0.0,0,0.0
meth:ETV1,methylation,0.0,1,0.02
meth:ETV2,methylation,0.0,0,0.0
meth:ETV3,methylation,0.0,0,0.0
meth:ETV3L,methylation,0.0,0,0.0
meth:ETV5,methylation,0.0,0,0.0
meth:FAM110C,methylation,0.0,0,0.0
meth:FAM113B,methylation,0.0,0,0.0
meth:FAM118A,methylation,0.0,0,0.0
meth:FAM123A,methylation,0.0,0,0.0
meth:FAM123C,methylation,0.0,0,0.0
meth:FAM125B,methylation,0.0,3,0.06
meth:FAM126A,methylation,0.0,0,0.0
meth:FAIM2,methylation,0.0,0,0.0
meth:ETFB,methylation,0.0,0,0.0
expr:CCDC189,expression,0.0,0,0.0
expr:CCDC190,expression,0.0,0,0.0
expr:CCDC192,expression,0.0,0,0.0
expr:CCDC175,expression,0.0,3,0.06
expr:CCDC178,expression,0.0,5,0.1
expr:CCDC18,expression,0.0,0,0.0
expr:CCDC180,expression,0.0,13,0.26
expr:CCDC181,expression,0.0,0,0.0
expr:CCDC183,expression,0.0,0,0.0
expr:CCDC154,expression,0.0,0,0.0
expr:CCDC158,expression,0.0,2,0.04
expr:CCDC163,expression,0.0,2,0.04
expr:CCDC166,expression,0.0,0,0.0
meth:FAM159A,methylation,0.0,4,0.08
expr:CCDC169,expression,0.0,0,0.0
expr:CCDC17,expression,0.0,8,0.16
meth:FAM19A5,methylation,0.0,0,0.0
meth:FAM20A,methylation,0.0,0,0.0
meth:FAM24A,methylation,0.0,0,0.0
meth:FAM24B,methylation,0.0,0,0.0
meth:FAM26D,methylation,0.0,0,0.0
meth:FAM26E,methylation,0.0,1,0.02
meth:FAM26F,methylation,0.0,0,0.0
meth:FAM27L,methylation,0.0,0,0.0
meth:FAM196A,methylation,0.0,1,0.02
meth:FAM196B,methylation,0.0,0,0.0
meth:FAM198A,methylation,0.0,0,0.0
meth:FAM198B,methylation,0.0,0,0.0
expr:CCDC168,expression,0.0,0,0.0
meth:FAM159B,methylation,0.0,0,0.0
meth:FAM162B,methylation,0.0,0,0.0
meth:FAM163A,methylation,0.0,0,0.0
meth:FAM163B,methylation,0.0,0,0.0
meth:FAM135A,methylation,0.0,1,0.02
meth:FAM135B,methylation,0.0,0,0.0
meth:FAM136A,methylation,0.0,0,0.0
meth:FAM13A,methylation,0.0,8,0.16
meth:FAM13C,methylation,0.0,0,0.0
meth:FAM150A,methylation,0.0,0,0.0
meth:FAM150B,methylation,0.0,0,0.0
meth:FAM129B,methylation,0.0,0,0.0
meth:FAM129C,methylation,0.0,1,0.02
expr:CCDC188,expression,0.0,0,0.0
meth:FAM131A,methylation,0.0,0,0.0
meth:FAM131C,methylation,0.0,0,0.0
meth:FAM132A,methylation,0.0,0,0.0
meth:FAM134B,methylation,0.0,0,0.0
expr:CCDC194,expression,0.0,0,0.0
expr:CCDC198,expression,0.0,0,0.0
meth:FAM169A,methylation,0.0,1,0.02
meth:FAM169B,methylation,0.0,0,0.0
meth:FAM170A,methylation,0.0,0,0.0
meth:FAM170B,methylation,0.0,0,0.0
meth:FAM171B,methylation,0.0,0,0.0
expr:CCDC184,expression,0.0,0,0.0
expr:CCDC185,expression,0.0,0,0.0
expr:CCDC187,expression,0.0,0,0.0
meth:FAM12A,methylation,0.0,0,0.0
meth:EGOT,methylation,0.0,6,0.12
meth:EGR4,methylation,0.0,0,0.0
expr:CCDC88B,expression,0.0,0,0.0
meth:ELOVL4,methylation,0.0,0,0.0
meth:ELSPBP1,methylation,0.0,0,0.0
meth:ELTD1,methylation,0.0,0,0.0
meth:EMB,methylation,0.0,0,0.0
meth:EMCN,methylation,0.0,0,0.0
meth:EMID2,methylation,0.0,0,0.0
expr:CCDC8,expression,0.0,0,0.0
expr:CCDC80,expression,0.0,1,0.02
expr:CCDC82,expression,0.0,0,0.0
expr:CCDC83,expression,0.0,0,0.0
meth:F11R,methylation,0.0,0,0.0
expr:CCDC88A,expression,0.0,0,0.0
expr:CCDC42,expression,0.0,0,0.0
expr:CCDC54,expression,0.0,0,0.0
expr:CCDC60,expression,0.0,0,0.0
expr:CCDC62,expression,0.0,1,0.02
expr:CCDC73,expression,0.0,0,0.0
expr:CCDC78,expression,0.0,0,0.0
expr:CCDC201,expression,0.0,0,0.0
expr:CCDC24,expression,0.0,0,0.0
expr:CCDC27,expression,0.0,0,0.0
expr:CCDC3,expression,0.0,1,0.02
expr:CCDC33,expression,0.0,0,0.0
meth:EOMES,methylation,0.0,0,0.0
meth:EPB41L1,methylation,0.0,0,0.0
expr:CCDC85A,expression,0.0,3,0.06
meth:DZIP1,methylation,0.0,0,0.0
meth:EBF1,methylation,0.0,0,0.0
meth:EBF2,methylation,0.0,0,0.0
meth:ELAVL4,methylation,0.0,0,0.0
meth:ELF3,methylation,0.0,0,0.0
meth:ELF5,methylation,0.0,27,0.54
meth:ELFN1,methylation,0.0,0,0.0
meth:ELFN2,methylation,0.0,0,0.0
meth:ELL2,methylation,0.0,0,0.0
meth:ELMO3,methylation,0.0,0,0.0
expr:CCDC200,expression,0.0,0,0.0
meth:EIF4E1B,methylation,0.0,0,0.0
meth:EIF4E3,methylation,0.0,0,0.0
meth:EGLN2,methylation,0.0,0,0.0
meth:ELAC1,methylation,0.0,0,0.0
meth:ELAVL2,methylation,0.0,0,0.0
meth:ELAVL3,methylation,0.0,0,0.0
meth:EHF,methylation,0.0,0,0.0
meth:EID1,methylation,0.0,0,0.0
meth:EID3,methylation,0.0,0,0.0
meth:EIF1B,methylation,0.0,0,0.0
meth:EIF3K,methylation,0.0,0,0.0
meth:EIF3L,methylation,0.0,0,0.0
meth:EIF4B,methylation,0.0,0,0.0
meth:EGF,methylation,0.0,0,0.0
meth:EGFL7,methylation,0.0,0,0.0
meth:EGFLAM,methylation,0.0,0,0.0
meth:EGFR,methylation,0.0,0,0.0
meth:EIF5A2,methylation,0.0,0,0.0
meth:ESRRB,methylation,0.0,0,0.0
meth:ESRRG,methylation,0.0,2,0.04
meth:ESYT3,methylation,0.0,0,0.0
meth:ETFA,methylation,0.0,0,0.0
meth:EPX,methylation,0.0,0,0.0
meth:EPYC,methylation,0.0,0,0.0
meth:EREG,methylation,0.0,0,0.0
meth:ERG,methylation,0.0,0,0.0
meth:ERN2,methylation,0.0,1,0.02
meth:ERRFI1,methylation,0.0,0,0.0
meth:ESM1,methylation,0.0,0,0.0
meth:EPHB6,methylation,0.0,0,0.0
meth:EPHX3,methylation,0.0,0,0.0
meth:EPB41L3,methylation,0.0,0,0.0
meth:EPO,methylation,0.0,4,0.08
meth:EPR1,methylation,0.0,2,0.04
meth:EPHA10,methylation,0.0,0,0.0
meth:EPHA2,methylation,0.0,0,0.0
meth:EPHA4,methylation,0.0,8,0.16
meth:EPHA7,methylation,0.0,0,0.0
meth:EPHA8,methylation,0.0,0,0.0
meth:EPHB1,methylation,0.0,0,0.0
meth:EPHB2,methylation,0.0,2,0.04
meth:EXTL1,methylation,0.0,0,0.0
meth:EYA1,methylation,0.0,0,0.0
meth:EYA2,methylation,0.0,0,0.0
meth:EYS,methylation,0.0,0,0.0
meth:F11,methylation,0.0,0,0.0
meth:EPHX4,methylation,0.0,1,0.02
meth:EPB42,methylation,0.0,0,0.0
meth:EPDR1,methylation,0.0,1,0.02
meth:EPGN,methylation,0.0,0,0.0
meth:EPHA1,methylation,0.0,0,0.0
meth:ENOSF1,methylation,0.0,0,0.0
meth:ENPEP,methylation,0.0,0,0.0
meth:ENPP3,methylation,0.0,0,0.0
meth:ENPP6,methylation,0.0,0,0.0
meth:ENPP7,methylation,0.0,0,0.0
meth:ENTPD1,methylation,0.0,1,0.02
meth:ENTPD2,methylation,0.0,0,0.0
meth:ENTPD3,methylation,0.0,0,0.0
meth:EMR4P,methylation,0.0,0,0.0
meth:ESRP2,methylation,0.0,0,0.0
meth:EMX2OS,methylation,0.0,0,0.0
meth:EN1,methylation,0.0,0,0.0
meth:EN2,methylation,0.0,0,0.0
meth:ENDOD1,methylation,0.0,0,0.0
meth:ENG,methylation,0.0,0,0.0
meth:EMILIN1,methylation,0.0,0,0.0
meth:EMILIN2,methylation,0.0,0,0.0
meth:EMILIN3,methylation,0.0,0,0.0
meth:EML1,methylation,0.0,0,0.0
meth:EMR1,methylation,0.0,0,0.0
meth:EMR2,methylation,0.0,0,0.0
meth:ESPN,methylation,0.0,0,0.0
meth:ESPNP,methylation,0.0,0,0.0
meth:ESR2,methylation,0.0,0,0.0
meth:EMX2,methylation,0.0,0,0.0
meth:IL1F5,methylation,0.0,9,0.18
meth:IL1F6,methylation,0.0,0,0.0
meth:IL1F7,methylation,0.0,3,0.06
meth:IL1F8,methylation,0.0,0,0.0
meth:IL1F9,methylation,0.0,0,0.0
meth:IL1R1,methylation,0.0,0,0.0
meth:IL17F,methylation,0.0,0,0.0
meth:IL18,methylation,0.0,0,0.0
meth:IL18BP,methylation,0.0,0,0.0
meth:IL18R1,methylation,0.0,0,0.0
meth:IL18RAP,methylation,0.0,0,0.0
meth:IL19,methylation,0.0,2,0.04
meth:IL1A,methylation,0.0,0,0.0
meth:GMFG,methylation,0.0,1,0.02
meth:INSL5,methylation,0.0,0,0.0
meth:INSM1,methylation,0.0,0,0.0
meth:INSM2,methylation,0.0,0,0.0
meth:INSRR,methylation,0.0,0,0.0
meth:INTS2,methylation,0.0,0,0.0
meth:IP6K3,methylation,0.0,0,0.0
meth:IPCEF1,methylation,0.0,0,0.0
meth:INHBE,methylation,0.0,1,0.02
meth:INMT,methylation,0.0,0,0.0
meth:INPP5B,methylation,0.0,0,0.0
meth:INPP5D,methylation,0.0,0,0.0
meth:INPP5J,methylation,0.0,0,0.0
meth:INS,methylation,0.0,0,0.0
meth:INSL3,methylation,0.0,0,0.0
expr:C4orf51,expression,0.0,0,0.0
expr:C4orf54,expression,0.0,2,0.04
expr:C5,expression,0.0,2,0.04
expr:C5AR1,expression,0.0,0,0.0
meth:IL11RA,methylation,0.0,0,0.0
meth:IL12B,methylation,0.0,0,0.0
meth:IL12RB1,methylation,0.0,0,0.0
meth:IL12RB2,methylation,0.0,0,0.0
meth:IL13,methylation,0.0,0,0.0
expr:C4B,expression,0.0,0,0.0
expr:C4BPA,expression,0.0,0,0.0
expr:C4orf36,expression,0.0,0,0.0
meth:IL23A,methylation,0.0,0,0.0
meth:IL1F10,methylation,0.0,7,0.14
meth:IL25,methylation,0.0,0,0.0
meth:IL26,methylation,0.0,0,0.0
meth:IL27,methylation,0.0,3,0.06
meth:IL28B,methylation,0.0,12,0.24
meth:MIR583,methylation,0.0,0,0.0
meth:IL3,methylation,0.0,0,0.0
meth:IL1R2,methylation,0.0,0,0.0
meth:IL1RL1,methylation,0.0,0,0.0
meth:IL1RL2,methylation,0.0,2,0.04
meth:IL20,methylation,0.0,0,0.0
meth:IL21R,methylation,0.0,0,0.0
meth:IL22RA1,methylation,0.0,0,0.0
meth:IL22RA2,methylation,0.0,0,0.0
meth:IL1B,methylation,0.0,5,0.1
meth:IL24,methylation,0.0,0,0.0
meth:IRAK2,methylation,0.0,2,0.04
meth:IRF5,methylation,0.0,2,0.04
meth:IRF6,methylation,0.0,1,0.02
meth:IRF7,methylation,0.0,0,0.0
meth:IRF8,methylation,0.0,0,0.0
meth:IRGC,methylation,0.0,0,0.0
meth:IPO5,methylation,0.0,0,0.0
meth:IQCA1,methylation,0.0,0,0.0
meth:IQCF2,methylation,0.0,0,0.0
meth:IQCF3,methylation,0.0,0,0.0
meth:IQCF5,methylation,0.0,0,0.0
meth:IQCF6,methylation,0.0,0,0.0
meth:IQCK,methylation,0.0,0,0.0
meth:INS-IGF2,methylation,0.0,0,0.0
meth:ITPRIPL1,methylation,0.0,0,0.0
meth:ITPRIPL2,methylation,0.0,0,0.0
meth:IVD,methylation,0.0,0,0.0
meth:IVL,methylation,0.0,0,0.0
meth:IYD,methylation,0.0,0,0.0
meth:JAG2,methylation,0.0,0,0.0
meth:ITGB7,methylation,0.0,0,0.0
meth:ITGBL1,methylation,0.0,1,0.02
meth:ITIH1,methylation,0.0,1,0.02
meth:ITIH2,methylation,0.0,0,0.0
meth:ITIH4,methylation,0.0,0,0.0
meth:ITK,methylation,0.0,0,0.0
meth:ITLN1,methylation,0.0,0,0.0
meth:ITM2C,methylation,0.0,0,0.0
meth:IQSEC1,methylation,0.0,0,0.0
meth:INSC,methylation,0.0,0,0.0
meth:IL7R,methylation,0.0,4,0.08
meth:IL9,methylation,0.0,0,0.0
meth:ILF2,methylation,0.0,0,0.0
meth:IMP5,methylation,0.0,0,0.0
meth:INA,methylation,0.0,0,0.0
meth:INHA,methylation,0.0,0,0.0
meth:INHBA,methylation,0.0,0,0.0
meth:INHBC,methylation,0.0,0,0.0
meth:IL31,methylation,0.0,0,0.0
meth:IL32,methylation,0.0,0,0.0
meth:IL34,methylation,0.0,1,0.02
meth:IL5,methylation,0.0,0,0.0
meth:IQSEC3,methylation,0.0,0,0.0
meth:IL7,methylation,0.0,0,0.0
meth:ISL1,methylation,0.0,0,0.0
meth:ISL2,methylation,0.0,0,0.0
meth:ISLR,methylation,0.0,0,0.0
meth:ISLR2,methylation,0.0,1,0.02
meth:ISM1,methylation,0.0,0,0.0
meth:ISM2,methylation,0.0,0,0.0
meth:ISX,methylation,0.0,0,0.0
meth:IRGM,methylation,0.0,0,0.0
meth:IRS2,methylation,0.0,0,0.0
meth:IRX1,methylation,0.0,0,0.0
meth:IRX4,methylation,0.0,0,0.0
meth:IRX6,methylation,0.0,3,0.06
meth:ISG20,methylation,0.0,0,0.0
meth:IL5RA,methylation,0.0,0,0.0
meth:HSPB9,methylation,0.0,0,0.0
meth:HTA,methylation,0.0,1,0.02
meth:HTR1D,methylation,0.0,0,0.0
meth:HTR1E,methylation,0.0,0,0.0
meth:HTR2A,methylation,0.0,1,0.02
meth:HSPA12A,methylation,0.0,0,0.0
meth:HSPA12B,methylation,0.0,0,0.0
meth:HSPA1A,methylation,0.0,0,0.0
meth:HSPA1L,methylation,0.0,0,0.0
meth:HSPA4,methylation,0.0,0,0.0
meth:HSPA5,methylation,0.0,0,0.0
meth:HSPA6,methylation,0.0,0,0.0
meth:HSPA7,methylation,0.0,0,0.0
expr:C4orf48,expression,0.0,0,0.0
meth:IFNA14,methylation,0.0,0,0.0
meth:IFNA8,methylation,0.0,0,0.0
meth:IFNG,methylation,0.0,0,0.0
meth:IFNK,methylation,0.0,0,0.0
meth:IGDCC3,methylation,0.0,0,0.0
meth:IGDCC4,methylation,0.0,0,0.0
meth:IGF1,methylation,0.0,0,0.0
meth:IFI30,methylation,0.0,0,0.0
meth:IFI44,methylation,0.0,0,0.0
meth:IFI44L,methylation,0.0,1,0.02
meth:IFIT1,methylation,0.0,0,0.0
meth:IFIT2,methylation,0.0,0,0.0
meth:IFIT3,methylation,0.0,0,0.0
meth:IFITM1,methylation,0.0,0,0.0
meth:IFLTD1,methylation,0.0,0,0.0
expr:C8orf88,expression,0.0,0,0.0
expr:C9orf131,expression,0.0,0,0.0
expr:C9orf135,expression,0.0,0,0.0
expr:C9orf152,expression,0.0,1,0.02
expr:C9orf24,expression,0.0,0,0.0
expr:C9orf43,expression,0.0,0,0.0
expr:C9orf50,expression,0.0,0,0.0
meth:HSD17B6,methylation,0.0,0,0.0
meth:HSD17B8,methylation,0.0,0,0.0
expr:C7orf61,expression,0.0,0,0.0
expr:C8B,expression,0.0,0,0.0
expr:C8G,expression,0.0,0,0.0
expr:C8orf48,expression,0.0,1,0.02
meth:HSPB8,methylation,0.0,0,0.0
meth:HTR7,methylation,0.0,0,0.0
meth:HTR7P,methylation,0.0,0,0.0
meth:HTRA1,methylation,0.0,0,0.0
meth:HTRA3,methylation,0.0,0,0.0
meth:HUS1,methylation,0.0,0,0.0
meth:HUS1B,methylation,0.0,0,0.0
meth:HTR3A,methylation,0.0,0,0.0
meth:HTR3C,methylation,0.0,0,0.0
meth:HTR3D,methylation,0.0,0,0.0
meth:HTR3E,methylation,0.0,0,0.0
meth:HTR4,methylation,0.0,0,0.0
meth:HTR5A,methylation,0.0,0,0.0
meth:HSPB2,methylation,0.0,0,0.0
meth:HSPB3,methylation,0.0,1,0.02
meth:HTR6,methylation,0.0,0,0.0
meth:IGSF22,methylation,0.0,0,0.0
meth:IGFBP3,methylation,0.0,2,0.04
meth:IGFBP5,methylation,0.0,0,0.0
meth:IGFBP6,methylation,0.0,1,0.02
meth:IGFBP7,methylation,0.0,0,0.0
meth:IGFBPL1,methylation,0.0,1,0.02
meth:IGFL1,methylation,0.0,0,0.0
meth:IGFL2,methylation,0.0,0,0.0
meth:IGF1R,methylation,0.0,0,0.0
meth:IGF2,methylation,0.0,0,0.0
meth:IGF2AS,methylation,0.0,0,0.0
meth:IGF2BP1,methylation,0.0,0,0.0
meth:IGF2BP2,methylation,0.0,0,0.0
meth:IFITM4P,methylation,0.0,0,0.0
meth:IGFBP2,methylation,0.0,1,0.02
expr:C6orf58,expression,0.0,2,0.04
expr:C7,expression,0.0,16,0.32
expr:C7orf31,expression,0.0,10,0.2
expr:C7orf33,expression,0.0,11,0.22
meth:IL17A,methylation,0.0,0,0.0
meth:IL17C,methylation,0.0,2,0.04
expr:C5orf38,expression,0.0,0,0.0
expr:C5orf63,expression,0.0,0,0.0
expr:C6,expression,0.0,1,0.02
expr:C6orf118,expression,0.0,0,0.0
expr:C6orf15,expression,0.0,3,0.06
expr:C4orf45,expression,0.0,0,0.0
expr:C4orf47,expression,0.0,0,0.0
meth:IGF2BP3,methylation,0.0,0,0.0
meth:ICAM3,methylation,0.0,3,0.06
meth:ICAM4,methylation,0.0,0,0.0
meth:ICOS,methylation,0.0,0,0.0
meth:ID2B,methylation,0.0,0,0.0
meth:ID4,methylation,0.0,0,0.0
meth:IFI16,methylation,0.0,0,0.0
meth:IFI27L2,methylation,0.0,0,0.0
meth:HVCN1,methylation,0.0,0,0.0
meth:HYAL1,methylation,0.0,0,0.0
meth:HYAL4,methylation,0.0,0,0.0
meth:HYDIN,methylation,0.0,2,0.04
meth:HYMAI,methylation,0.0,0,0.0
meth:IBSP,methylation,0.0,0,0.0
meth:IGSF21,methylation,0.0,0,0.0
meth:ICAM2,methylation,0.0,0,0.0
meth:IGSF9B,methylation,0.0,1,0.02
meth:IHH,methylation,0.0,0,0.0
meth:IKBKE,methylation,0.0,0,0.0
meth:IKZF1,methylation,0.0,0,0.0
meth:IKZF3,methylation,0.0,0,0.0
meth:IL10,methylation,0.0,0,0.0
meth:IL10RA,methylation,0.0,0,0.0
meth:IGFL3,methylation,0.0,0,0.0
meth:IGFL4,methylation,0.0,0,0.0
meth:IGFN1,methylation,0.0,0,0.0
meth:IGLON5,methylation,0.0,0,0.0
meth:IGSF10,methylation,0.0,1,0.02
meth:IGSF11,methylation,0.0,0,0.0
meth:ICAM1,methylation,0.0,0,0.0
expr:C1orf100,expression,0.0,0,0.0
expr:C1orf112,expression,0.0,0,0.0
expr:C1orf115,expression,0.0,0,0.0
expr:C1orf116,expression,0.0,0,0.0
meth:KIAA0087,methylation,0.0,1,0.02
meth:KIAA0125,methylation,0.0,0,0.0
meth:KIAA0146,methylation,0.0,0,0.0
expr:C1QTNF3-AMACR,expression,0.0,0,0.0
expr:C1QTNF4,expression,0.0,0,0.0
expr:C1QTNF6,expression,0.0,2,0.04
meth:KIAA1958,methylation,0.0,3,0.06
meth:KIF12,methylation,0.0,0,0.0
meth:KIF17,methylation,0.0,0,0.0
meth:ITGAL,methylation,0.0,0,0.0
meth:KIF1A,methylation,0.0,0,0.0
meth:KIF21B,methylation,0.0,0,0.0
meth:KIF25,methylation,0.0,0,0.0
meth:KIF26A,methylation,0.0,1,0.02
meth:KIAA1486,methylation,0.0,0,0.0
meth:KIAA1529,methylation,0.0,0,0.0
meth:KIAA1614,methylation,0.0,5,0.1
meth:KIAA1644,methylation,0.0,0,0.0
meth:KIAA1671,methylation,0.0,0,0.0
meth:KIAA1751,methylation,0.0,4,0.08
meth:KIAA1755,methylation,0.0,0,0.0
meth:KIAA1161,methylation,0.0,0,0.0
meth:KIAA1211,methylation,0.0,0,0.0
meth:KIF19,methylation,0.0,1,0.02
meth:KCNU1,methylation,0.0,0,0.0
meth:KCP,methylation,0.0,0,0.0
meth:KCNMB1,methylation,0.0,0,0.0
meth:KCNMB2,methylation,0.0,0,0.0
meth:KCNN2,methylation,0.0,0,0.0
meth:KCNN3,methylation,0.0,0,0.0
meth:KCNN4,methylation,0.0,0,0.0
meth:KCNQ1,methylation,0.0,0,0.0
meth:KCNQ1DN,methylation,0.0,0,0.0
meth:KCNQ2,methylation,0.0,0,0.0
expr:C1orf87,expression,0.0,0,0.0
expr:C1orf94,expression,0.0,19,0.38
expr:C20orf144,expression,0.0,8,0.16
expr:C1S,expression,0.0,0,0.0
expr:C20orf204,expression,0.0,0,0.0
expr:C20orf85,expression,0.0,5,0.1
meth:KIAA0368,methylation,0.0,0,0.0
meth:KIAA0408,methylation,0.0,0,0.0
expr:C1orf146,expression,0.0,1,0.02
expr:C1orf158,expression,0.0,2,0.04
expr:C1orf162,expression,0.0,0,0.0
expr:C1orf194,expression,0.0,1,0.02
expr:C1orf21,expression,0.0,0,0.0
expr:C1orf210,expression,0.0,0,0.0
expr:C1orf53,expression,0.0,0,0.0
expr:C1QTNF7,expression,0.0,0,0.0
expr:C1QTNF9B,expression,0.0,0,0.0
expr:C1R,expression,0.0,0,0.0
expr:C20orf202,expression,0.0,0,0.0
meth:KIRREL2,methylation,0.0,0,0.0
meth:KIRREL3,methylation,0.0,0,0.0
meth:KISS1,methylation,0.0,0,0.0
meth:KIT,methylation,0.0,1,0.02
meth:KL,methylation,0.0,0,0.0
meth:KIF2B,methylation,0.0,0,0.0
meth:KIF3C,methylation,0.0,0,0.0
meth:KIF7,methylation,0.0,0,0.0
meth:KIFC3,methylation,0.0,0,0.0
meth:KIR2DL4,methylation,0.0,0,0.0
meth:KIR3DL1,methylation,0.0,0,0.0
meth:KIR3DL2,methylation,0.0,0,0.0
meth:KIR3DL3,methylation,0.0,0,0.0
meth:KIAA1217,methylation,0.0,0,0.0
meth:KNDC1,methylation,0.0,11,0.22
meth:KNG1,methylation,0.0,0,0.0
meth:KPNA7,methylation,0.0,1,0.02
meth:KPRP,methylation,0.0,0,0.0
meth:KRBA2,methylation,0.0,0,0.0
meth:KRR1,methylation,0.0,0,0.0
meth:KRT10,methylation,0.0,0,0.0
meth:KLK7,methylation,0.0,1,0.02
meth:KLK9,methylation,0.0,0,0.0
meth:KLKB1,methylation,0.0,0,0.0
meth:KLKBL4,methylation,0.0,0,0.0
meth:KLKP1,methylation,0.0,0,0.0
meth:KLRC1,methylation,0.0,0,0.0
meth:KLRD1,methylation,0.0,0,0.0
meth:KNCN,methylation,0.0,0,0.0
meth:KIAA1257,methylation,0.0,0,0.0
meth:KIAA1274,methylation,0.0,0,0.0
meth:KIAA1383,methylation,0.0,0,0.0
meth:KIAA1462,methylation,0.0,0,0.0
meth:KIAA1467,methylation,0.0,0,0.0
meth:KIAA0748,methylation,0.0,3,0.06
meth:KIAA0754,methylation,0.0,0,0.0
meth:KIAA0802,methylation,0.0,0,0.0
meth:KIAA0895L,methylation,0.0,0,0.0
meth:KIAA1024,methylation,0.0,0,0.0
meth:KIAA1026,methylation,0.0,1,0.02
meth:KLHDC9,methylation,0.0,0,0.0
meth:KLHL1,methylation,0.0,0,0.0
meth:KIRREL,methylation,0.0,1,0.02
meth:KLHL2,methylation,0.0,0,0.0
meth:KLHL21,methylation,0.0,0,0.0
meth:KLHL29,methylation,0.0,0,0.0
meth:KLHL3,methylation,0.0,0,0.0
meth:KLHL30,methylation,0.0,1,0.02
meth:KLB,methylation,0.0,0,0.0
meth:KLF1,methylation,0.0,0,0.0
meth:KLF14,methylation,0.0,0,0.0
meth:KLF17,methylation,0.0,0,0.0
meth:KLHDC5,methylation,0.0,0,0.0
meth:KLHDC7A,methylation,0.0,0,0.0
meth:KLHDC7B,methylation,0.0,0,0.0
meth:KLHDC8A,methylation,0.0,0,0.0
meth:KIR3DX1,methylation,0.0,0,0.0
meth:KLHL14,methylation,0.0,9,0.18
expr:C2orf73,expression,0.0,0,0.0
expr:C2orf74,expression,0.0,0,0.0
meth:JAKMIP1,methylation,0.0,0,0.0
meth:JAKMIP3,methylation,0.0,0,0.0
expr:C21orf58,expression,0.0,0,0.0
expr:C21orf91,expression,0.0,0,0.0
expr:C22orf15,expression,0.0,2,0.04
expr:C22orf23,expression,0.0,0,0.0
expr:C2CD4A,expression,0.0,0,0.0
meth:KCNAB2,methylation,0.0,0,0.0
meth:KCNB1,methylation,0.0,0,0.0
meth:KCNC3,methylation,0.0,0,0.0
meth:KCNC4,methylation,0.0,0,0.0
meth:KCNT2,methylation,0.0,0,0.0
meth:KCNE1,methylation,0.0,0,0.0
meth:KCNE4,methylation,0.0,0,0.0
meth:KCNA1,methylation,0.0,0,0.0
meth:KCNA10,methylation,0.0,0,0.0
meth:KCNA2,methylation,0.0,0,0.0
meth:KCNA4,methylation,0.0,0,0.0
meth:KCNA6,methylation,0.0,0,0.0
meth:KCNA7,methylation,0.0,0,0.0
meth:KCNAB1,methylation,0.0,0,0.0
meth:KATNAL2,methylation,0.0,1,0.02
meth:KBTBD11,methylation,0.0,0,0.0
meth:KBTBD12,methylation,0.0,0,0.0
meth:KBTBD5,methylation,0.0,0,0.0
meth:KBTBD7,methylation,0.0,0,0.0
meth:KCND2,methylation,0.0,2,0.04
meth:ITGAM,methylation,0.0,0,0.0
meth:ITGAX,methylation,0.0,0,0.0
meth:ITGB1BP3,methylation,0.0,0,0.0
meth:ITGB2,methylation,0.0,0,0.0
meth:ITGB3,methylation,0.0,0,0.0
meth:ITGB4,methylation,0.0,2,0.04
meth:ITGB6,methylation,0.0,5,0.1
meth:ISYNA1,methylation,0.0,0,0.0
meth:ITGA10,methylation,0.0,0,0.0
meth:ITGA11,methylation,0.0,0,0.0
meth:ITGA4,methylation,0.0,0,0.0
meth:ITGA9,methylation,0.0,0,0.0
expr:C3orf80,expression,0.0,0,0.0
expr:C2orf72,expression,0.0,0,0.0
meth:JAM3,methylation,0.0,0,0.0
meth:JDP2,methylation,0.0,0,0.0
meth:JPH2,methylation,0.0,0,0.0
meth:JPH3,methylation,0.0,0,0.0
expr:C2orf81,expression,0.0,0,0.0
expr:C2orf88,expression,0.0,1,0.02
expr:C3AR1,expression,0.0,0,0.0
expr:C3orf18,expression,0.0,2,0.04
expr:C3orf20,expression,0.0,0,0.0
expr:C3orf22,expression,0.0,1,0.02
expr:C2CD4B,expression,0.0,0,0.0
expr:C2CD4C,expression,0.0,0,0.0
expr:C2CD6,expression,0.0,0,0.0
expr:C2orf16,expression,0.0,0,0.0
expr:C4A,expression,0.0,0,0.0
meth:KCNG1,methylation,0.0,0,0.0
meth:KCNG4,methylation,0.0,0,0.0
meth:KCNH2,methylation,0.0,4,0.08
meth:KCNH4,methylation,0.0,0,0.0
meth:KCNH5,methylation,0.0,0,0.0
meth:KCNH7,methylation,0.0,0,0.0
meth:KCNH8,methylation,0.0,0,0.0
meth:KCNIP1,methylation,0.0,0,0.0
meth:KDM2B,methylation,0.0,0,0.0
meth:KDM4DL,methylation,0.0,3,0.06
meth:KDR,methylation,0.0,0,0.0
meth:KHDC1L,methylation,0.0,0,0.0
meth:KHDRBS2,methylation,0.0,1,0.02
meth:KBTBD8,methylation,0.0,0,0.0
meth:KHSRP,methylation,0.0,5,0.1
meth:KCTD1,methylation,0.0,0,0.0
meth:KCTD12,methylation,0.0,0,0.0
meth:KCTD14,methylation,0.0,0,0.0
meth:KCTD17,methylation,0.0,0,0.0
meth:KCTD19,methylation,0.0,0,0.0
meth:KCTD4,methylation,0.0,3,0.06
meth:KCTD8,methylation,0.0,0,0.0
meth:KDELC1,methylation,0.0,0,0.0
meth:KCNQ5,methylation,0.0,1,0.02
meth:KCNS1,methylation,0.0,0,0.0
meth:KCNS2,methylation,0.0,0,0.0
meth:KCNS3,methylation,0.0,0,0.0
meth:KCNT1,methylation,0.0,0,0.0
meth:KHNYN,methylation,0.0,0,0.0
meth:JPH4,methylation,0.0,0,0.0
meth:JRKL,methylation,0.0,0,0.0
meth:KAAG1,methylation,0.0,2,0.04
meth:KANK3,methylation,0.0,0,0.0
meth:KANK4,methylation,0.0,0,0.0
meth:KAT2A,methylation,0.0,0,0.0
meth:KCNK18,methylation,0.0,0,0.0
meth:KCNK2,methylation,0.0,0,0.0
meth:KCNK3,methylation,0.0,1,0.02
meth:KCNK4,methylation,0.0,0,0.0
meth:KCNK5,methylation,0.0,0,0.0
meth:KCNK7,methylation,0.0,0,0.0
meth:KCNK9,methylation,0.0,0,0.0
meth:KCNJ2,methylation,0.0,0,0.0
meth:KCNJ4,methylation,0.0,2,0.04
meth:KCNJ6,methylation,0.0,0,0.0
meth:KCNJ9,methylation,0.0,0,0.0
meth:KCNK10,methylation,0.0,0,0.0
meth:KCNK13,methylation,0.0,0,0.0
meth:KCNK16,methylation,0.0,0,0.0
meth:KCNK17,methylation,0.0,0,0.0
meth:KCNIP2,methylation,0.0,0,0.0
meth:KCNIP4,methylation,0.0,0,0.0
meth:KCNJ1,methylation,0.0,1,0.02
meth:KCNJ10,methylation,0.0,2,0.04
meth:KCNJ13,methylation,0.0,0,0.0
meth:KCNJ15,methylation,0.0,0,0.0
meth:KCNJ16,methylation,0.0,0,0.0
meth:KCNMA1,methylation,0.0,0,0.0
expr:CAMK2A,expression,0.0,0,0.0
expr:CAMK2N2,expression,0.0,0,0.0
expr:CALCR,expression,0.0,0,0.0
expr:CALD1,expression,0.0,0,0.0
expr:CALHM1,expression,0.0,0,0.0
expr:CALHM3,expression,0.0,0,0.0
expr:CALHM5,expression,0.0,0,0.0
expr:CALHM6,expression,0.0,0,0.0
expr:CALML3,expression,0.0,4,0.08
meth:GRIN1,methylation,0.0,0,0.0
meth:GRIN2A,methylation,0.0,0,0.0
expr:CADM4,expression,0.0,0,0.0
expr:CAGE1,expression,0.0,0,0.0
expr:CA7,expression,0.0,0,0.0
expr:CALCA,expression,0.0,0,0.0
expr:CALCB,expression,0.0,0,0.0
meth:GSTO1,methylation,0.0,2,0.04
meth:GSTTP2,methylation,0.0,0,0.0
meth:GSX1,methylation,0.0,0,0.0
meth:GSX2,methylation,0.0,0,0.0
meth:GTF2A1L,methylation,0.0,0,0.0
meth:GTF3C5,methylation,0.0,0,0.0
meth:GTSF1,methylation,0.0,0,0.0
meth:GTSF1L,methylation,0.0,0,0.0
meth:GSDMC,methylation,0.0,0,0.0
meth:GSG1L,methylation,0.0,0,0.0
meth:GSTA4,methylation,0.0,2,0.04
expr:CALB1,expression,0.0,1,0.02
meth:GRB7,methylation,0.0,0,0.0
meth:GREM1,methylation,0.0,0,0.0
meth:GREM2,methylation,0.0,0,0.0
meth:GRHL2,methylation,0.0,0,0.0
meth:GPX6,methylation,0.0,0,0.0
meth:GPX8,methylation,0.0,0,0.0
meth:GRAMD1B,methylation,0.0,0,0.0
meth:GRAMD2,methylation,0.0,9,0.18
meth:GRAMD3,methylation,0.0,1,0.02
meth:GRAMD4,methylation,0.0,0,0.0
meth:GPRIN3,methylation,0.0,0,0.0
meth:GPSM1,methylation,0.0,1,0.02
meth:GPT,methylation,0.0,0,0.0
expr:CAMK1G,expression,0.0,0,0.0
meth:GPX1,methylation,0.0,0,0.0
meth:GPX2,methylation,0.0,0,0.0
meth:GPX3,methylation,0.0,0,0.0
meth:GPX5,methylation,0.0,0,0.0
expr:CAMKV,expression,0.0,0,0.0
expr:CAMP,expression,0.0,0,0.0
meth:GRIN2D,methylation,0.0,0,0.0
meth:GRIP2,methylation,0.0,0,0.0
meth:GRK1,methylation,0.0,0,0.0
expr:CALML4,expression,0.0,3,0.06
expr:CALML6,expression,0.0,0,0.0
expr:CALN1,expression,0.0,5,0.1
expr:CALY,expression,0.0,0,0.0
expr:CAMK1D,expression,0.0,0,0.0
meth:GPT2,methylation,0.0,0,0.0
meth:HAL,methylation,0.0,0,0.0
meth:GYLTL1B,methylation,0.0,1,0.02
meth:GYPA,methylation,0.0,0,0.0
meth:GYPC,methylation,0.0,0,0.0
meth:GYS2,methylation,0.0,0,0.0
meth:GZF1,methylation,0.0,0,0.0
meth:GZMA,methylation,0.0,0,0.0
meth:GZMB,methylation,0.0,2,0.04
meth:GZMH,methylation,0.0,1,0.02
meth:GUCA1A,methylation,0.0,0,0.0
meth:GUCA2A,methylation,0.0,0,0.0
meth:GUCY1A2,methylation,0.0,0,0.0
meth:GUCY1B2,methylation,0.0,0,0.0
meth:GSTM3,methylation,0.0,0,0.0
meth:GUCY2D,methylation,0.0,0,0.0
meth:GUCY2G,methylation,0.0,0,0.0
meth:GULP1,methylation,0.0,0,0.0
meth:HCG4P6,methylation,0.0,0,0.0
meth:HCG9,methylation,0.0,1,0.02
meth:HCLS1,methylation,0.0,0,0.0
meth:HCN4,methylation,0.0,5,0.1
meth:HCRT,methylation,0.0,0,0.0
meth:HCRTR2,methylation,0.0,0,0.0
meth:HCST,methylation,0.0,0,0.0
meth:HBII-52-46,methylation,0.0,0,0.0
meth:HBM,methylation,0.0,0,0.0
meth:HBQ1,methylation,0.0,0,0.0
meth:HBZ,methylation,0.0,0,0.0
meth:GUCY1B3,methylation,0.0,0,0.0
meth:GSTM5,methylation,0.0,0,0.0
meth:GRM8,methylation,0.0,0,0.0
meth:GRP,methylation,0.0,0,0.0
meth:GRRP1,methylation,0.0,0,0.0
meth:GRTP1,methylation,0.0,7,0.14
meth:GRXCR1,methylation,0.0,0,0.0
meth:GRXCR2,methylation,0.0,0,0.0
meth:GSC,methylation,0.0,1,0.02
meth:GRK7,methylation,0.0,0,0.0
meth:GRM1,methylation,0.0,0,0.0
meth:GRM2,methylation,0.0,0,0.0
meth:GRM3,methylation,0.0,0,0.0
meth:GRM4,methylation,0.0,0,0.0
meth:HABP2,methylation,0.0,0,0.0
meth:GRM6,methylation,0.0,0,0.0
meth:GRM7,methylation,0.0,0,0.0
meth:HAND1,methylation,0.0,1,0.02
meth:HAND2,methylation,0.0,0,0.0
meth:HAPLN1,methylation,0.0,0,0.0
meth:HAPLN2,methylation,0.0,0,0.0
meth:HAPLN4,methylation,0.0,0,0.0
meth:HAR1B,methylation,0.0,0,0.0
meth:HAS1,methylation,0.0,0,0.0
meth:GZMM,methylation,0.0,0,0.0
meth:H1FNT,methylation,0.0,0,0.0
meth:H2AFJ,methylation,0.0,0,0.0
meth:H2AFY,methylation,0.0,1,0.02
meth:H2AFY2,methylation,0.0,10,0.2
meth:GRM5,methylation,0.0,0,0.0
meth:GP5,methylation,0.0,0,0.0
meth:GP6,methylation,0.0,0,0.0
meth:GPA33,methylation,0.0,0,0.0
meth:GNRHR,methylation,0.0,0,0.0
meth:GOLGA2L1,methylation,0.0,0,0.0
meth:GOLGA8B,methylation,0.0,2,0.04
meth:GOLIM4,methylation,0.0,0,0.0
meth:GOLM1,methylation,0.0,0,0.0
meth:GOLPH3L,methylation,0.0,0,0.0
meth:GOLSYN,methylation,0.0,0,0.0
meth:GOLT1A,methylation,0.0,0,0.0
meth:GNG3,methylation,0.0,0,0.0
meth:GNG4,methylation,0.0,0,0.0
meth:GRB10,methylation,0.0,0,0.0
meth:GNGT2,methylation,0.0,0,0.0
meth:GNLY,methylation,0.0,0,0.0
meth:GNPTAB,methylation,0.0,0,0.0
meth:GNRH1,methylation,0.0,0,0.0
meth:GNRH2,methylation,0.0,0,0.0
meth:GPR156,methylation,0.0,0,0.0
meth:GPR158,methylation,0.0,0,0.0
meth:GPR17,methylation,0.0,0,0.0
meth:GPR172B,methylation,0.0,0,0.0
meth:GPR176,methylation,0.0,0,0.0
meth:GPR179,methylation,0.0,0,0.0
meth:GPR18,methylation,0.0,0,0.0
meth:GPR141,methylation,0.0,0,0.0
meth:GPR142,methylation,0.0,1,0.02
meth:GNGT1,methylation,0.0,1,0.02
meth:GML,methylation,0.0,1,0.02
meth:GNA13,methylation,0.0,1,0.02
meth:GNA14,methylation,0.0,0,0.0
meth:GNAL,methylation,0.0,0,0.0
meth:GLRA3,methylation,0.0,0,0.0
meth:GLRX,methylation,0.0,8,0.16
meth:GLS2,methylation,0.0,0,0.0
meth:GLT25D2,methylation,0.0,0,0.0
meth:GLT6D1,methylation,0.0,0,0.0
meth:GLTPD2,methylation,0.0,0,0.0
meth:GLYAT,methylation,0.0,0,0.0
meth:GLYATL1,methylation,0.0,0,0.0
meth:GLIPR1,methylation,0.0,0,0.0
meth:GP1BB,methylation,0.0,0,0.0
meth:GLIS1,methylation,0.0,0,0.0
meth:GLIS2,methylation,0.0,0,0.0
meth:GLP2R,methylation,0.0,0,0.0
meth:GLRA1,methylation,0.0,0,0.0
meth:GPC2,methylation,0.0,0,0.0
meth:GPC5,methylation,0.0,0,0.0
meth:GPD1,methylation,0.0,0,0.0
meth:GPER,methylation,0.0,0,0.0
meth:GPHB5,methylation,0.0,0,0.0
meth:GPIHBP1,methylation,0.0,8,0.16
meth:GPLD1,methylation,0.0,0,0.0
meth:GPM6A,methylation,0.0,0,0.0
meth:GOT1L1,methylation,0.0,0,0.0
meth:GP1BA,methylation,0.0,0,0.0
meth:GLIPR1L2,methylation,0.0,0,0.0
meth:GPR75,methylation,0.0,0,0.0
meth:GPR77,methylation,0.0,0,0.0
meth:GPR78,methylation,0.0,0,0.0
meth:GPR81,methylation,0.0,0,0.0
meth:GPR83,methylation,0.0,0,0.0
meth:GPR35,methylation,0.0,0,0.0
meth:GPR37L1,methylation,0.0,0,0.0
meth:GPR4,methylation,0.0,0,0.0
meth:GPR44,methylation,0.0,0,0.0
meth:GPR45,methylation,0.0,0,0.0
meth:GPR55,methylation,0.0,2,0.04
meth:GPR56,methylation,0.0,0,0.0
meth:GPR6,methylation,0.0,0,0.0
meth:GPR144,methylation,0.0,0,0.0
meth:GPR19,methylation,0.0,0,0.0
meth:GPR25,methylation,0.0,0,0.0
meth:GPR26,methylation,0.0,0,0.0
meth:GPR27,methylation,0.0,0,0.0
meth:GPR3,methylation,0.0,0,0.0
meth:GPR31,methylation,0.0,3,0.06
meth:GRIA2,methylation,0.0,0,0.0
meth:GRID1,methylation,0.0,0,0.0
meth:GRID2,methylation,0.0,0,0.0
meth:GRID2IP,methylation,0.0,0,0.0
meth:GRIK2,methylation,0.0,0,0.0
meth:GRIK3,methylation,0.0,0,0.0
meth:GRIK5,methylation,0.0,2,0.04
meth:GRASP,methylation,0.0,5,0.1
meth:GPR180,methylation,0.0,4,0.08
meth:GPR148,methylation,0.0,0,0.0
meth:GPR149,methylation,0.0,1,0.02
meth:GPR15,methylation,0.0,0,0.0
meth:GPR150,methylation,0.0,0,0.0
meth:GPR152,methylation,0.0,0,0.0
meth:GPR120,methylation,0.0,0,0.0
meth:GPR123,methylation,0.0,0,0.0
meth:GPR126,methylation,0.0,0,0.0
meth:GPR128,methylation,0.0,0,0.0
meth:GPR132,methylation,0.0,4,0.08
meth:GPR133,methylation,0.0,0,0.0
meth:GPR139,methylation,0.0,0,0.0
meth:GPNMB,methylation,0.0,0,0.0
meth:GPR68,methylation,0.0,0,0.0
meth:GPR110,methylation,0.0,0,0.0
meth:GPR111,methylation,0.0,0,0.0
meth:GPR114,methylation,0.0,0,0.0
meth:GPR115,methylation,0.0,0,0.0
meth:GPR116,methylation,0.0,0,0.0
meth:GPR12,methylation,0.0,0,0.0
meth:GPR84,methylation,0.0,1,0.02
meth:GPR87,methylation,0.0,0,0.0
meth:GPR88,methylation,0.0,0,0.0
meth:GPR98,methylation,0.0,0,0.0
meth:GPRC5B,methylation,0.0,0,0.0
meth:GPRC5C,methylation,0.0,0,0.0
meth:GPR61,methylation,0.0,1,0.02
meth:GPR62,methylation,0.0,0,0.0
meth:GPR1,methylation,0.0,0,0.0
meth:HOTAIR,methylation,0.0,0,0.0
meth:HOXA1,methylation,0.0,0,0.0
meth:HMGCS2,methylation,0.0,0,0.0
meth:HMHA1,methylation,0.0,0,0.0
meth:HMHB1,methylation,0.0,0,0.0
meth:HMX2,methylation,0.0,0,0.0
meth:HMX3,methylation,0.0,0,0.0
meth:HNF1A,methylation,0.0,0,0.0
meth:HNF1B,methylation,0.0,0,0.0
meth:HLF,methylation,0.0,0,0.0
meth:HLTF,methylation,0.0,4,0.08
meth:HLX,methylation,0.0,1,0.02
meth:HMCN1,methylation,0.0,2,0.04
meth:HCCA2,methylation,0.0,0,0.0
meth:HMGB1L1,methylation,0.0,0,0.0
meth:HMGB3L1,methylation,0.0,0,0.0
meth:HMGCL,methylation,0.0,0,0.0
meth:HOXD9,methylation,0.0,4,0.08
meth:HPCA,methylation,0.0,0,0.0
meth:HPD,methylation,0.0,0,0.0
meth:HPN,methylation,0.0,0,0.0
meth:HPR,methylation,0.0,0,0.0
meth:HPS4,methylation,0.0,0,0.0
meth:HOXC4,methylation,0.0,0,0.0
meth:HOXC5,methylation,0.0,0,0.0
meth:HOXC6,methylation,0.0,0,0.0
meth:HOXC9,methylation,0.0,0,0.0
meth:HOXD1,methylation,0.0,1,0.02
meth:HMGA1,methylation,0.0,0,0.0
meth:HIST2H2AA3,methylation,0.0,1,0.02
meth:HIST2H2AA4,methylation,0.0,1,0.02
meth:HIST3H2A,methylation,0.0,0,0.0
meth:HIST3H2BB,methylation,0.0,0,0.0
meth:HIST4H4,methylation,0.0,0,0.0
meth:HK3,methylation,0.0,1,0.02
meth:HKDC1,methylation,0.0,0,0.0
meth:HIST1H3I,methylation,0.0,0,0.0
meth:HIST1H3J,methylation,0.0,0,0.0
meth:HIST1H4A,methylation,0.0,0,0.0
meth:HIST1H4B,methylation,0.0,0,0.0
meth:HIST1H4D,methylation,0.0,0,0.0
meth:HIST1H4E,methylation,0.0,0,0.0
meth:HORMAD2,methylation,0.0,0,0.0
meth:HIST1H4I,methylation,0.0,0,0.0
meth:HOXA10,methylation,0.0,1,0.02
meth:HOXA11,methylation,0.0,0,0.0
meth:HOXA11AS,methylation,0.0,0,0.0
meth:HOXA13,methylation,0.0,0,0.0
meth:HOXA2,methylation,0.0,0,0.0
meth:HOXA3,methylation,0.0,0,0.0
meth:HOXA4,methylation,0.0,0,0.0
meth:HOXA5,methylation,0.0,0,0.0
meth:HNF4A,methylation,0.0,0,0.0
meth:HNMT,methylation,0.0,0,0.0
meth:HOOK2,methylation,0.0,0,0.0
meth:HOPX,methylation,0.0,0,0.0
meth:HORMAD1,methylation,0.0,0,0.0
meth:HIST1H4F,methylation,0.0,0,0.0
meth:HS3ST5,methylation,0.0,0,0.0
meth:HRASLS5,methylation,0.0,3,0.06
meth:HRC,methylation,0.0,0,0.0
meth:HRCT1,methylation,0.0,0,0.0
meth:HRG,methylation,0.0,1,0.02
meth:HRH1,methylation,0.0,0,0.0
meth:HRH2,methylation,0.0,0,0.0
meth:HRH3,methylation,0.0,0,0.0
meth:HRH4,methylation,0.0,6,0.12
meth:HPSE,methylation,0.0,0,0.0
meth:HPSE2,methylation,0.0,0,0.0
meth:HPVC1,methylation,0.0,8,0.16
meth:HPX,methylation,0.0,0,0.0
meth:HOXD8,methylation,0.0,0,0.0
meth:HRASLS,methylation,0.0,2,0.04
expr:CA8,expression,0.0,1,0.02
expr:CA9,expression,0.0,23,0.46
expr:CAB39L,expression,0.0,0,0.0
meth:HSD3B1,methylation,0.0,0,0.0
meth:HSD3B2,methylation,0.0,0,0.0
meth:HSF4,methylation,0.0,0,0.0
meth:HSF5,methylation,0.0,0,0.0
expr:CA11,expression,0.0,1,0.02
expr:CA13,expression,0.0,0,0.0
expr:CA14,expression,0.0,0,0.0
expr:CA2,expression,0.0,0,0.0
expr:CA4,expression,0.0,0,0.0
expr:CA6,expression,0.0,0,0.0
meth:HR,methylation,0.0,0,0.0
meth:HOXB6,methylation,0.0,0,0.0
meth:HOXB7,methylation,0.0,0,0.0
meth:HOXB8,methylation,0.0,0,0.0
meth:HOXB9,methylation,0.0,0,0.0
meth:HOXC10,methylation,0.0,0,0.0
meth:HOXC11,methylation,0.0,1,0.02
meth:HOXC12,methylation,0.0,0,0.0
meth:HOXC13,methylation,0.0,3,0.06
meth:HOXA6,methylation,0.0,0,0.0
meth:HOXA9,methylation,0.0,0,0.0
meth:HOXB1,methylation,0.0,0,0.0
meth:HOXB13,methylation,0.0,0,0.0
meth:HOXB2,methylation,0.0,0,0.0
meth:HS3ST4,methylation,0.0,0,0.0
meth:HOXB4,methylation,0.0,0,0.0
meth:HOXB5,methylation,0.0,0,0.0
meth:HS3ST6,methylation,0.0,3,0.06
meth:HS6ST1,methylation,0.0,0,0.0
meth:HS6ST3,methylation,0.0,7,0.14
meth:HSD11B1,methylation,0.0,2,0.04
meth:HSD17B13,methylation,0.0,0,0.0
meth:HSD17B3,methylation,0.0,1,0.02
meth:HRK,methylation,0.0,0,0.0
meth:HRNR,methylation,0.0,0,0.0
meth:HS3ST1,methylation,0.0,0,0.0
meth:HS3ST2,methylation,0.0,0,0.0
meth:HS3ST3A1,methylation,0.0,0,0.0
meth:HS3ST3B1,methylation,0.0,0,0.0
meth:HOXB3,methylation,0.0,0,0.0
meth:HESRG,methylation,0.0,0,0.0
meth:HESX1,methylation,0.0,0,0.0
meth:HEATR5A,methylation,0.0,0,0.0
meth:HEATR7B2,methylation,0.0,0,0.0
meth:HELT,methylation,0.0,0,0.0
meth:HEPACAM2,methylation,0.0,0,0.0
meth:HEPHL1,methylation,0.0,0,0.0
meth:HERC6,methylation,0.0,0,0.0
meth:HDAC10,methylation,0.0,0,0.0
meth:HDAC9,methylation,0.0,7,0.14
meth:HDDC2,methylation,0.0,0,0.0
meth:HEATR3,methylation,0.0,0,0.0
meth:HEATR4,methylation,0.0,0,0.0
meth:HIST1H4L,methylation,0.0,0,0.0
expr:CACNG5,expression,0.0,0,0.0
expr:CACNG6,expression,0.0,0,0.0
expr:CACNG7,expression,0.0,0,0.0
expr:CACNG8,expression,0.0,0,0.0
expr:CADM1,expression,0.0,0,0.0
meth:HHLA2,methylation,0.0,0,0.0
expr:CACNA2D2,expression,0.0,2,0.04
expr:CACNA2D3,expression,0.0,0,0.0
expr:CACNA2D4,expression,0.0,0,0.0
expr:CACNB1,expression,0.0,0,0.0
expr:CACNB2,expression,0.0,1,0.02
expr:CACNA1B,expression,0.0,0,0.0
expr:CACNA1C,expression,0.0,0,0.0
expr:CACNA1E,expression,0.0,0,0.0
expr:CACNG2,expression,0.0,1,0.02
meth:HCG22,methylation,0.0,0,0.0
meth:HCG26,methylation,0.0,0,0.0
meth:HCG4,methylation,0.0,1,0.02
meth:HBB,methylation,0.0,0,0.0
meth:HBD,methylation,0.0,1,0.02
meth:HBE1,methylation,0.0,0,0.0
meth:HBG1,methylation,0.0,0,0.0
meth:HBG2,methylation,0.0,0,0.0
meth:HBII-52-24,methylation,0.0,0,0.0
meth:HBII-52-27,methylation,0.0,0,0.0
meth:HAS2,methylation,0.0,0,0.0
meth:HAS2AS,methylation,0.0,0,0.0
meth:HAS3,methylation,0.0,0,0.0
meth:HES6,methylation,0.0,0,0.0
meth:HAVCR1,methylation,0.0,0,0.0
meth:HAVCR2,methylation,0.0,0,0.0
meth:HBA1,methylation,0.0,0,0.0
meth:HBA2,methylation,0.0,0,0.0
meth:HFE,methylation,0.0,0,0.0
meth:HFE2,methylation,0.0,2,0.04
meth:HGD,methylation,0.0,0,0.0
meth:HHATL,methylation,0.0,0,0.0
meth:HHIP,methylation,0.0,0,0.0
meth:HHIPL2,methylation,0.0,0,0.0
meth:HERV-FRD,methylation,0.0,0,0.0
meth:HES2,methylation,0.0,3,0.06
meth:HES3,methylation,0.0,0,0.0
meth:HES5,methylation,0.0,0,0.0
meth:HAUS6,methylation,0.0,1,0.02
meth:HIST1H2AE,methylation,0.0,0,0.0
meth:HIST1H2AI,methylation,0.0,1,0.02
meth:HIST1H2AK,methylation,0.0,0,0.0
meth:HIST1H2AL,methylation,0.0,0,0.0
meth:HIST1H2BA,methylation,0.0,0,0.0
meth:HIF1A,methylation,0.0,0,0.0
meth:HIF3A,methylation,0.0,1,0.02
meth:HIGD1A,methylation,0.0,0,0.0
meth:HIGD1B,methylation,0.0,2,0.04
meth:HILS1,methylation,0.0,1,0.02
meth:HIST1H1A,methylation,0.0,19,0.38
meth:HIST1H1B,methylation,0.0,0,0.0
meth:HIST1H1D,methylation,0.0,0,0.0
expr:CACNA1G,expression,0.0,0,0.0
meth:HLA-DQB1,methylation,0.0,0,0.0
meth:HLA-DQB2,methylation,0.0,0,0.0
meth:HLA-DRA,methylation,0.0,0,0.0
meth:HLA-F,methylation,0.0,0,0.0
meth:HLA-G,methylation,0.0,0,0.0
meth:HLA-H,methylation,0.0,0,0.0
meth:HLA-L,methylation,0.0,0,0.0
meth:HKR1,methylation,0.0,0,0.0
meth:HLA-C,methylation,0.0,0,0.0
meth:HLA-DMA,methylation,0.0,0,0.0
meth:HLA-DMB,methylation,0.0,0,0.0
meth:HLA-DOA,methylation,0.0,0,0.0
meth:HLA-DPA1,methylation,0.0,0,0.0
meth:HLA-DPB1,methylation,0.0,0,0.0
meth:HLA-DQA2,methylation,0.0,0,0.0
expr:CACNA1H,expression,0.0,0,0.0
expr:CACNA1I,expression,0.0,0,0.0
expr:CACNA1S,expression,0.0,0,0.0
meth:HHLA1,methylation,0.0,0,0.0
expr:CABLES1,expression,0.0,6,0.12
expr:CABP1,expression,0.0,0,0.0
expr:CABP4,expression,0.0,0,0.0
expr:CABP7,expression,0.0,0,0.0
expr:CACHD1,expression,0.0,0,0.0
expr:CACNA1A,expression,0.0,0,0.0
meth:HIST1H3A,methylation,0.0,0,0.0
meth:HIST1H3B,methylation,0.0,0,0.0
meth:HIST1H3C,methylation,0.0,0,0.0
meth:HIST1H2AD,methylation,0.0,0,0.0
meth:HIST1H3E,methylation,0.0,0,0.0
meth:HIST1H3F,methylation,0.0,0,0.0
meth:HIST1H3G,methylation,0.0,0,0.0
meth:HIST1H3H,methylation,0.0,1,0.02
meth:HIST1H2BB,methylation,0.0,0,0.0
meth:HIST1H2BE,methylation,0.0,0,0.0
meth:HIST1H2BF,methylation,0.0,0,0.0
meth:HIST1H2BG,methylation,0.0,0,0.0
meth:HIST1H2BH,methylation,0.0,0,0.0
meth:HIST1H2BI,methylation,0.0,0,0.0
meth:HIST1H2BL,methylation,0.0,0,0.0
meth:HIST1H2BN,methylation,0.0,0,0.0
meth:HIST1H2AA,methylation,0.0,0,0.0
meth:HIST1H2AB,methylation,0.0,2,0.04
meth:HIST1H3D,methylation,0.0,0,0.0
meth:SNORD125,methylation,0.0,0,0.0
meth:SNORD12B,methylation,0.0,0,0.0
meth:SNORD116-25,methylation,0.0,0,0.0
meth:SNORD116-29,methylation,0.0,0,0.0
meth:SNORD116-3,methylation,0.0,0,0.0
meth:SNORD116-4,methylation,0.0,0,0.0
meth:SNORD116-5,methylation,0.0,0,0.0
meth:SNORD116-6,methylation,0.0,0,0.0
meth:SNORD116-7,methylation,0.0,0,0.0
meth:SNORD116-8,methylation,0.0,0,0.0
meth:SNORD87,methylation,0.0,0,0.0
meth:SNORD93,methylation,0.0,3,0.06
meth:SNORD99,methylation,0.0,3,0.06
meth:DEFB119,methylation,0.0,0,0.0
meth:SNRPF,methylation,0.0,0,0.0
meth:SNRPN,methylation,0.0,0,0.0
meth:SNTG1,methylation,0.0,0,0.0
meth:SNORD72,methylation,0.0,0,0.0
meth:SNORD78,methylation,0.0,0,0.0
meth:SNORD79,methylation,0.0,0,0.0
meth:SNORD80,methylation,0.0,0,0.0
meth:SNORD81,methylation,0.0,0,0.0
meth:SNORD83A,methylation,0.0,0,0.0
meth:SNORD83B,methylation,0.0,2,0.04
meth:SNORD51,methylation,0.0,3,0.06
meth:SNORD52,methylation,0.0,0,0.0
meth:SNORD6,methylation,0.0,0,0.0
meth:SNRPE,methylation,0.0,0,0.0
expr:AGER,expression,0.0,0,0.0
expr:AGL,expression,0.0,3,0.06
expr:AGMO,expression,0.0,4,0.08
expr:AGO2,expression,0.0,1,0.02
meth:SNORD116-2,methylation,0.0,0,0.0
expr:AFDN,expression,0.0,0,0.0
expr:AFF1,expression,0.0,4,0.08
expr:AFF4,expression,0.0,0,0.0
expr:AFP,expression,0.0,0,0.0
expr:AGAP2,expression,0.0,0,0.0
expr:AGAP5,expression,0.0,0,0.0
expr:AGAP6,expression,0.0,2,0.04
meth:SNORD30,methylation,0.0,0,0.0
meth:SNORD124,methylation,0.0,0,0.0
meth:SNORD32A,methylation,0.0,0,0.0
meth:SNORD32B,methylation,0.0,0,0.0
meth:SNORD33,methylation,0.0,0,0.0
meth:SNORD34,methylation,0.0,2,0.04
meth:SNORD35A,methylation,0.0,2,0.04
meth:SNORD36B,methylation,0.0,2,0.04
meth:SNORD16,methylation,0.0,10,0.2
meth:SNORD17,methylation,0.0,12,0.24
meth:SNORD18B,methylation,0.0,6,0.12
meth:SNORD19,methylation,0.0,0,0.0
meth:SNORD1B,methylation,0.0,13,0.26
meth:SNORD22,methylation,0.0,1,0.02
meth:SNORD116-9,methylation,0.0,0,0.0
meth:SNORD12,methylation,0.0,0,0.0
meth:SNORD31,methylation,0.0,0,0.0
meth:SORD,methylation,0.0,0,0.0
meth:SNTG2,methylation,0.0,0,0.0
meth:SNTN,methylation,0.0,0,0.0
meth:SNUPN,methylation,0.0,0,0.0
meth:SNURF,methylation,0.0,0,0.0
meth:SNX20,methylation,0.0,0,0.0
meth:SNX25,methylation,0.0,0,0.0
meth:SNX31,methylation,0.0,1,0.02
meth:SNX32,methylation,0.0,0,0.0
meth:SPDYA,methylation,0.0,0,0.0
meth:SPDYC,methylation,0.0,6,0.12
meth:SPDYE3,methylation,0.0,0,0.0
meth:SPDYE4,methylation,0.0,0,0.0
meth:SNORD64,methylation,0.0,0,0.0
meth:SPEG,methylation,0.0,0,0.0
meth:SPEM1,methylation,0.0,0,0.0
meth:SPERT,methylation,0.0,0,0.0
meth:SPATA19,methylation,0.0,1,0.02
meth:SPATA21,methylation,0.0,0,0.0
meth:SPATA22,methylation,0.0,3,0.06
meth:SPATA3,methylation,0.0,0,0.0
meth:SPATA8,methylation,0.0,0,0.0
meth:SPATA9,methylation,0.0,0,0.0
meth:SPATC1,methylation,0.0,0,0.0
meth:SPDEF,methylation,0.0,0,0.0
meth:SPAG17,methylation,0.0,0,0.0
meth:SPAG4L,methylation,0.0,0,0.0
meth:SPAG6,methylation,0.0,0,0.0
meth:SPEF2,methylation,0.0,0,0.0
meth:SNORD67,methylation,0.0,1,0.02
meth:SNORD69,methylation,0.0,2,0.04
meth:SNORD71,methylation,0.0,0,0.0
meth:SNORD38A,methylation,0.0,0,0.0
meth:SNORD42A,methylation,0.0,2,0.04
meth:SNORD44,methylation,0.0,0,0.0
meth:SNORD47,methylation,0.0,0,0.0
meth:SNORD4A,methylation,0.0,0,0.0
meth:SOX2,methylation,0.0,0,0.0
meth:SOX21,methylation,0.0,0,0.0
meth:SOX2OT,methylation,0.0,0,0.0
meth:SOX5,methylation,0.0,0,0.0
meth:SOX6,methylation,0.0,0,0.0
meth:SORCS2,methylation,0.0,0,0.0
meth:SORT1,methylation,0.0,0,0.0
meth:SOST,methylation,0.0,0,0.0
meth:SOSTDC1,methylation,0.0,0,0.0
meth:SOX1,methylation,0.0,0,0.0
meth:SOX10,methylation,0.0,0,0.0
meth:SOX11,methylation,0.0,1,0.02
meth:SOX14,methylation,0.0,0,0.0
meth:SOX15,methylation,0.0,0,0.0
meth:SNX7,methylation,0.0,2,0.04
meth:SNX9,methylation,0.0,0,0.0
meth:SOAT2,methylation,0.0,0,0.0
meth:SOHLH1,methylation,0.0,0,0.0
meth:SOHLH2,methylation,0.0,0,0.0
meth:SORBS2,methylation,0.0,0,0.0
meth:SOX8,methylation,0.0,0,0.0
meth:SNORA42,methylation,0.0,0,0.0
meth:SNORA45,methylation,0.0,2,0.04
meth:SNORA51,methylation,0.0,5,0.1
meth:SNORA53,methylation,0.0,4,0.08
meth:SNORA24,methylation,0.0,0,0.0
meth:SNORA25,methylation,0.0,0,0.0
meth:SNORA32,methylation,0.0,0,0.0
meth:SNORA33,methylation,0.0,1,0.02
meth:SNORA38,methylation,0.0,0,0.0
meth:SNORA4,methylation,0.0,0,0.0
meth:SNORD115-16,methylation,0.0,0,0.0
meth:SNORD115-17,methylation,0.0,0,0.0
meth:SNORD115-18,methylation,0.0,0,0.0
expr:AGBL3,expression,0.0,0,0.0
meth:SNORD115-2,methylation,0.0,0,0.0
meth:SNORD115-20,methylation,0.0,0,0.0
meth:SNORD115-21,methylation,0.0,0,0.0
meth:SNORD115-22,methylation,0.0,0,0.0
meth:SNORD114-8,methylation,0.0,0,0.0
meth:SNORD115-1,methylation,0.0,0,0.0
meth:SNORD115-10,methylation,0.0,0,0.0
meth:SNORD115-11,methylation,0.0,0,0.0
meth:SNORD115-12,methylation,0.0,0,0.0
meth:SNORD115-13,methylation,0.0,0,0.0
meth:SNORD115-14,methylation,0.0,0,0.0
meth:SNORD115-15,methylation,0.0,0,0.0
meth:SNORD113-6,methylation,0.0,0,0.0
meth:SNORD113-9,methylation,0.0,0,0.0
meth:SNORD115-19,methylation,0.0,0,0.0
meth:SND1,methylation,0.0,2,0.04
meth:SNHG6,methylation,0.0,0,0.0
meth:SNAI1,methylation,0.0,0,0.0
meth:SNAI2,methylation,0.0,0,0.0
meth:SNAP25,methylation,0.0,0,0.0
meth:SNAP91,methylation,0.0,0,0.0
meth:SNAR-B1,methylation,0.0,0,0.0
meth:SNAR-B2,methylation,0.0,0,0.0
meth:SNAR-C4,methylation,0.0,0,0.0
meth:SNAR-D,methylation,0.0,0,0.0
meth:SMCP,methylation,0.0,0,0.0
meth:SMCR5,methylation,0.0,0,0.0
meth:SMOC1,methylation,0.0,1,0.02
meth:SNORA41,methylation,0.0,2,0.04
meth:SMPD3,methylation,0.0,0,0.0
meth:SMTNL2,methylation,0.0,0,0.0
meth:SMYD1,methylation,0.0,0,0.0
meth:SNORA77,methylation,0.0,0,0.0
meth:SNORA7B,methylation,0.0,0,0.0
meth:SNORA80B,methylation,0.0,15,0.3
meth:SNORA81,methylation,0.0,3,0.06
meth:SNORD100,methylation,0.0,0,0.0
meth:SNORA60,methylation,0.0,0,0.0
meth:SNORA61,methylation,0.0,3,0.06
meth:SNORA63,methylation,0.0,3,0.06
meth:SNORA64,methylation,0.0,0,0.0
meth:SNORA65,methylation,0.0,0,0.0
meth:SNORA68,methylation,0.0,7,0.14
meth:SMPD2,methylation,0.0,2,0.04
meth:SNORD115-34,methylation,0.0,0,0.0
meth:SNORD115-35,methylation,0.0,0,0.0
meth:SNORD115-36,methylation,0.0,0,0.0
meth:SNORD115-37,methylation,0.0,0,0.0
meth:SNORD115-38,methylation,0.0,0,0.0
meth:SNORD115-39,methylation,0.0,0,0.0
meth:SNORD115-40,methylation,0.0,0,0.0
meth:SNORD115-23,methylation,0.0,0,0.0
meth:SNORD115-25,methylation,0.0,0,0.0
meth:SNORD115-26,methylation,0.0,0,0.0
meth:SNORD115-29,methylation,0.0,0,0.0
meth:SNORD115-3,methylation,0.0,0,0.0
meth:SNORD115-30,methylation,0.0,0,0.0
meth:SNORD114-14,methylation,0.0,0,0.0
meth:SNORD115-32,methylation,0.0,0,0.0
expr:AHNAK2,expression,0.0,0,0.0
meth:SNORD116-20,methylation,0.0,0,0.0
meth:SNORD116-21,methylation,0.0,0,0.0
meth:SNORD116-22,methylation,0.0,0,0.0
meth:SNORD116-23,methylation,0.0,1,0.02
meth:SNORD116-24,methylation,0.0,0,0.0
expr:AGPS,expression,0.0,0,0.0
expr:AGRP,expression,0.0,1,0.02
expr:AGT,expression,0.0,0,0.0
expr:AGTR1,expression,0.0,2,0.04
expr:AGXT,expression,0.0,0,0.0
expr:AGAP9,expression,0.0,0,0.0
expr:AGBL1,expression,0.0,0,0.0
meth:SNORD115-31,methylation,0.0,0,0.0
meth:SNORD114-15,methylation,0.0,0,0.0
meth:SNORD114-16,methylation,0.0,0,0.0
meth:SNORD114-22,methylation,0.0,8,0.16
meth:SNORD114-4,methylation,0.0,0,0.0
meth:SNORD114-7,methylation,0.0,0,0.0
meth:SNORD107,methylation,0.0,0,0.0
meth:SNORD108,methylation,0.0,0,0.0
meth:SNORD109A,methylation,0.0,0,0.0
meth:SNORD109B,methylation,0.0,0,0.0
meth:SNORD11,methylation,0.0,0,0.0
meth:SNORD113-1,methylation,0.0,0,0.0
meth:SNORD113-4,methylation,0.0,0,0.0
meth:SNORD115-8,methylation,0.0,0,0.0
meth:SNORD115-33,methylation,0.0,0,0.0
meth:SNORD116-1,methylation,0.0,0,0.0
meth:SNORD116-10,methylation,0.0,0,0.0
meth:SNORD116-11,methylation,0.0,0,0.0
meth:SNORD116-12,methylation,0.0,0,0.0
meth:SNORD116-13,methylation,0.0,0,0.0
meth:SNORD116-14,methylation,0.0,0,0.0
meth:SNORD115-41,methylation,0.0,0,0.0
meth:SNORD115-42,methylation,0.0,0,0.0
meth:SNORD115-43,methylation,0.0,0,0.0
meth:SNORD115-44,methylation,0.0,0,0.0
meth:SNORD115-48,methylation,0.0,0,0.0
meth:SNORD115-5,methylation,0.0,0,0.0
meth:SNORD115-6,methylation,0.0,0,0.0
meth:SNORD115-7,methylation,0.0,0,0.0
meth:SNORD115-9,methylation,0.0,0,0.0
expr:ADCYAP1,expression,0.0,0,0.0
expr:ADD2,expression,0.0,0,0.0
expr:ADD3,expression,0.0,0,0.0
expr:ADGRA2,expression,0.0,0,0.0
meth:SYCP2L,methylation,0.0,0,0.0
meth:SYDE1,methylation,0.0,0,0.0
meth:SYN2,methylation,0.0,0,0.0
meth:SYN3,methylation,0.0,0,0.0
meth:SYNC,methylation,0.0,0,0.0
meth:SYNE1,methylation,0.0,0,0.0
meth:SYNGAP1,methylation,0.0,0,0.0
meth:SYNGR1,methylation,0.0,0,0.0
meth:SV2B,methylation,0.0,2,0.04
meth:SPAG7,methylation,0.0,0,0.0
meth:SVOP,methylation,0.0,0,0.0
meth:SYCE1,methylation,0.0,0,0.0
meth:SYCP1,methylation,0.0,0,0.0
meth:SYCP2,methylation,0.0,0,0.0
meth:SULT6B1,methylation,0.0,0,0.0
meth:SUMF1,methylation,0.0,0,0.0
meth:SUMO3,methylation,0.0,0,0.0
meth:SUNC1,methylation,0.0,0,0.0
meth:SURF6,methylation,0.0,0,0.0
meth:SUSD1,methylation,0.0,0,0.0
meth:SUSD2,methylation,0.0,0,0.0
meth:SUSD5,methylation,0.0,0,0.0
meth:SULF2,methylation,0.0,1,0.02
meth:SULT1A1,methylation,0.0,0,0.0
meth:SV2C,methylation,0.0,0,0.0
meth:STAC2,methylation,0.0,0,0.0
meth:STAG3,methylation,0.0,0,0.0
meth:STAG3L4,methylation,0.0,0,0.0
meth:STAP2,methylation,0.0,0,0.0
expr:ADGRG7,expression,0.0,0,0.0
expr:ADGRL2,expression,0.0,1,0.02
expr:ADGRL3,expression,0.0,0,0.0
meth:STX1B,methylation,0.0,0,0.0
meth:STX8,methylation,0.0,1,0.02
meth:STXBP2,methylation,0.0,0,0.0
meth:STXBP5L,methylation,0.0,1,0.02
meth:STXBP6,methylation,0.0,0,0.0
expr:ADGRF2,expression,0.0,0,0.0
expr:ADCY9,expression,0.0,0,0.0
expr:ADGRF4,expression,0.0,0,0.0
expr:ADGRF5,expression,0.0,0,0.0
expr:ADGRG2,expression,0.0,0,0.0
expr:ADGRG3,expression,0.0,0,0.0
expr:ADGRG5,expression,0.0,0,0.0
expr:ADGRG6,expression,0.0,0,0.0
expr:ADGRB2,expression,0.0,0,0.0
expr:ADGRD1,expression,0.0,0,0.0
expr:ADGRD2,expression,0.0,8,0.16
expr:ADGRE1,expression,0.0,0,0.0
expr:ADGRE2,expression,0.0,0,0.0
expr:ADGRE5,expression,0.0,0,0.0
expr:ADGRF1,expression,0.0,0,0.0
meth:STUB1,methylation,0.0,0,0.0
expr:ADGRF3,expression,0.0,0,0.0
meth:SYNPO,methylation,0.0,2,0.04
meth:SYNPR,methylation,0.0,0,0.0
meth:SYPL2,methylation,0.0,0,0.0
meth:SYS1-DBNDD2,methylation,0.0,0,0.0
meth:SYT10,methylation,0.0,0,0.0
meth:SYT13,methylation,0.0,0,0.0
meth:TAS2R40,methylation,0.0,1,0.02
meth:TAS2R41,methylation,0.0,6,0.12
meth:TAS2R42,methylation,0.0,0,0.0
meth:TAS2R60,methylation,0.0,0,0.0
meth:TAS2R7,methylation,0.0,0,0.0
meth:TAS2R9,methylation,0.0,0,0.0
meth:TAT,methylation,0.0,1,0.02
meth:SULT1A2,methylation,0.0,0,0.0
meth:TAS1R2,methylation,0.0,0,0.0
meth:TAS1R3,methylation,0.0,0,0.0
meth:TAS2R13,methylation,0.0,3,0.06
meth:TAS2R19,methylation,0.0,0,0.0
meth:TAS2R38,methylation,0.0,1,0.02
meth:TAS2R39,methylation,0.0,0,0.0
meth:TAF8,methylation,0.0,0,0.0
meth:TAGAP,methylation,0.0,0,0.0
meth:TAGLN3,methylation,0.0,0,0.0
meth:TAL1,methylation,0.0,4,0.08
meth:TAL2,methylation,0.0,0,0.0
meth:TAPT1,methylation,0.0,5,0.1
meth:TARM1,methylation,0.0,0,0.0
meth:TACC2,methylation,0.0,0,0.0
meth:TBC1D10C,methylation,0.0,0,0.0
meth:SULT1C2,methylation,0.0,4,0.08
meth:SULT1C3,methylation,0.0,0,0.0
meth:SULT1C4,methylation,0.0,0,0.0
meth:SULT2B1,methylation,0.0,0,0.0
meth:TAAR5,methylation,0.0,0,0.0
meth:TAAR6,methylation,0.0,0,0.0
meth:TAAR8,methylation,0.0,1,0.02
meth:TAAR9,methylation,0.0,0,0.0
meth:TAC1,methylation,0.0,0,0.0
meth:TAC3,methylation,0.0,0,0.0
meth:TAC4,methylation,0.0,0,0.0
meth:TACC1,methylation,0.0,0,0.0
meth:SYT6,methylation,0.0,0,0.0
meth:SYNM,methylation,0.0,0,0.0
meth:SYT9,methylation,0.0,0,0.0
meth:T,methylation,0.0,0,0.0
meth:T-SP1,methylation,0.0,1,0.02
meth:TAAR1,methylation,0.0,0,0.0
meth:TAAR2,methylation,0.0,0,0.0
meth:TAAR3,methylation,0.0,0,0.0
meth:SYT14,methylation,0.0,0,0.0
meth:SYT14L,methylation,0.0,0,0.0
meth:SYT16,methylation,0.0,0,0.0
meth:SYT17,methylation,0.0,0,0.0
meth:SYT2,methylation,0.0,0,0.0
meth:SYT3,methylation,0.0,0,0.0
meth:SYT4,methylation,0.0,0,0.0
meth:SYT5,methylation,0.0,0,0.0
meth:SYT8,methylation,0.0,0,0.0
expr:ADORA3,expression,0.0,0,0.0
meth:SPESP1,methylation,0.0,0,0.0
meth:SPG7,methylation,0.0,0,0.0
expr:ADH1A,expression,0.0,0,0.0
expr:ADH4,expression,0.0,0,0.0
expr:ADH6,expression,0.0,2,0.04
expr:ADH7,expression,0.0,0,0.0
meth:SPRR2B,methylation,0.0,0,0.0
meth:SPRR2C,methylation,0.0,0,0.0
meth:SPRR2D,methylation,0.0,0,0.0
meth:SPRR2G,methylation,0.0,0,0.0
meth:SPRR3,methylation,0.0,0,0.0
meth:SPRR4,methylation,0.0,0,0.0
meth:STAC,methylation,0.0,0,0.0
meth:SPSB4,methylation,0.0,0,0.0
meth:SPOCK3,methylation,0.0,0,0.0
meth:SPON1,methylation,0.0,0,0.0
meth:SPON2,methylation,0.0,0,0.0
meth:SPP1,methylation,0.0,0,0.0
meth:SPRR1A,methylation,0.0,0,0.0
meth:SPRR1B,methylation,0.0,0,0.0
meth:SPRR2A,methylation,0.0,0,0.0
meth:SPINT4,methylation,0.0,0,0.0
meth:SPIRE2,methylation,0.0,0,0.0
meth:SPN,methylation,0.0,0,0.0
meth:SPNS2,methylation,0.0,0,0.0
meth:SPNS3,methylation,0.0,0,0.0
meth:SPO11,methylation,0.0,0,0.0
meth:SPSB2,methylation,0.0,0,0.0
meth:SPARC,methylation,0.0,0,0.0
meth:SPARCL1,methylation,0.0,1,0.02
meth:SPATA12,methylation,0.0,0,0.0
meth:SP140,methylation,0.0,0,0.0
meth:SP140L,methylation,0.0,2,0.04
meth:SP6,methylation,0.0,0,0.0
meth:SP7,methylation,0.0,0,0.0
meth:SP8,methylation,0.0,0,0.0
meth:SPACA1,methylation,0.0,6,0.12
meth:SPACA3,methylation,0.0,0,0.0
meth:SPAG16,methylation,0.0,0,0.0
expr:ADRB3,expression,0.0,0,0.0
expr:ADSS1,expression,0.0,0,0.0
expr:ADORA2B,expression,0.0,0,0.0
expr:AEBP1,expression,0.0,0,0.0
meth:SPHKAP,methylation,0.0,0,0.0
meth:SPI1,methylation,0.0,0,0.0
meth:SPIB,methylation,0.0,0,0.0
expr:ADPRHL1,expression,0.0,0,0.0
expr:ADRA1A,expression,0.0,0,0.0
expr:ADRA1B,expression,0.0,0,0.0
expr:ADRA1D,expression,0.0,0,0.0
expr:ADRA2B,expression,0.0,0,0.0
expr:ADRA2C,expression,0.0,0,0.0
expr:ADIPOR2,expression,0.0,0,0.0
expr:ADM5,expression,0.0,0,0.0
expr:ADORA1,expression,0.0,0,0.0
expr:ADORA2A,expression,0.0,0,0.0
expr:ADTRP,expression,0.0,0,0.0
meth:SPTA1,methylation,0.0,2,0.04
meth:SPTB,methylation,0.0,0,0.0
meth:SPTBN2,methylation,0.0,3,0.06
meth:SPTBN5,methylation,0.0,0,0.0
meth:SPTLC3,methylation,0.0,0,0.0
meth:SRC,methylation,0.0,0,0.0
meth:SRCRB4D,methylation,0.0,0,0.0
meth:SRD5A2,methylation,0.0,0,0.0
meth:STOML3,methylation,0.0,0,0.0
meth:STON1-GTF2A1L,methylation,0.0,0,0.0
meth:STON2,methylation,0.0,2,0.04
meth:STOX2,methylation,0.0,0,0.0
meth:STRA6,methylation,0.0,0,0.0
meth:SPOCK1,methylation,0.0,0,0.0
meth:STK32B,methylation,0.0,0,0.0
meth:STK33,methylation,0.0,0,0.0
meth:STL,methylation,0.0,0,0.0
meth:STMN1,methylation,0.0,0,0.0
meth:STMN2,methylation,0.0,0,0.0
meth:STMN3,methylation,0.0,0,0.0
meth:STARD4,methylation,0.0,1,0.02
meth:STARD6,methylation,0.0,0,0.0
meth:STAT5A,methylation,0.0,0,0.0
meth:STAT6,methylation,0.0,0,0.0
meth:STC1,methylation,0.0,1,0.02
meth:STEAP1,methylation,0.0,0,0.0
meth:STEAP2,methylation,0.0,10,0.2
meth:STEAP4,methylation,0.0,0,0.0
meth:STRA8,methylation,0.0,0,0.0
meth:SPOCK2,methylation,0.0,0,0.0
meth:SPINK1,methylation,0.0,0,0.0
meth:SPINK2,methylation,0.0,0,0.0
meth:SPINK5L2,methylation,0.0,1,0.02
meth:SPINK6,methylation,0.0,2,0.04
meth:SPINLW1,methylation,0.0,0,0.0
meth:SPINT3,methylation,0.0,0,0.0
meth:ST6GALNAC5,methylation,0.0,0,0.0
meth:ST8SIA1,methylation,0.0,0,0.0
meth:ST8SIA2,methylation,0.0,0,0.0
meth:ST8SIA3,methylation,0.0,0,0.0
meth:ST8SIA4,methylation,0.0,0,0.0
meth:ST8SIA5,methylation,0.0,0,0.0
meth:SSR3,methylation,0.0,0,0.0
meth:SSTR3,methylation,0.0,0,0.0
meth:SSTR5,methylation,0.0,0,0.0
meth:ST18,methylation,0.0,0,0.0
meth:ST3GAL6,methylation,0.0,0,0.0
meth:ST6GAL2,methylation,0.0,0,0.0
meth:ST6GALNAC3,methylation,0.0,0,0.0
meth:ST6GALNAC4,methylation,0.0,0,0.0
meth:SRL,methylation,0.0,0,0.0
meth:SRMS,methylation,0.0,0,0.0
meth:SRPRB,methylation,0.0,15,0.3
meth:SRRM3,methylation,0.0,0,0.0
meth:SRRM4,methylation,0.0,0,0.0
meth:SSH3,methylation,0.0,0,0.0
meth:SSPN,methylation,0.0,0,0.0
meth:STAB1,methylation,0.0,3,0.06
expr:ALDH5A1,expression,0.0,0,0.0
expr:ALDH8A1,expression,0.0,0,0.0
expr:AL603764.2,expression,0.0,0,0.0
expr:AL627230.1,expression,0.0,0,0.0
expr:AL845331.1,expression,0.0,0,0.0
expr:AL928654.3,expression,0.0,0,0.0
expr:ALB,expression,0.0,1,0.02
expr:ALCAM,expression,0.0,0,0.0
expr:ALDH1A3,expression,0.0,0,0.0
meth:SFTPA1,methylation,0.0,0,0.0
meth:SFTPA2,methylation,0.0,0,0.0
meth:SFTPB,methylation,0.0,0,0.0
expr:AL391987.2,expression,0.0,0,0.0
meth:SNCB,methylation,0.0,0,0.0
expr:AL451007.3,expression,0.0,0,0.0
expr:AL590560.2,expression,0.0,0,0.0
expr:AL591806.2,expression,0.0,1,0.02
meth:SHANK1,methylation,0.0,0,0.0
meth:SHANK2,methylation,0.0,12,0.24
meth:SHANK3,methylation,0.0,0,0.0
meth:SHC1,methylation,0.0,1,0.02
meth:SHC3,methylation,0.0,0,0.0
meth:SHC4,methylation,0.0,0,0.0
meth:SHE,methylation,0.0,0,0.0
meth:SHISA2,methylation,0.0,0,0.0
meth:SH3BGR,methylation,0.0,0,0.0
meth:SH3D20,methylation,0.0,0,0.0
expr:AL441992.2,expression,0.0,0,0.0
meth:SFMBT2,methylation,0.0,0,0.0
meth:SFN,methylation,0.0,0,0.0
meth:SFRP1,methylation,0.0,1,0.02
meth:SFRP2,methylation,0.0,0,0.0
meth:SFRP4,methylation,0.0,0,0.0
meth:SERPINB5,methylation,0.0,0,0.0
meth:SERPINB7,methylation,0.0,0,0.0
meth:SERPINE1,methylation,0.0,0,0.0
meth:SERPINE3,methylation,0.0,0,0.0
meth:SERPINF2,methylation,0.0,2,0.04
meth:SERPING1,methylation,0.0,0,0.0
meth:SERPINI2,methylation,0.0,0,0.0
meth:SERPINA4,methylation,0.0,0,0.0
expr:ALDH4A1,expression,0.0,0,0.0
meth:SERPINB11,methylation,0.0,1,0.02
meth:SERPINB12,methylation,0.0,4,0.08
meth:SERPINB13,methylation,0.0,0,0.0
meth:SERPINB2,methylation,0.0,0,0.0
expr:ALDOA,expression,0.0,0,0.0
expr:ALDOB,expression,0.0,0,0.0
expr:ALDOC,expression,0.0,0,0.0
expr:ALG11,expression,0.0,0,0.0
meth:SFTPC,methylation,0.0,0,0.0
meth:SFTPD,methylation,0.0,0,0.0
meth:SFXN5,methylation,0.0,0,0.0
expr:ALDH1L1,expression,0.0,0,0.0
expr:ALDH1L2,expression,0.0,0,0.0
expr:ALDH3B2,expression,0.0,0,0.0
meth:SERPINA6,methylation,0.0,0,0.0
meth:SIGLECP3,methylation,0.0,0,0.0
meth:SIGMAR1,methylation,0.0,0,0.0
meth:SIM1,methylation,0.0,0,0.0
meth:SIM2,methylation,0.0,0,0.0
meth:SIPA1,methylation,0.0,1,0.02
meth:SIGLEC10,methylation,0.0,0,0.0
meth:SIGLEC11,methylation,0.0,2,0.04
meth:SIGLEC12,methylation,0.0,0,0.0
meth:SIGLEC14,methylation,0.0,0,0.0
meth:SIGLEC16,methylation,0.0,0,0.0
meth:SIGLEC5,methylation,0.0,9,0.18
meth:SIGLEC6,methylation,0.0,0,0.0
meth:SHISA3,methylation,0.0,0,0.0
meth:SH3GL3,methylation,0.0,0,0.0
meth:SHISA7,methylation,0.0,0,0.0
meth:SHISA9,methylation,0.0,0,0.0
meth:SHKBP1,methylation,0.0,0,0.0
meth:SHOX2,methylation,0.0,0,0.0
meth:SHROOM3,methylation,0.0,0,0.0
meth:SIAH3,methylation,0.0,0,0.0
meth:SLC15A2,methylation,0.0,1,0.02
meth:SLC15A3,methylation,0.0,0,0.0
meth:SLC15A4,methylation,0.0,0,0.0
meth:SLC15A5,methylation,0.0,0,0.0
meth:SLC16A1,methylation,0.0,0,0.0
meth:SLC16A4,methylation,0.0,0,0.0
meth:SLC16A5,methylation,0.0,0,0.0
meth:SLC12A5,methylation,0.0,0,0.0
meth:SHISA4,methylation,0.0,0,0.0
meth:SH3RF3,methylation,0.0,0,0.0
meth:SH3TC1,methylation,0.0,0,0.0
meth:SH3TC2,methylation,0.0,1,0.02
meth:SGPP2,methylation,0.0,0,0.0
meth:SH2D1B,methylation,0.0,0,0.0
meth:SH2D2A,methylation,0.0,0,0.0
meth:SH2D3A,methylation,0.0,9,0.18
meth:SH2D3C,methylation,0.0,0,0.0
meth:SH2D4B,methylation,0.0,0,0.0
meth:SH2D6,methylation,0.0,0,0.0
meth:SGCD,methylation,0.0,0,0.0
meth:SGCE,methylation,0.0,0,0.0
meth:SGCG,methylation,0.0,0,0.0
meth:SIGLEC9,methylation,0.0,0,0.0
meth:SGIP1,methylation,0.0,0,0.0
meth:SGK1,methylation,0.0,0,0.0
meth:SGK2,methylation,0.0,0,0.0
meth:SGK269,methylation,0.0,0,0.0
meth:SIRPA,methylation,0.0,0,0.0
meth:SIRPB1,methylation,0.0,0,0.0
meth:SIRPB2,methylation,0.0,0,0.0
meth:SIRPD,methylation,0.0,0,0.0
meth:SIRPG,methylation,0.0,0,0.0
meth:SIT1,methylation,0.0,0,0.0
meth:SIX1,methylation,0.0,0,0.0
meth:SIX3,methylation,0.0,0,0.0
meth:SIGLEC7,methylation,0.0,0,0.0
meth:SIGLEC8,methylation,0.0,0,0.0
meth:SGCZ,methylation,0.0,0,0.0
meth:SCARNA1,methylation,0.0,0,0.0
meth:SCARNA10,methylation,0.0,0,0.0
meth:SCD5,methylation,0.0,3,0.06
meth:SCEL,methylation,0.0,0,0.0
meth:SCG3,methylation,0.0,0,0.0
meth:SASH1,methylation,0.0,1,0.02
meth:SBF1P1,methylation,0.0,0,0.0
meth:SBF2,methylation,0.0,0,0.0
meth:SBSN,methylation,0.0,0,0.0
meth:SCAMP4,methylation,0.0,2,0.04
meth:SCAND3,methylation,0.0,0,0.0
meth:SCAPER,methylation,0.0,0,0.0
meth:SAMD4A,methylation,0.0,0,0.0
meth:SEZ6L,methylation,0.0,0,0.0
meth:SAMD7,methylation,0.0,4,0.08
meth:SAMD9,methylation,0.0,0,0.0
meth:SAMD9L,methylation,0.0,0,0.0
meth:SARDH,methylation,0.0,0,0.0
meth:SARM1,methylation,0.0,0,0.0
meth:SARS,methylation,0.0,0,0.0
meth:SDHAP3,methylation,0.0,0,0.0
meth:SDK1,methylation,0.0,0,0.0
meth:SDK2,methylation,0.0,0,0.0
meth:SDR16C6,methylation,0.0,0,0.0
meth:SDR42E1,methylation,0.0,0,0.0
meth:SDR9C7,methylation,0.0,0,0.0
meth:SDS,methylation,0.0,0,0.0
meth:SEC14L3,methylation,0.0,0,0.0
meth:SAMD5,methylation,0.0,0,0.0
expr:ALPG,expression,0.0,0,0.0
expr:ALPK3,expression,0.0,0,0.0
expr:ALPP,expression,0.0,0,0.0
expr:ALS2CL,expression,0.0,0,0.0
expr:ALX3,expression,0.0,0,0.0
expr:AMD1,expression,0.0,0,0.0
expr:ALKAL2,expression,0.0,0,0.0
expr:ALLC,expression,0.0,0,0.0
expr:ALOX12,expression,0.0,0,0.0
expr:ALOX12B,expression,0.0,0,0.0
expr:ALOX15,expression,0.0,0,0.0
expr:ALOX15B,expression,0.0,13,0.26
expr:ALOX5,expression,0.0,0,0.0
meth:SCARA5,methylation,0.0,2,0.04
meth:SAG,methylation,0.0,0,0.0
meth:SALL1,methylation,0.0,0,0.0
meth:SALL2,methylation,0.0,0,0.0
meth:SALL3,methylation,0.0,0,0.0
meth:SALL4,methylation,0.0,0,0.0
expr:ALG1L,expression,0.0,0,0.0
expr:ALG1L2,expression,0.0,0,0.0
expr:ALKAL1,expression,0.0,12,0.24
meth:SCGB1D1,methylation,0.0,0,0.0
meth:SCGB1D2,methylation,0.0,0,0.0
meth:SCGBL,methylation,0.0,0,0.0
meth:SCML4,methylation,0.0,0,0.0
meth:SCN10A,methylation,0.0,0,0.0
meth:SCN11A,methylation,0.0,0,0.0
expr:ALOX5AP,expression,0.0,0,0.0
meth:SEMA7A,methylation,0.0,0,0.0
meth:SEMG1,methylation,0.0,1,0.02
meth:SEMG2,methylation,0.0,0,0.0
meth:SEPT1,methylation,0.0,0,0.0
meth:SEPT12,methylation,0.0,11,0.22
meth:SELPLG,methylation,0.0,0,0.0
meth:SELV,methylation,0.0,1,0.02
meth:SEMA3A,methylation,0.0,0,0.0
meth:SEMA3B,methylation,0.0,1,0.02
meth:SEMA3G,methylation,0.0,0,0.0
meth:SEMA4A,methylation,0.0,0,0.0
meth:SEMA5A,methylation,0.0,0,0.0
meth:SEMA5B,methylation,0.0,6,0.12
meth:SCRT2,methylation,0.0,0,0.0
meth:SECTM1,methylation,0.0,0,0.0
meth:SEL1L2,methylation,0.0,0,0.0
meth:SEL1L3,methylation,0.0,0,0.0
meth:SELL,methylation,0.0,0,0.0
meth:SELP,methylation,0.0,1,0.02
meth:SFRP5,methylation,0.0,0,0.0
meth:SFRS13B,methylation,0.0,0,0.0
meth:SFRS2B,methylation,0.0,0,0.0
meth:SFRS7,methylation,0.0,0,0.0
meth:SFT2D3,methylation,0.0,1,0.02
meth:SFTA1P,methylation,0.0,0,0.0
meth:SFTA2,methylation,0.0,1,0.02
meth:SESN3,methylation,0.0,0,0.0
meth:SEZ6,methylation,0.0,0,0.0
meth:SEC14L4,methylation,0.0,0,0.0
meth:SCTR,methylation,0.0,0,0.0
meth:SCUBE1,methylation,0.0,1,0.02
meth:SCUBE3,methylation,0.0,0,0.0
meth:SDC2,methylation,0.0,8,0.16
meth:SDC4P,methylation,0.0,1,0.02
meth:SDHAF1,methylation,0.0,2,0.04
meth:SCNN1A,methylation,0.0,0,0.0
meth:SCNN1B,methylation,0.0,0,0.0
meth:SCNN1D,methylation,0.0,0,0.0
meth:SCNN1G,methylation,0.0,0,0.0
meth:SCPEP1,methylation,0.0,0,0.0
meth:SCRG1,methylation,0.0,0,0.0
meth:SCRT1,methylation,0.0,0,0.0
meth:SEMA6D,methylation,0.0,0,0.0
meth:SCN2A,methylation,0.0,0,0.0
meth:SCN2B,methylation,0.0,0,0.0
meth:SCN3A,methylation,0.0,0,0.0
meth:SCN3B,methylation,0.0,0,0.0
meth:SCN4A,methylation,0.0,0,0.0
meth:SCN8A,methylation,0.0,0,0.0
meth:SCNM1,methylation,0.0,2,0.04
meth:SERHL,methylation,0.0,0,0.0
meth:SERHL2,methylation,0.0,0,0.0
meth:SERPINA1,methylation,0.0,0,0.0
meth:SERPINA10,methylation,0.0,0,0.0
meth:SERPINA11,methylation,0.0,1,0.02
meth:SERPINA13,methylation,0.0,0,0.0
meth:SEMA6C,methylation,0.0,0,0.0
meth:SCN1A,methylation,0.0,1,0.02
meth:SLC6A3,methylation,0.0,1,0.02
meth:SLC6A4,methylation,0.0,0,0.0
meth:SLC6A5,methylation,0.0,0,0.0
meth:SLC5A4,methylation,0.0,0,0.0
meth:SLC5A8,methylation,0.0,1,0.02
meth:SLC5A9,methylation,0.0,0,0.0
meth:SLC6A1,methylation,0.0,0,0.0
meth:SLC6A11,methylation,0.0,0,0.0
meth:SLC6A12,methylation,0.0,1,0.02
meth:SLC6A13,methylation,0.0,0,0.0
meth:SLC6A15,methylation,0.0,0,0.0
meth:SLC4A10,methylation,0.0,0,0.0
meth:SLC4A4,methylation,0.0,0,0.0
meth:SLC12A8,methylation,0.0,2,0.04
meth:SLC5A10,methylation,0.0,0,0.0
meth:SLC5A11,methylation,0.0,0,0.0
meth:SLC5A12,methylation,0.0,0,0.0
expr:AKR1B1,expression,0.0,0,0.0
expr:AKR1B10,expression,0.0,0,0.0
expr:AKR1B15,expression,0.0,0,0.0
expr:AKR1C1,expression,0.0,0,0.0
expr:AKR1C2,expression,0.0,0,0.0
expr:AKR1C3,expression,0.0,0,0.0
meth:SLC9A11,methylation,0.0,2,0.04
expr:AK8,expression,0.0,0,0.0
expr:AK9,expression,0.0,4,0.08
expr:AKAP11,expression,0.0,0,0.0
expr:AKAP12,expression,0.0,0,0.0
meth:SLC4A9,methylation,0.0,0,0.0
meth:SLC39A2,methylation,0.0,0,0.0
meth:SLC39A4,methylation,0.0,0,0.0
meth:SLC3A1,methylation,0.0,0,0.0
meth:SLC41A2,methylation,0.0,0,0.0
meth:SLC43A3,methylation,0.0,1,0.02
meth:SLC44A2,methylation,0.0,0,0.0
meth:SLC36A2,methylation,0.0,0,0.0
meth:SLC36A3,methylation,0.0,0,0.0
meth:SLC38A1,methylation,0.0,0,0.0
meth:SLC38A11,methylation,0.0,5,0.1
meth:SLC38A2,methylation,0.0,0,0.0
meth:SLC38A3,methylation,0.0,0,0.0
meth:SLC38A4,methylation,0.0,0,0.0
meth:SLC6A20,methylation,0.0,0,0.0
meth:SLC35C2,methylation,0.0,0,0.0
meth:SLC35D2,methylation,0.0,0,0.0
meth:SLC35E4,methylation,0.0,0,0.0
meth:SLC35F1,methylation,0.0,0,0.0
meth:SLC35F3,methylation,0.0,0,0.0
meth:SLC35F4,methylation,0.0,0,0.0
meth:SLC7A10,methylation,0.0,0,0.0
meth:SLC7A13,methylation,0.0,11,0.22
meth:SLC7A14,methylation,0.0,0,0.0
meth:SLC7A7,methylation,0.0,0,0.0
meth:SLC7A8,methylation,0.0,0,0.0
meth:SLC8A1,methylation,0.0,0,0.0
meth:SLC6A17,methylation,0.0,0,0.0
meth:SLC6A19,methylation,0.0,0,0.0
meth:SLC34A3,methylation,0.0,1,0.02
meth:SLMO1,methylation,0.0,0,0.0
meth:SLCO2B1,methylation,0.0,0,0.0
meth:SLCO3A1,methylation,0.0,0,0.0
meth:SLCO4A1,methylation,0.0,0,0.0
meth:SLCO4C1,methylation,0.0,0,0.0
meth:SLCO5A1,methylation,0.0,0,0.0
meth:SLED1,methylation,0.0,0,0.0
meth:SLFN11,methylation,0.0,0,0.0
meth:SLFN12,methylation,0.0,0,0.0
meth:SLC9A2,methylation,0.0,0,0.0
meth:SLC9A3,methylation,0.0,0,0.0
meth:SLC9A4,methylation,0.0,0,0.0
meth:SLCO1A2,methylation,0.0,0,0.0
expr:AKAP3,expression,0.0,0,0.0
meth:SLCO1B3,methylation,0.0,0,0.0
meth:SLCO1C1,methylation,0.0,0,0.0
meth:SNHG7,methylation,0.0,0,0.0
meth:SNHG8,methylation,0.0,0,0.0
meth:SNORA1,methylation,0.0,0,0.0
meth:SNORA10,methylation,0.0,1,0.02
meth:SNORA11B,methylation,0.0,2,0.04
meth:SNORA12,methylation,0.0,0,0.0
meth:SNORA15,methylation,0.0,0,0.0
meth:SNORA16B,methylation,0.0,0,0.0
meth:SNAR-E,methylation,0.0,1,0.02
meth:SNAR-F,methylation,0.0,0,0.0
meth:SNAR-G2,methylation,0.0,1,0.02
meth:SNCAIP,methylation,0.0,0,0.0
meth:SLCO1B1,methylation,0.0,0,0.0
expr:AKAP6,expression,0.0,0,0.0
expr:AKNA,expression,0.0,0,0.0
expr:AKNAD1,expression,0.0,1,0.02
expr:AIM2,expression,0.0,0,0.0
expr:AIPL1,expression,0.0,0,0.0
expr:AIRE,expression,0.0,0,0.0
expr:AJAP1,expression,0.0,0,0.0
expr:AK4,expression,0.0,0,0.0
expr:AK5,expression,0.0,0,0.0
meth:SLC8A2,methylation,0.0,0,0.0
meth:SLC8A3,methylation,0.0,0,0.0
meth:SLC9A1,methylation,0.0,0,0.0
expr:AHRR,expression,0.0,0,0.0
meth:SLITRK6,methylation,0.0,0,0.0
expr:AIF1,expression,0.0,0,0.0
expr:AIF1L,expression,0.0,1,0.02
expr:AIFM3,expression,0.0,0,0.0
meth:SLMO2,methylation,0.0,1,0.02
meth:SLN,methylation,0.0,0,0.0
meth:SLPI,methylation,0.0,2,0.04
meth:SMAD2,methylation,0.0,0,0.0
meth:SMC1B,methylation,0.0,3,0.06
meth:SMC5,methylation,0.0,0,0.0
meth:SLFN12L,methylation,0.0,0,0.0
meth:SLIT2,methylation,0.0,3,0.06
meth:SLIT3,methylation,0.0,0,0.0
meth:SLITRK1,methylation,0.0,0,0.0
meth:SLITRK5,methylation,0.0,0,0.0
expr:AICDA,expression,0.0,0,0.0
expr:AL157935.2,expression,0.0,0,0.0
expr:AL160269.1,expression,0.0,0,0.0
expr:AL160272.2,expression,0.0,4,0.08
expr:AL162231.1,expression,0.0,0,0.0
expr:AL355312.5,expression,0.0,0,0.0
expr:AL031777.2,expression,0.0,0,0.0
expr:AL049697.1,expression,0.0,3,0.06
expr:AL121753.1,expression,0.0,9,0.18
expr:AL121758.1,expression,0.0,0,0.0
expr:AL135905.2,expression,0.0,0,0.0
expr:AL136295.5,expression,0.0,0,0.0
meth:SLC16A7,methylation,0.0,0,0.0
meth:SLC16A8,methylation,0.0,0,0.0
meth:SLC39A12,methylation,0.0,0,0.0
expr:AKR1C4,expression,0.0,0,0.0
expr:AKR1C8P,expression,0.0,0,0.0
expr:AKT3,expression,0.0,2,0.04
expr:AL021997.2,expression,0.0,0,0.0
expr:AL031708.1,expression,0.0,1,0.02
meth:SLC23A3,methylation,0.0,0,0.0
meth:SLC24A2,methylation,0.0,0,0.0
meth:SLC24A3,methylation,0.0,0,0.0
meth:SLC24A4,methylation,0.0,0,0.0
meth:SLC24A5,methylation,0.0,1,0.02
meth:SLC25A18,methylation,0.0,0,0.0
meth:SLC25A2,methylation,0.0,3,0.06
meth:SLC22A20,methylation,0.0,0,0.0
meth:SLC22A3,methylation,0.0,0,0.0
meth:SLC17A1,methylation,0.0,0,0.0
meth:SLC13A2,methylation,0.0,0,0.0
meth:SLC13A3,methylation,0.0,3,0.06
meth:SLC13A4,methylation,0.0,0,0.0
meth:SLC13A5,methylation,0.0,0,0.0
meth:SLC14A2,methylation,0.0,0,0.0
meth:SLAMF9,methylation,0.0,0,0.0
meth:SLC10A1,methylation,0.0,0,0.0
meth:SLC10A2,methylation,0.0,0,0.0
meth:SLC10A4,methylation,0.0,0,0.0
meth:SLC10A5,methylation,0.0,0,0.0
meth:SLC11A1,methylation,0.0,0,0.0
meth:SLC12A3,methylation,0.0,0,0.0
meth:SLC12A4,methylation,0.0,0,0.0
expr:AL139260.3,expression,0.0,0,0.0
meth:SKAP1,methylation,0.0,8,0.16
meth:SKAP2,methylation,0.0,0,0.0
meth:SLA,methylation,0.0,1,0.02
meth:SLAIN1,methylation,0.0,0,0.0
meth:SLAMF1,methylation,0.0,0,0.0
meth:SLAMF8,methylation,0.0,0,0.0
expr:AL358113.1,expression,0.0,0,0.0
expr:AL360181.3,expression,0.0,1,0.02
expr:AL391628.1,expression,0.0,0,0.0
expr:AL391650.1,expression,0.0,0,0.0
meth:SLC17A2,methylation,0.0,0,0.0
meth:SLC17A3,methylation,0.0,0,0.0
meth:SLC17A4,methylation,0.0,0,0.0
expr:AL136531.2,expression,0.0,0,0.0
meth:SIX6,methylation,0.0,0,0.0
meth:SLC2A14,methylation,0.0,0,0.0
meth:SLC2A3,methylation,0.0,0,0.0
meth:SLC2A5,methylation,0.0,1,0.02
meth:SLC2A6,methylation,0.0,0,0.0
meth:SLC2A7,methylation,0.0,0,0.0
meth:SLC26A10,methylation,0.0,1,0.02
meth:SLC26A3,methylation,0.0,1,0.02
meth:SLC26A4,methylation,0.0,1,0.02
meth:SLC26A5,methylation,0.0,0,0.0
meth:SLC26A8,methylation,0.0,0,0.0
meth:SLC27A3,methylation,0.0,0,0.0
meth:SLC27A6,methylation,0.0,1,0.02
meth:SLC25A20,methylation,0.0,0,0.0
meth:SLC22A6,methylation,0.0,0,0.0
meth:SLC25A22,methylation,0.0,0,0.0
meth:SLC25A25,methylation,0.0,0,0.0
meth:SLC25A26,methylation,0.0,0,0.0
meth:SLC25A27,methylation,0.0,0,0.0
meth:SLC25A39,methylation,0.0,0,0.0
meth:SLC25A41,methylation,0.0,0,0.0
meth:SLC44A4,methylation,0.0,0,0.0
meth:SLC45A4,methylation,0.0,0,0.0
meth:SLC46A2,methylation,0.0,0,0.0
meth:SLC46A3,methylation,0.0,4,0.08
meth:SLC47A1,methylation,0.0,0,0.0
meth:SLC47A2,methylation,0.0,0,0.0
meth:SLC4A1,methylation,0.0,0,0.0
meth:SLC38A8,methylation,0.0,1,0.02
meth:SLC25A21,methylation,0.0,0,0.0
meth:SLC22A7,methylation,0.0,0,0.0
meth:SLC22A8,methylation,0.0,0,0.0
meth:SLC23A1,methylation,0.0,0,0.0
meth:SLC23A2,methylation,0.0,0,0.0
meth:SLC1A6,methylation,0.0,0,0.0
meth:SLC1A7,methylation,0.0,1,0.02
meth:SLC22A10,methylation,0.0,0,0.0
meth:SLC22A11,methylation,0.0,0,0.0
meth:SLC22A12,methylation,0.0,0,0.0
meth:SLC22A14,methylation,0.0,0,0.0
meth:SLC22A17,methylation,0.0,0,0.0
meth:SLC22A2,methylation,0.0,0,0.0
meth:SLC17A6,methylation,0.0,1,0.02
meth:SLC2A10,methylation,0.0,0,0.0
meth:SLC18A2,methylation,0.0,0,0.0
meth:SLC19A3,methylation,0.0,0,0.0
meth:SLC1A2,methylation,0.0,0,0.0
meth:SLC1A3,methylation,0.0,0,0.0
meth:SLC2A9,methylation,0.0,0,0.0
meth:SLC30A10,methylation,0.0,0,0.0
meth:SLC30A2,methylation,0.0,0,0.0
meth:SLC30A3,methylation,0.0,0,0.0
meth:SLC31A2,methylation,0.0,0,0.0
meth:SLC32A1,methylation,0.0,0,0.0
meth:SLC34A1,methylation,0.0,4,0.08
meth:SLC34A2,methylation,0.0,0,0.0
meth:SLC28A1,methylation,0.0,0,0.0
meth:SLC29A3,methylation,0.0,0,0.0
meth:SLC17A7,methylation,0.0,0,0.0
meth:VCAN,methylation,0.0,0,0.0
meth:WASF3,methylation,0.0,0,0.0
meth:WASH2P,methylation,0.0,0,0.0
meth:WBP11P1,methylation,0.0,0,0.0
meth:WBP2NL,methylation,0.0,0,0.0
meth:WBSCR17,methylation,0.0,0,0.0
meth:WDFY1,methylation,0.0,1,0.02
meth:WDFY4,methylation,0.0,0,0.0
meth:WDR17,methylation,0.0,2,0.04
meth:VWA2,methylation,0.0,0,0.0
meth:VWA3B,methylation,0.0,2,0.04
meth:VWA5B1,methylation,0.0,10,0.2
meth:VWC2,methylation,0.0,0,0.0
meth:TACR1,methylation,0.0,0,0.0
meth:VWDE,methylation,0.0,0,0.0
meth:VWF,methylation,0.0,0,0.0
meth:VSTM2L,methylation,0.0,0,0.0
meth:VSX2,methylation,0.0,1,0.02
meth:VTCN1,methylation,0.0,0,0.0
meth:VTN,methylation,0.0,0,0.0
meth:VTRNA1-1,methylation,0.0,0,0.0
meth:VTRNA1-2,methylation,0.0,0,0.0
meth:VTRNA1-3,methylation,0.0,0,0.0
meth:VWA1,methylation,0.0,0,0.0
meth:VPS37B,methylation,0.0,0,0.0
meth:VPS39,methylation,0.0,0,0.0
meth:VSIG10L,methylation,0.0,0,0.0
meth:VWC2L,methylation,0.0,0,0.0
meth:UPK3A,methylation,0.0,0,0.0
meth:UPK3B,methylation,0.0,1,0.02
meth:UQCC,methylation,0.0,0,0.0
meth:VN1R5,methylation,0.0,0,0.0
meth:VNN1,methylation,0.0,0,0.0
meth:VNN2,methylation,0.0,0,0.0
meth:VNN3,methylation,0.0,0,0.0
meth:VOPP1,methylation,0.0,0,0.0
meth:VPREB1,methylation,0.0,0,0.0
meth:VPS18,methylation,0.0,2,0.04
meth:VPS29,methylation,0.0,6,0.12
meth:VIPR1,methylation,0.0,0,0.0
meth:VIPR2,methylation,0.0,0,0.0
meth:VAX1,methylation,0.0,0,0.0
meth:VLDLR,methylation,0.0,0,0.0
meth:VMO1,methylation,0.0,0,0.0
meth:VN1R1,methylation,0.0,0,0.0
meth:VN1R4,methylation,0.0,0,0.0
meth:VGF,methylation,0.0,0,0.0
meth:VGLL2,methylation,0.0,0,0.0
meth:VHLL,methylation,0.0,0,0.0
meth:VILL,methylation,0.0,0,0.0
meth:VIM,methylation,0.0,0,0.0
meth:VIP,methylation,0.0,0,0.0
meth:VASH2,methylation,0.0,0,0.0
meth:VASN,methylation,0.0,2,0.04
meth:VAT1L,methylation,0.0,0,0.0
meth:VAV1,methylation,0.0,0,0.0
meth:VKORC1,methylation,0.0,4,0.08
expr:AC013470.2,expression,0.0,3,0.06
expr:AC025283.2,expression,0.0,0,0.0
expr:AC025287.4,expression,0.0,0,0.0
meth:WNT2,methylation,0.0,1,0.02
meth:WNT3A,methylation,0.0,1,0.02
meth:WNT5B,methylation,0.0,0,0.0
meth:WNT6,methylation,0.0,1,0.02
meth:WNT8A,methylation,0.0,0,0.0
meth:WNT8B,methylation,0.0,0,0.0
meth:WNT9A,methylation,0.0,0,0.0
meth:WISP1,methylation,0.0,0,0.0
meth:WISP2,methylation,0.0,0,0.0
meth:WISP3,methylation,0.0,0,0.0
meth:VSIG2,methylation,0.0,0,0.0
meth:WNK4,methylation,0.0,1,0.02
meth:WNT1,methylation,0.0,0,0.0
meth:WNT10B,methylation,0.0,0,0.0
meth:WFDC6,methylation,0.0,0,0.0
meth:WFDC8,methylation,0.0,1,0.02
meth:WFDC9,methylation,0.0,0,0.0
meth:WFIKKN2,methylation,0.0,0,0.0
meth:WHAMM,methylation,0.0,36,0.72
meth:WIF1,methylation,0.0,0,0.0
meth:WIPF1,methylation,0.0,2,0.04
meth:WIPF3,methylation,0.0,3,0.06
meth:WDR90,methylation,0.0,0,0.0
meth:WFDC1,methylation,0.0,8,0.16
meth:WFDC10A,methylation,0.0,4,0.08
meth:WIT1,methylation,0.0,0,0.0
meth:VSNL1,methylation,0.0,0,0.0
meth:VSTM1,methylation,0.0,0,0.0
meth:VSTM2A,methylation,0.0,0,0.0
meth:VSTM2B,methylation,0.0,0,0.0
expr:AC098850.3,expression,0.0,0,0.0
expr:AC099489.1,expression,0.0,0,0.0
expr:AC104389.5,expression,0.0,0,0.0
expr:AC108488.2,expression,0.0,0,0.0
meth:WDR67,methylation,0.0,1,0.02
meth:WDR8,methylation,0.0,0,0.0
expr:AC087632.2,expression,0.0,6,0.12
expr:AC090004.1,expression,0.0,0,0.0
expr:AC090360.1,expression,0.0,0,0.0
meth:WDR66,methylation,0.0,0,0.0
expr:AC092647.5,expression,0.0,0,0.0
expr:AC092835.1,expression,0.0,0,0.0
expr:AC097625.1,expression,0.0,1,0.02
expr:AC098650.1,expression,0.0,0,0.0
expr:AC040162.1,expression,0.0,0,0.0
expr:AC055811.2,expression,0.0,0,0.0
expr:AC068580.4,expression,0.0,0,0.0
expr:AC068831.6,expression,0.0,0,0.0
expr:AC068896.1,expression,0.0,0,0.0
expr:AC068946.1,expression,0.0,0,0.0
expr:AC072022.2,expression,0.0,3,0.06
meth:WDR49,methylation,0.0,0,0.0
meth:WDR63,methylation,0.0,0,0.0
meth:WDR64,methylation,0.0,0,0.0
expr:AC092042.3,expression,0.0,0,0.0
meth:TXNRD3IT1,methylation,0.0,0,0.0
meth:TYROBP,methylation,0.0,5,0.1
meth:TYRP1,methylation,0.0,0,0.0
meth:TYW3,methylation,0.0,0,0.0
expr:ACKR3,expression,0.0,0,0.0
expr:ACKR4,expression,0.0,0,0.0
meth:UCN2,methylation,0.0,0,0.0
meth:UCN3,methylation,0.0,7,0.14
meth:UCP2,methylation,0.0,1,0.02
expr:ACBD4,expression,0.0,2,0.04
expr:ACBD7,expression,0.0,0,0.0
expr:ACE,expression,0.0,0,0.0
expr:ACE2,expression,0.0,0,0.0
meth:UPK2,methylation,0.0,1,0.02
expr:ACER3,expression,0.0,0,0.0
expr:ACHE,expression,0.0,0,0.0
expr:ACACA,expression,0.0,1,0.02
expr:ACACB,expression,0.0,0,0.0
expr:ACAD11,expression,0.0,0,0.0
expr:ACADL,expression,0.0,0,0.0
expr:ACADS,expression,0.0,0,0.0
expr:ACAP1,expression,0.0,0,0.0
expr:ACAT2,expression,0.0,0,0.0
meth:UCN,methylation,0.0,0,0.0
expr:AC109583.1,expression,0.0,0,0.0
expr:AC112128.1,expression,0.0,0,0.0
expr:AC233723.1,expression,0.0,0,0.0
expr:AC244197.3,expression,0.0,0,0.0
expr:ACER1,expression,0.0,0,0.0
meth:TTC23,methylation,0.0,0,0.0
meth:TTC27,methylation,0.0,0,0.0
meth:UBXN10,methylation,0.0,0,0.0
meth:UBXN2A,methylation,0.0,0,0.0
meth:UBXN6,methylation,0.0,0,0.0
meth:UCA1,methylation,0.0,0,0.0
meth:UCHL1,methylation,0.0,0,0.0
meth:UCK1,methylation,0.0,0,0.0
meth:UCMA,methylation,0.0,0,0.0
meth:UBE2E3,methylation,0.0,0,0.0
meth:UBE2H,methylation,0.0,0,0.0
meth:UBE2L3,methylation,0.0,1,0.02
meth:UBE2QL1,methylation,0.0,0,0.0
meth:TXNRD2,methylation,0.0,0,0.0
meth:UBL4B,methylation,0.0,0,0.0
meth:UBLCP1,methylation,0.0,0,0.0
meth:UBQLN3,methylation,0.0,1,0.02
meth:U58,methylation,0.0,4,0.08
meth:UAP1L1,methylation,0.0,0,0.0
meth:UBA3,methylation,0.0,0,0.0
meth:UBA7,methylation,0.0,0,0.0
meth:UBASH3A,methylation,0.0,0,0.0
meth:UBASH3B,methylation,0.0,5,0.1
meth:UBD,methylation,0.0,0,0.0
meth:UBE2CBP,methylation,0.0,0,0.0
meth:TXK,methylation,0.0,0,0.0
meth:TXNDC3,methylation,0.0,0,0.0
meth:TXNRD1,methylation,0.0,0,0.0
meth:UBE2U,methylation,0.0,0,0.0
meth:UGT1A7,methylation,0.0,1,0.02
meth:UGT1A8,methylation,0.0,0,0.0
meth:UTS2,methylation,0.0,0,0.0
meth:UTS2D,methylation,0.0,0,0.0
meth:UTS2R,methylation,0.0,0,0.0
meth:VAMP2,methylation,0.0,0,0.0
meth:VAMP5,methylation,0.0,0,0.0
meth:VAMP8,methylation,0.0,0,0.0
meth:VANGL2,methylation,0.0,0,0.0
meth:VASH1,methylation,0.0,0,0.0
meth:USP39,methylation,0.0,0,0.0
meth:USP4,methylation,0.0,2,0.04
meth:USP44,methylation,0.0,0,0.0
meth:UNC45B,methylation,0.0,0,0.0
meth:USP50,methylation,0.0,0,0.0
meth:USP54,methylation,0.0,0,0.0
meth:USP6NL,methylation,0.0,0,0.0
meth:UTF1,methylation,0.0,0,0.0
meth:UQCRC1,methylation,0.0,0,0.0
meth:UQCRHL,methylation,0.0,0,0.0
meth:UROC1,methylation,0.0,0,0.0
meth:USH1C,methylation,0.0,0,0.0
meth:USH1G,methylation,0.0,0,0.0
meth:USP17L2,methylation,0.0,4,0.08
meth:USP29,methylation,0.0,1,0.02
meth:UPB1,methylation,0.0,0,0.0
meth:UPK1A,methylation,0.0,0,0.0
meth:UPK1B,methylation,0.0,1,0.02
meth:USP46,methylation,0.0,0,0.0
meth:UNC5A,methylation,0.0,0,0.0
meth:UNC5C,methylation,0.0,1,0.02
meth:UNC5CL,methylation,0.0,0,0.0
meth:UNC5D,methylation,0.0,0,0.0
meth:UNC80,methylation,0.0,0,0.0
meth:UNC93A,methylation,0.0,0,0.0
meth:UNCX,methylation,0.0,0,0.0
meth:ULBP3,methylation,0.0,0,0.0
meth:ULK2,methylation,0.0,0,0.0
meth:ULK3,methylation,0.0,0,0.0
meth:UMODL1,methylation,0.0,1,0.02
meth:UNC119,methylation,0.0,1,0.02
meth:UNC119B,methylation,0.0,0,0.0
meth:UGT1A6,methylation,0.0,0,0.0
meth:UNC13C,methylation,0.0,1,0.02
meth:UGT2A1,methylation,0.0,0,0.0
meth:UGT2A3,methylation,0.0,0,0.0
meth:UGT2B7,methylation,0.0,0,0.0
meth:UGT3A2,methylation,0.0,0,0.0
meth:UGT8,methylation,0.0,0,0.0
meth:UHRF2,methylation,0.0,0,0.0
meth:ULBP1,methylation,0.0,0,0.0
meth:ULBP2,methylation,0.0,0,0.0
meth:UCP3,methylation,0.0,0,0.0
meth:UGT1A1,methylation,0.0,0,0.0
meth:UGT1A10,methylation,0.0,0,0.0
meth:UGT1A3,methylation,0.0,0,0.0
meth:UGT1A4,methylation,0.0,11,0.22
meth:UNC13A,methylation,0.0,1,0.02
meth:ZNF354C,methylation,0.0,0,0.0
meth:ZNF358,methylation,0.0,0,0.0
meth:ZNF597,methylation,0.0,0,0.0
meth:ZNF606,methylation,0.0,0,0.0
meth:ZNF608,methylation,0.0,0,0.0
meth:ZNF614,methylation,0.0,0,0.0
meth:ZNF625,methylation,0.0,0,0.0
meth:ZNF626,methylation,0.0,0,0.0
meth:ZNF648,methylation,0.0,0,0.0
meth:ZNF572,methylation,0.0,0,0.0
meth:ZNF577,methylation,0.0,0,0.0
meth:ZNF578,methylation,0.0,0,0.0
meth:ZNF582,methylation,0.0,0,0.0
meth:WFDC10B,methylation,0.0,0,0.0
meth:ZNF585B,methylation,0.0,9,0.18
meth:ZNF586,methylation,0.0,0,0.0
meth:ZNF595,methylation,0.0,0,0.0
meth:ZNF542,methylation,0.0,1,0.02
meth:ZNF544,methylation,0.0,1,0.02
meth:ZNF550,methylation,0.0,0,0.0
meth:ZNF559,methylation,0.0,0,0.0
meth:ZNF560,methylation,0.0,0,0.0
meth:ZNF562,methylation,0.0,0,0.0
meth:ZNF569,methylation,0.0,0,0.0
meth:ZNF570,methylation,0.0,0,0.0
meth:ZNF501,methylation,0.0,0,0.0
meth:ZNF502,methylation,0.0,0,0.0
meth:ZNF503,methylation,0.0,0,0.0
meth:ZNF583,methylation,0.0,0,0.0
meth:ZNF154,methylation,0.0,0,0.0
meth:ZNF469,methylation,0.0,0,0.0
meth:ZNF471,methylation,0.0,0,0.0
meth:ZNF483,methylation,0.0,0,0.0
meth:ZNF484,methylation,0.0,0,0.0
meth:ZNF485,methylation,0.0,0,0.0
meth:ZNF491,methylation,0.0,0,0.0
meth:ZNF492,methylation,0.0,0,0.0
meth:ZNF496,methylation,0.0,0,0.0
meth:ZNF418,methylation,0.0,0,0.0
meth:ZNF423,methylation,0.0,0,0.0
meth:ZNF43,methylation,0.0,0,0.0
meth:ZNF432,methylation,0.0,2,0.04
meth:ZNF350,methylation,0.0,0,0.0
meth:ZNF454,methylation,0.0,1,0.02
meth:ZNF462,methylation,0.0,0,0.0
meth:ZNF365,methylation,0.0,0,0.0
meth:ZNF37B,methylation,0.0,0,0.0
meth:ZNF385A,methylation,0.0,0,0.0
meth:ZNF385B,methylation,0.0,0,0.0
meth:ZNF385D,methylation,0.0,1,0.02
meth:ZNF389,methylation,0.0,1,0.02
meth:ZNF391,methylation,0.0,0,0.0
meth:ZNF319,methylation,0.0,0,0.0
meth:ZNF320,methylation,0.0,0,0.0
meth:ZNF323,methylation,0.0,0,0.0
meth:ZNF329,methylation,0.0,0,0.0
meth:ZNF334,methylation,0.0,0,0.0
meth:ZNF44,methylation,0.0,0,0.0
meth:ZNF793,methylation,0.0,0,0.0
meth:ZSCAN18,methylation,0.0,0,0.0
meth:ZSCAN23,methylation,0.0,0,0.0
meth:ZSCAN4,methylation,0.0,0,0.0
meth:ZSCAN5A,methylation,0.0,0,0.0
meth:ZSCAN5B,methylation,0.0,0,0.0
meth:ZSWIM2,methylation,0.0,0,0.0
meth:ZNF761,methylation,0.0,0,0.0
meth:ZNF763,methylation,0.0,0,0.0
meth:ZNF766,methylation,0.0,0,0.0
meth:ZNF767,methylation,0.0,0,0.0
meth:ZNF772,methylation,0.0,0,0.0
meth:ZNF773,methylation,0.0,0,0.0
meth:ZNF506,methylation,0.0,0,0.0
meth:ZNF788,methylation,0.0,0,0.0
meth:ZNF714,methylation,0.0,0,0.0
meth:ZNF716,methylation,0.0,0,0.0
meth:ZNF718,methylation,0.0,0,0.0
meth:ZNF727,methylation,0.0,0,0.0
meth:ZNF732,methylation,0.0,0,0.0
meth:ZNF735,methylation,0.0,0,0.0
meth:ZNF75A,methylation,0.0,0,0.0
meth:ZNF677,methylation,0.0,0,0.0
meth:ZNF679,methylation,0.0,0,0.0
meth:ZNF681,methylation,0.0,0,0.0
meth:ZNF689,methylation,0.0,0,0.0
meth:ZNF69,methylation,0.0,0,0.0
meth:ZNF699,methylation,0.0,0,0.0
meth:ZNF781,methylation,0.0,1,0.02
meth:ZNF512,methylation,0.0,0,0.0
meth:ZNF516,methylation,0.0,0,0.0
meth:ZNF518B,methylation,0.0,0,0.0
meth:ZNF534,methylation,0.0,0,0.0
expr:ABLIM1,expression,0.0,0,0.0
expr:ABLIM2,expression,0.0,0,0.0
expr:ABLIM3,expression,0.0,0,0.0
expr:ABRA,expression,0.0,0,0.0
meth:ZNF662,methylation,0.0,0,0.0
meth:ZNF665,methylation,0.0,0,0.0
meth:ZNF667,methylation,0.0,0,0.0
expr:ABCC12,expression,0.0,0,0.0
expr:ABCG5,expression,0.0,0,0.0
meth:ZNF671,methylation,0.0,0,0.0
expr:ABHD14A-ACY1,expression,0.0,0,0.0
expr:ABHD17C,expression,0.0,0,0.0
expr:ABHD2,expression,0.0,0,0.0
expr:ABCC2,expression,0.0,1,0.02
expr:ABCC3,expression,0.0,0,0.0
expr:ABCC4,expression,0.0,0,0.0
expr:ABCC5,expression,0.0,0,0.0
expr:ABCC6,expression,0.0,0,0.0
expr:ABCC9,expression,0.0,0,0.0
expr:ABCG1,expression,0.0,0,0.0
meth:ZNF658,methylation,0.0,0,0.0
meth:ZNF660,methylation,0.0,0,0.0
expr:ABCB4,expression,0.0,2,0.04
expr:ABCB6,expression,0.0,0,0.0
expr:ABCG8,expression,0.0,0,0.0
meth:WSCD2,methylation,0.0,0,0.0
meth:WT1,methylation,0.0,0,0.0
meth:WWP2,methylation,0.0,0,0.0
meth:XAF1,methylation,0.0,0,0.0
meth:XDH,methylation,0.0,0,0.0
meth:XIRP1,methylation,0.0,0,0.0
meth:ZFPM2,methylation,0.0,0,0.0
meth:ZFR2,methylation,0.0,0,0.0
meth:ZG16,methylation,0.0,0,0.0
meth:ZG16B,methylation,0.0,0,0.0
meth:ZHX3,methylation,0.0,0,0.0
meth:ZIC1,methylation,0.0,0,0.0
meth:ZIC2,methylation,0.0,1,0.02
meth:ZNF140,methylation,0.0,0,0.0
meth:ZFHX4,methylation,0.0,0,0.0
meth:ZFP2,methylation,0.0,0,0.0
meth:ZFP28,methylation,0.0,0,0.0
meth:ZFP42,methylation,0.0,1,0.02
meth:ZFP57,methylation,0.0,0,0.0
meth:ZFP90,methylation,0.0,0,0.0
meth:ZDHHC11,methylation,0.0,1,0.02
meth:ZDHHC19,methylation,0.0,0,0.0
meth:ZDHHC22,methylation,0.0,0,0.0
meth:ZDHHC24,methylation,0.0,0,0.0
meth:ZDHHC4,methylation,0.0,0,0.0
meth:ZEB2,methylation,0.0,0,0.0
meth:ZC3H12D,methylation,0.0,0,0.0
meth:ZC3H7A,methylation,0.0,0,0.0
meth:ZFAT,methylation,0.0,0,0.0
meth:WFDC11,methylation,0.0,0,0.0
meth:WFDC12,methylation,0.0,0,0.0
meth:WFDC13,methylation,0.0,0,0.0
meth:WFDC5,methylation,0.0,0,0.0
meth:ZBTB16,methylation,0.0,0,0.0
meth:ZBTB32,methylation,0.0,0,0.0
meth:ZBTB42,methylation,0.0,0,0.0
meth:ZBTB46,methylation,0.0,0,0.0
meth:ZBTB47,methylation,0.0,0,0.0
meth:ZBTB7C,methylation,0.0,0,0.0
meth:ZBTB8B,methylation,0.0,3,0.06
meth:ZC3H12C,methylation,0.0,0,0.0
meth:YOD1,methylation,0.0,0,0.0
meth:WNT9B,methylation,0.0,2,0.04
meth:ZAN,methylation,0.0,0,0.0
meth:ZAP70,methylation,0.0,0,0.0
meth:ZAR1,methylation,0.0,0,0.0
meth:ZBBX,methylation,0.0,0,0.0
meth:ZBED2,methylation,0.0,0,0.0
meth:ZBP1,methylation,0.0,0,0.0
meth:XIRP2,methylation,0.0,0,0.0
meth:XKR5,methylation,0.0,0,0.0
meth:XKR6,methylation,0.0,0,0.0
meth:XKR7,methylation,0.0,0,0.0
meth:XPNPEP1,methylation,0.0,0,0.0
meth:XPOT,methylation,0.0,0,0.0
meth:XYLT1,methylation,0.0,0,0.0
meth:YJEFN3,methylation,0.0,0,0.0
meth:ZACN,methylation,0.0,1,0.02
expr:AC001226.2,expression,0.0,3,0.06
expr:AC003002.2,expression,0.0,0,0.0
meth:ZNF257,methylation,0.0,0,0.0
meth:ZNF268,methylation,0.0,0,0.0
meth:ZNF280B,methylation,0.0,0,0.0
meth:ZNF287,methylation,0.0,0,0.0
meth:ZNF311,methylation,0.0,0,0.0
meth:ZNF215,methylation,0.0,0,0.0
meth:ZNF22,methylation,0.0,0,0.0
meth:ZNF223,methylation,0.0,0,0.0
meth:ZNF23,methylation,0.0,0,0.0
meth:ZNF233,methylation,0.0,0,0.0
meth:ZNF236,methylation,0.0,0,0.0
meth:ZCCHC11,methylation,0.0,0,0.0
meth:ZNF256,methylation,0.0,0,0.0
meth:ZNF155,methylation,0.0,0,0.0
meth:ZNF167,methylation,0.0,0,0.0
meth:ZNF169,methylation,0.0,4,0.08
meth:ZNF175,methylation,0.0,0,0.0
meth:ZNF177,methylation,0.0,0,0.0
meth:ZNF19,methylation,0.0,0,0.0
meth:ZNF204P,methylation,0.0,0,0.0
meth:ZNF205,methylation,0.0,0,0.0
meth:ZMAT4,methylation,0.0,0,0.0
meth:ZMYND10,methylation,0.0,2,0.04
meth:ZNF114,methylation,0.0,0,0.0
meth:ZNF132,methylation,0.0,0,0.0
meth:ZNF134,methylation,0.0,0,0.0
meth:ZNF254,methylation,0.0,0,0.0
meth:ZCCHC14,methylation,0.0,0,0.0
meth:ZCCHC7,methylation,0.0,5,0.1
meth:ZCCHC8,methylation,0.0,7,0.14
meth:ZCWPW2,methylation,0.0,0,0.0
meth:ZDBF2,methylation,0.0,0,0.0
expr:AC010325.1,expression,0.0,0,0.0
expr:AC010422.8,expression,0.0,0,0.0
expr:AC010980.1,expression,0.0,0,0.0
expr:AC011005.1,expression,0.0,0,0.0
expr:AC011448.1,expression,0.0,0,0.0
expr:AC012651.1,expression,0.0,0,0.0
meth:ZIM3,methylation,0.0,0,0.0
expr:AC008676.3,expression,0.0,0,0.0
expr:AC000093.1,expression,0.0,0,0.0
expr:AC009690.1,expression,0.0,0,0.0
expr:AC009879.3,expression,0.0,1,0.02
expr:AC010255.2,expression,0.0,0,0.0
expr:AC004076.1,expression,0.0,2,0.04
expr:AC004687.2,expression,0.0,1,0.02
expr:AC004706.3,expression,0.0,0,0.0
expr:AC005041.1,expression,0.0,0,0.0
expr:AC005324.2,expression,0.0,0,0.0
expr:AC006978.2,expression,0.0,0,0.0
expr:AC007040.2,expression,0.0,0,0.0
meth:ZIC4,methylation,0.0,0,0.0
meth:ZIC5,methylation,0.0,0,0.0
meth:ZIK1,methylation,0.0,0,0.0
meth:ZIM2,methylation,0.0,0,0.0
expr:AC008687.4,expression,0.0,0,0.0
meth:TINAGL1,methylation,0.0,0,0.0
meth:THSD4,methylation,0.0,0,0.0
meth:THSD7A,methylation,0.0,0,0.0
meth:THSD7B,methylation,0.0,0,0.0
meth:THUMPD2,methylation,0.0,0,0.0
meth:THY1,methylation,0.0,0,0.0
meth:TIAM2,methylation,0.0,0,0.0
meth:TIE1,methylation,0.0,0,0.0
meth:TIFAB,methylation,0.0,0,0.0
meth:TMEM119,methylation,0.0,0,0.0
meth:TMEM132B,methylation,0.0,0,0.0
meth:TMEM132C,methylation,0.0,0,0.0
meth:TMEM132D,methylation,0.0,0,0.0
meth:TTC22,methylation,0.0,3,0.06
meth:TMEM133,methylation,0.0,0,0.0
meth:TMEM135,methylation,0.0,0,0.0
meth:TMEFF1,methylation,0.0,0,0.0
meth:TMEM101,methylation,0.0,0,0.0
meth:TMEM105,methylation,0.0,8,0.16
meth:TMEM106A,methylation,0.0,0,0.0
meth:TMEM108,methylation,0.0,0,0.0
meth:TMEM114,methylation,0.0,0,0.0
meth:TMC2,methylation,0.0,1,0.02
meth:TMC5,methylation,0.0,1,0.02
meth:TMC6,methylation,0.0,0,0.0
meth:TMC8,methylation,0.0,2,0.04
meth:TMCC1,methylation,0.0,0,0.0
meth:TMEM132E,methylation,0.0,2,0.04
meth:TGM4,methylation,0.0,0,0.0
meth:TFEC,methylation,0.0,0,0.0
meth:TFF1,methylation,0.0,0,0.0
meth:TFF2,methylation,0.0,0,0.0
meth:TFF3,methylation,0.0,0,0.0
meth:TFPI,methylation,0.0,0,0.0
meth:TFR2,methylation,0.0,0,0.0
meth:TGFB2,methylation,0.0,1,0.02
meth:TGFB3,methylation,0.0,0,0.0
meth:TLR4,methylation,0.0,0,0.0
meth:TLR5,methylation,0.0,0,0.0
meth:TLR6,methylation,0.0,0,0.0
meth:TLR9,methylation,0.0,12,0.24
meth:TINAG,methylation,0.0,0,0.0
meth:TLX2,methylation,0.0,11,0.22
meth:TLX3,methylation,0.0,0,0.0
meth:TM4SF1,methylation,0.0,0,0.0
meth:TJAP1,methylation,0.0,5,0.1
meth:TK2,methylation,0.0,1,0.02
meth:TKT,methylation,0.0,0,0.0
meth:TKTL2,methylation,0.0,1,0.02
meth:TLE4,methylation,0.0,0,0.0
meth:TLL1,methylation,0.0,0,0.0
meth:TIGIT,methylation,0.0,0,0.0
meth:TIMD4,methylation,0.0,0,0.0
meth:TIMM13,methylation,0.0,0,0.0
meth:TIMP3,methylation,0.0,1,0.02
meth:TIMP4,methylation,0.0,0,0.0
meth:TLX1,methylation,0.0,0,0.0
meth:TMEM147,methylation,0.0,1,0.02
meth:TMEM149,methylation,0.0,0,0.0
meth:TMEM150C,methylation,0.0,0,0.0
meth:TMEM151A,methylation,0.0,0,0.0
meth:TMEM151B,methylation,0.0,0,0.0
expr:ADAMTS10,expression,0.0,0,0.0
expr:ADAMTS12,expression,0.0,0,0.0
expr:ADAMTS13,expression,0.0,0,0.0
meth:TMEM232,methylation,0.0,0,0.0
meth:TMEM233,methylation,0.0,0,0.0
meth:TMEM30B,methylation,0.0,0,0.0
meth:TMEM30C,methylation,0.0,11,0.22
expr:ADAM23,expression,0.0,1,0.02
meth:TMCC3,methylation,0.0,0,0.0
expr:ADAM32,expression,0.0,0,0.0
expr:ADAM33,expression,0.0,2,0.04
expr:ADAM9,expression,0.0,0,0.0
expr:ADAMDEC1,expression,0.0,0,0.0
expr:ADAMTS1,expression,0.0,0,0.0
expr:ADAD2,expression,0.0,0,0.0
expr:ADAM11,expression,0.0,0,0.0
expr:ADAM12,expression,0.0,0,0.0
expr:ADAM18,expression,0.0,0,0.0
expr:ADAM19,expression,0.0,0,0.0
expr:ADAM2,expression,0.0,0,0.0
expr:ADAM20,expression,0.0,1,0.02
expr:ACTC1,expression,0.0,0,0.0
expr:ACTG2,expression,0.0,0,0.0
expr:ADAM28,expression,0.0,1,0.02
meth:TMCO2,methylation,0.0,0,0.0
meth:TMCO5A,methylation,0.0,0,0.0
meth:TM4SF4,methylation,0.0,0,0.0
meth:TM4SF5,methylation,0.0,0,0.0
meth:TM6SF1,methylation,0.0,0,0.0
meth:TM6SF2,methylation,0.0,0,0.0
meth:TM7SF2,methylation,0.0,0,0.0
meth:TM7SF4,methylation,0.0,0,0.0
meth:TMBIM1,methylation,0.0,0,0.0
meth:TMEM212,methylation,0.0,0,0.0
meth:TMEM216,methylation,0.0,0,0.0
meth:TMEM22,methylation,0.0,0,0.0
meth:TMEM225,methylation,0.0,0,0.0
meth:TMEM145,methylation,0.0,0,0.0
meth:TMEM179,methylation,0.0,0,0.0
meth:TMEM182,methylation,0.0,0,0.0
meth:TMEM184A,methylation,0.0,0,0.0
meth:TMEM195,methylation,0.0,0,0.0
meth:TMEM196,methylation,0.0,0,0.0
meth:TMEM202,methylation,0.0,0,0.0
meth:TMEM154,methylation,0.0,0,0.0
meth:TMEM155,methylation,0.0,0,0.0
meth:TMEM156,methylation,0.0,0,0.0
meth:TMEM158,methylation,0.0,0,0.0
meth:TMEM163,methylation,0.0,0,0.0
meth:TMEM171,methylation,0.0,0,0.0
meth:TMEM174,methylation,0.0,0,0.0
meth:TMEM140,methylation,0.0,0,0.0
expr:ACTBL2,expression,0.0,0,0.0
meth:TBC1D21,methylation,0.0,0,0.0
meth:TBC1D23,methylation,0.0,16,0.32
meth:TBC1D8,methylation,0.0,0,0.0
meth:TBC1D9B,methylation,0.0,1,0.02
meth:TBCB,methylation,0.0,12,0.24
meth:TBKBP1,methylation,0.0,0,0.0
meth:TBPL2,methylation,0.0,0,0.0
expr:ADCY6,expression,0.0,0,0.0
expr:ADCY7,expression,0.0,1,0.02
expr:ADCY8,expression,0.0,0,0.0
meth:TCP11,methylation,0.0,0,0.0
meth:TCTE1,methylation,0.0,0,0.0
meth:TCTEX1D1,methylation,0.0,0,0.0
meth:TGM2,methylation,0.0,0,0.0
expr:ADAMTSL2,expression,0.0,0,0.0
expr:ADAMTSL3,expression,0.0,0,0.0
expr:ADAMTSL4,expression,0.0,1,0.02
expr:ADAMTSL5,expression,0.0,1,0.02
expr:ADARB2,expression,0.0,2,0.04
expr:ADCY10,expression,0.0,0,0.0
expr:ADCY2,expression,0.0,0,0.0
expr:ADCY3,expression,0.0,0,0.0
expr:ADAMTS20,expression,0.0,0,0.0
expr:ADAMTS3,expression,0.0,0,0.0
expr:ADAMTS4,expression,0.0,0,0.0
expr:ADAMTS5,expression,0.0,0,0.0
expr:ADAMTS6,expression,0.0,0,0.0
expr:ADAMTS9,expression,0.0,0,0.0
meth:TCTEX1D4,methylation,0.0,0,0.0
meth:TACR2,methylation,0.0,0,0.0
meth:TACR3,methylation,0.0,0,0.0
meth:TACSTD2,methylation,0.0,3,0.06
meth:TAF1B,methylation,0.0,0,0.0
meth:TAF1L,methylation,0.0,0,0.0
meth:TAF7,methylation,0.0,0,0.0
meth:TCF21,methylation,0.0,0,0.0
meth:TCF23,methylation,0.0,0,0.0
meth:TCF7,methylation,0.0,0,0.0
meth:TCHH,methylation,0.0,0,0.0
meth:TCHHL1,methylation,0.0,0,0.0
meth:TCL1A,methylation,0.0,0,0.0
meth:TCL1B,methylation,0.0,0,0.0
meth:TBC1D20,methylation,0.0,0,0.0
meth:TBXA2R,methylation,0.0,4,0.08
meth:TCAM1,methylation,0.0,4,0.08
meth:TCAP,methylation,0.0,2,0.04
meth:TCEA2,methylation,0.0,0,0.0
meth:TCEA3,methylation,0.0,0,0.0
meth:TCEB3B,methylation,0.0,0,0.0
meth:TCF15,methylation,0.0,0,0.0
meth:TBR1,methylation,0.0,0,0.0
meth:TBX1,methylation,0.0,0,0.0
meth:TBX18,methylation,0.0,0,0.0
meth:TBX19,methylation,0.0,0,0.0
meth:TBX2,methylation,0.0,0,0.0
meth:TBX21,methylation,0.0,0,0.0
meth:TBX4,methylation,0.0,0,0.0
meth:TBX6,methylation,0.0,0,0.0
meth:TEKT3,methylation,0.0,0,0.0
meth:TDGF1,methylation,0.0,0,0.0
meth:TDH,methylation,0.0,0,0.0
meth:TDO2,methylation,0.0,0,0.0
meth:TDRD10,methylation,0.0,0,0.0
meth:TDRD12,methylation,0.0,0,0.0
meth:TDRD5,methylation,0.0,0,0.0
meth:TDRD9,methylation,0.0,0,0.0
meth:THEG,methylation,0.0,0,0.0
meth:THEM4,methylation,0.0,0,0.0
meth:THEMIS,methylation,0.0,0,0.0
meth:THNSL2,methylation,0.0,0,0.0
meth:THPO,methylation,0.0,0,0.0
expr:ADAMTSL1,expression,0.0,0,0.0
meth:THSD1,methylation,0.0,6,0.12
meth:THSD1P,methylation,0.0,0,0.0
meth:TGM6,methylation,0.0,0,0.0
meth:TGM7,methylation,0.0,0,0.0
meth:TH,methylation,0.0,0,0.0
meth:THAP3,methylation,0.0,0,0.0
meth:THBD,methylation,0.0,0,0.0
meth:THBS2,methylation,0.0,0,0.0
meth:THBS4,methylation,0.0,0,0.0
meth:TGFBI,methylation,0.0,0,0.0
meth:TGFBR1,methylation,0.0,0,0.0
meth:TGFBR3,methylation,0.0,0,0.0
meth:TGIF2,methylation,0.0,0,0.0
meth:TGM1,methylation,0.0,0,0.0
meth:THRSP,methylation,0.0,0,0.0
meth:TCL6,methylation,0.0,0,0.0
meth:TCN2,methylation,0.0,0,0.0
meth:TCOF1,methylation,0.0,0,0.0
expr:ADAMTS14,expression,0.0,0,0.0
expr:ADAMTS16,expression,0.0,0,0.0
expr:ADAMTS2,expression,0.0,0,0.0
meth:TEX19,methylation,0.0,0,0.0
meth:TF,methylation,0.0,7,0.14
meth:TFAMP1,methylation,0.0,0,0.0
meth:TFAP2B,methylation,0.0,0,0.0
meth:TFAP2C,methylation,0.0,0,0.0
meth:TFAP2D,methylation,0.0,0,0.0
meth:TFAP2E,methylation,0.0,0,0.0
meth:TEKT2,methylation,0.0,0,0.0
meth:TEKT4,methylation,0.0,0,0.0
meth:TEKT5,methylation,0.0,0,0.0
meth:TENC1,methylation,0.0,0,0.0
meth:TEPP,methylation,0.0,0,0.0
meth:TESSP1,methylation,0.0,0,0.0
meth:TET1,methylation,0.0,0,0.0
meth:TET3,methylation,0.0,0,0.0
meth:TEX101,methylation,0.0,0,0.0
meth:TDRG1,methylation,0.0,0,0.0
meth:TECRL,methylation,0.0,0,0.0
meth:TECTA,methylation,0.0,0,0.0
meth:TECTB,methylation,0.0,0,0.0
meth:TEK,methylation,0.0,0,0.0
meth:TEKT1,methylation,0.0,0,0.0
meth:TFCP2,methylation,0.0,0,0.0
expr:ACOD1,expression,0.0,0,0.0
expr:ACOT11,expression,0.0,0,0.0
expr:ACOT12,expression,0.0,0,0.0
meth:TRIML1,methylation,0.0,0,0.0
meth:TRIOBP,methylation,0.0,0,0.0
meth:TRIP6,methylation,0.0,0,0.0
meth:TRIT1,methylation,0.0,0,0.0
meth:TRPC2,methylation,0.0,0,0.0
meth:TRPC7,methylation,0.0,0,0.0
meth:TRIM68,methylation,0.0,0,0.0
meth:TRIM69,methylation,0.0,0,0.0
meth:TRIM7,methylation,0.0,0,0.0
meth:TRIM71,methylation,0.0,0,0.0
expr:ACTN2,expression,0.0,0,0.0
meth:TRIM75,methylation,0.0,0,0.0
meth:TRIM78P,methylation,0.0,0,0.0
meth:TRIM9,methylation,0.0,0,0.0
meth:TRIM59,methylation,0.0,0,0.0
meth:TRIM6,methylation,0.0,0,0.0
meth:TRIM6-TRIM34,methylation,0.0,0,0.0
meth:TRIM60,methylation,0.0,0,0.0
meth:TRIM61,methylation,0.0,0,0.0
meth:TRIM62,methylation,0.0,0,0.0
meth:TRIM67,methylation,0.0,0,0.0
meth:TRIM38,methylation,0.0,1,0.02
meth:TRIM4,methylation,0.0,0,0.0
meth:TRIM40,methylation,0.0,0,0.0
meth:TRIM42,methylation,0.0,0,0.0
meth:TRIM72,methylation,0.0,0,0.0
meth:TPH1,methylation,0.0,1,0.02
meth:TPH2,methylation,0.0,0,0.0
meth:TPK1,methylation,0.0,0,0.0
meth:TPM1,methylation,0.0,0,0.0
meth:TPM3,methylation,0.0,0,0.0
meth:TPM4,methylation,0.0,0,0.0
meth:TPO,methylation,0.0,0,0.0
expr:ACTA1,expression,0.0,0,0.0
expr:ACTA2,expression,0.0,0,0.0
meth:TRIM15,methylation,0.0,0,0.0
meth:TRIM17,methylation,0.0,18,0.36
meth:TRIM21,methylation,0.0,0,0.0
meth:TRIM31,methylation,0.0,0,0.0
meth:TRIL,methylation,0.0,0,0.0
expr:ACSL4,expression,0.0,0,0.0
expr:ACSM1,expression,0.0,4,0.08
expr:ACSM5,expression,0.0,2,0.04
expr:ACSS1,expression,0.0,0,0.0
expr:ACOX2,expression,0.0,0,0.0
expr:ACP3,expression,0.0,0,0.0
expr:ACP4,expression,0.0,0,0.0
expr:ACP5,expression,0.0,0,0.0
expr:ACP7,expression,0.0,8,0.16
expr:ACR,expression,0.0,0,0.0
expr:ACRV1,expression,0.0,5,0.1
expr:ACSBG1,expression,0.0,0,0.0
meth:TRHR,methylation,0.0,0,0.0
meth:TRIB2,methylation,0.0,0,0.0
expr:ACSL1,expression,0.0,0,0.0
meth:TRPS1,methylation,0.0,12,0.24
meth:TRPV2,methylation,0.0,0,0.0
meth:TRPV3,methylation,0.0,3,0.06
meth:TUBB4,methylation,0.0,0,0.0
meth:TUBB6,methylation,0.0,0,0.0
meth:TUBB8,methylation,0.0,0,0.0
meth:TUBGCP5,methylation,0.0,0,0.0
meth:TULP1,methylation,0.0,0,0.0
meth:TUSC5,methylation,0.0,0,0.0
meth:TTN,methylation,0.0,1,0.02
meth:TTPA,methylation,0.0,4,0.08
meth:TTR,methylation,0.0,2,0.04
meth:TTYH1,methylation,0.0,0,0.0
meth:TRIM54,methylation,0.0,0,0.0
meth:TUBA4B,methylation,0.0,6,0.12
meth:TUBAL3,methylation,0.0,0,0.0
meth:TUBB,methylation,0.0,0,0.0
meth:TTC36,methylation,0.0,2,0.04
meth:TTC4,methylation,0.0,0,0.0
meth:TTC5,methylation,0.0,0,0.0
meth:TTC7B,methylation,0.0,0,0.0
meth:TTC9B,methylation,0.0,0,0.0
meth:TTLL2,methylation,0.0,0,0.0
meth:TTLL6,methylation,0.0,0,0.0
meth:TSSK2,methylation,0.0,0,0.0
meth:TSSK3,methylation,0.0,0,0.0
meth:TTBK1,methylation,0.0,2,0.04
meth:TTC14,methylation,0.0,0,0.0
meth:TUBA3C,methylation,0.0,0,0.0
meth:TRIM55,methylation,0.0,0,0.0
meth:TRIM58,methylation,0.0,0,0.0
meth:TSPAN19,methylation,0.0,0,0.0
meth:TSPAN2,methylation,0.0,0,0.0
meth:TSPAN32,methylation,0.0,0,0.0
meth:TSPAN4,methylation,0.0,0,0.0
meth:TSPAN8,methylation,0.0,0,0.0
meth:TSPYL3,methylation,0.0,0,0.0
meth:TSPYL5,methylation,0.0,0,0.0
meth:TSPYL6,methylation,0.0,0,0.0
meth:TSHZ3,methylation,0.0,0,0.0
meth:TSLP,methylation,0.0,0,0.0
meth:TSPAN1,methylation,0.0,0,0.0
meth:TRPM6,methylation,0.0,0,0.0
meth:TSPAN11,methylation,0.0,0,0.0
meth:TSPAN14,methylation,0.0,0,0.0
meth:TSPAN16,methylation,0.0,0,0.0
meth:TSPAN18,methylation,0.0,0,0.0
meth:TRPV4,methylation,0.0,0,0.0
meth:TRPV5,methylation,0.0,0,0.0
meth:TRPV6,methylation,0.0,0,0.0
meth:TSGA10IP,methylation,0.0,0,0.0
meth:TSGA13,methylation,0.0,0,0.0
meth:TSHB,methylation,0.0,0,0.0
meth:TSHR,methylation,0.0,0,0.0
meth:TRPM2,methylation,0.0,0,0.0
meth:TRPM3,methylation,0.0,0,0.0
meth:TRPM5,methylation,0.0,0,0.0
meth:TSPAN10,methylation,0.0,0,0.0
meth:TMEM45B,methylation,0.0,1,0.02
meth:TMEM54,methylation,0.0,0,0.0
meth:TMEM55A,methylation,0.0,1,0.02
meth:TMEM59L,methylation,0.0,0,0.0
meth:TMEM71,methylation,0.0,16,0.32
meth:TNFSF10,methylation,0.0,0,0.0
meth:TNFSF11,methylation,0.0,0,0.0
meth:TNFSF13,methylation,0.0,0,0.0
meth:TNFSF13B,methylation,0.0,19,0.38
meth:TNFSF14,methylation,0.0,0,0.0
meth:TNFSF15,methylation,0.0,0,0.0
meth:TNFSF18,methylation,0.0,0,0.0
meth:TNFSF8,methylation,0.0,0,0.0
meth:TPTE,methylation,0.0,0,0.0
meth:TNFRSF18,methylation,0.0,1,0.02
meth:TNFRSF1B,methylation,0.0,0,0.0
meth:TNFRSF25,methylation,0.0,0,0.0
meth:TNFRSF4,methylation,0.0,0,0.0
meth:TNFRSF6B,methylation,0.0,0,0.0
meth:TNFRSF8,methylation,0.0,0,0.0
meth:TNFRSF9,methylation,0.0,0,0.0
meth:TNFAIP8L3,methylation,0.0,0,0.0
meth:TNFRSF10A,methylation,0.0,0,0.0
meth:TNFRSF10C,methylation,0.0,0,0.0
meth:TNFRSF10D,methylation,0.0,0,0.0
meth:TNFRSF11A,methylation,0.0,0,0.0
meth:TNFRSF11B,methylation,0.0,1,0.02
meth:TNFRSF13B,methylation,0.0,1,0.02
meth:TNFRSF17,methylation,0.0,0,0.0
expr:ACTN3,expression,0.0,0,0.0
expr:ACTR3B,expression,0.0,0,0.0
expr:ACVR1C,expression,0.0,0,0.0
expr:ADA2,expression,0.0,1,0.02
meth:TMPRSS11F,methylation,0.0,0,0.0
meth:TMPRSS12,methylation,0.0,0,0.0
meth:TMPRSS13,methylation,0.0,0,0.0
meth:TMPRSS2,methylation,0.0,0,0.0
meth:TMPRSS3,methylation,0.0,0,0.0
meth:TMPRSS4,methylation,0.0,0,0.0
meth:TMPRSS5,methylation,0.0,0,0.0
meth:TMPRSS6,methylation,0.0,0,0.0
meth:TMEM95,methylation,0.0,2,0.04
meth:TMEM42,methylation,0.0,0,0.0
meth:TMEM98,methylation,0.0,7,0.14
meth:TMIGD1,methylation,0.0,0,0.0
meth:TMIGD2,methylation,0.0,0,0.0
meth:TMOD1,methylation,0.0,1,0.02
meth:TMPRSS11E,methylation,0.0,0,0.0
meth:TMEM72,methylation,0.0,0,0.0
meth:TMEM74,methylation,0.0,0,0.0
meth:TMEM84,methylation,0.0,0,0.0
meth:TMEM85,methylation,0.0,0,0.0
meth:TMEM88,methylation,0.0,0,0.0
meth:TMEM88B,methylation,0.0,0,0.0
meth:TMEM8C,methylation,0.0,1,0.02
meth:TMEM90A,methylation,0.0,0,0.0
meth:TMEM40,methylation,0.0,0,0.0
meth:TMEM97,methylation,0.0,0,0.0
meth:TNFSF9,methylation,0.0,0,0.0
meth:TNIP3,methylation,0.0,0,0.0
meth:TNK1,methylation,0.0,0,0.0
meth:TNN,methylation,0.0,3,0.06
meth:TNNC2,methylation,0.0,1,0.02
meth:TNNI1,methylation,0.0,1,0.02
meth:TNNI2,methylation,0.0,0,0.0
meth:TNNI3,methylation,0.0,0,0.0
meth:TREH,methylation,0.0,4,0.08
meth:TREM2,methylation,0.0,0,0.0
meth:TREML1,methylation,0.0,0,0.0
meth:TREML2,methylation,0.0,0,0.0
meth:TREML2P,methylation,0.0,0,0.0
meth:TNFRSF13C,methylation,0.0,0,0.0
meth:TRH,methylation,0.0,0,0.0
meth:TRAF1,methylation,0.0,0,0.0
meth:TRAF3IP3,methylation,0.0,0,0.0
meth:TRAK1,methylation,0.0,0,0.0
meth:TRAM1,methylation,0.0,0,0.0
meth:TRANK1,methylation,0.0,0,0.0
meth:TRAPPC9,methylation,0.0,0,0.0
meth:TRDN,methylation,0.0,0,0.0
meth:TPPP2,methylation,0.0,0,0.0
meth:TPPP3,methylation,0.0,0,0.0
meth:TPRG1,methylation,0.0,0,0.0
meth:TPRXL,methylation,0.0,0,0.0
meth:TPSG1,methylation,0.0,0,0.0
meth:TPST1,methylation,0.0,0,0.0
meth:TREX1,methylation,0.0,2,0.04
meth:TMPRSS7,methylation,0.0,1,0.02
meth:TMPRSS9,methylation,0.0,0,0.0
meth:TNC,methylation,0.0,0,0.0
meth:TNF,methylation,0.0,0,0.0
meth:TNFAIP6,methylation,0.0,0,0.0
meth:TNFAIP8,methylation,0.0,1,0.02
meth:TP53I11,methylation,0.0,0,0.0
meth:TP53INP1,methylation,0.0,0,0.0
meth:TP53TG5,methylation,0.0,0,0.0
meth:TP63,methylation,0.0,1,0.02
meth:TP73,methylation,0.0,3,0.06
meth:TPCN2,methylation,0.0,0,0.0
meth:TPD52,methylation,0.0,0,0.0
meth:TOMM20L,methylation,0.0,5,0.1
meth:TOMM40L,methylation,0.0,0,0.0
meth:TOP1P1,methylation,0.0,0,0.0
meth:TOP1P2,methylation,0.0,0,0.0
meth:TOR2A,methylation,0.0,0,0.0
meth:TOX,methylation,0.0,0,0.0
meth:TOX2,methylation,0.0,0,0.0
meth:TOX3,methylation,0.0,0,0.0
meth:TP53AIP1,methylation,0.0,0,0.0
meth:TNNT3,methylation,0.0,0,0.0
meth:TNP2,methylation,0.0,0,0.0
meth:TNR,methylation,0.0,0,0.0
meth:TNRC6C,methylation,0.0,0,0.0
meth:TNS1,methylation,0.0,0,0.0
meth:TNS4,methylation,0.0,0,0.0
meth:TPD52L3,methylation,0.0,0,0.0
meth:NWD1,methylation,0.0,0,0.0
meth:NXNL1,methylation,0.0,0,0.0
meth:OR10A7,methylation,0.0,0,0.0
meth:OR10AD1,methylation,0.0,0,0.0
meth:OR10AG1,methylation,0.0,0,0.0
meth:OR10C1,methylation,0.0,0,0.0
meth:OR10G2,methylation,0.0,1,0.02
meth:OR10G3,methylation,0.0,0,0.0
meth:OR10G4,methylation,0.0,0,0.0
meth:OR10G8,methylation,0.0,0,0.0
meth:OPRD1,methylation,0.0,0,0.0
meth:OPRK1,methylation,0.0,0,0.0
meth:OPRL1,methylation,0.0,0,0.0
expr:ALOXE3,expression,0.0,0,0.0
meth:OPTC,methylation,0.0,0,0.0
meth:OR10A2,methylation,0.0,0,0.0
meth:OR10A3,methylation,0.0,0,0.0
meth:OR10A4,methylation,0.0,0,0.0
meth:OLR1,methylation,0.0,0,0.0
meth:ONECUT1,methylation,0.0,0,0.0
meth:ONECUT2,methylation,0.0,0,0.0
meth:ONECUT3,methylation,0.0,0,0.0
meth:OOEP,methylation,0.0,0,0.0
meth:OPALIN,methylation,0.0,0,0.0
meth:OPCML,methylation,0.0,0,0.0
meth:OPLAH,methylation,0.0,1,0.02
meth:OLAH,methylation,0.0,0,0.0
meth:OPRM1,methylation,0.0,0,0.0
meth:ODF3L1,methylation,0.0,0,0.0
meth:ODF3L2,methylation,0.0,1,0.02
meth:ODF4,methylation,0.0,0,0.0
meth:ODZ2,methylation,0.0,0,0.0
meth:ODZ3,methylation,0.0,0,0.0
meth:ODZ4,methylation,0.0,0,0.0
meth:OGDHL,methylation,0.0,0,0.0
meth:OIT3,methylation,0.0,0,0.0
meth:OBSCN,methylation,0.0,0,0.0
meth:OBSL1,methylation,0.0,0,0.0
meth:OC90,methylation,0.0,0,0.0
meth:OCA2,methylation,0.0,2,0.04
meth:ODC1,methylation,0.0,5,0.1
meth:NUPR1,methylation,0.0,0,0.0
meth:ODF3,methylation,0.0,0,0.0
meth:ODF3B,methylation,0.0,0,0.0
meth:NXPH1,methylation,0.0,0,0.0
meth:NXPH2,methylation,0.0,1,0.02
meth:NYNRIN,methylation,0.0,0,0.0
meth:OAF,methylation,0.0,0,0.0
meth:OAS1,methylation,0.0,0,0.0
meth:OAS2,methylation,0.0,0,0.0
meth:OBP2A,methylation,0.0,0,0.0
meth:OBP2B,methylation,0.0,0,0.0
meth:NUDT9P1,methylation,0.0,0,0.0
meth:NUP210,methylation,0.0,0,0.0
meth:NUPL1,methylation,0.0,2,0.04
meth:NUPL2,methylation,0.0,0,0.0
meth:ODF1,methylation,0.0,0,0.0
expr:ARL14,expression,0.0,0,0.0
expr:ARL15,expression,0.0,4,0.08
meth:OR1D2,methylation,0.0,0,0.0
meth:OR1E1,methylation,0.0,0,0.0
meth:OR1E2,methylation,0.0,0,0.0
meth:OR1F2P,methylation,0.0,0,0.0
meth:OR1G1,methylation,0.0,0,0.0
meth:OR1I1,methylation,0.0,0,0.0
meth:OR1J1,methylation,0.0,0,0.0
meth:OR14A16,methylation,0.0,0,0.0
meth:OR14C36,methylation,0.0,0,0.0
meth:OR14I1,methylation,0.0,0,0.0
meth:OR14J1,methylation,0.0,0,0.0
meth:OLFM2,methylation,0.0,0,0.0
meth:OR1A2,methylation,0.0,0,0.0
meth:OR1B1,methylation,0.0,0,0.0
meth:OR1C1,methylation,0.0,0,0.0
meth:OR11H4,methylation,0.0,0,0.0
meth:OR11L1,methylation,0.0,0,0.0
meth:OR12D2,methylation,0.0,0,0.0
meth:OR12D3,methylation,0.0,0,0.0
meth:OR13C3,methylation,0.0,0,0.0
meth:OR13D1,methylation,0.0,0,0.0
meth:OR13G1,methylation,0.0,0,0.0
meth:OR13J1,methylation,0.0,0,0.0
meth:OR10S1,methylation,0.0,0,0.0
meth:OR10T2,methylation,0.0,0,0.0
meth:OR10V1,methylation,0.0,0,0.0
meth:OR1A1,methylation,0.0,0,0.0
meth:OLFM3,methylation,0.0,0,0.0
meth:OLFM4,methylation,0.0,0,0.0
meth:OLFML1,methylation,0.0,0,0.0
meth:OLFML2A,methylation,0.0,0,0.0
meth:OLIG1,methylation,0.0,0,0.0
meth:OLIG2,methylation,0.0,0,0.0
expr:ARRDC5,expression,0.0,6,0.12
expr:ARSF,expression,0.0,0,0.0
expr:ARSH,expression,0.0,0,0.0
meth:OR10J3,methylation,0.0,0,0.0
meth:OR10J5,methylation,0.0,0,0.0
meth:OR10K2,methylation,0.0,0,0.0
meth:OR10P1,methylation,0.0,0,0.0
meth:OR10J1,methylation,0.0,0,0.0
expr:ARMH4,expression,0.0,0,0.0
expr:ARNTL2,expression,0.0,0,0.0
expr:ARRB1,expression,0.0,0,0.0
expr:ARL17B,expression,0.0,0,0.0
expr:ARL4A,expression,0.0,0,0.0
expr:ARL4C,expression,0.0,0,0.0
expr:ARL4D,expression,0.0,0,0.0
expr:ARL5C,expression,0.0,0,0.0
expr:ARL6IP4,expression,0.0,0,0.0
expr:ARMCX1,expression,0.0,0,0.0
meth:OR10G9,methylation,0.0,0,0.0
meth:OR10H1,methylation,0.0,0,0.0
meth:OR10H2,methylation,0.0,0,0.0
meth:OR10H4,methylation,0.0,0,0.0
expr:ARMH1,expression,0.0,0,0.0
meth:NMS,methylation,0.0,0,0.0
expr:ASF1B,expression,0.0,0,0.0
expr:ASGR2,expression,0.0,0,0.0
expr:ASH1L,expression,0.0,0,0.0
expr:ASH2L,expression,0.0,0,0.0
meth:NPBWR1,methylation,0.0,0,0.0
meth:NPBWR2,methylation,0.0,1,0.02
meth:NPEPPS,methylation,0.0,0,0.0
meth:NPFFR1,methylation,0.0,0,0.0
expr:ASB15,expression,0.0,0,0.0
expr:ASB16,expression,0.0,3,0.06
expr:ASB4,expression,0.0,6,0.12
expr:ASB5,expression,0.0,0,0.0
meth:NRXN1,methylation,0.0,0,0.0
expr:ART4,expression,0.0,0,0.0
expr:ART5,expression,0.0,0,0.0
expr:ARTN,expression,0.0,0,0.0
expr:ARVCF,expression,0.0,0,0.0
expr:ASAH1,expression,0.0,0,0.0
expr:ASB11,expression,0.0,0,0.0
expr:ASB12,expression,0.0,0,0.0
meth:NOXO1,methylation,0.0,1,0.02
meth:NPAS1,methylation,0.0,4,0.08
meth:NPAS3,methylation,0.0,0,0.0
meth:NPAS4,methylation,0.0,0,0.0
expr:ARSJ,expression,0.0,0,0.0
expr:ARSL,expression,0.0,0,0.0
expr:ART1,expression,0.0,0,0.0
expr:ASB9,expression,0.0,0,0.0
meth:NKD1,methylation,0.0,0,0.0
meth:NOTO,methylation,0.0,0,0.0
meth:NOTUM,methylation,0.0,0,0.0
meth:NOV,methylation,0.0,1,0.02
meth:NOVA2,methylation,0.0,0,0.0
meth:NOX3,methylation,0.0,0,0.0
meth:NOX4,methylation,0.0,0,0.0
meth:NOX5,methylation,0.0,0,0.0
meth:NOM1,methylation,0.0,2,0.04
meth:NOS1,methylation,0.0,2,0.04
meth:NOS2,methylation,0.0,0,0.0
meth:NOS3,methylation,0.0,0,0.0
meth:NOSTRIN,methylation,0.0,0,0.0
meth:NMNAT3,methylation,0.0,0,0.0
meth:NOTCH4,methylation,0.0,0,0.0
meth:NMUR1,methylation,0.0,0,0.0
meth:NMUR2,methylation,0.0,2,0.04
meth:NNAT,methylation,0.0,0,0.0
meth:NNMT,methylation,0.0,0,0.0
meth:NOD2,methylation,0.0,0,0.0
meth:NODAL,methylation,0.0,0,0.0
meth:NOL10,methylation,0.0,1,0.02
meth:NLRP7,methylation,0.0,0,0.0
meth:NLRP9,methylation,0.0,0,0.0
meth:NME2,methylation,0.0,0,0.0
meth:NME4,methylation,0.0,0,0.0
meth:NME5,methylation,0.0,1,0.02
meth:NMNAT2,methylation,0.0,0,0.0
meth:NOTCH3,methylation,0.0,0,0.0
meth:NUDT16,methylation,0.0,0,0.0
meth:NUDT16P,methylation,0.0,0,0.0
meth:NUDT17,methylation,0.0,2,0.04
meth:NUDT4,methylation,0.0,0,0.0
meth:NUDT4P1,methylation,0.0,0,0.0
meth:NUDT7,methylation,0.0,0,0.0
meth:NTNG1,methylation,0.0,0,0.0
meth:NTNG2,methylation,0.0,1,0.02
meth:NTRK1,methylation,0.0,4,0.08
meth:NTRK2,methylation,0.0,0,0.0
meth:NTRK3,methylation,0.0,0,0.0
meth:NTS,methylation,0.0,0,0.0
meth:NTSR1,methylation,0.0,0,0.0
meth:NR2F1,methylation,0.0,0,0.0
meth:NSD1,methylation,0.0,0,0.0
meth:NSMAF,methylation,0.0,0,0.0
meth:NT5C1A,methylation,0.0,0,0.0
meth:NT5C3L,methylation,0.0,3,0.06
meth:NT5DC2,methylation,0.0,2,0.04
meth:NT5E,methylation,0.0,0,0.0
meth:NTM,methylation,0.0,2,0.04
meth:NTN3,methylation,0.0,0,0.0
meth:NRG3,methylation,0.0,0,0.0
meth:NRIP3,methylation,0.0,0,0.0
meth:NRN1,methylation,0.0,0,0.0
meth:NRSN1,methylation,0.0,0,0.0
meth:NRSN2,methylation,0.0,0,0.0
meth:NRTN,methylation,0.0,0,0.0
meth:NTSR2,methylation,0.0,0,0.0
meth:NR3C1,methylation,0.0,0,0.0
meth:NR5A1,methylation,0.0,0,0.0
meth:NR5A2,methylation,0.0,0,0.0
meth:NRCAM,methylation,0.0,0,0.0
meth:NRG1,methylation,0.0,0,0.0
meth:NRG2,methylation,0.0,0,0.0
meth:NPY5R,methylation,0.0,0,0.0
meth:NPY6R,methylation,0.0,0,0.0
meth:NR1I2,methylation,0.0,0,0.0
meth:NR1I3,methylation,0.0,0,0.0
meth:NR2E1,methylation,0.0,0,0.0
meth:NR2E3,methylation,0.0,3,0.06
meth:NPS,methylation,0.0,2,0.04
meth:NUDT13,methylation,0.0,0,0.0
meth:NPTX1,methylation,0.0,0,0.0
meth:NPTX2,methylation,0.0,0,0.0
meth:NPVF,methylation,0.0,0,0.0
meth:NPW,methylation,0.0,1,0.02
meth:NPY,methylation,0.0,0,0.0
meth:NPHS1,methylation,0.0,0,0.0
meth:NPHS2,methylation,0.0,0,0.0
meth:NPL,methylation,0.0,0,0.0
meth:NPM2,methylation,0.0,0,0.0
meth:NPPB,methylation,0.0,0,0.0
meth:NPPC,methylation,0.0,1,0.02
meth:NPR1,methylation,0.0,0,0.0
meth:NPR3,methylation,0.0,0,0.0
meth:NUDT12,methylation,0.0,0,0.0
meth:NPTN,methylation,0.0,0,0.0
expr:ARHGAP6,expression,0.0,0,0.0
expr:ARHGAP9,expression,0.0,0,0.0
expr:ARHGDIG,expression,0.0,0,0.0
meth:OR5D18,methylation,0.0,0,0.0
meth:OR5E1P,methylation,0.0,0,0.0
meth:OR5H1,methylation,0.0,0,0.0
meth:OR5H15,methylation,0.0,0,0.0
meth:OR5H2,methylation,0.0,0,0.0
expr:ARHGAP33,expression,0.0,1,0.02
expr:ARHGAP42,expression,0.0,0,0.0
meth:OR6Q1,methylation,0.0,0,0.0
meth:OR6S1,methylation,0.0,0,0.0
meth:OR6T1,methylation,0.0,0,0.0
meth:OR10W1,methylation,0.0,0,0.0
meth:OR6X1,methylation,0.0,0,0.0
meth:OR6Y1,methylation,0.0,0,0.0
meth:OR7A17,methylation,0.0,1,0.02
meth:OR7A5,methylation,0.0,0,0.0
meth:OR6C68,methylation,0.0,0,0.0
meth:OR6C70,methylation,0.0,0,0.0
meth:OR6K2,methylation,0.0,0,0.0
meth:OR6K3,methylation,0.0,0,0.0
meth:OR6K6,methylation,0.0,0,0.0
meth:OR6M1,methylation,0.0,0,0.0
meth:OR6N1,methylation,0.0,0,0.0
meth:OR6N2,methylation,0.0,0,0.0
meth:OR6A2,methylation,0.0,0,0.0
meth:OR6B1,methylation,0.0,0,0.0
meth:OR6V1,methylation,0.0,0,0.0
meth:OR56A4,methylation,0.0,0,0.0
meth:OR56A5,methylation,0.0,0,0.0
meth:OR56B1,methylation,0.0,0,0.0
meth:OR52B6,methylation,0.0,0,0.0
meth:OR52D1,methylation,0.0,0,0.0
meth:OR52E2,methylation,0.0,0,0.0
meth:OR52E8,methylation,0.0,0,0.0
meth:OR52I1,methylation,0.0,0,0.0
meth:OR52J3,methylation,0.0,0,0.0
meth:OR52K2,methylation,0.0,0,0.0
meth:OR52L1,methylation,0.0,0,0.0
expr:ARID5A,expression,0.0,0,0.0
expr:ARL10,expression,0.0,0,0.0
expr:ARHGAP5,expression,0.0,16,0.32
meth:OR5H6,methylation,0.0,0,0.0
meth:OR5I1,methylation,0.0,0,0.0
meth:OR5K2,methylation,0.0,0,0.0
meth:OR5K3,methylation,0.0,0,0.0
meth:OR5L1,methylation,0.0,0,0.0
expr:ARHGEF15,expression,0.0,3,0.06
expr:ARHGEF28,expression,0.0,0,0.0
expr:ARHGEF33,expression,0.0,0,0.0
expr:ARHGEF35,expression,0.0,0,0.0
expr:ARHGEF37,expression,0.0,1,0.02
expr:ARHGEF39,expression,0.0,0,0.0
expr:ARHGEF4,expression,0.0,0,0.0
expr:ARHGAP44,expression,0.0,0,0.0
expr:ARHGAP45,expression,0.0,0,0.0
expr:ARL11,expression,0.0,0,0.0
meth:OR8B4,methylation,0.0,0,0.0
meth:OR8B8,methylation,0.0,0,0.0
meth:OR8D1,methylation,0.0,0,0.0
meth:OR8D4,methylation,0.0,0,0.0
meth:OR7C1,methylation,0.0,0,0.0
meth:OR7C2,methylation,0.0,0,0.0
meth:OR7D2,methylation,0.0,0,0.0
meth:OR7E156P,methylation,0.0,0,0.0
meth:OR7E37P,methylation,0.0,0,0.0
meth:OR7E91P,methylation,0.0,0,0.0
meth:OR7G1,methylation,0.0,0,0.0
meth:OR7G2,methylation,0.0,0,0.0
meth:OVCH2,methylation,0.0,0,0.0
meth:OR6B2,methylation,0.0,0,0.0
meth:OXR1,methylation,0.0,0,0.0
meth:OXTR,methylation,0.0,0,0.0
meth:P2RX2,methylation,0.0,0,0.0
meth:P2RX3,methylation,0.0,0,0.0
meth:P2RX5,methylation,0.0,10,0.2
meth:P2RX6,methylation,0.0,8,0.16
meth:OTOP2,methylation,0.0,0,0.0
meth:OTOP3,methylation,0.0,0,0.0
meth:OTOS,methylation,0.0,15,0.3
meth:OTUB1,methylation,0.0,0,0.0
meth:OTX1,methylation,0.0,1,0.02
meth:OVCH1,methylation,0.0,1,0.02
meth:OSR2,methylation,0.0,0,0.0
meth:OSTCL,methylation,0.0,0,0.0
meth:OXCT1,methylation,0.0,0,0.0
meth:OR6B3,methylation,0.0,0,0.0
meth:OR6C3,methylation,0.0,0,0.0
meth:OR6C4,methylation,0.0,0,0.0
meth:OR6C6,methylation,0.0,0,0.0
meth:OR5M11,methylation,0.0,0,0.0
meth:OR5M3,methylation,0.0,0,0.0
meth:OR5M8,methylation,0.0,0,0.0
meth:OR5P2,methylation,0.0,0,0.0
meth:OR5P3,methylation,0.0,0,0.0
meth:OR5V1,methylation,0.0,0,0.0
meth:OR5W2,methylation,0.0,0,0.0
meth:OR9A4,methylation,0.0,0,0.0
meth:OR9G1,methylation,0.0,0,0.0
meth:OR8B12,methylation,0.0,0,0.0
meth:OR9G9,methylation,0.0,0,0.0
meth:OR9I1,methylation,0.0,0,0.0
meth:OR9K2,methylation,0.0,1,0.02
meth:OR9Q1,methylation,0.0,0,0.0
meth:OR9Q2,methylation,0.0,0,0.0
meth:OR8H1,methylation,0.0,0,0.0
meth:OR8H3,methylation,0.0,0,0.0
meth:OR8K1,methylation,0.0,2,0.04
meth:OR8K3,methylation,0.0,0,0.0
meth:OR8K5,methylation,0.0,1,0.02
meth:OR8U8,methylation,0.0,3,0.06
meth:OR9A2,methylation,0.0,0,0.0
meth:OR7G3,methylation,0.0,0,0.0
meth:OR8A1,methylation,0.0,0,0.0
meth:OR9G4,methylation,0.0,0,0.0
meth:OR1L6,methylation,0.0,0,0.0
meth:OR1M1,methylation,0.0,0,0.0
meth:OR1Q1,methylation,0.0,0,0.0
meth:OR1S1,methylation,0.0,0,0.0
meth:OR1S2,methylation,0.0,0,0.0
meth:OR4C16,methylation,0.0,0,0.0
meth:OR4C3,methylation,0.0,0,0.0
meth:OR4C6,methylation,0.0,0,0.0
meth:OR4D1,methylation,0.0,0,0.0
meth:OR4D10,methylation,0.0,0,0.0
meth:OR4D11,methylation,0.0,0,0.0
meth:OR4D2,methylation,0.0,0,0.0
meth:OR4D5,methylation,0.0,0,0.0
meth:OR56A3,methylation,0.0,0,0.0
meth:OR3A2,methylation,0.0,0,0.0
meth:OR3A3,methylation,0.0,0,0.0
meth:OR3A4,methylation,0.0,0,0.0
meth:OR4A16,methylation,0.0,0,0.0
meth:OR4B1,methylation,0.0,0,0.0
meth:OR4C12,methylation,0.0,10,0.2
meth:OR4C15,methylation,0.0,0,0.0
meth:OR2T4,methylation,0.0,0,0.0
meth:OR2T6,methylation,0.0,0,0.0
meth:OR2T8,methylation,0.0,0,0.0
meth:OR2W1,methylation,0.0,0,0.0
meth:OR2W3,methylation,0.0,6,0.12
meth:OR2W5,methylation,0.0,0,0.0
meth:OR2Y1,methylation,0.0,0,0.0
meth:OR3A1,methylation,0.0,0,0.0
meth:OR10X1,methylation,0.0,1,0.02
meth:OR11A1,methylation,0.0,0,0.0
meth:OR11G2,methylation,0.0,0,0.0
meth:OR2H1,methylation,0.0,0,0.0
meth:OR2H2,methylation,0.0,0,0.0
meth:OR2J2,methylation,0.0,0,0.0
meth:OR2K2,methylation,0.0,0,0.0
meth:OR2L13,methylation,0.0,0,0.0
meth:OR2L3,methylation,0.0,0,0.0
meth:OR2M2,methylation,0.0,0,0.0
meth:OR2B6,methylation,0.0,0,0.0
meth:OR2C1,methylation,0.0,0,0.0
meth:OR2C3,methylation,0.0,8,0.16
meth:OR1L3,methylation,0.0,0,0.0
meth:OR2D3,methylation,0.0,0,0.0
meth:OR2G2,methylation,0.0,0,0.0
meth:OR2G3,methylation,0.0,0,0.0
meth:OR2G6,methylation,0.0,0,0.0
meth:OR2A12,methylation,0.0,0,0.0
meth:OR2A14,methylation,0.0,0,0.0
meth:OR2A5,methylation,0.0,0,0.0
meth:OR2AG1,methylation,0.0,0,0.0
meth:OR2AG2,methylation,0.0,0,0.0
meth:OR2AT4,methylation,0.0,0,0.0
meth:OR2B11,methylation,0.0,0,0.0
meth:OR2B2,methylation,0.0,0,0.0
meth:OR1J4,methylation,0.0,1,0.02
meth:OR1K1,methylation,0.0,0,0.0
meth:OR2D2,methylation,0.0,0,0.0
meth:OR51B4,methylation,0.0,1,0.02
meth:OR4D6,methylation,0.0,0,0.0
meth:OR4D9,methylation,0.0,0,0.0
meth:OR4F15,methylation,0.0,0,0.0
meth:OR4F5,methylation,0.0,0,0.0
meth:OR4F6,methylation,0.0,0,0.0
meth:OR4K17,methylation,0.0,0,0.0
meth:OR4K2,methylation,0.0,0,0.0
meth:OR5AU1,methylation,0.0,0,0.0
meth:OR5B12,methylation,0.0,0,0.0
meth:OR5B17,methylation,0.0,0,0.0
meth:OR5B2,methylation,0.0,0,0.0
meth:OR5B3,methylation,0.0,0,0.0
meth:OR2Z1,methylation,0.0,0,0.0
meth:OR5D13,methylation,0.0,0,0.0
meth:OR5D14,methylation,0.0,0,0.0
meth:OR56B4,methylation,0.0,0,0.0
meth:OR5A1,methylation,0.0,0,0.0
meth:OR5A2,methylation,0.0,0,0.0
meth:OR5AC2,methylation,0.0,0,0.0
meth:OR5AN1,methylation,0.0,0,0.0
meth:OR5AP2,methylation,0.0,0,0.0
meth:OR5AR1,methylation,0.0,0,0.0
meth:OR5AS1,methylation,0.0,0,0.0
meth:OR52M1,methylation,0.0,0,0.0
meth:OR52N1,methylation,0.0,0,0.0
meth:OR52R1,methylation,0.0,0,0.0
meth:OR56A1,methylation,0.0,0,0.0
meth:OR5C1,methylation,0.0,0,0.0
meth:OR2M3,methylation,0.0,3,0.06
meth:OR2M4,methylation,0.0,0,0.0
meth:OR2M5,methylation,0.0,0,0.0
meth:OR2S2,methylation,0.0,3,0.06
meth:OR2T1,methylation,0.0,1,0.02
meth:OR2T11,methylation,0.0,0,0.0
meth:OR2T33,methylation,0.0,0,0.0
meth:OR2T34,methylation,0.0,0,0.0
meth:OR51S1,methylation,0.0,2,0.04
meth:OR51T1,methylation,0.0,0,0.0
meth:OR52A1,methylation,0.0,0,0.0
meth:OR52A4,methylation,0.0,2,0.04
meth:OR52A5,methylation,0.0,1,0.02
meth:OR51A7,methylation,0.0,0,0.0
meth:OR52B4,methylation,0.0,0,0.0
meth:OR51B6,methylation,0.0,0,0.0
meth:OR51D1,methylation,0.0,0,0.0
meth:OR51E2,methylation,0.0,0,0.0
meth:OR51F1,methylation,0.0,0,0.0
meth:OR51G2,methylation,0.0,0,0.0
meth:OR51I2,methylation,0.0,0,0.0
meth:OR51M1,methylation,0.0,0,0.0
meth:OR51Q1,methylation,0.0,0,0.0
meth:OR4N5,methylation,0.0,0,0.0
meth:OR4S1,methylation,0.0,0,0.0
meth:OR4S2,methylation,0.0,0,0.0
meth:OR4X1,methylation,0.0,0,0.0
meth:OR4X2,methylation,0.0,0,0.0
meth:OR52B2,methylation,0.0,0,0.0
meth:MRPS14,methylation,0.0,0,0.0
meth:MRPS21,methylation,0.0,1,0.02
meth:MS4A1,methylation,0.0,0,0.0
meth:MS4A15,methylation,0.0,0,0.0
meth:MRGPRD,methylation,0.0,0,0.0
meth:MRGPRE,methylation,0.0,0,0.0
meth:MRGPRF,methylation,0.0,0,0.0
meth:MRGPRG,methylation,0.0,0,0.0
meth:MRGPRX3,methylation,0.0,0,0.0
meth:MRGPRX4,methylation,0.0,0,0.0
meth:MRPL16,methylation,0.0,0,0.0
meth:MRPL28,methylation,0.0,0,0.0
meth:MPP6,methylation,0.0,0,0.0
meth:NKAPL,methylation,0.0,0,0.0
meth:MPPED2,methylation,0.0,0,0.0
meth:MPZ,methylation,0.0,0,0.0
meth:MPZL2,methylation,0.0,0,0.0
meth:MRAP,methylation,0.0,0,0.0
meth:MRAP2,methylation,0.0,0,0.0
meth:MRC2,methylation,0.0,0,0.0
meth:MOV10L1,methylation,0.0,0,0.0
meth:MOXD2,methylation,0.0,0,0.0
meth:MPEG1,methylation,0.0,0,0.0
meth:MPL,methylation,0.0,0,0.0
meth:MPO,methylation,0.0,0,0.0
meth:MPP2,methylation,0.0,0,0.0
meth:MPP3,methylation,0.0,0,0.0
meth:MPPED1,methylation,0.0,0,0.0
meth:MORN3,methylation,0.0,2,0.04
meth:MOS,methylation,0.0,0,0.0
meth:MOSC1,methylation,0.0,0,0.0
meth:MOSC2,methylation,0.0,3,0.06
meth:MOV10,methylation,0.0,0,0.0
meth:MNX1,methylation,0.0,0,0.0
meth:MOBKL2A,methylation,0.0,2,0.04
meth:MOBP,methylation,0.0,12,0.24
meth:MOG,methylation,0.0,0,0.0
meth:MOGAT2,methylation,0.0,0,0.0
meth:MON1A,methylation,0.0,0,0.0
meth:MORC1,methylation,0.0,0,0.0
meth:MMP7,methylation,0.0,7,0.14
meth:MRPL48,methylation,0.0,0,0.0
meth:MMRN1,methylation,0.0,0,0.0
meth:MN1,methylation,0.0,0,0.0
meth:MNAT1,methylation,0.0,0,0.0
meth:MNDA,methylation,0.0,0,0.0
meth:MNS1,methylation,0.0,0,0.0
meth:MMP19,methylation,0.0,0,0.0
meth:MMP2,methylation,0.0,0,0.0
meth:MMP21,methylation,0.0,0,0.0
meth:MMP23A,methylation,0.0,16,0.32
meth:MMP24,methylation,0.0,0,0.0
meth:MMP25,methylation,0.0,0,0.0
meth:MMP26,methylation,0.0,1,0.02
meth:MMP27,methylation,0.0,9,0.18
meth:MRPL36,methylation,0.0,0,0.0
meth:MMP9,methylation,0.0,1,0.02
expr:ATP10A,expression,0.0,0,0.0
meth:MTMR7,methylation,0.0,0,0.0
meth:MTMR9,methylation,0.0,0,0.0
meth:MTMR9L,methylation,0.0,0,0.0
meth:MTNR1A,methylation,0.0,1,0.02
meth:MTNR1B,methylation,0.0,0,0.0
meth:MTSS1,methylation,0.0,0,0.0
meth:MTUS2,methylation,0.0,0,0.0
meth:MTX3,methylation,0.0,0,0.0
meth:MT1G,methylation,0.0,0,0.0
meth:MT1H,methylation,0.0,0,0.0
meth:MT1L,methylation,0.0,0,0.0
meth:MT2A,methylation,0.0,0,0.0
meth:MPP4,methylation,0.0,0,0.0
meth:MT4,methylation,0.0,1,0.02
meth:MTA3,methylation,0.0,0,0.0
meth:MTMR11,methylation,0.0,0,0.0
meth:MSR1,methylation,0.0,0,0.0
meth:MSRB2,methylation,0.0,0,0.0
meth:MSRB3,methylation,0.0,0,0.0
meth:MSX2,methylation,0.0,0,0.0
meth:MT1A,methylation,0.0,3,0.06
meth:MT1B,methylation,0.0,0,0.0
meth:MT1DP,methylation,0.0,1,0.02
meth:MT1E,methylation,0.0,1,0.02
expr:ATP6V0D2,expression,0.0,0,0.0
meth:MS4A8B,methylation,0.0,0,0.0
meth:MSC,methylation,0.0,0,0.0
meth:MT3,methylation,0.0,0,0.0
expr:ATP2B4,expression,0.0,0,0.0
expr:ATP2C2,expression,0.0,0,0.0
expr:ATP4A,expression,0.0,1,0.02
expr:ATP4B,expression,0.0,0,0.0
expr:ATP5MF-PTCD1,expression,0.0,0,0.0
expr:ATP6V0A4,expression,0.0,0,0.0
expr:ATP6V0C,expression,0.0,0,0.0
expr:ATP1A3,expression,0.0,0,0.0
expr:ATP1A4,expression,0.0,0,0.0
expr:ATP1B1,expression,0.0,0,0.0
expr:ATP1B2,expression,0.0,29,0.58
expr:ATP2A1,expression,0.0,0,0.0
expr:ATP2A3,expression,0.0,0,0.0
expr:ATOH8,expression,0.0,0,0.0
expr:ATP10B,expression,0.0,0,0.0
expr:ATP10D,expression,0.0,0,0.0
expr:ATP11A,expression,0.0,0,0.0
expr:ATP11B,expression,0.0,0,0.0
expr:ATP11C,expression,0.0,0,0.0
expr:ATP12A,expression,0.0,0,0.0
expr:ATP13A4,expression,0.0,0,0.0
expr:ATP1A1,expression,0.0,0,0.0
meth:MS4A2,methylation,0.0,8,0.16
meth:MS4A3,methylation,0.0,13,0.26
meth:MS4A4A,methylation,0.0,0,0.0
meth:MS4A7,methylation,0.0,1,0.02
expr:ATG9A,expression,0.0,0,0.0
expr:ATOH7,expression,0.0,0,0.0
expr:ATP2B2,expression,0.0,0,0.0
meth:MIR671,methylation,0.0,0,0.0
meth:MIR675,methylation,0.0,0,0.0
meth:MIR7-2,methylation,0.0,0,0.0
meth:MIR7-3,methylation,0.0,0,0.0
meth:MIR708,methylation,0.0,0,0.0
meth:MIR711,methylation,0.0,2,0.04
meth:MIR744,methylation,0.0,0,0.0
meth:MIR655,methylation,0.0,0,0.0
meth:MIR656,methylation,0.0,0,0.0
meth:MIR657,methylation,0.0,14,0.28
meth:MIR659,methylation,0.0,0,0.0
meth:MIR662,methylation,0.0,0,0.0
meth:MIR663,methylation,0.0,0,0.0
meth:MORF4L1,methylation,0.0,0,0.0
meth:MIR668,methylation,0.0,0,0.0
meth:MIR634,methylation,0.0,0,0.0
meth:MIR635,methylation,0.0,0,0.0
meth:MIR641,methylation,0.0,0,0.0
meth:MIR642,methylation,0.0,2,0.04
meth:MIR645,methylation,0.0,0,0.0
meth:MIR654,methylation,0.0,0,0.0
meth:MIR605,methylation,0.0,0,0.0
meth:MIR609,methylation,0.0,3,0.06
meth:MIR613,methylation,0.0,0,0.0
meth:MIR617,methylation,0.0,0,0.0
meth:MIR620,methylation,0.0,0,0.0
meth:MIR624,methylation,0.0,0,0.0
meth:MIR626,methylation,0.0,0,0.0
meth:MIR665,methylation,0.0,0,0.0
meth:MIR591,methylation,0.0,6,0.12
meth:MIR592,methylation,0.0,0,0.0
meth:MIR595,methylation,0.0,0,0.0
meth:MIR598,methylation,0.0,1,0.02
meth:MIR603,methylation,0.0,0,0.0
meth:MIR557,methylation,0.0,5,0.1
meth:MIR563,methylation,0.0,5,0.1
meth:MIR564,methylation,0.0,0,0.0
meth:MIR567,methylation,0.0,0,0.0
meth:MIR568,methylation,0.0,0,0.0
meth:MIR572,methylation,0.0,0,0.0
meth:MIR575,methylation,0.0,0,0.0
meth:MIR577,methylation,0.0,0,0.0
meth:MIR670,methylation,0.0,0,0.0
meth:MIR548J,methylation,0.0,1,0.02
meth:MIR549,methylation,0.0,0,0.0
meth:MIR551A,methylation,0.0,0,0.0
meth:MIR551B,methylation,0.0,4,0.08
meth:MIR554,methylation,0.0,0,0.0
meth:MIR555,methylation,0.0,0,0.0
meth:MIR548B,methylation,0.0,2,0.04
meth:MIR548D1,methylation,0.0,0,0.0
meth:MIR548D2,methylation,0.0,0,0.0
meth:MIR548F1,methylation,0.0,0,0.0
meth:MIR548F3,methylation,0.0,0,0.0
meth:MIR548F5,methylation,0.0,1,0.02
meth:MIR548H3,methylation,0.0,0,0.0
meth:MIR548I2,methylation,0.0,0,0.0
meth:MIR548I4,methylation,0.0,0,0.0
meth:MMEL1,methylation,0.0,0,0.0
meth:MMP13,methylation,0.0,6,0.12
meth:MMP14,methylation,0.0,0,0.0
meth:MMP17,methylation,0.0,0,0.0
meth:MKRN3,methylation,0.0,0,0.0
meth:MKX,methylation,0.0,0,0.0
meth:MLC1,methylation,0.0,0,0.0
meth:MLL2,methylation,0.0,0,0.0
meth:MLN,methylation,0.0,0,0.0
meth:MLNR,methylation,0.0,0,0.0
meth:MLPH,methylation,0.0,0,0.0
meth:MIR99B,methylation,0.0,0,0.0
meth:MIRLET7A2,methylation,0.0,0,0.0
expr:AXDND1,expression,0.0,0,0.0
meth:MIRLET7D,methylation,0.0,0,0.0
meth:MIRLET7E,methylation,0.0,0,0.0
meth:MITF,methylation,0.0,0,0.0
meth:MIXL1,methylation,0.0,0,0.0
meth:MIR874,methylation,0.0,0,0.0
meth:MIR885,methylation,0.0,0,0.0
meth:MIR889,methylation,0.0,0,0.0
meth:MIR9-1,methylation,0.0,0,0.0
meth:MIR921,methylation,0.0,0,0.0
meth:MIR92A1,methylation,0.0,0,0.0
meth:MIR93,methylation,0.0,4,0.08
meth:MIR935,methylation,0.0,0,0.0
meth:MORC2,methylation,0.0,15,0.3
meth:MORF4,methylation,0.0,0,0.0
meth:MIRLET7C,methylation,0.0,0,0.0
expr:AXL,expression,0.0,1,0.02
expr:AZGP1,expression,0.0,0,0.0
expr:AZU1,expression,0.0,5,0.1
expr:B2M,expression,0.0,0,0.0
meth:MIR765,methylation,0.0,0,0.0
meth:MIR770,methylation,0.0,0,0.0
expr:AURKB,expression,0.0,0,0.0
expr:AURKC,expression,0.0,0,0.0
expr:AUTS2,expression,0.0,0,0.0
expr:AVPR1A,expression,0.0,0,0.0
expr:AVPR1B,expression,0.0,0,0.0
expr:AVPR2,expression,0.0,0,0.0
expr:AWAT2,expression,0.0,0,0.0
meth:MME,methylation,0.0,0,0.0
expr:ATP8B3,expression,0.0,0,0.0
expr:ATP8B4,expression,0.0,1,0.02
expr:ATP9A,expression,0.0,1,0.02
expr:ATRNL1,expression,0.0,0,0.0
expr:AUNIP,expression,0.0,0,0.0
expr:AURKA,expression,0.0,0,0.0
meth:MIR758,methylation,0.0,0,0.0
expr:ATP6V0E2,expression,0.0,4,0.08
expr:ATP6V1C2,expression,0.0,4,0.08
expr:ATP6V1FNB,expression,0.0,0,0.0
expr:ATP7A,expression,0.0,0,0.0
expr:ATP8A1,expression,0.0,0,0.0
meth:MMD,methylation,0.0,0,0.0
meth:MMD2,methylation,0.0,0,0.0
expr:ATP8B2,expression,0.0,0,0.0
expr:ASPA,expression,0.0,0,0.0
meth:NEGR1,methylation,0.0,1,0.02
meth:NEIL1,methylation,0.0,0,0.0
meth:NEK10,methylation,0.0,0,0.0
meth:NEK9,methylation,0.0,0,0.0
meth:NELL1,methylation,0.0,0,0.0
meth:NES,methylation,0.0,0,0.0
meth:NET1,methylation,0.0,0,0.0
meth:NETO1,methylation,0.0,0,0.0
meth:NDUFV1,methylation,0.0,1,0.02
meth:NEB,methylation,0.0,0,0.0
meth:NECAB1,methylation,0.0,0,0.0
meth:NECAB2,methylation,0.0,4,0.08
meth:MSH4,methylation,0.0,0,0.0
meth:NEFH,methylation,0.0,0,0.0
meth:NEFL,methylation,0.0,0,0.0
meth:NEFM,methylation,0.0,0,0.0
meth:NDFIP1,methylation,0.0,0,0.0
meth:NDN,methylation,0.0,0,0.0
meth:NDRG2,methylation,0.0,0,0.0
meth:NDRG4,methylation,0.0,0,0.0
meth:NDST1,methylation,0.0,0,0.0
meth:NDST4,methylation,0.0,0,0.0
meth:NDUFA4L2,methylation,0.0,0,0.0
meth:NDUFS6,methylation,0.0,0,0.0
meth:NCRNA00162,methylation,0.0,0,0.0
meth:NCRNA00173,methylation,0.0,1,0.02
meth:NCRNA00175,methylation,0.0,0,0.0
meth:NEDD4L,methylation,0.0,0,0.0
meth:NAPSB,methylation,0.0,0,0.0
meth:NAT1,methylation,0.0,0,0.0
meth:NAT8L,methylation,0.0,0,0.0
meth:NAV1,methylation,0.0,0,0.0
meth:NAV2,methylation,0.0,1,0.02
expr:ATAD5,expression,0.0,0,0.0
expr:ATCAY,expression,0.0,0,0.0
expr:ATF7-NPFF,expression,0.0,0,0.0
expr:ATF7IP2,expression,0.0,0,0.0
expr:ATG16L2,expression,0.0,2,0.04
meth:NCRNA00114,methylation,0.0,0,0.0
meth:NCRNA00157,methylation,0.0,0,0.0
meth:NCRNA00159,methylation,0.0,0,0.0
expr:ASNS,expression,0.0,0,0.0
expr:ATAD3B,expression,0.0,2,0.04
expr:ATAD3C,expression,0.0,0,0.0
expr:ASPDH,expression,0.0,0,0.0
expr:ASPG,expression,0.0,0,0.0
expr:ASPH,expression,0.0,0,0.0
expr:ASPHD2,expression,0.0,0,0.0
expr:ASPM,expression,0.0,0,0.0
expr:ASPRV1,expression,0.0,0,0.0
expr:ASRGL1,expression,0.0,1,0.02
meth:NCRNA00113,methylation,0.0,0,0.0
expr:ASIC2,expression,0.0,0,0.0
expr:ASIC3,expression,0.0,0,0.0
expr:ASIC4,expression,0.0,0,0.0
expr:ASIP,expression,0.0,0,0.0
expr:ATAD2,expression,0.0,0,0.0
meth:NEUROD4,methylation,0.0,0,0.0
meth:NLRP10,methylation,0.0,0,0.0
meth:NLRP11,methylation,0.0,0,0.0
meth:NLRP14,methylation,0.0,8,0.16
meth:NLRP2,methylation,0.0,0,0.0
meth:NLRP3,methylation,0.0,3,0.06
meth:NLRP4,methylation,0.0,0,0.0
meth:NLRP6,methylation,0.0,0,0.0
meth:NKX3-2,methylation,0.0,0,0.0
meth:NKX6-1,methylation,0.0,0,0.0
meth:NKX6-2,methylation,0.0,0,0.0
meth:NKX6-3,methylation,0.0,0,0.0
meth:NLGN1,methylation,0.0,1,0.02
meth:NCRNA00200,methylation,0.0,0,0.0
meth:NLRC3,methylation,0.0,0,0.0
meth:NLRC4,methylation,0.0,0,0.0
meth:NKD2,methylation,0.0,2,0.04
meth:NKG7,methylation,0.0,0,0.0
meth:NKX1-2,methylation,0.0,0,0.0
meth:NKX2-3,methylation,0.0,0,0.0
meth:NKX2-4,methylation,0.0,0,0.0
meth:NKX2-5,methylation,0.0,1,0.02
meth:NKX2-8,methylation,0.0,0,0.0
meth:NKX3-1,methylation,0.0,0,0.0
meth:NINL,methylation,0.0,0,0.0
meth:NIPAL4,methylation,0.0,2,0.04
meth:NIPSNAP3B,methylation,0.0,1,0.02
meth:NKAIN1,methylation,0.0,1,0.02
meth:NLGN2,methylation,0.0,0,0.0
meth:NCRNA00207,methylation,0.0,0,0.0
meth:NCRUPAR,methylation,0.0,0,0.0
meth:NHLH1,methylation,0.0,0,0.0
meth:NHLH2,methylation,0.0,1,0.02
meth:NHLRC1,methylation,0.0,0,0.0
meth:NHLRC4,methylation,0.0,0,0.0
meth:NHSL1,methylation,0.0,0,0.0
meth:NID1,methylation,0.0,0,0.0
meth:NID2,methylation,0.0,0,0.0
meth:NINJ2,methylation,0.0,0,0.0
meth:NFE2L3,methylation,0.0,0,0.0
meth:NFIL3,methylation,0.0,1,0.02
meth:NGB,methylation,0.0,0,0.0
meth:NEUROD2,methylation,0.0,0,0.0
meth:NGF,methylation,0.0,0,0.0
meth:NHEDC2,methylation,0.0,0,0.0
meth:NHEG1,methylation,0.0,0,0.0
meth:NEUROD6,methylation,0.0,2,0.04
meth:NEUROG2,methylation,0.0,0,0.0
meth:NEUROG3,methylation,0.0,0,0.0
meth:NEXN,methylation,0.0,0,0.0
meth:NFASC,methylation,0.0,1,0.02
meth:NFATC1,methylation,0.0,0,0.0
meth:NETO2,methylation,0.0,0,0.0
meth:NEU1,methylation,0.0,0,0.0
meth:NEU2,methylation,0.0,0,0.0
meth:NEU4,methylation,0.0,0,0.0
meth:NEUROD1,methylation,0.0,0,0.0
meth:NGEF,methylation,0.0,3,0.06
meth:MUC16,methylation,0.0,0,0.0
meth:MUC17,methylation,0.0,0,0.0
meth:MUC2,methylation,0.0,0,0.0
meth:MUC20,methylation,0.0,0,0.0
meth:MUC21,methylation,0.0,0,0.0
meth:MYLK4,methylation,0.0,0,0.0
meth:MYLPF,methylation,0.0,0,0.0
meth:MYO15B,methylation,0.0,0,0.0
meth:MYO18B,methylation,0.0,3,0.06
meth:MYO1A,methylation,0.0,0,0.0
meth:MYO1F,methylation,0.0,0,0.0
meth:MYO1G,methylation,0.0,0,0.0
meth:MYL3,methylation,0.0,1,0.02
meth:NAPSA,methylation,0.0,0,0.0
meth:MYL5,methylation,0.0,0,0.0
meth:MYL7,methylation,0.0,0,0.0
meth:MYL9,methylation,0.0,0,0.0
meth:MYLK,methylation,0.0,0,0.0
meth:MYLK2,methylation,0.0,0,0.0
meth:MYLK3,methylation,0.0,0,0.0
meth:MYH3,methylation,0.0,0,0.0
meth:MYH4,methylation,0.0,0,0.0
meth:MYH7,methylation,0.0,0,0.0
meth:MYH7B,methylation,0.0,0,0.0
meth:MYH8,methylation,0.0,0,0.0
meth:MYL1,methylation,0.0,0,0.0
meth:MYL10,methylation,0.0,2,0.04
meth:MYL2,methylation,0.0,0,0.0
meth:MYL4,methylation,0.0,0,0.0
meth:MSLNL,methylation,0.0,1,0.02
meth:MSMP,methylation,0.0,0,0.0
meth:MYBPC3,methylation,0.0,0,0.0
meth:MYBPH,methylation,0.0,0,0.0
meth:MYBPHL,methylation,0.0,0,0.0
meth:MYCBPAP,methylation,0.0,0,0.0
meth:MYCN,methylation,0.0,0,0.0
meth:MYEF2,methylation,0.0,0,0.0
meth:MYEOV,methylation,0.0,0,0.0
meth:MYF5,methylation,0.0,5,0.1
meth:MX1,methylation,0.0,1,0.02
meth:MXRA8,methylation,0.0,0,0.0
meth:MYADM,methylation,0.0,0,0.0
meth:MUC15,methylation,0.0,0,0.0
meth:MYADML2,methylation,0.0,0,0.0
meth:MYBL2,methylation,0.0,0,0.0
meth:MYBPC1,methylation,0.0,0,0.0
meth:MYBPC2,methylation,0.0,0,0.0
meth:MUC4,methylation,0.0,0,0.0
meth:MUC5B,methylation,0.0,0,0.0
meth:MUC6,methylation,0.0,0,0.0
meth:MUC7,methylation,0.0,0,0.0
meth:MUM1,methylation,0.0,0,0.0
meth:MURC,methylation,0.0,0,0.0
meth:MUSK,methylation,0.0,0,0.0
meth:MVP,methylation,0.0,0,0.0
meth:MUC12,methylation,0.0,0,0.0
meth:MUC13,methylation,0.0,0,0.0
meth:MYADML,methylation,0.0,0,0.0
meth:MYO6,methylation,0.0,0,0.0
meth:MYO7A,methylation,0.0,0,0.0
meth:MYO7B,methylation,0.0,0,0.0
meth:MYOC,methylation,0.0,0,0.0
meth:MYOCD,methylation,0.0,0,0.0
meth:NCRNA00051,methylation,0.0,0,0.0
meth:NCRNA00085,methylation,0.0,0,0.0
meth:NCRNA00092,methylation,0.0,0,0.0
meth:NCRNA00094,methylation,0.0,0,0.0
meth:NCRNA00099,methylation,0.0,0,0.0
meth:NCRNA00111,methylation,0.0,0,0.0
meth:NCRNA00112,methylation,0.0,0,0.0
meth:NCKAP5,methylation,0.0,0,0.0
meth:MYH1,methylation,0.0,0,0.0
meth:NCOR1,methylation,0.0,0,0.0
meth:NCR1,methylation,0.0,0,0.0
meth:NCR2,methylation,0.0,0,0.0
meth:NCR3,methylation,0.0,0,0.0
meth:NAV3,methylation,0.0,1,0.02
meth:NBL1,methylation,0.0,0,0.0
meth:NBLA00301,methylation,0.0,0,0.0
meth:NBPF7,methylation,0.0,0,0.0
meth:NBR2,methylation,0.0,0,0.0
meth:NCAN,methylation,0.0,0,0.0
meth:NCF2,methylation,0.0,0,0.0
meth:NCKAP1L,methylation,0.0,0,0.0
meth:NAP1L5,methylation,0.0,0,0.0
meth:NAPRT1,methylation,0.0,0,0.0
meth:NCOA4,methylation,0.0,0,0.0
meth:MYH13,methylation,0.0,0,0.0
meth:MYH15,methylation,0.0,0,0.0
meth:MYH16,methylation,0.0,0,0.0
meth:MYH2,methylation,0.0,0,0.0
meth:NACA2,methylation,0.0,0,0.0
meth:NACAD,methylation,0.0,4,0.08
meth:NAIF1,methylation,0.0,0,0.0
meth:NALCN,methylation,0.0,1,0.02
meth:NANOG,methylation,0.0,1,0.02
meth:NANOS2,methylation,0.0,0,0.0
meth:NANOS3,methylation,0.0,0,0.0
meth:MYST1,methylation,0.0,0,0.0
meth:MYT1,methylation,0.0,0,0.0
meth:MYO3B,methylation,0.0,1,0.02
meth:N4BP2L1,methylation,0.0,0,0.0
meth:NAA11,methylation,0.0,0,0.0
meth:NAALAD2,methylation,0.0,0,0.0
meth:NAALADL1,methylation,0.0,0,0.0
meth:MYOD1,methylation,0.0,0,0.0
meth:MYOM1,methylation,0.0,0,0.0
meth:MYOM2,methylation,0.0,0,0.0
meth:MYOM3,methylation,0.0,0,0.0
meth:MYOT,methylation,0.0,0,0.0
meth:MYOZ1,methylation,0.0,0,0.0
meth:MYOZ2,methylation,0.0,0,0.0
meth:MYPN,methylation,0.0,0,0.0
meth:MYO1H,methylation,0.0,0,0.0
meth:MYO3A,methylation,0.0,0,0.0
meth:MYT1L,methylation,0.0,0,0.0
meth:RAMP2,methylation,0.0,0,0.0
meth:RAC3,methylation,0.0,0,0.0
meth:RACGAP1P,methylation,0.0,0,0.0
meth:RAD21L1,methylation,0.0,0,0.0
meth:RAD23A,methylation,0.0,0,0.0
meth:RAD51AP2,methylation,0.0,0,0.0
meth:RADIL,methylation,0.0,0,0.0
meth:RAE1,methylation,0.0,2,0.04
meth:RAB3C,methylation,0.0,0,0.0
meth:RAB3GAP1,methylation,0.0,0,0.0
meth:RAB42,methylation,0.0,2,0.04
meth:RAB4A,methylation,0.0,3,0.06
meth:RAB6B,methylation,0.0,0,0.0
meth:OSTN,methylation,0.0,0,0.0
meth:RAC2,methylation,0.0,0,0.0
meth:RAB31,methylation,0.0,0,0.0
meth:RAB32,methylation,0.0,0,0.0
meth:RAB34,methylation,0.0,1,0.02
meth:RAB36,methylation,0.0,0,0.0
meth:RAB37,methylation,0.0,0,0.0
meth:RAB38,methylation,0.0,0,0.0
meth:RAB39,methylation,0.0,0,0.0
meth:RAB3B,methylation,0.0,0,0.0
expr:ANKRD40CL,expression,0.0,0,0.0
expr:ANKRD44,expression,0.0,1,0.02
expr:ANKRD45,expression,0.0,0,0.0
meth:RANBP3L,methylation,0.0,0,0.0
meth:RABGAP1L,methylation,0.0,0,0.0
meth:RAB19,methylation,0.0,0,0.0
meth:RAB1B,methylation,0.0,0,0.0
meth:RAB22A,methylation,0.0,0,0.0
meth:RAB25,methylation,0.0,0,0.0
meth:PYY,methylation,0.0,3,0.06
meth:PYY2,methylation,0.0,0,0.0
meth:PZP,methylation,0.0,0,0.0
meth:ProSAPiP1,methylation,0.0,0,0.0
meth:QSOX1,methylation,0.0,0,0.0
meth:QSOX2,methylation,0.0,0,0.0
meth:R3HDML,methylation,0.0,0,0.0
meth:PVRL4,methylation,0.0,0,0.0
meth:PXDN,methylation,0.0,0,0.0
meth:RALYL,methylation,0.0,0,0.0
meth:PYCARD,methylation,0.0,0,0.0
meth:PYGO1,methylation,0.0,0,0.0
meth:PYHIN1,methylation,0.0,0,0.0
meth:PYROXD2,methylation,0.0,0,0.0
meth:PTRF,methylation,0.0,0,0.0
meth:PTX3,methylation,0.0,0,0.0
meth:PUF60,methylation,0.0,1,0.02
meth:PVALB,methylation,0.0,0,0.0
meth:PVRIG,methylation,0.0,0,0.0
meth:RAET1E,methylation,0.0,0,0.0
meth:RAET1G,methylation,0.0,0,0.0
meth:RAET1L,methylation,0.0,0,0.0
meth:RAG1,methylation,0.0,0,0.0
meth:RALGDS,methylation,0.0,6,0.12
meth:PXMP4,methylation,0.0,0,0.0
meth:RASL10A,methylation,0.0,0,0.0
meth:RASL10B,methylation,0.0,0,0.0
meth:RASL11B,methylation,0.0,0,0.0
meth:RASL12,methylation,0.0,0,0.0
meth:RASSF1,methylation,0.0,0,0.0
meth:RASSF10,methylation,0.0,1,0.02
meth:RASA4P,methylation,0.0,1,0.02
meth:RASAL1,methylation,0.0,0,0.0
meth:RASD2,methylation,0.0,0,0.0
meth:RASGEF1C,methylation,0.0,0,0.0
meth:RASGRF1,methylation,0.0,0,0.0
meth:RASGRF2,methylation,0.0,0,0.0
meth:RASGRP1,methylation,0.0,1,0.02
meth:RANGRF,methylation,0.0,0,0.0
meth:RAPSN,methylation,0.0,0,0.0
meth:RARA,methylation,0.0,0,0.0
meth:RARB,methylation,0.0,0,0.0
meth:RARRES1,methylation,0.0,0,0.0
meth:RARRES2,methylation,0.0,0,0.0
meth:RARRES3,methylation,0.0,0,0.0
meth:RASA3,methylation,0.0,0,0.0
meth:RDH5,methylation,0.0,0,0.0
meth:RDH8,methylation,0.0,0,0.0
meth:RDM1,methylation,0.0,0,0.0
meth:REC8,methylation,0.0,0,0.0
meth:RECK,methylation,0.0,0,0.0
meth:REEP2,methylation,0.0,0,0.0
meth:REG1A,methylation,0.0,0,0.0
meth:RAPGEFL1,methylation,0.0,0,0.0
meth:RAP1GAP2,methylation,0.0,0,0.0
meth:RAPGEF2,methylation,0.0,0,0.0
expr:ANKRD34A,expression,0.0,0,0.0
expr:ANKRD34B,expression,0.0,0,0.0
expr:ANKRD34C,expression,0.0,0,0.0
expr:ANKRD36B,expression,0.0,2,0.04
expr:ANKRD36C,expression,0.0,0,0.0
expr:ANKRD23,expression,0.0,0,0.0
expr:ANKRD24,expression,0.0,0,0.0
expr:ANKRD30B,expression,0.0,4,0.08
expr:ANKRD30BL,expression,0.0,0,0.0
expr:ANKRD33B,expression,0.0,1,0.02
meth:RANBP17,methylation,0.0,0,0.0
meth:RASIP1,methylation,0.0,1,0.02
expr:ANKLE1,expression,0.0,0,0.0
expr:ANKRD13B,expression,0.0,0,0.0
expr:ANKRD20A1,expression,0.0,0,0.0
expr:ANKRD20A4P,expression,0.0,0,0.0
expr:ANKRD22,expression,0.0,0,0.0
meth:RASSF2,methylation,0.0,0,0.0
meth:RASSF5,methylation,0.0,0,0.0
meth:RASSF6,methylation,0.0,0,0.0
meth:RASSF9,methylation,0.0,0,0.0
meth:RAVER1,methylation,0.0,0,0.0
meth:RAX2,methylation,0.0,0,0.0
meth:RBM16,methylation,0.0,0,0.0
meth:RBM20,methylation,0.0,7,0.14
meth:RASGRP4,methylation,0.0,0,0.0
expr:ANKK1,expression,0.0,0,0.0
meth:PRSS45,methylation,0.0,0,0.0
meth:PRRT4,methylation,0.0,2,0.04
meth:PRRX1,methylation,0.0,0,0.0
meth:PRRX2,methylation,0.0,0,0.0
meth:PRSS12,methylation,0.0,0,0.0
meth:PRSS16,methylation,0.0,3,0.06
meth:PRSS22,methylation,0.0,0,0.0
meth:PRSS27,methylation,0.0,2,0.04
meth:PRSS3,methylation,0.0,0,0.0
meth:PRR20D,methylation,0.0,0,0.0
meth:PRR20E,methylation,0.0,0,0.0
meth:PRR21,methylation,0.0,0,0.0
meth:PRR23B,methylation,0.0,0,0.0
meth:RAB17,methylation,0.0,0,0.0
meth:PRR25,methylation,0.0,0,0.0
meth:PRR5L,methylation,0.0,0,0.0
meth:PRRT1,methylation,0.0,0,0.0
meth:PRPH2,methylation,0.0,0,0.0
meth:PRPS1L1,methylation,0.0,0,0.0
meth:PRR15L,methylation,0.0,0,0.0
meth:PRR16,methylation,0.0,0,0.0
meth:PRR18,methylation,0.0,3,0.06
meth:PRR20A,methylation,0.0,0,0.0
meth:PRR20B,methylation,0.0,0,0.0
meth:PRR20C,methylation,0.0,0,0.0
meth:PSPN,methylation,0.0,1,0.02
meth:PSTPIP1,methylation,0.0,0,0.0
meth:PTCH1,methylation,0.0,0,0.0
meth:PRR23C,methylation,0.0,0,0.0
expr:ANO3,expression,0.0,0,0.0
expr:ANO4,expression,0.0,0,0.0
expr:ANO7,expression,0.0,0,0.0
expr:ANO9,expression,0.0,0,0.0
expr:ANOS1,expression,0.0,0,0.0
expr:ANP32E,expression,0.0,0,0.0
expr:ANPEP,expression,0.0,0,0.0
expr:ANTKMT,expression,0.0,0,0.0
expr:ANKRD7,expression,0.0,1,0.02
expr:ANKS1B,expression,0.0,5,0.1
expr:ANKS4B,expression,0.0,0,0.0
expr:ANKS6,expression,0.0,1,0.02
expr:ANKUB1,expression,0.0,1,0.02
meth:PRSS42,methylation,0.0,0,0.0
expr:ANO2,expression,0.0,0,0.0
meth:PROX1,methylation,0.0,0,0.0
meth:PROX2,methylation,0.0,0,0.0
expr:ANKRD53,expression,0.0,0,0.0
expr:ANKRD6,expression,0.0,0,0.0
expr:ANKRD61,expression,0.0,0,0.0
expr:ANKRD62,expression,0.0,0,0.0
expr:ANKRD65,expression,0.0,0,0.0
expr:ANKRD66,expression,0.0,0,0.0
meth:PRSS33,methylation,0.0,0,0.0
meth:PRSS35,methylation,0.0,0,0.0
meth:PRSS36,methylation,0.0,0,0.0
meth:PRSS37,methylation,0.0,0,0.0
meth:PRSS38,methylation,0.0,0,0.0
expr:ANLN,expression,0.0,0,0.0
meth:PTPRO,methylation,0.0,0,0.0
meth:PTPRR,methylation,0.0,0,0.0
meth:PTPRS,methylation,0.0,0,0.0
meth:PTPRT,methylation,0.0,1,0.02
meth:PTPN5,methylation,0.0,0,0.0
meth:PTPN6,methylation,0.0,0,0.0
meth:PTPN7,methylation,0.0,0,0.0
meth:PTPRB,methylation,0.0,0,0.0
meth:PTPRC,methylation,0.0,0,0.0
meth:PTPRCAP,methylation,0.0,0,0.0
meth:PTPRD,methylation,0.0,0,0.0
meth:PTHLH,methylation,0.0,0,0.0
meth:PTK6,methylation,0.0,1,0.02
meth:PTCH2,methylation,0.0,0,0.0
meth:PTN,methylation,0.0,0,0.0
meth:PTP4A2,methylation,0.0,0,0.0
meth:PTP4A3,methylation,0.0,0,0.0
meth:PTPLAD2,methylation,0.0,1,0.02
meth:PTPN22,methylation,0.0,1,0.02
meth:PTGER1,methylation,0.0,1,0.02
meth:PTGIS,methylation,0.0,0,0.0
meth:PTGS1,methylation,0.0,0,0.0
meth:PTGS2,methylation,0.0,0,0.0
meth:PTH1R,methylation,0.0,0,0.0
meth:PTH2,methylation,0.0,0,0.0
meth:PTH2R,methylation,0.0,0,0.0
meth:RAB11FIP3,methylation,0.0,0,0.0
meth:RAB11FIP4,methylation,0.0,0,0.0
meth:PTK7,methylation,0.0,0,0.0
meth:PTCHD2,methylation,0.0,0,0.0
meth:PTF1A,methylation,0.0,0,0.0
meth:PTGDR,methylation,0.0,1,0.02
meth:PTGDS,methylation,0.0,0,0.0
meth:PSKH2,methylation,0.0,0,0.0
meth:PSMB4,methylation,0.0,0,0.0
meth:PSMD4,methylation,0.0,0,0.0
meth:PSMD5,methylation,0.0,0,0.0
meth:PSORS1C1,methylation,0.0,0,0.0
meth:PSORS1C2,methylation,0.0,0,0.0
meth:PSORS1C3,methylation,0.0,0,0.0
meth:PSCA,methylation,0.0,1,0.02
meth:PSD,methylation,0.0,0,0.0
meth:PTPRN,methylation,0.0,0,0.0
meth:PSD4,methylation,0.0,2,0.04
meth:PSEN1,methylation,0.0,0,0.0
meth:PSG10,methylation,0.0,0,0.0
meth:PSG11,methylation,0.0,0,0.0
meth:PSG8,methylation,0.0,0,0.0
meth:PRSS50,methylation,0.0,0,0.0
meth:PRSS8,methylation,0.0,0,0.0
meth:PRSSL1,methylation,0.0,6,0.12
meth:PRUNE2,methylation,0.0,3,0.06
meth:PRX,methylation,0.0,0,0.0
meth:PSAT1,methylation,0.0,0,0.0
meth:PTPRH,methylation,0.0,0,0.0
meth:PTPRJ,methylation,0.0,0,0.0
meth:PTPRM,methylation,0.0,0,0.0
meth:PSD2,methylation,0.0,0,0.0
meth:RPH3A,methylation,0.0,8,0.16
meth:RPH3AL,methylation,0.0,0,0.0
meth:RPL13AP20,methylation,0.0,9,0.18
meth:RPL13AP3,methylation,0.0,0,0.0
meth:RPL24,methylation,0.0,4,0.08
meth:ROPN1,methylation,0.0,0,0.0
meth:ROR1,methylation,0.0,0,0.0
meth:RORB,methylation,0.0,0,0.0
meth:RORC,methylation,0.0,0,0.0
meth:ROS1,methylation,0.0,0,0.0
meth:RP1L1,methylation,0.0,0,0.0
meth:RPA2,methylation,0.0,1,0.02
meth:RNH1,methylation,0.0,0,0.0
meth:REG1P,methylation,0.0,0,0.0
meth:RNU5D,methylation,0.0,0,0.0
meth:RNU5E,methylation,0.0,0,0.0
meth:RNY5,methylation,0.0,0,0.0
meth:ROBO1,methylation,0.0,0,0.0
meth:ROBO3,methylation,0.0,0,0.0
meth:ROCK2,methylation,0.0,0,0.0
meth:RTDR1,methylation,0.0,2,0.04
meth:RTKN,methylation,0.0,0,0.0
meth:RTL1,methylation,0.0,0,0.0
meth:RTN2,methylation,0.0,0,0.0
meth:RTP1,methylation,0.0,1,0.02
meth:RTP2,methylation,0.0,1,0.02
meth:RTP3,methylation,0.0,0,0.0
meth:RTP4,methylation,0.0,1,0.02
meth:RNLS,methylation,0.0,0,0.0
expr:ANGPTL5,expression,0.0,1,0.02
expr:ANGPTL7,expression,0.0,0,0.0
expr:ANGPTL8,expression,0.0,0,0.0
expr:ANK1,expression,0.0,0,0.0
expr:ANKDD1B,expression,0.0,1,0.02
expr:ANKEF1,expression,0.0,0,0.0
expr:AMZ1,expression,0.0,1,0.02
expr:ANG,expression,0.0,0,0.0
expr:ANGPT1,expression,0.0,0,0.0
expr:ANGPT2,expression,0.0,0,0.0
expr:ANGPT4,expression,0.0,5,0.1
expr:ANGPTL2,expression,0.0,0,0.0
expr:ANGPTL3,expression,0.0,0,0.0
meth:RPGRIP1,methylation,0.0,0,0.0
expr:AMN,expression,0.0,0,0.0
expr:AMOT,expression,0.0,0,0.0
expr:AMOTL1,expression,0.0,0,0.0
expr:AMT,expression,0.0,1,0.02
expr:AMY2A,expression,0.0,0,0.0
meth:RPL29P2,methylation,0.0,0,0.0
meth:RPL31,methylation,0.0,2,0.04
meth:RPL31P11,methylation,0.0,0,0.0
meth:RPL37,methylation,0.0,0,0.0
meth:RPL39L,methylation,0.0,0,0.0
meth:RPLP0P2,methylation,0.0,1,0.02
meth:RPLP1,methylation,0.0,0,0.0
meth:RPP25,methylation,0.0,0,0.0
meth:RPE65,methylation,0.0,0,0.0
expr:AMMECR1,expression,0.0,0,0.0
meth:SAA4,methylation,0.0,0,0.0
meth:S100A14,methylation,0.0,0,0.0
meth:S100A16,methylation,0.0,0,0.0
meth:S100A3,methylation,0.0,0,0.0
meth:S100A4,methylation,0.0,6,0.12
meth:S100A5,methylation,0.0,0,0.0
meth:S100A7L2,methylation,0.0,0,0.0
meth:S100A8,methylation,0.0,0,0.0
meth:S100B,methylation,0.0,0,0.0
meth:RXRG,methylation,0.0,0,0.0
meth:RYR1,methylation,0.0,3,0.06
meth:RYR2,methylation,0.0,0,0.0
meth:RYR3,methylation,0.0,0,0.0
meth:RSPH6A,methylation,0.0,2,0.04
meth:S100A10,methylation,0.0,0,0.0
meth:S100A12,methylation,0.0,0,0.0
meth:RUNDC2C,methylation,0.0,4,0.08
meth:RUNX1T1,methylation,0.0,2,0.04
meth:RUNX3,methylation,0.0,0,0.0
meth:RUSC2,methylation,0.0,0,0.0
meth:RWDD3,methylation,0.0,0,0.0
meth:RXFP1,methylation,0.0,0,0.0
meth:RXFP3,methylation,0.0,0,0.0
expr:AMER1,expression,0.0,0,0.0
expr:AMIGO1,expression,0.0,0,0.0
meth:SAMD13,methylation,0.0,0,0.0
meth:SAMD14,methylation,0.0,3,0.06
meth:SAMD3,methylation,0.0,0,0.0
meth:S100A1,methylation,0.0,0,0.0
meth:RSPH9,methylation,0.0,0,0.0
meth:RSPO1,methylation,0.0,0,0.0
meth:RSPO2,methylation,0.0,0,0.0
meth:RSPO3,methylation,0.0,0,0.0
meth:RSPO4,methylation,0.0,0,0.0
meth:RTBDN,methylation,0.0,0,0.0
meth:RPTN,methylation,0.0,0,0.0
meth:RRAD,methylation,0.0,0,0.0
meth:RRAS2,methylation,0.0,0,0.0
meth:RRH,methylation,0.0,1,0.02
meth:RRN3P1,methylation,0.0,0,0.0
meth:RRN3P2,methylation,0.0,0,0.0
meth:RRP7A,methylation,0.0,0,0.0
meth:SAA3P,methylation,0.0,1,0.02
meth:RPP30,methylation,0.0,0,0.0
meth:RPRM,methylation,0.0,0,0.0
meth:RPRML,methylation,0.0,0,0.0
meth:RPS15AP10,methylation,0.0,0,0.0
meth:RPS6KA2,methylation,0.0,0,0.0
meth:RPS6KL1,methylation,0.0,0,0.0
meth:RPSAP58,methylation,0.0,0,0.0
meth:RPSAP9,methylation,0.0,0,0.0
meth:S100P,methylation,0.0,0,0.0
meth:S1PR1,methylation,0.0,2,0.04
meth:S1PR3,methylation,0.0,0,0.0
meth:S1PR4,methylation,0.0,0,0.0
meth:SAA1,methylation,0.0,0,0.0
meth:SAA2,methylation,0.0,4,0.08
meth:RRP7B,methylation,0.0,0,0.0
meth:RFPL4B,methylation,0.0,0,0.0
meth:RFTN1,methylation,0.0,0,0.0
meth:RFTN2,methylation,0.0,0,0.0
meth:RFX6,methylation,0.0,0,0.0
meth:RFX7,methylation,0.0,9,0.18
meth:RFX8,methylation,0.0,0,0.0
meth:RERGL,methylation,0.0,0,0.0
meth:RESP18,methylation,0.0,0,0.0
meth:REXO1L2P,methylation,0.0,0,0.0
meth:RFESD,methylation,0.0,0,0.0
meth:RFFL,methylation,0.0,5,0.1
meth:RFPL1S,methylation,0.0,0,0.0
meth:RFPL2,methylation,0.0,0,0.0
meth:RNF43,methylation,0.0,1,0.02
meth:REG3G,methylation,0.0,0,0.0
meth:RELB,methylation,0.0,21,0.42
meth:RELN,methylation,0.0,0,0.0
meth:REM1,methylation,0.0,0,0.0
meth:REM2,methylation,0.0,1,0.02
meth:REN,methylation,0.0,1,0.02
meth:REP15,methylation,0.0,0,0.0
meth:RIMS1,methylation,0.0,0,0.0
meth:RIMS2,methylation,0.0,0,0.0
meth:RIN2,methylation,0.0,0,0.0
meth:RIN3,methylation,0.0,0,0.0
meth:RINL,methylation,0.0,1,0.02
meth:RIPK1,methylation,0.0,0,0.0
meth:RHOU,methylation,0.0,0,0.0
meth:REG3A,methylation,0.0,0,0.0
meth:RCN1,methylation,0.0,0,0.0
meth:RCSD1,methylation,0.0,0,0.0
meth:RCVRN,methylation,0.0,0,0.0
meth:RDH12,methylation,0.0,0,0.0
meth:RDH13,methylation,0.0,0,0.0
meth:RDH16,methylation,0.0,0,0.0
meth:RBP3,methylation,0.0,0,0.0
meth:RBP7,methylation,0.0,0,0.0
meth:RBPJL,methylation,0.0,0,0.0
meth:RBPMS2,methylation,0.0,0,0.0
meth:RCAN2,methylation,0.0,0,0.0
meth:RCCD1,methylation,0.0,0,0.0
meth:RCL1,methylation,0.0,0,0.0
meth:RFPL3S,methylation,0.0,0,0.0
meth:RBM47,methylation,0.0,0,0.0
meth:RBM9,methylation,0.0,0,0.0
meth:RBMS3,methylation,0.0,0,0.0
meth:RBMXL1,methylation,0.0,0,0.0
meth:RBP1,methylation,0.0,1,0.02
meth:RGL3,methylation,0.0,0,0.0
meth:RGPD3,methylation,0.0,0,0.0
meth:RGPD4,methylation,0.0,0,0.0
meth:RGPD5,methylation,0.0,0,0.0
meth:RGPD8,methylation,0.0,0,0.0
meth:RGR,methylation,0.0,0,0.0
meth:RGS1,methylation,0.0,0,0.0
meth:RGS11,methylation,0.0,7,0.14
meth:RFPL3,methylation,0.0,0,0.0
meth:RBM38,methylation,0.0,0,0.0
meth:RNF126P1,methylation,0.0,0,0.0
meth:RNF144A,methylation,0.0,0,0.0
meth:RNF145,methylation,0.0,0,0.0
meth:RNF157,methylation,0.0,0,0.0
meth:RNF17,methylation,0.0,0,0.0
meth:RNASE13,methylation,0.0,0,0.0
meth:RNASE2,methylation,0.0,0,0.0
meth:RNASE3,methylation,0.0,0,0.0
meth:RNASE8,methylation,0.0,0,0.0
meth:RNASE9,methylation,0.0,3,0.06
meth:RNASEH2C,methylation,0.0,1,0.02
meth:RNASEL,methylation,0.0,0,0.0
meth:RND1,methylation,0.0,2,0.04
meth:RIBC2,methylation,0.0,4,0.08
meth:RIPPLY2,methylation,0.0,0,0.0
meth:RIT2,methylation,0.0,2,0.04
meth:RLBP1,methylation,0.0,0,0.0
meth:RMST,methylation,0.0,0,0.0
meth:RNASE10,methylation,0.0,0,0.0
meth:RNASE11,methylation,0.0,0,0.0
meth:RNASE12,methylation,0.0,0,0.0
expr:ANKFN1,expression,0.0,0,0.0
expr:ANKH,expression,0.0,2,0.04
meth:RNF213,methylation,0.0,0,0.0
meth:RNF217,methylation,0.0,0,0.0
meth:RNF220,methylation,0.0,0,0.0
meth:RNF222,methylation,0.0,0,0.0
meth:RNF32,methylation,0.0,0,0.0
meth:RIPK4,methylation,0.0,0,0.0
meth:RIC3,methylation,0.0,0,0.0
meth:RICH2,methylation,0.0,0,0.0
meth:RICS,methylation,0.0,0,0.0
meth:RILP,methylation,0.0,0,0.0
meth:RIMBP2,methylation,0.0,0,0.0
meth:RIMKLA,methylation,0.0,0,0.0
meth:RGS7,methylation,0.0,0,0.0
meth:RGS7BP,methylation,0.0,0,0.0
meth:RGS8,methylation,0.0,0,0.0
meth:RHBDL2,methylation,0.0,0,0.0
meth:RHBG,methylation,0.0,0,0.0
meth:RHOD,methylation,0.0,1,0.02
meth:RHOH,methylation,0.0,0,0.0
meth:RNF112,methylation,0.0,0,0.0
meth:RGS14,methylation,0.0,0,0.0
meth:RGS17,methylation,0.0,0,0.0
meth:RGS20,methylation,0.0,2,0.04
meth:RGS21,methylation,0.0,0,0.0
meth:RGS22,methylation,0.0,0,0.0
meth:RGS4,methylation,0.0,0,0.0
meth:RNF175,methylation,0.0,0,0.0
meth:RNF182,methylation,0.0,0,0.0
meth:RNF186,methylation,0.0,6,0.12
meth:RNF20,methylation,0.0,0,0.0
meth:RNF207,methylation,0.0,0,0.0
meth:RNF208,methylation,0.0,0,0.0
meth:RNF212,methylation,0.0,0,0.0
meth:RND2,methylation,0.0,0,0.0
meth:RGS13,methylation,0.0,0,0.0
meth:PEBP4,methylation,0.0,0,0.0
meth:PEG10,methylation,0.0,0,0.0
meth:PEG3,methylation,0.0,0,0.0
meth:PDLIM4,methylation,0.0,2,0.04
meth:PDPN,methylation,0.0,0,0.0
meth:PDX1,methylation,0.0,0,0.0
meth:PDZD2,methylation,0.0,0,0.0
meth:PDZD3,methylation,0.0,1,0.02
meth:PDE9A,methylation,0.0,1,0.02
meth:PDGFD,methylation,0.0,0,0.0
meth:PDGFRA,methylation,0.0,0,0.0
meth:PDGFRB,methylation,0.0,0,0.0
meth:PDHA2,methylation,0.0,0,0.0
meth:PRPH,methylation,0.0,0,0.0
meth:PDCL2,methylation,0.0,0,0.0
meth:PDE10A,methylation,0.0,0,0.0
meth:PDE11A,methylation,0.0,0,0.0
meth:PDE1A,methylation,0.0,3,0.06
meth:PDE3A,methylation,0.0,0,0.0
meth:PDE3B,methylation,0.0,0,0.0
meth:PDE4B,methylation,0.0,0,0.0
meth:PDE4D,methylation,0.0,0,0.0
expr:APOL6,expression,0.0,0,0.0
expr:APOOL,expression,0.0,1,0.02
expr:APPBP2,expression,0.0,4,0.08
expr:AQP1,expression,0.0,0,0.0
expr:AQP10,expression,0.0,4,0.08
meth:PENK,methylation,0.0,1,0.02
meth:PDIA2,methylation,0.0,0,0.0
meth:PCDH15,methylation,0.0,0,0.0
meth:PCDH17,methylation,0.0,0,0.0
meth:PCDH18,methylation,0.0,0,0.0
meth:PCDH20,methylation,0.0,0,0.0
meth:PCDH21,methylation,0.0,0,0.0
meth:PCP2,methylation,0.0,0,0.0
meth:PCP4L1,methylation,0.0,0,0.0
meth:PCSK1,methylation,0.0,1,0.02
meth:PCSK2,methylation,0.0,0,0.0
meth:PCSK5,methylation,0.0,0,0.0
meth:PDC,methylation,0.0,0,0.0
meth:PDCD1,methylation,0.0,0,0.0
meth:PCDHGC4,methylation,0.0,2,0.04
meth:PEAR1,methylation,0.0,0,0.0
meth:PCDP1,methylation,0.0,0,0.0
meth:PCK1,methylation,0.0,0,0.0
meth:PCNAP1,methylation,0.0,0,0.0
meth:PCOLCE,methylation,0.0,0,0.0
meth:PCOLCE2,methylation,0.0,0,0.0
meth:PCDHGB8P,methylation,0.0,10,0.2
meth:PCDHGC3,methylation,0.0,0,0.0
meth:PCDHB8,methylation,0.0,0,0.0
meth:PCDHGA1,methylation,0.0,1,0.02
meth:PCDHGA11,methylation,0.0,4,0.08
meth:PCDHGA12,methylation,0.0,0,0.0
meth:PCDHGA5,methylation,0.0,10,0.2
meth:PDZRN3,methylation,0.0,0,0.0
meth:PDZRN4,methylation,0.0,0,0.0
meth:PCDHGC5,methylation,0.0,2,0.04
meth:PI3,methylation,0.0,7,0.14
meth:PHACTR2,methylation,0.0,0,0.0
meth:PHACTR3,methylation,0.0,0,0.0
meth:PHAX,methylation,0.0,1,0.02
meth:PHF19,methylation,0.0,0,0.0
meth:PHF2,methylation,0.0,0,0.0
meth:PHGDH,methylation,0.0,0,0.0
meth:PHGR1,methylation,0.0,0,0.0
meth:PHKG1,methylation,0.0,0,0.0
meth:PGAM2,methylation,0.0,0,0.0
meth:PGC,methylation,0.0,0,0.0
meth:PGCP,methylation,0.0,0,0.0
meth:PGF,methylation,0.0,0,0.0
meth:PEPD,methylation,0.0,0,0.0
meth:PGLYRP4,methylation,0.0,1,0.02
meth:PHACTR1,methylation,0.0,0,0.0
meth:PER2,methylation,0.0,0,0.0
meth:PER4,methylation,0.0,0,0.0
meth:PEX10,methylation,0.0,1,0.02
meth:PF4,methylation,0.0,0,0.0
meth:PF4V1,methylation,0.0,0,0.0
meth:PFKFB2,methylation,0.0,0,0.0
meth:PFKP,methylation,0.0,0,0.0
meth:PFN3,methylation,0.0,0,0.0
meth:PIWIL4,methylation,0.0,0,0.0
meth:PKD2,methylation,0.0,0,0.0
meth:PKD2L2,methylation,0.0,0,0.0
meth:PKDCC,methylation,0.0,0,0.0
meth:PGLYRP3,methylation,0.0,0,0.0
meth:PER1,methylation,0.0,0,0.0
expr:APOC1,expression,0.0,0,0.0
expr:APOC3,expression,0.0,0,0.0
expr:APOE,expression,0.0,1,0.02
expr:APOH,expression,0.0,0,0.0
expr:APOL1,expression,0.0,0,0.0
expr:APOL3,expression,0.0,0,0.0
expr:APOL5,expression,0.0,0,0.0
expr:APOBEC3B,expression,0.0,0,0.0
expr:APOBEC3C,expression,0.0,0,0.0
expr:APOBEC3D,expression,0.0,1,0.02
expr:APOBEC3F,expression,0.0,1,0.02
expr:APOBEC3G,expression,0.0,4,0.08
meth:PI16,methylation,0.0,0,0.0
expr:APOBEC4,expression,0.0,0,0.0
expr:APOBR,expression,0.0,0,0.0
meth:PEG3AS,methylation,0.0,0,0.0
expr:APOA2,expression,0.0,0,0.0
expr:APOA5,expression,0.0,0,0.0
expr:APOB,expression,0.0,0,0.0
expr:APOBEC1,expression,0.0,9,0.18
expr:APOBEC2,expression,0.0,2,0.04
expr:APOBEC3A,expression,0.0,0,0.0
meth:PHLDA3,methylation,0.0,0,0.0
meth:PHOSPHO1,methylation,0.0,0,0.0
meth:PHOX2A,methylation,0.0,0,0.0
meth:PHYHD1,methylation,0.0,0,0.0
meth:PHYHIPL,methylation,0.0,0,0.0
expr:APOBEC3H,expression,0.0,0,0.0
meth:PABPC4L,methylation,0.0,0,0.0
meth:PABPN1L,methylation,0.0,0,0.0
meth:PACS2,methylation,0.0,1,0.02
meth:PACSIN2,methylation,0.0,0,0.0
meth:PACSIN3,methylation,0.0,0,0.0
meth:PADI1,methylation,0.0,0,0.0
meth:PADI4,methylation,0.0,1,0.02
meth:P2RY1,methylation,0.0,3,0.06
meth:P2RY6,methylation,0.0,0,0.0
meth:P4HA3,methylation,0.0,0,0.0
meth:PA2G4P4,methylation,0.0,2,0.04
meth:PABPC3,methylation,0.0,0,0.0
meth:PAX2,methylation,0.0,0,0.0
meth:PCDH12,methylation,0.0,0,0.0
meth:PAX4,methylation,0.0,0,0.0
meth:PAX5,methylation,0.0,0,0.0
meth:PAX6,methylation,0.0,0,0.0
meth:PAX7,methylation,0.0,0,0.0
meth:PARP6,methylation,0.0,0,0.0
meth:PARP8,methylation,0.0,0,0.0
meth:PARVA,methylation,0.0,0,0.0
meth:PARVG,methylation,0.0,1,0.02
meth:PATE1,methylation,0.0,0,0.0
meth:PATE2,methylation,0.0,0,0.0
meth:PATE3,methylation,0.0,0,0.0
meth:PATL2,methylation,0.0,0,0.0
meth:PAR5,methylation,0.0,0,0.0
meth:PARP10,methylation,0.0,0,0.0
meth:PAX3,methylation,0.0,0,0.0
meth:OSTalpha,methylation,0.0,0,0.0
meth:OTOA,methylation,0.0,0,0.0
meth:OTOF,methylation,0.0,0,0.0
meth:OTOL1,methylation,0.0,2,0.04
meth:OTOP1,methylation,0.0,0,0.0
meth:ORMDL3,methylation,0.0,0,0.0
meth:OS9,methylation,0.0,0,0.0
meth:OSBPL3,methylation,0.0,0,0.0
meth:OSBPL7,methylation,0.0,1,0.02
meth:OSBPL8,methylation,0.0,0,0.0
meth:OSBPL9,methylation,0.0,0,0.0
meth:OSCAR,methylation,0.0,0,0.0
meth:OSM,methylation,0.0,0,0.0
meth:PALM3,methylation,0.0,0,0.0
meth:PAM,methylation,0.0,1,0.02
meth:PAMR1,methylation,0.0,2,0.04
meth:PANX2,methylation,0.0,0,0.0
meth:PANX3,methylation,0.0,0,0.0
meth:PAPPA,methylation,0.0,0,0.0
meth:PAPPA2,methylation,0.0,13,0.26
meth:PAPSS2,methylation,0.0,4,0.08
meth:PAEP,methylation,0.0,0,0.0
meth:PAG1,methylation,0.0,0,0.0
meth:PAH,methylation,0.0,0,0.0
meth:PAK7,methylation,0.0,0,0.0
meth:PALM,methylation,0.0,0,0.0
meth:PALM2,methylation,0.0,0,0.0
meth:PALM2-AKAP2,methylation,0.0,0,0.0
meth:PALMD,methylation,0.0,0,0.0
meth:PBX4,methylation,0.0,0,0.0
expr:AQP11,expression,0.0,8,0.16
expr:AQP2,expression,0.0,1,0.02
expr:AQP5,expression,0.0,0,0.0
expr:AQP7,expression,0.0,0,0.0
expr:AQP8,expression,0.0,0,0.0
expr:AQP9,expression,0.0,7,0.14
meth:PCDHB14,methylation,0.0,2,0.04
meth:PCDHB16,methylation,0.0,0,0.0
meth:PCDHB17,methylation,0.0,0,0.0
meth:PCDHB18,methylation,0.0,1,0.02
meth:PCDHB2,methylation,0.0,0,0.0
meth:PCDHB3,methylation,0.0,0,0.0
meth:PARP11,methylation,0.0,0,0.0
meth:PCDHA6,methylation,0.0,0,0.0
meth:PCDHAC1,methylation,0.0,0,0.0
meth:PCDHAC2,methylation,0.0,0,0.0
meth:PCDHB1,methylation,0.0,0,0.0
meth:PCDHB10,methylation,0.0,0,0.0
meth:PCDH24,methylation,0.0,0,0.0
meth:PCDH7,methylation,0.0,0,0.0
meth:PCDH8,methylation,0.0,0,0.0
meth:PCDHA11,methylation,0.0,1,0.02
meth:PCDHA12,methylation,0.0,0,0.0
meth:PCDHA13,methylation,0.0,0,0.0
meth:PCDHA3,methylation,0.0,0,0.0
meth:PCBP3,methylation,0.0,4,0.08
meth:PCDH10,methylation,0.0,0,0.0
meth:PCDHA5,methylation,0.0,3,0.06
meth:PARP12,methylation,0.0,0,0.0
meth:PARP15,methylation,0.0,0,0.0
meth:PARP4,methylation,0.0,0,0.0
meth:PAQR4,methylation,0.0,0,0.0
meth:PAQR6,methylation,0.0,0,0.0
meth:PAQR7,methylation,0.0,4,0.08
meth:PAQR8,methylation,0.0,0,0.0
meth:PAQR9,methylation,0.0,0,0.0
meth:PAR-SN,methylation,0.0,0,0.0
meth:PAR1,methylation,0.0,0,0.0
meth:PAR4,methylation,0.0,0,0.0
expr:ARHGAP25,expression,0.0,0,0.0
expr:ARHGAP26,expression,0.0,0,0.0
expr:ARFGEF3,expression,0.0,0,0.0
expr:ARHGAP29,expression,0.0,0,0.0
expr:ARHGAP30,expression,0.0,0,0.0
expr:ARHGAP31,expression,0.0,0,0.0
meth:PCA3,methylation,0.0,0,0.0
expr:ARHGAP10,expression,0.0,0,0.0
expr:ARHGAP11A,expression,0.0,0,0.0
expr:ARHGAP11B,expression,0.0,0,0.0
expr:ARHGAP15,expression,0.0,2,0.04
expr:ARHGAP19-SLIT1,expression,0.0,0,0.0
expr:ARHGAP20,expression,0.0,5,0.1
expr:ARHGAP24,expression,0.0,0,0.0
expr:ARC,expression,0.0,0,0.0
expr:ARFGEF1,expression,0.0,0,0.0
expr:ARFGEF2,expression,0.0,2,0.04
expr:ARHGAP28,expression,0.0,0,0.0
meth:PPFIBP2,methylation,0.0,3,0.06
meth:PPM1E,methylation,0.0,0,0.0
meth:PPM1M,methylation,0.0,0,0.0
meth:PPP1CC,methylation,0.0,0,0.0
meth:PPP1R13B,methylation,0.0,0,0.0
meth:PPP1R14A,methylation,0.0,0,0.0
meth:POU6F2,methylation,0.0,0,0.0
meth:PP14571,methylation,0.0,0,0.0
meth:PPAPDC1A,methylation,0.0,0,0.0
meth:PPAPDC3,methylation,0.0,0,0.0
meth:PPARA,methylation,0.0,0,0.0
meth:PPARGC1A,methylation,0.0,0,0.0
meth:PPBPL1,methylation,0.0,3,0.06
meth:PKHD1,methylation,0.0,0,0.0
meth:POU3F1,methylation,0.0,0,0.0
meth:POU3F2,methylation,0.0,1,0.02
meth:POU3F3,methylation,0.0,0,0.0
meth:POU4F1,methylation,0.0,0,0.0
meth:POU4F2,methylation,0.0,0,0.0
meth:POU4F3,methylation,0.0,6,0.12
meth:POU5F1B,methylation,0.0,0,0.0
meth:PRDXDD1P,methylation,0.0,0,0.0
meth:PRELP,methylation,0.0,0,0.0
meth:PRF1,methylation,0.0,0,0.0
meth:PRG2,methylation,0.0,1,0.02
meth:PRG4,methylation,0.0,0,0.0
meth:PRICKLE1,methylation,0.0,0,0.0
meth:PRIMA1,methylation,0.0,0,0.0
meth:POU2F3,methylation,0.0,0,0.0
meth:POM121L10P,methylation,0.0,0,0.0
meth:POM121L12,methylation,0.0,0,0.0
meth:POM121L2,methylation,0.0,0,0.0
meth:POMC,methylation,0.0,0,0.0
meth:PON1,methylation,0.0,0,0.0
meth:PNMAL2,methylation,0.0,0,0.0
meth:PNPLA1,methylation,0.0,0,0.0
meth:PNPLA2,methylation,0.0,0,0.0
meth:PNPLA3,methylation,0.0,0,0.0
meth:PNPLA5,methylation,0.0,0,0.0
meth:PODN,methylation,0.0,0,0.0
meth:PODNL1,methylation,0.0,0,0.0
meth:PODXL2,methylation,0.0,0,0.0
meth:PPFIA4,methylation,0.0,0,0.0
meth:PNLIPRP1,methylation,0.0,0,0.0
meth:PNLIPRP2,methylation,0.0,0,0.0
meth:PNMA1,methylation,0.0,0,0.0
meth:PNMA2,methylation,0.0,0,0.0
meth:PNMAL1,methylation,0.0,0,0.0
meth:PPP1R14C,methylation,0.0,0,0.0
meth:PPP1R16B,methylation,0.0,0,0.0
meth:PPP1R1B,methylation,0.0,0,0.0
meth:PPP1R1C,methylation,0.0,0,0.0
meth:PPP1R2,methylation,0.0,15,0.3
meth:PPP1R3C,methylation,0.0,0,0.0
meth:PPP1R3G,methylation,0.0,0,0.0
meth:PPP2R2B,methylation,0.0,0,0.0
meth:PPEF2,methylation,0.0,0,0.0
meth:PMP2,methylation,0.0,0,0.0
meth:PRND,methylation,0.0,0,0.0
meth:PRNP,methylation,0.0,0,0.0
meth:PRO1768,methylation,0.0,0,0.0
meth:PROC,methylation,0.0,0,0.0
meth:PROCA1,methylation,0.0,1,0.02
meth:PROCR,methylation,0.0,0,0.0
meth:PRKG1,methylation,0.0,1,0.02
meth:PRLH,methylation,0.0,1,0.02
meth:PRLHR,methylation,0.0,0,0.0
meth:PRLR,methylation,0.0,0,0.0
meth:PRM1,methylation,0.0,1,0.02
meth:PRM2,methylation,0.0,0,0.0
meth:PRM3,methylation,0.0,0,0.0
meth:PRKACB,methylation,0.0,0,0.0
meth:PRKAG3,methylation,0.0,2,0.04
meth:PRKAR1B,methylation,0.0,0,0.0
meth:PRKCA,methylation,0.0,0,0.0
meth:PRKCB,methylation,0.0,0,0.0
meth:PRKCDBP,methylation,0.0,0,0.0
meth:PRKCQ,methylation,0.0,0,0.0
meth:PRKD1,methylation,0.0,1,0.02
expr:ANTXR1,expression,0.0,0,0.0
expr:ANTXR2,expression,0.0,0,0.0
expr:ANXA10,expression,0.0,13,0.26
expr:ANXA13,expression,0.0,0,0.0
expr:ANXA2R,expression,0.0,0,0.0
expr:ANXA3,expression,0.0,0,0.0
meth:PROZ,methylation,0.0,0,0.0
meth:PRKACG,methylation,0.0,0,0.0
meth:PRDM1,methylation,0.0,0,0.0
meth:PRDM14,methylation,0.0,0,0.0
meth:PRDM16,methylation,0.0,0,0.0
meth:PRDM5,methylation,0.0,0,0.0
meth:PRDM7,methylation,0.0,0,0.0
meth:PRDM8,methylation,0.0,0,0.0
meth:PRDM9,methylation,0.0,0,0.0
meth:PRAM1,methylation,0.0,3,0.06
meth:PRAMEF11,methylation,0.0,0,0.0
meth:PRAMEF12,methylation,0.0,0,0.0
meth:PRB3,methylation,0.0,0,0.0
meth:PRB4,methylation,0.0,0,0.0
meth:PRCD,methylation,0.0,0,0.0
meth:PRMT8,methylation,0.0,0,0.0
meth:PPP3R2,methylation,0.0,0,0.0
meth:PPP4R2,methylation,0.0,0,0.0
meth:PPP6C,methylation,0.0,0,0.0
meth:PPT2,methylation,0.0,0,0.0
meth:PPY,methylation,0.0,0,0.0
meth:PRAC,methylation,0.0,1,0.02
meth:PRAGMIN,methylation,0.0,1,0.02
meth:PROK1,methylation,0.0,0,0.0
meth:PROK2,methylation,0.0,0,0.0
meth:PROKR1,methylation,0.0,0,0.0
meth:PROM1,methylation,0.0,0,0.0
meth:PROM2,methylation,0.0,0,0.0
meth:PROP1,methylation,0.0,0,0.0
meth:PROS1,methylation,0.0,0,0.0
meth:PPP2R2C,methylation,0.0,0,0.0
meth:PLA2G4D,methylation,0.0,3,0.06
meth:PLA2G4E,methylation,0.0,0,0.0
meth:PLA2G4F,methylation,0.0,0,0.0
meth:PLA2G7,methylation,0.0,0,0.0
meth:PLAC1L,methylation,0.0,4,0.08
meth:PLAC2,methylation,0.0,0,0.0
meth:PLAG1,methylation,0.0,0,0.0
meth:PLA2G1B,methylation,0.0,2,0.04
meth:PLA2G2A,methylation,0.0,0,0.0
meth:PLA2G2D,methylation,0.0,0,0.0
meth:PLA2G2E,methylation,0.0,0,0.0
meth:PLA2G3,methylation,0.0,0,0.0
meth:PLA2G4A,methylation,0.0,0,0.0
meth:POLR2L,methylation,0.0,0,0.0
meth:PKIA,methylation,0.0,0,0.0
meth:PKLR,methylation,0.0,0,0.0
meth:PKN1,methylation,0.0,0,0.0
meth:PKNOX2,methylation,0.0,3,0.06
meth:PKP3,methylation,0.0,0,0.0
meth:PLA1A,methylation,0.0,1,0.02
meth:PLA2G12B,methylation,0.0,0,0.0
meth:PLIN5,methylation,0.0,0,0.0
meth:PLK5P,methylation,0.0,4,0.08
meth:PLOD1,methylation,0.0,0,0.0
meth:PLOD2,methylation,0.0,0,0.0
meth:PLSCR4,methylation,0.0,0,0.0
meth:PLTP,methylation,0.0,1,0.02
meth:PLVAP,methylation,0.0,0,0.0
meth:PLA2G4B,methylation,0.0,0,0.0
meth:PKHD1L1,methylation,0.0,0,0.0
meth:PISD,methylation,0.0,0,0.0
meth:PITPNM1,methylation,0.0,0,0.0
meth:PITPNM3,methylation,0.0,0,0.0
meth:PITX3,methylation,0.0,0,0.0
meth:PIWIL1,methylation,0.0,0,0.0
meth:PIWIL3,methylation,0.0,0,0.0
meth:PIK3R6,methylation,0.0,0,0.0
meth:PILRA,methylation,0.0,3,0.06
meth:PIN1L,methylation,0.0,0,0.0
meth:PIP,methylation,0.0,0,0.0
meth:PIP5KL1,methylation,0.0,0,0.0
meth:PIPOX,methylation,0.0,0,0.0
meth:PLCB2,methylation,0.0,1,0.02
meth:PIAS1,methylation,0.0,0,0.0
meth:PIGR,methylation,0.0,0,0.0
meth:PIK3C2A,methylation,0.0,0,0.0
meth:PIK3C2G,methylation,0.0,0,0.0
meth:PIK3CD,methylation,0.0,0,0.0
meth:PIK3CG,methylation,0.0,0,0.0
meth:PIK3R5,methylation,0.0,0,0.0
meth:PLAGL1,methylation,0.0,0,0.0
meth:PLAT,methylation,0.0,0,0.0
meth:PLAU,methylation,0.0,0,0.0
meth:PLAUR,methylation,0.0,1,0.02
meth:PLB1,methylation,0.0,1,0.02
meth:PLBD1,methylation,0.0,0,0.0
meth:PLCB1,methylation,0.0,0,0.0
meth:PIPSL,methylation,0.0,2,0.04
expr:APBA1,expression,0.0,0,0.0
expr:APBB1,expression,0.0,0,0.0
expr:APBB1IP,expression,0.0,2,0.04
expr:APC2,expression,0.0,0,0.0
expr:APCDD1,expression,0.0,0,0.0
expr:APELA,expression,0.0,0,0.0
expr:AP000944.5,expression,0.0,0,0.0
expr:AP001453.3,expression,0.0,0,0.0
expr:AP006621.6,expression,0.0,1,0.02
expr:AP1M2,expression,0.0,0,0.0
expr:AP3B2,expression,0.0,0,0.0
expr:APAF1,expression,0.0,0,0.0
expr:ANXA8,expression,0.0,0,0.0
meth:PLXDC1,methylation,0.0,0,0.0
expr:AOAH,expression,0.0,0,0.0
expr:AOC1,expression,0.0,0,0.0
expr:AP000356.5,expression,0.0,0,0.0
expr:AP000812.4,expression,0.0,0,0.0
meth:PON3,methylation,0.0,0,0.0
meth:POPDC2,methylation,0.0,1,0.02
meth:POPDC3,methylation,0.0,2,0.04
meth:POSTN,methylation,0.0,14,0.28
meth:POTEA,methylation,0.0,0,0.0
meth:POTEE,methylation,0.0,0,0.0
meth:POU2AF1,methylation,0.0,0,0.0
meth:POU2F2,methylation,0.0,0,0.0
meth:POL3S,methylation,0.0,0,0.0
meth:POLE2,methylation,0.0,0,0.0
expr:ANXA8L1,expression,0.0,0,0.0
meth:PLEKHF2,methylation,0.0,0,0.0
meth:PLEKHG1,methylation,0.0,0,0.0
meth:PLEKHG6,methylation,0.0,0,0.0
meth:PLEKHG7,methylation,0.0,0,0.0
meth:PLEKHH2,methylation,0.0,0,0.0
meth:PLIN1,methylation,0.0,0,0.0
meth:PLD4,methylation,0.0,0,0.0
meth:PLD5,methylation,0.0,0,0.0
meth:PLD6,methylation,0.0,0,0.0
meth:PLEC1,methylation,0.0,1,0.02
meth:PLEK,methylation,0.0,0,0.0
meth:PLEK2,methylation,0.0,1,0.02
meth:PLEKHB1,methylation,0.0,0,0.0
meth:PMFBP1,methylation,0.0,0,0.0
meth:PLCB4,methylation,0.0,0,0.0
meth:PLCD1,methylation,0.0,9,0.18
meth:PLCD4,methylation,0.0,0,0.0
meth:PLCE1,methylation,0.0,0,0.0
meth:PLCL2,methylation,0.0,0,0.0
meth:PLCXD3,methylation,0.0,0,0.0
meth:PLCZ1,methylation,0.0,0,0.0
meth:PLD1,methylation,0.0,0,0.0
expr:APH1B,expression,0.0,2,0.04
expr:APLF,expression,0.0,0,0.0
expr:APLN,expression,0.0,0,0.0
expr:APLNR,expression,0.0,4,0.08
meth:PLXNA4,methylation,0.0,0,0.0
meth:PLXNB1,methylation,0.0,1,0.02
meth:PLEKHF1,methylation,0.0,0,0.0
expr:EPO,expression,0.0,0,0.0
expr:EPOP,expression,0.0,0,0.0
expr:EPHA3,expression,0.0,0,0.0
expr:EPHA4,expression,0.0,0,0.0
expr:EPHA5,expression,0.0,0,0.0
expr:EPHA7,expression,0.0,0,0.0
expr:EPHA8,expression,0.0,0,0.0
expr:EPHB1,expression,0.0,0,0.0
expr:EPHB3,expression,0.0,0,0.0
expr:EPHB6,expression,0.0,0,0.0
expr:EPB41L3,expression,0.0,0,0.0
expr:EPB41L4A,expression,0.0,0,0.0
expr:EPB42,expression,0.0,0,0.0
meth:CELP,methylation,0.0,0,0.0
expr:EPDR1,expression,0.0,0,0.0
expr:EPGN,expression,0.0,0,0.0
expr:EPHA2,expression,0.0,0,0.0
expr:PAGE2B,expression,0.0,0,0.0
expr:PAGE4,expression,0.0,3,0.06
expr:PAGE5,expression,0.0,0,0.0
expr:PAIP2B,expression,0.0,0,0.0
expr:PAK3,expression,0.0,1,0.02
expr:PALM2AKAP2,expression,0.0,2,0.04
expr:PALM3,expression,0.0,0,0.0
expr:PADI1,expression,0.0,0,0.0
expr:PADI2,expression,0.0,0,0.0
expr:PADI3,expression,0.0,0,0.0
expr:EPCAM,expression,0.0,0,0.0
expr:OVOL1,expression,0.0,0,0.0
expr:OVOL3,expression,0.0,0,0.0
expr:OTC,expression,0.0,0,0.0
expr:OTOA,expression,0.0,0,0.0
expr:OTOF,expression,0.0,0,0.0
expr:OTOGL,expression,0.0,1,0.02
expr:OTOP1,expression,0.0,0,0.0
expr:OTOP3,expression,0.0,0,0.0
expr:OTOR,expression,0.0,0,0.0
expr:OSBPL6,expression,0.0,3,0.06
expr:OSCAR,expression,0.0,0,0.0
expr:OSM,expression,0.0,0,0.0
expr:OSMR,expression,0.0,0,0.0
expr:EPN3,expression,0.0,0,0.0
expr:OSTN,expression,0.0,0,0.0
expr:EPPIN,expression,0.0,0,0.0
expr:EPPIN-WFDC6,expression,0.0,0,0.0
expr:EPPK1,expression,0.0,0,0.0
expr:P2RX3,expression,0.0,0,0.0
expr:P2RX5,expression,0.0,0,0.0
expr:P2RX7,expression,0.0,1,0.02
expr:P2RY1,expression,0.0,0,0.0
expr:P2RY10,expression,0.0,8,0.16
expr:EPHX1,expression,0.0,0,0.0
expr:EPHX2,expression,0.0,0,0.0
expr:EPHX3,expression,0.0,0,0.0
expr:EPHX4,expression,0.0,0,0.0
expr:EPN2,expression,0.0,0,0.0
expr:OSR1,expression,0.0,3,0.06
expr:PAPPA2,expression,0.0,0,0.0
expr:PAPSS2,expression,0.0,0,0.0
expr:PAQR3,expression,0.0,0,0.0
expr:PAQR4,expression,0.0,0,0.0
expr:PAQR5,expression,0.0,0,0.0
expr:PAQR9,expression,0.0,0,0.0
expr:PARD6A,expression,0.0,0,0.0
expr:PALMD,expression,0.0,0,0.0
expr:PAM,expression,0.0,0,0.0
expr:PAMR1,expression,0.0,0,0.0
expr:PANK1,expression,0.0,0,0.0
expr:PANX3,expression,0.0,0,0.0
expr:PAPPA,expression,0.0,0,0.0
expr:PADI4,expression,0.0,0,0.0
expr:PCDHA8,expression,0.0,0,0.0
expr:PCDHA9,expression,0.0,0,0.0
expr:PCDHAC1,expression,0.0,0,0.0
expr:PCDHAC2,expression,0.0,0,0.0
expr:PCDHB1,expression,0.0,0,0.0
expr:PCDHB10,expression,0.0,0,0.0
expr:PCDHB12,expression,0.0,0,0.0
expr:PCDHA10,expression,0.0,0,0.0
expr:PCDHA11,expression,0.0,0,0.0
expr:PCDHA12,expression,0.0,0,0.0
expr:PCDHA2,expression,0.0,0,0.0
expr:PCDHA3,expression,0.0,0,0.0
expr:PCDHA4,expression,0.0,0,0.0
expr:PCDHA5,expression,0.0,0,0.0
expr:PCDHA7,expression,0.0,0,0.0
expr:PADI6,expression,0.0,1,0.02
expr:PAEP,expression,0.0,2,0.04
expr:PAG1,expression,0.0,0,0.0
expr:PAGE1,expression,0.0,0,0.0
expr:PABPC1L2B,expression,0.0,0,0.0
expr:PABPC4L,expression,0.0,0,0.0
expr:PABPC5,expression,0.0,0,0.0
expr:PABPN1L,expression,0.0,0,0.0
expr:PACRG,expression,0.0,1,0.02
expr:PACSIN1,expression,0.0,0,0.0
expr:PACSIN3,expression,0.0,0,0.0
expr:P2RY6,expression,0.0,0,0.0
expr:P2RY8,expression,0.0,3,0.06
expr:PARP9,expression,0.0,0,0.0
expr:P4HA3,expression,0.0,0,0.0
expr:P4HTM,expression,0.0,0,0.0
expr:PARPBP,expression,0.0,0,0.0
expr:PARVG,expression,0.0,0,0.0
expr:PATE2,expression,0.0,0,0.0
expr:PATE4,expression,0.0,2,0.04
expr:PATL2,expression,0.0,0,0.0
expr:PAX1,expression,0.0,0,0.0
expr:PAX2,expression,0.0,0,0.0
expr:PARM1,expression,0.0,2,0.04
expr:PARP10,expression,0.0,0,0.0
expr:PARP14,expression,0.0,2,0.04
expr:PARP15,expression,0.0,6,0.12
expr:PARP8,expression,0.0,0,0.0
expr:P3H2,expression,0.0,1,0.02
expr:OLFM1,expression,0.0,0,0.0
expr:OLFM2,expression,0.0,0,0.0
expr:OLFM3,expression,0.0,0,0.0
expr:OLFM4,expression,0.0,0,0.0
expr:OLFML2B,expression,0.0,0,0.0
expr:OCM,expression,0.0,0,0.0
expr:OCSTAMP,expression,0.0,1,0.02
expr:ODF3,expression,0.0,2,0.04
expr:ODF3B,expression,0.0,0,0.0
expr:ODF3L1,expression,0.0,0,0.0
expr:OGDHL,expression,0.0,2,0.04
expr:OGFOD2,expression,0.0,0,0.0
expr:OAS2,expression,0.0,0,0.0
expr:OVCH2,expression,0.0,1,0.02
expr:OASL,expression,0.0,0,0.0
expr:OBP2A,expression,0.0,0,0.0
expr:OBP2B,expression,0.0,0,0.0
expr:OBSCN,expression,0.0,0,0.0
expr:OBSL1,expression,0.0,0,0.0
expr:OCA2,expression,0.0,0,0.0
expr:OR2AG2,expression,0.0,0,0.0
expr:OR2B6,expression,0.0,0,0.0
expr:OR2C1,expression,0.0,11,0.22
expr:OR2H2,expression,0.0,0,0.0
expr:OR2L3,expression,0.0,10,0.2
expr:OR14L1P,expression,0.0,0,0.0
expr:OR1J4,expression,0.0,0,0.0
expr:OAS3,expression,0.0,0,0.0
expr:NYX,expression,0.0,0,0.0
expr:OAS1,expression,0.0,0,0.0
expr:ERCC5,expression,0.0,0,0.0
expr:ERCC6L,expression,0.0,0,0.0
expr:EREG,expression,0.0,0,0.0
expr:ERFL,expression,0.0,0,0.0
expr:ERI2,expression,0.0,6,0.12
expr:ERICH4,expression,0.0,0,0.0
expr:ERICH5,expression,0.0,0,0.0
expr:EPS8,expression,0.0,2,0.04
expr:EPS8L1,expression,0.0,0,0.0
expr:EPSTI1,expression,0.0,0,0.0
expr:EPYC,expression,0.0,0,0.0
expr:OIP5,expression,0.0,0,0.0
expr:ERC2,expression,0.0,0,0.0
expr:NXPE3,expression,0.0,1,0.02
expr:NXPE4,expression,0.0,1,0.02
expr:NXPH1,expression,0.0,0,0.0
expr:NXPH3,expression,0.0,13,0.26
expr:NYAP1,expression,0.0,0,0.0
expr:NYAP2,expression,0.0,0,0.0
expr:NYNRIN,expression,0.0,0,0.0
expr:OLIG2,expression,0.0,23,0.46
expr:OLR1,expression,0.0,0,0.0
expr:ONECUT1,expression,0.0,2,0.04
expr:ONECUT2,expression,0.0,0,0.0
expr:OOEP,expression,0.0,1,0.02
expr:OGN,expression,0.0,5,0.1
expr:ERAS,expression,0.0,0,0.0
expr:OR8G5,expression,0.0,0,0.0
expr:OR51E1,expression,0.0,0,0.0
expr:OR51E2,expression,0.0,0,0.0
expr:OR52E5,expression,0.0,0,0.0
expr:OR52E6,expression,0.0,1,0.02
expr:OR52N1,expression,0.0,0,0.0
expr:OR52N2,expression,0.0,0,0.0
expr:OR52N4,expression,0.0,3,0.06
expr:OR52N5,expression,0.0,0,0.0
expr:OR2S2,expression,0.0,0,0.0
expr:OR2W3,expression,0.0,3,0.06
expr:OR3A1,expression,0.0,5,0.1
expr:OR3A2,expression,0.0,0,0.0
expr:OR1Q1,expression,0.0,0,0.0
expr:OR4D1,expression,0.0,2,0.04
expr:OR51B5,expression,0.0,0,0.0
expr:OXCT1,expression,0.0,0,0.0
expr:OXCT2,expression,0.0,0,0.0
expr:OXER1,expression,0.0,0,0.0
expr:OXR1,expression,0.0,2,0.04
expr:P2RX1,expression,0.0,11,0.22
expr:P2RX2,expression,0.0,0,0.0
expr:EPB41L2,expression,0.0,0,0.0
expr:OTUB2,expression,0.0,0,0.0
expr:OTUD6B,expression,0.0,0,0.0
expr:OTULINL,expression,0.0,3,0.06
expr:OTX1,expression,0.0,0,0.0
expr:OTX2,expression,0.0,0,0.0
expr:OR3A3,expression,0.0,0,0.0
expr:OR2A12,expression,0.0,0,0.0
expr:OR2A42,expression,0.0,12,0.24
expr:OR2A5,expression,0.0,0,0.0
expr:OR2AE1,expression,0.0,0,0.0
expr:OR10A6,expression,0.0,0,0.0
expr:OR10G2,expression,0.0,1,0.02
expr:OR10Q1,expression,0.0,7,0.14
expr:OR13A1,expression,0.0,0,0.0
expr:OR13G1,expression,0.0,1,0.02
expr:OR13J1,expression,0.0,0,0.0
expr:OR14K1,expression,0.0,0,0.0
expr:OPLAH,expression,0.0,1,0.02
expr:OPN3,expression,0.0,0,0.0
expr:OR8D1,expression,0.0,0,0.0
expr:OPRL1,expression,0.0,0,0.0
expr:OPRPN,expression,0.0,3,0.06
expr:OPTC,expression,0.0,0,0.0
expr:OR10A3,expression,0.0,0,0.0
expr:ORC1,expression,0.0,2,0.04
expr:ORC6,expression,0.0,0,0.0
expr:ORM1,expression,0.0,0,0.0
expr:ORM2,expression,0.0,0,0.0
expr:ORMDL3,expression,0.0,0,0.0
expr:OSBP2,expression,0.0,0,0.0
expr:OSBPL3,expression,0.0,0,0.0
expr:OR5AU1,expression,0.0,20,0.4
expr:OR6B3,expression,0.0,7,0.14
expr:OR8A1,expression,0.0,0,0.0
expr:OPRD1,expression,0.0,0,0.0
expr:ELF5,expression,0.0,0,0.0
expr:ELFN2,expression,0.0,0,0.0
expr:ELL2,expression,0.0,0,0.0
expr:ELL3,expression,0.0,0,0.0
expr:PIF1,expression,0.0,0,0.0
expr:PIFO,expression,0.0,6,0.12
expr:PIGR,expression,0.0,5,0.1
expr:PIK3AP1,expression,0.0,0,0.0
expr:PIK3C2A,expression,0.0,10,0.2
expr:PIK3C2G,expression,0.0,0,0.0
expr:PIK3CD,expression,0.0,0,0.0
expr:PHOSPHO1,expression,0.0,0,0.0
expr:PHOSPHO2,expression,0.0,0,0.0
expr:PCDHA6,expression,0.0,0,0.0
expr:PI15,expression,0.0,0,0.0
expr:PI16,expression,0.0,4,0.08
expr:PI3,expression,0.0,4,0.08
expr:PIANP,expression,0.0,0,0.0
expr:PID1,expression,0.0,0,0.0
expr:PHF21B,expression,0.0,0,0.0
expr:PHF24,expression,0.0,0,0.0
expr:PHKG1,expression,0.0,0,0.0
expr:PHLDA3,expression,0.0,2,0.04
expr:PHLDB2,expression,0.0,0,0.0
expr:PHLPP1,expression,0.0,5,0.1
expr:PGM2L1,expression,0.0,0,0.0
expr:PGPEP1L,expression,0.0,0,0.0
expr:PHYHIP,expression,0.0,0,0.0
expr:PDZRN3,expression,0.0,0,0.0
expr:PDZRN4,expression,0.0,0,0.0
expr:PEAK3,expression,0.0,0,0.0
expr:PEAR1,expression,0.0,0,0.0
expr:PECAM1,expression,0.0,0,0.0
expr:PDLIM4,expression,0.0,0,0.0
expr:PDP1,expression,0.0,0,0.0
expr:PDPN,expression,0.0,0,0.0
expr:PDYN,expression,0.0,0,0.0
expr:PDZD2,expression,0.0,0,0.0
expr:EML6,expression,0.0,0,0.0
expr:EMP1,expression,0.0,0,0.0
expr:PGC,expression,0.0,0,0.0
expr:ELAVL4,expression,0.0,0,0.0
expr:ELOVL6,expression,0.0,0,0.0
expr:EME1,expression,0.0,0,0.0
expr:EMID1,expression,0.0,0,0.0
expr:EMILIN3,expression,0.0,3,0.06
expr:EML1,expression,0.0,0,0.0
expr:ELMO1,expression,0.0,0,0.0
expr:ELMO3,expression,0.0,0,0.0
expr:ELMOD1,expression,0.0,0,0.0
expr:ELN,expression,0.0,0,0.0
expr:ELOVL3,expression,0.0,1,0.02
expr:ELOVL4,expression,0.0,0,0.0
expr:PFKFB2,expression,0.0,0,0.0
expr:PFKFB3,expression,0.0,0,0.0
expr:ELAVL3,expression,0.0,0,0.0
expr:PGGHG,expression,0.0,0,0.0
expr:EIF5AL1,expression,0.0,0,0.0
expr:ELANE,expression,0.0,0,0.0
expr:ELAVL2,expression,0.0,0,0.0
expr:PLA2G2A,expression,0.0,0,0.0
expr:PLA2G2C,expression,0.0,0,0.0
expr:PLA2G2D,expression,0.0,2,0.04
expr:PLA2G2F,expression,0.0,0,0.0
expr:EIF2S3B,expression,0.0,0,0.0
expr:EIF3C,expression,0.0,0,0.0
expr:EIF3CL,expression,0.0,0,0.0
expr:EIF4A1,expression,0.0,0,0.0
expr:EIF4E1B,expression,0.0,1,0.02
expr:EIF4EBP3,expression,0.0,0,0.0
expr:PHACTR1,expression,0.0,2,0.04
expr:EGR1,expression,0.0,5,0.1
expr:EGR4,expression,0.0,1,0.02
expr:EHD2,expression,0.0,1,0.02
expr:EHF,expression,0.0,0,0.0
expr:EID3,expression,0.0,0,0.0
expr:EIF1AY,expression,0.0,0,0.0
expr:EGF,expression,0.0,0,0.0
expr:EGFL6,expression,0.0,0,0.0
expr:EGFLAM,expression,0.0,1,0.02
expr:EGFR,expression,0.0,0,0.0
expr:EGLN1,expression,0.0,0,0.0
expr:EGLN3,expression,0.0,0,0.0
expr:PLCB2,expression,0.0,0,0.0
expr:PLCB4,expression,0.0,0,0.0
expr:EIF5A2,expression,0.0,0,0.0
expr:PHACTR2,expression,0.0,0,0.0
expr:PHACTR3,expression,0.0,0,0.0
expr:PHEX,expression,0.0,1,0.02
expr:PKD2L1,expression,0.0,0,0.0
expr:PKD2L2,expression,0.0,0,0.0
expr:PKDCC,expression,0.0,0,0.0
expr:PKDREJ,expression,0.0,1,0.02
expr:PKLR,expression,0.0,0,0.0
expr:PKMYT1,expression,0.0,3,0.06
expr:PKP1,expression,0.0,0,0.0
expr:PITX3,expression,0.0,0,0.0
expr:PIWIL1,expression,0.0,0,0.0
expr:PIWIL2,expression,0.0,0,0.0
expr:PIM1,expression,0.0,0,0.0
expr:PIWIL4,expression,0.0,0,0.0
expr:PKD1L1,expression,0.0,0,0.0
expr:PKD1L3,expression,0.0,1,0.02
expr:PKD2,expression,0.0,5,0.1
expr:PIMREG,expression,0.0,8,0.16
expr:PIP,expression,0.0,0,0.0
expr:PIP4P2,expression,0.0,0,0.0
expr:PIP5K1B,expression,0.0,2,0.04
expr:PIR,expression,0.0,1,0.02
expr:PITX1,expression,0.0,0,0.0
expr:PIK3CG,expression,0.0,5,0.1
expr:PIK3R5,expression,0.0,0,0.0
expr:PILRA,expression,0.0,0,0.0
expr:PILRB,expression,0.0,0,0.0
expr:PIWIL3,expression,0.0,2,0.04
expr:ENOX1,expression,0.0,0,0.0
expr:ENPEP,expression,0.0,0,0.0
expr:ENPP1,expression,0.0,1,0.02
expr:ENPP2,expression,0.0,0,0.0
expr:ENPP3,expression,0.0,0,0.0
expr:PCDHB13,expression,0.0,0,0.0
expr:EMX2,expression,0.0,0,0.0
expr:ENAH,expression,0.0,0,0.0
expr:ENAM,expression,0.0,2,0.04
expr:ENC1,expression,0.0,0,0.0
expr:ENDOD1,expression,0.0,0,0.0
expr:ENDOU,expression,0.0,0,0.0
expr:ENKUR,expression,0.0,0,0.0
expr:PDZD4,expression,0.0,0,0.0
expr:PCOLCE,expression,0.0,0,0.0
expr:PCOLCE2,expression,0.0,0,0.0
expr:PCP2,expression,0.0,3,0.06
expr:PCP4,expression,0.0,0,0.0
expr:PCP4L1,expression,0.0,0,0.0
expr:PCSK1N,expression,0.0,0,0.0
expr:PCSK2,expression,0.0,0,0.0
expr:PCDHGB2,expression,0.0,0,0.0
expr:PCDHGB3,expression,0.0,0,0.0
expr:PCDHGB6,expression,0.0,1,0.02
expr:PCDHGB7,expression,0.0,0,0.0
expr:PCDHGC3,expression,0.0,0,0.0
expr:PCDHGC5,expression,0.0,0,0.0
expr:PCK1,expression,0.0,0,0.0
expr:PCM1,expression,0.0,0,0.0
expr:PCDH11X,expression,0.0,0,0.0
expr:PCDH15,expression,0.0,0,0.0
expr:PCDH17,expression,0.0,0,0.0
expr:PCDH18,expression,0.0,0,0.0
expr:PCDH20,expression,0.0,0,0.0
expr:PCDH8,expression,0.0,0,0.0
expr:PCDH9,expression,0.0,0,0.0
expr:PAX8,expression,0.0,0,0.0
expr:PBK,expression,0.0,3,0.06
expr:PBX3,expression,0.0,0,0.0
expr:PBX4,expression,0.0,0,0.0
expr:PCARE,expression,0.0,0,0.0
expr:PCDH1,expression,0.0,0,0.0
expr:ENO3,expression,0.0,0,0.0
expr:EPAS1,expression,0.0,0,0.0
expr:PCDHB14,expression,0.0,0,0.0
expr:PCDHB15,expression,0.0,0,0.0
expr:PCDHB16,expression,0.0,0,0.0
expr:PCDHB3,expression,0.0,0,0.0
expr:PCDHB4,expression,0.0,0,0.0
expr:PCDHB5,expression,0.0,0,0.0
expr:ENPP4,expression,0.0,0,0.0
expr:ENPP5,expression,0.0,0,0.0
expr:ENTHD1,expression,0.0,1,0.02
expr:ENTPD2,expression,0.0,2,0.04
expr:ENTPD3,expression,0.0,0,0.0
expr:ENTPD8,expression,0.0,0,0.0
expr:ENO2,expression,0.0,0,0.0
expr:PCDH10,expression,0.0,0,0.0
expr:PDE1B,expression,0.0,0,0.0
expr:PDE1C,expression,0.0,0,0.0
expr:PDE2A,expression,0.0,0,0.0
expr:PDE3A,expression,0.0,0,0.0
expr:PDE3B,expression,0.0,0,0.0
expr:PDE4B,expression,0.0,0,0.0
expr:PCSK4,expression,0.0,1,0.02
expr:PCSK5,expression,0.0,3,0.06
expr:PCSK6,expression,0.0,0,0.0
expr:PCSK9,expression,0.0,0,0.0
expr:PCYT1B,expression,0.0,0,0.0
expr:PDC,expression,0.0,0,0.0
expr:PDCD1,expression,0.0,0,0.0
expr:PCLAF,expression,0.0,0,0.0
expr:PERM1,expression,0.0,0,0.0
expr:PERP,expression,0.0,0,0.0
expr:PET117,expression,0.0,0,0.0
expr:PEX11G,expression,0.0,0,0.0
expr:PEX5L,expression,0.0,0,0.0
expr:PF4,expression,0.0,0,0.0
expr:PF4V1,expression,0.0,0,0.0
expr:PEG10,expression,0.0,0,0.0
expr:PEG3,expression,0.0,1,0.02
expr:PELI1,expression,0.0,0,0.0
expr:PELI2,expression,0.0,0,0.0
expr:PENK,expression,0.0,0,0.0
expr:PER1,expression,0.0,0,0.0
expr:PERCC1,expression,0.0,0,0.0
expr:PDCD1LG2,expression,0.0,1,0.02
expr:PCDHGA3,expression,0.0,0,0.0
expr:PCDHGA4,expression,0.0,0,0.0
expr:PCDHGA5,expression,0.0,0,0.0
expr:PCDHGA6,expression,0.0,0,0.0
expr:PCDHGA7,expression,0.0,0,0.0
expr:PCDHGA8,expression,0.0,0,0.0
expr:PCDHGA9,expression,0.0,0,0.0
expr:PCDHGB1,expression,0.0,0,0.0
expr:PCDHB6,expression,0.0,0,0.0
expr:PCDHB7,expression,0.0,0,0.0
expr:PCDHB8,expression,0.0,0,0.0
expr:PCDHGA1,expression,0.0,3,0.06
expr:PCDHGA10,expression,0.0,0,0.0
expr:PDCD6,expression,0.0,0,0.0
expr:PCDHGA12,expression,0.0,0,0.0
expr:PCDHGA2,expression,0.0,1,0.02
expr:PDGFD,expression,0.0,0,0.0
expr:PDGFRA,expression,0.0,0,0.0
expr:PDGFRB,expression,0.0,0,0.0
expr:PDGFRL,expression,0.0,0,0.0
expr:PDK1,expression,0.0,0,0.0
expr:PDLIM3,expression,0.0,0,0.0
expr:PDE4D,expression,0.0,0,0.0
expr:PDE6A,expression,0.0,0,0.0
expr:PDE6G,expression,0.0,2,0.04
expr:PDE7A,expression,0.0,0,0.0
expr:PDE7B,expression,0.0,0,0.0
expr:PDE8B,expression,0.0,0,0.0
expr:PCDHGA11,expression,0.0,0,0.0
expr:NAP1L5,expression,0.0,0,0.0
expr:NAPRT,expression,0.0,0,0.0
expr:NAT16,expression,0.0,39,0.78
expr:NAT2,expression,0.0,5,0.1
expr:NAT8L,expression,0.0,0,0.0
expr:NABP1,expression,0.0,0,0.0
expr:NACA2,expression,0.0,0,0.0
expr:NACAD,expression,0.0,0,0.0
expr:NALCN,expression,0.0,0,0.0
expr:NAMPT,expression,0.0,0,0.0
expr:NANOG,expression,0.0,0,0.0
expr:MZT2A,expression,0.0,0,0.0
expr:N4BP2,expression,0.0,6,0.12
expr:ERMP1,expression,0.0,2,0.04
expr:NAA11,expression,0.0,0,0.0
expr:NAALAD2,expression,0.0,0,0.0
expr:NAALADL1,expression,0.0,0,0.0
expr:MYOZ1,expression,0.0,0,0.0
expr:MYOZ2,expression,0.0,0,0.0
expr:MYPN,expression,0.0,0,0.0
expr:MYRFL,expression,0.0,0,0.0
expr:MYT1,expression,0.0,0,0.0
expr:MYT1L,expression,0.0,0,0.0
expr:MYZAP,expression,0.0,3,0.06
expr:NCF4,expression,0.0,0,0.0
expr:NCKAP1L,expression,0.0,0,0.0
expr:NCMAP,expression,0.0,0,0.0
expr:N4BP3,expression,0.0,0,0.0
expr:MYOCOS,expression,0.0,0,0.0
expr:MYOM1,expression,0.0,0,0.0
expr:MYOM2,expression,0.0,0,0.0
expr:MYORG,expression,0.0,0,0.0
expr:MYOT,expression,0.0,0,0.0
expr:MYO1H,expression,0.0,0,0.0
expr:MYO3B,expression,0.0,0,0.0
expr:MYO5B,expression,0.0,11,0.22
expr:MYO6,expression,0.0,0,0.0
expr:MYO7A,expression,0.0,1,0.02
expr:MYO7B,expression,0.0,0,0.0
expr:MYMX,expression,0.0,3,0.06
expr:MYO15A,expression,0.0,11,0.22
expr:NAP1L3,expression,0.0,0,0.0
expr:MYO1A,expression,0.0,0,0.0
expr:MYO1B,expression,0.0,3,0.06
expr:MYO1F,expression,0.0,0,0.0
expr:MYO1G,expression,0.0,0,0.0
expr:MYL3,expression,0.0,2,0.04
expr:MYL5,expression,0.0,0,0.0
expr:MYL7,expression,0.0,0,0.0
expr:MYL9,expression,0.0,0,0.0
expr:MYLK,expression,0.0,0,0.0
expr:MYLK3,expression,0.0,1,0.02
expr:MYLK4,expression,0.0,0,0.0
expr:MYLPF,expression,0.0,0,0.0
expr:NANOS1,expression,0.0,0,0.0
expr:NANOS3,expression,0.0,0,0.0
expr:MYO18B,expression,0.0,0,0.0
expr:NDST2,expression,0.0,6,0.12
expr:NDST3,expression,0.0,0,0.0
expr:NDST4,expression,0.0,0,0.0
expr:EYA1,expression,0.0,0,0.0
expr:EYA2,expression,0.0,0,0.0
expr:EZH2,expression,0.0,0,0.0
expr:EZHIP,expression,0.0,0,0.0
expr:F10,expression,0.0,1,0.02
expr:F13A1,expression,0.0,0,0.0
expr:F2,expression,0.0,4,0.08
expr:EVPLL,expression,0.0,0,0.0
expr:EVX1,expression,0.0,0,0.0
expr:EVX2,expression,0.0,0,0.0
expr:NCOA2,expression,0.0,0,0.0
expr:EXO1,expression,0.0,0,0.0
expr:EXOC2,expression,0.0,11,0.22
expr:EXOC3L4,expression,0.0,0,0.0
expr:EXPH5,expression,0.0,0,0.0
expr:NDC80,expression,0.0,0,0.0
expr:NDN,expression,0.0,2,0.04
expr:NDNF,expression,0.0,0,0.0
expr:EVC2,expression,0.0,0,0.0
expr:EVI2A,expression,0.0,0,0.0
expr:EVI2B,expression,0.0,6,0.12
expr:EVPL,expression,0.0,0,0.0
expr:NETO1,expression,0.0,0,0.0
expr:NETO2,expression,0.0,0,0.0
expr:NEU4,expression,0.0,3,0.06
expr:EXD1,expression,0.0,0,0.0
expr:NCOA3,expression,0.0,12,0.24
expr:NCOA7,expression,0.0,0,0.0
expr:NCR1,expression,0.0,10,0.2
expr:NCR3LG1,expression,0.0,5,0.1
expr:NCAN,expression,0.0,0,0.0
expr:NCAPG,expression,0.0,0,0.0
expr:NCAPG2,expression,0.0,0,0.0
expr:NCAPH,expression,0.0,0,0.0
expr:NCCRP1,expression,0.0,1,0.02
expr:NCEH1,expression,0.0,0,0.0
expr:NCF1,expression,0.0,0,0.0
expr:NCF2,expression,0.0,0,0.0
expr:NBPF19,expression,0.0,3,0.06
expr:NDRG4,expression,0.0,0,0.0
expr:NBPF3,expression,0.0,1,0.02
expr:NBPF4,expression,0.0,0,0.0
expr:NBPF6,expression,0.0,4,0.08
expr:NCALD,expression,0.0,0,0.0
expr:NCAM1,expression,0.0,0,0.0
expr:NAV1,expression,0.0,0,0.0
expr:NAV2,expression,0.0,0,0.0
expr:NAV3,expression,0.0,0,0.0
expr:NBEAL1,expression,0.0,0,0.0
expr:NBPF10,expression,0.0,0,0.0
expr:NBPF15,expression,0.0,0,0.0
expr:F2RL1,expression,0.0,0,0.0
expr:F2RL3,expression,0.0,0,0.0
expr:F3,expression,0.0,0,0.0
expr:NBPF26,expression,0.0,0,0.0
expr:FAM153A,expression,0.0,0,0.0
expr:MTURN,expression,0.0,0,0.0
expr:MTUS1,expression,0.0,0,0.0
expr:MUC1,expression,0.0,0,0.0
expr:MUC12,expression,0.0,1,0.02
expr:MUC13,expression,0.0,0,0.0
expr:MUC15,expression,0.0,0,0.0
expr:MUC16,expression,0.0,0,0.0
expr:MUC19,expression,0.0,0,0.0
expr:MTRNR2L12,expression,0.0,0,0.0
expr:MTRNR2L3,expression,0.0,0,0.0
expr:MTRNR2L4,expression,0.0,0,0.0
expr:MTRNR2L6,expression,0.0,0,0.0
expr:MYOC,expression,0.0,0,0.0
expr:MTSS1,expression,0.0,0,0.0
expr:MTSS2,expression,0.0,0,0.0
expr:MTTP,expression,0.0,0,0.0
expr:MTFR1,expression,0.0,0,0.0
expr:MTFR2,expression,0.0,0,0.0
expr:MTMR11,expression,0.0,0,0.0
expr:MTMR8,expression,0.0,0,0.0
expr:MTNR1A,expression,0.0,0,0.0
expr:MTNR1B,expression,0.0,0,0.0
expr:MTRNR2L10,expression,0.0,0,0.0
expr:MT1M,expression,0.0,0,0.0
expr:MT1X,expression,0.0,0,0.0
expr:MT2A,expression,0.0,0,0.0
expr:MT3,expression,0.0,0,0.0
expr:MTRNR2L8,expression,0.0,0,0.0
expr:MRM2,expression,0.0,0,0.0
expr:MROH2B,expression,0.0,0,0.0
expr:MROH6,expression,0.0,0,0.0
expr:FAM181A,expression,0.0,2,0.04
expr:FAM181B,expression,0.0,0,0.0
expr:MT-ND6,expression,0.0,0,0.0
expr:MT1A,expression,0.0,0,0.0
expr:MT1E,expression,0.0,0,0.0
expr:MT1F,expression,0.0,3,0.06
expr:MT1H,expression,0.0,1,0.02
expr:FAM166A,expression,0.0,0,0.0
expr:FAM167A,expression,0.0,0,0.0
expr:FAM171A1,expression,0.0,0,0.0
expr:FAM151A,expression,0.0,0,0.0
expr:FAM178B,expression,0.0,0,0.0
expr:FAM180B,expression,0.0,0,0.0
expr:FAM155A,expression,0.0,6,0.12
expr:FAM155B,expression,0.0,0,0.0
expr:FAM156B,expression,0.0,1,0.02
expr:FAM160A1,expression,0.0,0,0.0
expr:FAM162B,expression,0.0,0,0.0
expr:FAM163A,expression,0.0,0,0.0
expr:FAM163B,expression,0.0,0,0.0
expr:MT-CO2,expression,0.0,0,0.0
expr:FAM135B,expression,0.0,0,0.0
expr:FAM13A,expression,0.0,0,0.0
expr:FAM13C,expression,0.0,4,0.08
expr:FAM149A,expression,0.0,0,0.0
expr:FAM171B,expression,0.0,0,0.0
expr:FAM131B,expression,0.0,1,0.02
expr:FAM131C,expression,0.0,0,0.0
expr:FAM133A,expression,0.0,0,0.0
expr:FAM135A,expression,0.0,1,0.02
expr:MYH7B,expression,0.0,0,0.0
expr:MYH8,expression,0.0,0,0.0
expr:MYL1,expression,0.0,0,0.0
expr:MYL2,expression,0.0,1,0.02
expr:FAM107A,expression,0.0,0,0.0
expr:FAM107B,expression,0.0,2,0.04
expr:FAM111B,expression,0.0,0,0.0
expr:FAM124A,expression,0.0,1,0.02
expr:FAM124B,expression,0.0,0,0.0
expr:MTARC1,expression,0.0,0,0.0
expr:FABP1,expression,0.0,0,0.0
expr:FABP3,expression,0.0,0,0.0
expr:FABP5,expression,0.0,0,0.0
expr:FABP6,expression,0.0,0,0.0
expr:FADD,expression,0.0,0,0.0
expr:FADS2,expression,0.0,0,0.0
expr:FADS6,expression,0.0,0,0.0
expr:FAH,expression,0.0,0,0.0
expr:MYH2,expression,0.0,0,0.0
expr:MYH4,expression,0.0,0,0.0
expr:MYH7,expression,0.0,0,0.0
expr:F8,expression,0.0,2,0.04
expr:F8A3,expression,0.0,0,0.0
expr:FAAH,expression,0.0,0,0.0
expr:FAM126A,expression,0.0,0,0.0
expr:MTBP,expression,0.0,0,0.0
expr:MTCL1,expression,0.0,2,0.04
expr:MYEOV,expression,0.0,1,0.02
expr:MYF6,expression,0.0,0,0.0
expr:MYG1,expression,0.0,0,0.0
expr:MYH1,expression,0.0,0,0.0
expr:MYH13,expression,0.0,0,0.0
expr:MYH14,expression,0.0,0,0.0
expr:MYH15,expression,0.0,1,0.02
expr:MYBPC3,expression,0.0,0,0.0
expr:MYBPHL,expression,0.0,0,0.0
expr:MYCBP2,expression,0.0,0,0.0
expr:MYCBPAP,expression,0.0,3,0.06
expr:MUSK,expression,0.0,0,0.0
expr:MX1,expression,0.0,0,0.0
expr:MX2,expression,0.0,0,0.0
expr:MXD3,expression,0.0,0,0.0
expr:MXRA5,expression,0.0,0,0.0
expr:MXRA8,expression,0.0,0,0.0
expr:MYBL2,expression,0.0,0,0.0
expr:MYBPC2,expression,0.0,0,0.0
expr:MUC21,expression,0.0,0,0.0
expr:MUC3A,expression,0.0,0,0.0
expr:MUC5B,expression,0.0,1,0.02
expr:MUC6,expression,0.0,0,0.0
expr:MUC7,expression,0.0,0,0.0
expr:MUCL1,expression,0.0,0,0.0
expr:MUCL3,expression,0.0,0,0.0
expr:MYEF2,expression,0.0,0,0.0
expr:ERVFRD-1,expression,0.0,1,0.02
expr:ERVH48-1,expression,0.0,5,0.1
expr:ERVMER34-1,expression,0.0,1,0.02
expr:ERVV-2,expression,0.0,16,0.32
expr:ESCO2,expression,0.0,0,0.0
expr:NR4A2,expression,0.0,13,0.26
expr:NR5A1,expression,0.0,0,0.0
expr:NR6A1,expression,0.0,0,0.0
expr:NRAP,expression,0.0,0,0.0
expr:NRBP2,expression,0.0,0,0.0
expr:NR0B2,expression,0.0,0,0.0
expr:NR1D1,expression,0.0,0,0.0
expr:NR1I2,expression,0.0,0,0.0
expr:NEURL1B,expression,0.0,0,0.0
expr:NR2E3,expression,0.0,1,0.02
expr:NR2F1,expression,0.0,0,0.0
expr:NR2F2,expression,0.0,2,0.04
expr:NPTXR,expression,0.0,0,0.0
expr:NPW,expression,0.0,1,0.02
expr:NPY2R,expression,0.0,2,0.04
expr:NPY4R,expression,0.0,0,0.0
expr:NQO1,expression,0.0,0,0.0
expr:NPM3,expression,0.0,0,0.0
expr:NPPA,expression,0.0,1,0.02
expr:NPPC,expression,0.0,1,0.02
expr:NPR1,expression,0.0,0,0.0
expr:NPR2,expression,0.0,0,0.0
expr:NR1I3,expression,0.0,1,0.02
expr:NOXA1,expression,0.0,0,0.0
expr:NPAS1,expression,0.0,0,0.0
expr:NPAS4,expression,0.0,0,0.0
expr:NPBWR1,expression,0.0,0,0.0
expr:NPC1L1,expression,0.0,0,0.0
expr:NOS2,expression,0.0,0,0.0
expr:NOTCH2,expression,0.0,0,0.0
expr:NOTCH2NLA,expression,0.0,0,0.0
expr:NOTCH2NLR,expression,0.0,0,0.0
expr:NOTO,expression,0.0,0,0.0
expr:NOTUM,expression,0.0,0,0.0
expr:ETV3L,expression,0.0,0,0.0
expr:ETV5,expression,0.0,0,0.0
expr:ERV3-1,expression,0.0,6,0.12
expr:EVA1C,expression,0.0,0,0.0
expr:EVC,expression,0.0,0,0.0
expr:NPL,expression,0.0,0,0.0
expr:NPM2,expression,0.0,1,0.02
expr:ESRRB,expression,0.0,0,0.0
expr:ESX1,expression,0.0,0,0.0
expr:ESYT3,expression,0.0,0,0.0
expr:ESM1,expression,0.0,0,0.0
expr:ESPL1,expression,0.0,0,0.0
expr:ESPN,expression,0.0,0,0.0
expr:ESPNL,expression,0.0,1,0.02
expr:ESR2,expression,0.0,3,0.06
expr:ESRP1,expression,0.0,0,0.0
expr:ESRP2,expression,0.0,0,0.0
expr:ETV7,expression,0.0,0,0.0
expr:NWD1,expression,0.0,0,0.0
expr:NWD2,expression,0.0,0,0.0
expr:NXPE1,expression,0.0,0,0.0
expr:NXPE2,expression,0.0,0,0.0
expr:NUP210L,expression,0.0,0,0.0
expr:NUPR1,expression,0.0,0,0.0
expr:NUPR2,expression,0.0,0,0.0
expr:NUSAP1,expression,0.0,0,0.0
expr:NUTM1,expression,0.0,0,0.0
expr:NUTM2B,expression,0.0,0,0.0
expr:NUDT12,expression,0.0,2,0.04
expr:NUDT18,expression,0.0,0,0.0
expr:NUDT3,expression,0.0,0,0.0
expr:NPR3,expression,0.0,1,0.02
expr:NUDT7,expression,0.0,0,0.0
expr:NUF2,expression,0.0,0,0.0
expr:NUGGC,expression,0.0,0,0.0
expr:NTRK1,expression,0.0,0,0.0
expr:NTS,expression,0.0,2,0.04
expr:NTSR2,expression,0.0,0,0.0
expr:NUAK1,expression,0.0,0,0.0
expr:NUCB2,expression,0.0,0,0.0
expr:NUDT10,expression,0.0,0,0.0
expr:NUDT11,expression,0.0,0,0.0
expr:ERICH6,expression,0.0,2,0.04
expr:ERICH6B,expression,0.0,0,0.0
expr:ERLIN2,expression,0.0,0,0.0
expr:ERMN,expression,0.0,0,0.0
expr:NUDT6,expression,0.0,0,0.0
expr:NPTX2,expression,0.0,4,0.08
expr:NTF3,expression,0.0,0,0.0
expr:NTF4,expression,0.0,0,0.0
expr:NTM,expression,0.0,0,0.0
expr:NTN1,expression,0.0,0,0.0
expr:NTN5,expression,0.0,3,0.06
expr:NTNG1,expression,0.0,0,0.0
expr:NTNG2,expression,0.0,0,0.0
expr:NSG2,expression,0.0,0,0.0
expr:NT5C1B,expression,0.0,2,0.04
expr:NT5C2,expression,0.0,0,0.0
expr:NT5DC4,expression,0.0,0,0.0
expr:NT5E,expression,0.0,0,0.0
expr:NUTM2G,expression,0.0,1,0.02
expr:NRP2,expression,0.0,0,0.0
expr:NRSN1,expression,0.0,0,0.0
expr:NRTN,expression,0.0,0,0.0
expr:NRXN1,expression,0.0,0,0.0
expr:NRXN2,expression,0.0,0,0.0
expr:NRXN3,expression,0.0,2,0.04
expr:NSD3,expression,0.0,0,0.0
expr:NRG1,expression,0.0,0,0.0
expr:NRG2,expression,0.0,0,0.0
expr:NRG4,expression,0.0,0,0.0
expr:NRIP3,expression,0.0,0,0.0
expr:NRN1,expression,0.0,0,0.0
expr:NRP1,expression,0.0,0,0.0
expr:NUTM2F,expression,0.0,0,0.0
expr:NT5M,expression,0.0,0,0.0
expr:NFKBIZ,expression,0.0,0,0.0
expr:NGEF,expression,0.0,0,0.0
expr:NGF,expression,0.0,0,0.0
expr:NHLH1,expression,0.0,0,0.0
expr:NHLH2,expression,0.0,4,0.08
expr:NHLRC1,expression,0.0,0,0.0
expr:NFATC1,expression,0.0,0,0.0
expr:NFATC3,expression,0.0,0,0.0
expr:NFATC4,expression,0.0,0,0.0
expr:NFE2L3,expression,0.0,0,0.0
expr:NFIB,expression,0.0,2,0.04
expr:NFIL3,expression,0.0,0,0.0
expr:NEUROD4,expression,0.0,0,0.0
expr:NOX4,expression,0.0,0,0.0
expr:NEXMIF,expression,0.0,0,0.0
expr:NEXN,expression,0.0,0,0.0
expr:NFAM1,expression,0.0,0,0.0
expr:NFASC,expression,0.0,0,0.0
expr:NLRC5,expression,0.0,0,0.0
expr:NLRP1,expression,0.0,0,0.0
expr:NLRP11,expression,0.0,0,0.0
expr:NLRP12,expression,0.0,0,0.0
expr:NLRP13,expression,0.0,0,0.0
expr:NLRP14,expression,0.0,0,0.0
expr:NKX3-1,expression,0.0,0,0.0
expr:NKX6-1,expression,0.0,0,0.0
expr:NKX6-3,expression,0.0,0,0.0
expr:NLGN1,expression,0.0,0,0.0
expr:NEUROG2,expression,0.0,1,0.02
expr:NEURL3,expression,0.0,0,0.0
expr:NEUROD1,expression,0.0,0,0.0
expr:NEUROD2,expression,0.0,0,0.0
expr:NEK2,expression,0.0,0,0.0
expr:NELL1,expression,0.0,0,0.0
expr:NELL2,expression,0.0,6,0.12
expr:NES,expression,0.0,0,0.0
expr:NET1,expression,0.0,1,0.02
expr:NEFL,expression,0.0,0,0.0
expr:NEFM,expression,0.0,7,0.14
expr:NEGR1,expression,0.0,0,0.0
expr:NEIL1,expression,0.0,0,0.0
expr:NEIL3,expression,0.0,0,0.0
expr:NFIX,expression,0.0,0,0.0
expr:NECAB1,expression,0.0,0,0.0
expr:NECAB2,expression,0.0,0,0.0
expr:NECAB3,expression,0.0,0,0.0
expr:NECTIN1,expression,0.0,0,0.0
expr:NECTIN3,expression,0.0,0,0.0
expr:NECTIN4,expression,0.0,2,0.04
expr:NHLRC4,expression,0.0,0,0.0
expr:NHSL1,expression,0.0,0,0.0
expr:NHSL2,expression,0.0,0,0.0
expr:NID1,expression,0.0,0,0.0
expr:NID2,expression,0.0,0,0.0
expr:NINJ2,expression,0.0,0,0.0
expr:NINL,expression,0.0,5,0.1
expr:NFILZ,expression,0.0,2,0.04
expr:NEBL,expression,0.0,0,0.0
expr:NOCT,expression,0.0,0,0.0
expr:NMB,expression,0.0,3,0.06
expr:NMBR,expression,0.0,0,0.0
expr:NME1,expression,0.0,0,0.0
expr:NME2,expression,0.0,0,0.0
expr:NME3,expression,0.0,0,0.0
expr:NME8,expression,0.0,1,0.02
expr:NMNAT2,expression,0.0,0,0.0
expr:NLRP2B,expression,0.0,0,0.0
expr:NLRP3,expression,0.0,0,0.0
expr:NLRP4,expression,0.0,0,0.0
expr:NLRP5,expression,0.0,0,0.0
expr:NLRP7,expression,0.0,0,0.0
expr:NLGN4X,expression,0.0,4,0.08
expr:NLRP9,expression,0.0,0,0.0
expr:NPIPA5,expression,0.0,0,0.0
expr:NPIPA9,expression,0.0,0,0.0
expr:NPIPB12,expression,0.0,9,0.18
expr:NPIPB15,expression,0.0,1,0.02
expr:NPIPB2,expression,0.0,0,0.0
expr:NPDC1,expression,0.0,0,0.0
expr:NPEPL1,expression,0.0,0,0.0
expr:NPFFR1,expression,0.0,1,0.02
expr:NPFFR2,expression,0.0,1,0.02
expr:NPHS1,expression,0.0,0,0.0
expr:NPIPA1,expression,0.0,0,0.0
expr:NPIPA2,expression,0.0,5,0.1
expr:NOVA1,expression,0.0,3,0.06
expr:NLRP8,expression,0.0,0,0.0
expr:NLGN4Y,expression,0.0,0,0.0
expr:NKD1,expression,0.0,0,0.0
expr:NKD2,expression,0.0,0,0.0
expr:NKG7,expression,0.0,0,0.0
expr:NKPD1,expression,0.0,0,0.0
expr:NKX1-2,expression,0.0,1,0.02
expr:NKX2-1,expression,0.0,0,0.0
expr:NKX2-3,expression,0.0,2,0.04
expr:NIPAL1,expression,0.0,0,0.0
expr:NIPAL2,expression,0.0,0,0.0
expr:NIPAL4,expression,0.0,0,0.0
expr:NKAIN3,expression,0.0,3,0.06
expr:NKAIN4,expression,0.0,0,0.0
expr:NNT,expression,0.0,0,0.0
expr:NOD2,expression,0.0,5,0.1
expr:NODAL,expression,0.0,0,0.0
expr:NOL4,expression,0.0,0,0.0
expr:NOMO2,expression,0.0,0,0.0
expr:NOMO3,expression,0.0,1,0.02
expr:NOP2,expression,0.0,0,0.0
expr:NOS1,expression,0.0,0,0.0
expr:NOS1AP,expression,0.0,2,0.04
expr:NMRK2,expression,0.0,1,0.02
expr:NMU,expression,0.0,0,0.0
expr:NMUR1,expression,0.0,0,0.0
expr:NMUR2,expression,0.0,1,0.02
expr:NNAT,expression,0.0,2,0.04
expr:NNMT,expression,0.0,0,0.0
expr:NKAPL,expression,0.0,2,0.04
expr:RNF112,expression,0.0,1,0.02
expr:RNF133,expression,0.0,0,0.0
expr:RNF144A,expression,0.0,0,0.0
expr:RNF144B,expression,0.0,1,0.02
expr:DNLZ,expression,0.0,1,0.02
expr:DNM1,expression,0.0,0,0.0
expr:DNM3,expression,0.0,0,0.0
expr:RO60,expression,0.0,0,0.0
expr:ROBO1,expression,0.0,0,0.0
expr:ROBO2,expression,0.0,6,0.12
expr:ROGDI,expression,0.0,0,0.0
expr:ROPN1,expression,0.0,0,0.0
expr:DNAJC5B,expression,0.0,0,0.0
expr:PLCD4,expression,0.0,1,0.02
expr:DNASE1L2,expression,0.0,0,0.0
expr:DNASE1L3,expression,0.0,5,0.1
expr:DNASE2B,expression,0.0,0,0.0
expr:DNER,expression,0.0,0,0.0
expr:DNHD1,expression,0.0,0,0.0
expr:DNAI4,expression,0.0,0,0.0
expr:DNAJA4,expression,0.0,0,0.0
expr:DNAJB13,expression,0.0,0,0.0
expr:DNAJB7,expression,0.0,2,0.04
expr:DNAJC1,expression,0.0,0,0.0
expr:DNAJC14,expression,0.0,0,0.0
expr:DNAJC22,expression,0.0,0,0.0
expr:DNAH3,expression,0.0,0,0.0
expr:DNAJC6,expression,0.0,0,0.0
expr:RHOF,expression,0.0,0,0.0
expr:RHOJ,expression,0.0,11,0.22
expr:RHOXF1,expression,0.0,0,0.0
expr:RHPN1,expression,0.0,0,0.0
expr:RHPN2,expression,0.0,3,0.06
expr:RIBC2,expression,0.0,0,0.0
expr:RIIAD1,expression,0.0,0,0.0
expr:RNF223,expression,0.0,0,0.0
expr:RNF224,expression,0.0,0,0.0
expr:RNF31,expression,0.0,5,0.1
expr:RNF39,expression,0.0,0,0.0
expr:RNFT2,expression,0.0,0,0.0
expr:RNLS,expression,0.0,0,0.0
expr:RNF103-CHMP3,expression,0.0,0,0.0
expr:RNF183,expression,0.0,1,0.02
expr:RNF186,expression,0.0,1,0.02
expr:RNF208,expression,0.0,0,0.0
expr:RNF212,expression,0.0,0,0.0
expr:RNF212B,expression,0.0,0,0.0
expr:RNF213,expression,0.0,2,0.04
expr:RNF222,expression,0.0,1,0.02
expr:RNF145,expression,0.0,0,0.0
expr:RNF148,expression,0.0,0,0.0
expr:RNF150,expression,0.0,1,0.02
expr:RNF151,expression,0.0,0,0.0
expr:RNF152,expression,0.0,0,0.0
expr:RNF175,expression,0.0,0,0.0
expr:RND2,expression,0.0,0,0.0
expr:DNAH2,expression,0.0,0,0.0
expr:RXFP3,expression,0.0,0,0.0
expr:RXFP4,expression,0.0,0,0.0
expr:RYR1,expression,0.0,1,0.02
expr:RYR2,expression,0.0,0,0.0
expr:RYR3,expression,0.0,0,0.0
expr:S100A10,expression,0.0,0,0.0
expr:S100A11,expression,0.0,0,0.0
expr:RTP5,expression,0.0,0,0.0
expr:RUBCN,expression,0.0,0,0.0
expr:RUBCNL,expression,0.0,0,0.0
expr:RUFY4,expression,0.0,0,0.0
expr:RUNX1T1,expression,0.0,0,0.0
expr:RUNX2,expression,0.0,0,0.0
expr:DNAH8,expression,0.0,0,0.0
expr:RTL1,expression,0.0,6,0.12
expr:RTL3,expression,0.0,0,0.0
expr:RTL5,expression,0.0,0,0.0
expr:RTL8B,expression,0.0,0,0.0
expr:RTN2,expression,0.0,0,0.0
expr:RTN4RL2,expression,0.0,0,0.0
expr:RTP3,expression,0.0,0,0.0
expr:RTP4,expression,0.0,0,0.0
expr:RSPH6A,expression,0.0,0,0.0
expr:RSPO1,expression,0.0,1,0.02
expr:RSPO2,expression,0.0,2,0.04
expr:RSPO3,expression,0.0,3,0.06
expr:RSPO4,expression,0.0,0,0.0
expr:RTBDN,expression,0.0,0,0.0
expr:RUNX3,expression,0.0,0,0.0
expr:DNAI2,expression,0.0,0,0.0
expr:DNAI3,expression,0.0,2,0.04
expr:RRM2B,expression,0.0,0,0.0
expr:RSAD2,expression,0.0,0,0.0
expr:RSF1,expression,0.0,8,0.16
expr:RSPH1,expression,0.0,1,0.02
expr:RSPH10B,expression,0.0,0,0.0
expr:RSPH10B2,expression,0.0,0,0.0
expr:RSPH14,expression,0.0,0,0.0
expr:RPS6KA2,expression,0.0,0,0.0
expr:RPS6KL1,expression,0.0,0,0.0
expr:RPTN,expression,0.0,0,0.0
expr:RRAD,expression,0.0,0,0.0
expr:RPE65,expression,0.0,0,0.0
expr:RRM2,expression,0.0,0,0.0
expr:RPH3AL,expression,0.0,0,0.0
expr:RPL10L,expression,0.0,0,0.0
expr:RPL39L,expression,0.0,0,0.0
expr:RPL3L,expression,0.0,0,0.0
expr:RPP21,expression,0.0,0,0.0
expr:RPRM,expression,0.0,0,0.0
expr:RPRML,expression,0.0,0,0.0
expr:RPS4Y1,expression,0.0,2,0.04
expr:ROPN1B,expression,0.0,0,0.0
expr:ROR1,expression,0.0,0,0.0
expr:ROR2,expression,0.0,0,0.0
expr:RORB,expression,0.0,0,0.0
expr:RPA4,expression,0.0,0,0.0
expr:RRAS2,expression,0.0,0,0.0
expr:RELL1,expression,0.0,0,0.0
expr:RELL2,expression,0.0,1,0.02
expr:REM1,expression,0.0,0,0.0
expr:REN,expression,0.0,0,0.0
expr:REP15,expression,0.0,0,0.0
expr:REPS2,expression,0.0,20,0.4
expr:RERG,expression,0.0,1,0.02
expr:REC114,expression,0.0,0,0.0
expr:RECK,expression,0.0,0,0.0
expr:RECQL,expression,0.0,0,0.0
expr:REELD1,expression,0.0,0,0.0
expr:REEP1,expression,0.0,1,0.02
expr:REEP2,expression,0.0,0,0.0
expr:RIN2,expression,0.0,0,0.0
expr:REG4,expression,0.0,0,0.0
expr:DPPA2,expression,0.0,0,0.0
expr:DPPA4,expression,0.0,3,0.06
expr:DPT,expression,0.0,0,0.0
expr:RGL1,expression,0.0,0,0.0
expr:RGL4,expression,0.0,3,0.06
expr:RGMA,expression,0.0,0,0.0
expr:DPEP1,expression,0.0,0,0.0
expr:DPEP2,expression,0.0,1,0.02
expr:DPEP3,expression,0.0,0,0.0
expr:DPF1,expression,0.0,0,0.0
expr:DPF3,expression,0.0,1,0.02
expr:DPP10,expression,0.0,0,0.0
expr:REG1A,expression,0.0,0,0.0
expr:RBP5,expression,0.0,0,0.0
expr:RBPJL,expression,0.0,0,0.0
expr:RBPMS2,expression,0.0,0,0.0
expr:RCAN1,expression,0.0,0,0.0
expr:RCSD1,expression,0.0,2,0.04
expr:RBM20,expression,0.0,6,0.12
expr:RBM38,expression,0.0,0,0.0
expr:RBM44,expression,0.0,4,0.08
expr:RBM46,expression,0.0,0,0.0
expr:RBMS3,expression,0.0,7,0.14
expr:RBP1,expression,0.0,0,0.0
expr:RASSF7,expression,0.0,0,0.0
expr:RAVER2,expression,0.0,2,0.04
expr:RFPL4B,expression,0.0,1,0.02
expr:RBBP8NL,expression,0.0,0,0.0
expr:RBFOX1,expression,0.0,0,0.0
expr:RBFOX3,expression,0.0,2,0.04
expr:RBL1,expression,0.0,0,0.0
expr:RFX6,expression,0.0,2,0.04
expr:RFX8,expression,0.0,0,0.0
expr:DNMT3B,expression,0.0,0,0.0
expr:DNPH1,expression,0.0,0,0.0
expr:RET,expression,0.0,1,0.02
expr:RETREG1,expression,0.0,1,0.02
expr:REV3L,expression,0.0,0,0.0
expr:REX1BD,expression,0.0,0,0.0
expr:RFLNB,expression,0.0,0,0.0
expr:RFPL2,expression,0.0,0,0.0
expr:RB1,expression,0.0,0,0.0
expr:RGS6,expression,0.0,0,0.0
expr:RGS7BP,expression,0.0,0,0.0
expr:RGS8,expression,0.0,0,0.0
expr:RGPD1,expression,0.0,0,0.0
expr:RGPD2,expression,0.0,0,0.0
expr:RGPD3,expression,0.0,0,0.0
expr:RGS11,expression,0.0,3,0.06
expr:RGS16,expression,0.0,0,0.0
expr:RNASE10,expression,0.0,0,0.0
expr:RNASE2,expression,0.0,0,0.0
expr:RNASE3,expression,0.0,0,0.0
expr:RNASE6,expression,0.0,1,0.02
expr:RNASE7,expression,0.0,1,0.02
expr:DPP4,expression,0.0,0,0.0
expr:RND1,expression,0.0,20,0.4
expr:RIPK4,expression,0.0,0,0.0
expr:RIPPLY2,expression,0.0,2,0.04
expr:RIPPLY3,expression,0.0,0,0.0
expr:RIT2,expression,0.0,21,0.42
expr:RLBP1,expression,0.0,9,0.18
expr:RMI2,expression,0.0,3,0.06
expr:RIMBP3B,expression,0.0,2,0.04
expr:RIMBP3C,expression,0.0,0,0.0
expr:RIMKLA,expression,0.0,0,0.0
expr:RIMS1,expression,0.0,0,0.0
expr:RIMS2,expression,0.0,0,0.0
expr:RIMS3,expression,0.0,0,0.0
expr:RIN1,expression,0.0,1,0.02
expr:RNASEH2A,expression,0.0,0,0.0
expr:DPP6,expression,0.0,0,0.0
expr:DOCK9,expression,0.0,0,0.0
expr:DOK1,expression,0.0,0,0.0
expr:DOK2,expression,0.0,0,0.0
expr:DOK5,expression,0.0,0,0.0
expr:DOK7,expression,0.0,0,0.0
expr:DOP1A,expression,0.0,0,0.0
expr:DOP1B,expression,0.0,0,0.0
expr:DOCK11,expression,0.0,0,0.0
expr:DOCK2,expression,0.0,0,0.0
expr:DOCK3,expression,0.0,0,0.0
expr:DOCK4,expression,0.0,0,0.0
expr:DOCK5,expression,0.0,0,0.0
expr:RGS4,expression,0.0,0,0.0
expr:RHD,expression,0.0,0,0.0
expr:RHEBL1,expression,0.0,0,0.0
expr:RHEX,expression,0.0,0,0.0
expr:RHO,expression,0.0,7,0.14
expr:RHOBTB3,expression,0.0,0,0.0
expr:RHOD,expression,0.0,0,0.0
expr:RGS9BP,expression,0.0,0,0.0
expr:RHAG,expression,0.0,0,0.0
expr:RHBDL1,expression,0.0,0,0.0
expr:RHBDL2,expression,0.0,0,0.0
expr:RHBDL3,expression,0.0,0,0.0
expr:RHBG,expression,0.0,0,0.0
expr:RGS17,expression,0.0,0,0.0
expr:RGS18,expression,0.0,5,0.1
expr:DOCK8,expression,0.0,3,0.06
expr:SEMA6D,expression,0.0,0,0.0
expr:SEMG2,expression,0.0,0,0.0
expr:SENP3-EIF4A1,expression,0.0,1,0.02
expr:SEPTIN1,expression,0.0,3,0.06
expr:SEPTIN12,expression,0.0,0,0.0
expr:SEPTIN3,expression,0.0,0,0.0
expr:SEPTIN5,expression,0.0,0,0.0
expr:SEMA3A,expression,0.0,0,0.0
expr:SEMA3D,expression,0.0,7,0.14
expr:SEMA6A,expression,0.0,0,0.0
expr:SEMA6B,expression,0.0,0,0.0
expr:DGKG,expression,0.0,0,0.0
expr:DGKH,expression,0.0,0,0.0
expr:RTEL1,expression,0.0,0,0.0
expr:DGKK,expression,0.0,0,0.0
expr:DHCR7,expression,0.0,0,0.0
expr:DHDH,expression,0.0,0,0.0
expr:DEUP1,expression,0.0,1,0.02
expr:DEXI,expression,0.0,0,0.0
expr:DGAT2,expression,0.0,1,0.02
expr:DGAT2L6,expression,0.0,0,0.0
expr:DGCR6,expression,0.0,0,0.0
expr:DGKD,expression,0.0,0,0.0
expr:DGKE,expression,0.0,0,0.0
expr:DENND2B,expression,0.0,0,0.0
expr:DEPDC1,expression,0.0,1,0.02
expr:DEPDC1B,expression,0.0,0,0.0
expr:DGKI,expression,0.0,0,0.0
expr:SEL1L2,expression,0.0,5,0.1
expr:SEL1L3,expression,0.0,0,0.0
expr:SDR16C5,expression,0.0,0,0.0
expr:SDR42E1,expression,0.0,0,0.0
expr:SDR42E2,expression,0.0,0,0.0
expr:SDR9C7,expression,0.0,0,0.0
expr:SDS,expression,0.0,0,0.0
expr:SEC14L3,expression,0.0,0,0.0
expr:SEC14L4,expression,0.0,0,0.0
expr:SCUBE1,expression,0.0,4,0.08
expr:SCUBE3,expression,0.0,0,0.0
expr:SCX,expression,0.0,9,0.18
expr:SDC1,expression,0.0,3,0.06
expr:SEMA6C,expression,0.0,0,0.0
expr:SDHAF3,expression,0.0,1,0.02
expr:SDK1,expression,0.0,0,0.0
expr:SERPINA9,expression,0.0,0,0.0
expr:SERPINB10,expression,0.0,0,0.0
expr:SERPINB12,expression,0.0,0,0.0
expr:SERPINB13,expression,0.0,0,0.0
expr:SERPINB3,expression,0.0,4,0.08
expr:SERF1A,expression,0.0,0,0.0
expr:SERHL2,expression,0.0,0,0.0
expr:SERINC2,expression,0.0,0,0.0
expr:SERINC5,expression,0.0,0,0.0
expr:SERPINA1,expression,0.0,1,0.02
expr:SERPINA10,expression,0.0,0,0.0
expr:SERPINA11,expression,0.0,1,0.02
expr:SDC2,expression,0.0,0,0.0
expr:SFRP1,expression,0.0,1,0.02
expr:SFRP2,expression,0.0,0,0.0
expr:DHPS,expression,0.0,0,0.0
expr:DHRS13,expression,0.0,0,0.0
expr:SERPINF1,expression,0.0,0,0.0
expr:SERPINI1,expression,0.0,0,0.0
expr:SERTAD4,expression,0.0,1,0.02
expr:SERTM1,expression,0.0,0,0.0
expr:SERTM2,expression,0.0,0,0.0
expr:SH3TC2,expression,0.0,0,0.0
expr:SHANK1,expression,0.0,0,0.0
expr:SHC2,expression,0.0,0,0.0
expr:SHC3,expression,0.0,0,0.0
expr:DEPDC7,expression,0.0,0,0.0
expr:SHCBP1,expression,0.0,2,0.04
expr:SHCBP1L,expression,0.0,0,0.0
expr:SH3BP4,expression,0.0,4,0.08
expr:SH3PXD2A,expression,0.0,0,0.0
expr:SH3PXD2B,expression,0.0,0,0.0
expr:SH3RF1,expression,0.0,0,0.0
expr:SH3RF3,expression,0.0,0,0.0
expr:SH2D4A,expression,0.0,0,0.0
expr:SH2D4B,expression,0.0,0,0.0
expr:SH2D5,expression,0.0,1,0.02
expr:SH2D6,expression,0.0,1,0.02
expr:SH2D7,expression,0.0,5,0.1
expr:SH3BGR,expression,0.0,0,0.0
expr:SH3BGRL,expression,0.0,0,0.0
expr:SHC4,expression,0.0,2,0.04
expr:DEPP1,expression,0.0,0,0.0
expr:DEPTOR,expression,0.0,1,0.02
expr:DES,expression,0.0,0,0.0
expr:SERPINB4,expression,0.0,8,0.16
expr:SERPINB5,expression,0.0,0,0.0
expr:SERPINC1,expression,0.0,0,0.0
expr:SERPIND1,expression,0.0,0,0.0
expr:SERPINE2,expression,0.0,0,0.0
expr:SERPINE3,expression,0.0,0,0.0
expr:DENND2A,expression,0.0,0,0.0
expr:SFXN5,expression,0.0,0,0.0
expr:SGCA,expression,0.0,0,0.0
expr:SGCD,expression,0.0,0,0.0
expr:SFN,expression,0.0,0,0.0
expr:SGIP1,expression,0.0,0,0.0
expr:SGMS2,expression,0.0,0,0.0
expr:SFRP4,expression,0.0,0,0.0
expr:SFRP5,expression,0.0,1,0.02
expr:SFT2D2,expression,0.0,0,0.0
expr:SFTA2,expression,0.0,0,0.0
expr:SFTPA1,expression,0.0,0,0.0
expr:SFTPA2,expression,0.0,0,0.0
expr:SFTPB,expression,0.0,0,0.0
expr:SFTPC,expression,0.0,0,0.0
expr:SESN3,expression,0.0,0,0.0
expr:SETD7,expression,0.0,0,0.0
expr:SETSIP,expression,0.0,0,0.0
expr:SFMBT2,expression,0.0,0,0.0
expr:SGCE,expression,0.0,0,0.0
expr:SATB1,expression,0.0,0,0.0
expr:SAXO1,expression,0.0,0,0.0
expr:SAXO2,expression,0.0,0,0.0
expr:SBF2,expression,0.0,8,0.16
expr:SAMD3,expression,0.0,7,0.14
expr:SAMD4A,expression,0.0,0,0.0
expr:SAMD5,expression,0.0,0,0.0
expr:SAMD9,expression,0.0,0,0.0
expr:SAMHD1,expression,0.0,0,0.0
expr:SAMSN1,expression,0.0,0,0.0
expr:SARDH,expression,0.0,0,0.0
expr:SACS,expression,0.0,0,0.0
expr:SAGE1,expression,0.0,0,0.0
expr:SECTM1,expression,0.0,0,0.0
expr:SALL3,expression,0.0,0,0.0
expr:SALL4,expression,0.0,0,0.0
expr:SAMD11,expression,0.0,0,0.0
expr:S100G,expression,0.0,0,0.0
expr:S100Z,expression,0.0,1,0.02
expr:S1PR3,expression,0.0,2,0.04
expr:S1PR4,expression,0.0,0,0.0
expr:S1PR5,expression,0.0,0,0.0
expr:SAA1,expression,0.0,0,0.0
expr:SAA2,expression,0.0,0,0.0
expr:SAA4,expression,0.0,0,0.0
expr:DKK2,expression,0.0,0,0.0
expr:DKK3,expression,0.0,0,0.0
expr:DKK4,expression,0.0,1,0.02
expr:SALL1,expression,0.0,0,0.0
expr:RTEL1-TNFRSF6B,expression,0.0,0,0.0
expr:DNAH10,expression,0.0,0,0.0
expr:S100B,expression,0.0,0,0.0
expr:DMRT3,expression,0.0,0,0.0
expr:DMRTA1,expression,0.0,0,0.0
expr:DMRTA2,expression,0.0,1,0.02
expr:DMRTC2,expression,0.0,0,0.0
expr:DMTN,expression,0.0,0,0.0
expr:DMXL2,expression,0.0,0,0.0
expr:DNA2,expression,0.0,0,0.0
expr:DLX6,expression,0.0,0,0.0
expr:DMBT1,expression,0.0,0,0.0
expr:DMD,expression,0.0,0,0.0
expr:SASH3,expression,0.0,0,0.0
expr:DMP1,expression,0.0,0,0.0
expr:DMRT1,expression,0.0,0,0.0
expr:DMRT2,expression,0.0,1,0.02
expr:S100A13,expression,0.0,0,0.0
expr:S100A14,expression,0.0,0,0.0
expr:S100A2,expression,0.0,1,0.02
expr:S100A3,expression,0.0,1,0.02
expr:DLK1,expression,0.0,0,0.0
expr:DLL3,expression,0.0,0,0.0
expr:DLX1,expression,0.0,0,0.0
expr:DLX2,expression,0.0,0,0.0
expr:SARM1,expression,0.0,2,0.04
expr:SARNP,expression,0.0,0,0.0
expr:SASH1,expression,0.0,1,0.02
expr:DMKN,expression,0.0,0,0.0
expr:SCTR,expression,0.0,0,0.0
expr:SCN3B,expression,0.0,0,0.0
expr:SCN4B,expression,0.0,0,0.0
expr:SCN5A,expression,0.0,0,0.0
expr:SCN8A,expression,0.0,0,0.0
expr:SCN9A,expression,0.0,3,0.06
expr:SCNN1A,expression,0.0,0,0.0
expr:SCIN,expression,0.0,0,0.0
expr:SCML2,expression,0.0,0,0.0
expr:SCN11A,expression,0.0,0,0.0
expr:SCN1A,expression,0.0,0,0.0
expr:SCN1B,expression,0.0,0,0.0
expr:DLGAP3,expression,0.0,0,0.0
expr:DKKL1,expression,0.0,0,0.0
expr:SCG3,expression,0.0,0,0.0
expr:SCGB1A1,expression,0.0,0,0.0
expr:SCGB2A1,expression,0.0,0,0.0
expr:SCGN,expression,0.0,0,0.0
expr:SCHIP1,expression,0.0,0,0.0
expr:SCIMP,expression,0.0,0,0.0
expr:SELENBP1,expression,0.0,0,0.0
expr:SELENOM,expression,0.0,1,0.02
expr:SELENOV,expression,0.0,0,0.0
expr:SELPLG,expression,0.0,0,0.0
expr:SEC14L5,expression,0.0,0,0.0
expr:SEC24C,expression,0.0,0,0.0
expr:SEC24D,expression,0.0,0,0.0
expr:SEC31B,expression,0.0,3,0.06
expr:DLGAP5,expression,0.0,0,0.0
expr:DLC1,expression,0.0,6,0.12
expr:DLEU7,expression,0.0,0,0.0
expr:DLG2,expression,0.0,0,0.0
expr:DLGAP2,expression,0.0,0,0.0
expr:DIPK2B,expression,0.0,2,0.04
expr:DIRAS1,expression,0.0,0,0.0
expr:DIRAS2,expression,0.0,0,0.0
expr:DISC1,expression,0.0,0,0.0
expr:DISP3,expression,0.0,0,0.0
expr:DIXDC1,expression,0.0,0,0.0
expr:DKK1,expression,0.0,0,0.0
expr:SCCPDH,expression,0.0,1,0.02
expr:SCEL,expression,0.0,3,0.06
expr:SCRG1,expression,0.0,0,0.0
expr:DHX58,expression,0.0,5,0.1
expr:DIAPH3,expression,0.0,0,0.0
expr:DIO1,expression,0.0,0,0.0
expr:DIPK1B,expression,0.0,0,0.0
expr:DIPK2A,expression,0.0,0,0.0
expr:SBK3,expression,0.0,0,0.0
expr:SBSPON,expression,0.0,0,0.0
expr:SCAMP5,expression,0.0,0,0.0
expr:SCARA3,expression,0.0,0,0.0
expr:SCNN1B,expression,0.0,0,0.0
expr:SCNN1D,expression,0.0,0,0.0
expr:SCNN1G,expression,0.0,0,0.0
expr:SCO2,expression,0.0,0,0.0
expr:SCPEP1,expression,0.0,0,0.0
expr:DHRS9,expression,0.0,0,0.0
expr:PPM1J,expression,0.0,0,0.0
expr:PPM1K,expression,0.0,1,0.02
expr:PPM1L,expression,0.0,0,0.0
expr:PPM1N,expression,0.0,0,0.0
expr:PPARA,expression,0.0,0,0.0
expr:PPARG,expression,0.0,2,0.04
expr:PPARGC1A,expression,0.0,0,0.0
expr:PPARGC1B,expression,0.0,0,0.0
expr:PPDPFL,expression,0.0,0,0.0
expr:PPEF2,expression,0.0,0,0.0
expr:PPFIA2,expression,0.0,1,0.02
expr:POU2F3,expression,0.0,0,0.0
expr:POU3F1,expression,0.0,1,0.02
expr:RBP2,expression,0.0,1,0.02
expr:POU4F1,expression,0.0,0,0.0
expr:POU4F3,expression,0.0,4,0.08
expr:POU5F1,expression,0.0,0,0.0
expr:POU6F2,expression,0.0,0,0.0
expr:PRELP,expression,0.0,0,0.0
expr:PRF1,expression,0.0,0,0.0
expr:PRG2,expression,0.0,0,0.0
expr:PRH2,expression,0.0,1,0.02
expr:PRICKLE1,expression,0.0,0,0.0
expr:PRICKLE2,expression,0.0,3,0.06
expr:PRIM1,expression,0.0,0,0.0
expr:PRDM1,expression,0.0,6,0.12
expr:PRDM13,expression,0.0,0,0.0
expr:POU3F2,expression,0.0,2,0.04
expr:EFCAB3,expression,0.0,0,0.0
expr:EFCAB5,expression,0.0,0,0.0
expr:EFCC1,expression,0.0,1,0.02
expr:EFEMP1,expression,0.0,0,0.0
expr:EFEMP2,expression,0.0,0,0.0
expr:EDIL3,expression,0.0,0,0.0
expr:EDN2,expression,0.0,0,0.0
expr:EDNRA,expression,0.0,0,0.0
expr:EEF1A2,expression,0.0,0,0.0
expr:EEF1AKMT4,expression,0.0,6,0.12
expr:EFCAB1,expression,0.0,0,0.0
expr:EFCAB10,expression,0.0,0,0.0
expr:PON3,expression,0.0,0,0.0
expr:PPM1H,expression,0.0,0,0.0
expr:POSTN,expression,0.0,0,0.0
expr:POTEC,expression,0.0,0,0.0
expr:POTED,expression,0.0,0,0.0
expr:POTEE,expression,0.0,1,0.02
expr:EDEM3,expression,0.0,0,0.0
expr:PPP1R14A,expression,0.0,0,0.0
expr:PPP1R14C,expression,0.0,5,0.1
expr:PPP1R14D,expression,0.0,0,0.0
expr:PPP1R16A,expression,0.0,1,0.02
expr:PPP1R16B,expression,0.0,8,0.16
expr:PPP1R1A,expression,0.0,0,0.0
expr:PPP1R1B,expression,0.0,0,0.0
expr:PPFIA4,expression,0.0,0,0.0
expr:PPL,expression,0.0,0,0.0
expr:POPDC3,expression,0.0,1,0.02
expr:PRLHR,expression,0.0,2,0.04
expr:PRMT8,expression,0.0,0,0.0
expr:PRND,expression,0.0,0,0.0
expr:PRNP,expression,0.0,0,0.0
expr:PRKCQ,expression,0.0,0,0.0
expr:PRKD1,expression,0.0,0,0.0
expr:PRKD3,expression,0.0,0,0.0
expr:PRKDC,expression,0.0,0,0.0
expr:PRKG1,expression,0.0,0,0.0
expr:PRKG2,expression,0.0,0,0.0
expr:PRKN,expression,0.0,0,0.0
expr:PRKX,expression,0.0,0,0.0
expr:PRKAA2,expression,0.0,0,0.0
expr:PRDM16,expression,0.0,0,0.0
expr:PRKAR2B,expression,0.0,7,0.14
expr:PRKCA,expression,0.0,0,0.0
expr:PRKCB,expression,0.0,8,0.16
expr:PRKCE,expression,0.0,2,0.04
expr:PRKCG,expression,0.0,0,0.0
expr:ECT2L,expression,0.0,0,0.0
expr:EDA,expression,0.0,0,0.0
expr:EDA2R,expression,0.0,0,0.0
expr:EDAR,expression,0.0,1,0.02
expr:EDDM3A,expression,0.0,1,0.02
expr:PRPH2,expression,0.0,0,0.0
expr:ECEL1,expression,0.0,0,0.0
expr:ECHDC3,expression,0.0,0,0.0
expr:ECM2,expression,0.0,2,0.04
expr:PRKACB,expression,0.0,0,0.0
expr:PRDM5,expression,0.0,0,0.0
expr:PRDM6,expression,0.0,1,0.02
expr:PRDM7,expression,0.0,0,0.0
expr:PRDM8,expression,0.0,1,0.02
expr:PRELID3A,expression,0.0,0,0.0
expr:PPP2R3A,expression,0.0,0,0.0
expr:PPP3CA,expression,0.0,0,0.0
expr:PRAM1,expression,0.0,0,0.0
expr:PRB3,expression,0.0,0,0.0
expr:PRC1,expression,0.0,0,0.0
expr:PRCD,expression,0.0,0,0.0
expr:PPP1R2B,expression,0.0,0,0.0
expr:PPP1R3B,expression,0.0,0,0.0
expr:PRLH,expression,0.0,16,0.32
expr:PPP1R3G,expression,0.0,0,0.0
expr:PPP1R42,expression,0.0,14,0.28
expr:PPP1R9A,expression,0.0,0,0.0
expr:PPP2R2C,expression,0.0,0,0.0
expr:PROB1,expression,0.0,0,0.0
expr:PROCA1,expression,0.0,2,0.04
expr:PRODH,expression,0.0,0,0.0
expr:PROK1,expression,0.0,0,0.0
expr:PROK2,expression,0.0,0,0.0
expr:PROKR2,expression,0.0,1,0.02
expr:PROM1,expression,0.0,0,0.0
expr:PROM2,expression,0.0,0,0.0
expr:PRKY,expression,0.0,0,0.0
expr:PRL,expression,0.0,0,0.0
expr:PPP1R3C,expression,0.0,0,0.0
expr:PLEKHG6,expression,0.0,0,0.0
expr:PLEKHG7,expression,0.0,0,0.0
expr:PLEKHH2,expression,0.0,1,0.02
expr:PLEKHM3,expression,0.0,0,0.0
expr:PLEKHN1,expression,0.0,0,0.0
expr:PLET1,expression,0.0,0,0.0
expr:PLEK,expression,0.0,0,0.0
expr:PLEK2,expression,0.0,0,0.0
expr:PLEKHA2,expression,0.0,1,0.02
expr:PLEKHA4,expression,0.0,0,0.0
expr:PLEKHF1,expression,0.0,0,0.0
expr:PLEKHG1,expression,0.0,0,0.0
expr:PLCL2,expression,0.0,0,0.0
expr:POU2F2,expression,0.0,0,0.0
expr:PLCXD3,expression,0.0,0,0.0
expr:PLCZ1,expression,0.0,0,0.0
expr:PLD1,expression,0.0,0,0.0
expr:PLD5,expression,0.0,0,0.0
expr:PLD6,expression,0.0,0,0.0
expr:PM20D1,expression,0.0,0,0.0
expr:PM20D2,expression,0.0,0,0.0
expr:PMEL,expression,0.0,0,0.0
expr:PMEPA1,expression,0.0,0,0.0
expr:PMFBP1,expression,0.0,0,0.0
expr:PMP2,expression,0.0,1,0.02
expr:PMP22,expression,0.0,0,0.0
expr:PNLDC1,expression,0.0,0,0.0
expr:PLSCR3,expression,0.0,0,0.0
expr:PLCXD2,expression,0.0,0,0.0
expr:PLCG2,expression,0.0,1,0.02
expr:PLCH2,expression,0.0,0,0.0
expr:PLCL1,expression,0.0,1,0.02
expr:PLAC9,expression,0.0,0,0.0
expr:PLAGL1,expression,0.0,0,0.0
expr:PLAUR,expression,0.0,11,0.22
expr:PLB1,expression,0.0,0,0.0
expr:PLBD1,expression,0.0,0,0.0
expr:PLCB1,expression,0.0,3,0.06
expr:PLA2G7,expression,0.0,0,0.0
expr:PLAC1,expression,0.0,0,0.0
expr:PLAC8L1,expression,0.0,0,0.0
expr:PLA2G3,expression,0.0,1,0.02
expr:PLEKHG4B,expression,0.0,0,0.0
expr:PLA2G4B,expression,0.0,0,0.0
expr:PLA2G4D,expression,0.0,0,0.0
expr:PLA2G4E,expression,0.0,0,0.0
expr:PLA2G4F,expression,0.0,0,0.0
expr:PLA2G5,expression,0.0,1,0.02
expr:PLA2G6,expression,0.0,0,0.0
expr:PLG,expression,0.0,0,0.0
expr:PLGLB1,expression,0.0,0,0.0
expr:PLGLB2,expression,0.0,0,0.0
expr:PLIN1,expression,0.0,7,0.14
expr:PLIN2,expression,0.0,2,0.04
expr:PLK2,expression,0.0,0,0.0
expr:PLK4,expression,0.0,0,0.0
expr:PLEKHG4,expression,0.0,0,0.0
expr:PLA2G4A,expression,0.0,0,0.0
expr:PODXL2,expression,0.0,0,0.0
expr:POF1B,expression,0.0,0,0.0
expr:POLK,expression,0.0,7,0.14
expr:POLN,expression,0.0,0,0.0
expr:POLQ,expression,0.0,0,0.0
expr:POLR2J2,expression,0.0,0,0.0
expr:PNMA8B,expression,0.0,0,0.0
expr:PNMA8C,expression,0.0,3,0.06
expr:PNOC,expression,0.0,0,0.0
expr:PNPLA1,expression,0.0,0,0.0
expr:PNPLA4,expression,0.0,1,0.02
expr:PNPLA5,expression,0.0,0,0.0
expr:PNPLA7,expression,0.0,0,0.0
expr:PLTP,expression,0.0,2,0.04
expr:PNLIP,expression,0.0,2,0.04
expr:PNLIPRP1,expression,0.0,6,0.12
expr:PNLIPRP3,expression,0.0,0,0.0
expr:PNMA2,expression,0.0,0,0.0
expr:PNMA3,expression,0.0,0,0.0
expr:PNMA5,expression,0.0,0,0.0
expr:PNMA6A,expression,0.0,0,0.0
expr:PNMA6E,expression,0.0,0,0.0
expr:EFHC2,expression,0.0,4,0.08
expr:EFNA4,expression,0.0,0,0.0
expr:EFNB2,expression,0.0,0,0.0
expr:EFNB3,expression,0.0,0,0.0
expr:EFR3B,expression,0.0,0,0.0
expr:POTEJ,expression,0.0,0,0.0
expr:POC1B-GALNT4,expression,0.0,0,0.0
expr:PLXDC1,expression,0.0,0,0.0
expr:PLXDC2,expression,0.0,0,0.0
expr:PLXNA2,expression,0.0,0,0.0
expr:PLXNA4,expression,0.0,0,0.0
expr:PLXNC1,expression,0.0,1,0.02
expr:PLPPR1,expression,0.0,0,0.0
expr:PLPPR3,expression,0.0,0,0.0
expr:PLPPR4,expression,0.0,0,0.0
expr:PLPPR5,expression,0.0,0,0.0
expr:PLS3,expression,0.0,0,0.0
expr:PLSCR1,expression,0.0,0,0.0
expr:PLSCR2,expression,0.0,0,0.0
expr:PLK5,expression,0.0,0,0.0
expr:PODXL,expression,0.0,0,0.0
expr:PLOD2,expression,0.0,0,0.0
expr:PLP1,expression,0.0,0,0.0
expr:PLPBP,expression,0.0,0,0.0
expr:PLPP4,expression,0.0,0,0.0
expr:PLPP5,expression,0.0,0,0.0
expr:POLR2J3,expression,0.0,0,0.0
expr:POLR3G,expression,0.0,0,0.0
expr:POM121,expression,0.0,0,0.0
expr:POM121L2,expression,0.0,0,0.0
expr:POMC,expression,0.0,0,0.0
expr:POMK,expression,0.0,0,0.0
expr:POMZP3,expression,0.0,0,0.0
expr:PON1,expression,0.0,0,0.0
expr:PODN,expression,0.0,0,0.0
expr:PLLP,expression,0.0,0,0.0
expr:PVALB,expression,0.0,0,0.0
expr:PVALEF,expression,0.0,0,0.0
expr:RAD51AP1,expression,0.0,0,0.0
expr:RAD51AP2,expression,0.0,1,0.02
expr:RAD51B,expression,0.0,6,0.12
expr:RAD54B,expression,0.0,0,0.0
expr:RAD54L,expression,0.0,0,0.0
expr:RADIL,expression,0.0,0,0.0
expr:RAET1G,expression,0.0,2,0.04
expr:RAB7B,expression,0.0,2,0.04
expr:RAB9B,expression,0.0,3,0.06
expr:RAC3,expression,0.0,0,0.0
expr:RACGAP1,expression,0.0,0,0.0
expr:ECSCR,expression,0.0,1,0.02
expr:RAD50,expression,0.0,0,0.0
expr:RAD51,expression,0.0,0,0.0
expr:RAB3D,expression,0.0,0,0.0
expr:RAB42,expression,0.0,0,0.0
expr:RAB43,expression,0.0,0,0.0
expr:RAB44,expression,0.0,2,0.04
expr:RAB5IF,expression,0.0,0,0.0
expr:RAB26,expression,0.0,0,0.0
expr:RAB29,expression,0.0,0,0.0
expr:RAB33A,expression,0.0,0,0.0
expr:RAB36,expression,0.0,0,0.0
expr:RAB37,expression,0.0,8,0.16
expr:RAB39A,expression,0.0,1,0.02
expr:RAD21,expression,0.0,0,0.0
expr:PTPRN2,expression,0.0,0,0.0
expr:PTPRO,expression,0.0,0,0.0
expr:PTPRQ,expression,0.0,0,0.0
expr:PTPRR,expression,0.0,0,0.0
expr:PTPRS,expression,0.0,0,0.0
expr:DSPP,expression,0.0,0,0.0
expr:QRICH2,expression,0.0,0,0.0
expr:R3HDML,expression,0.0,0,0.0
expr:RAB11FIP1,expression,0.0,0,0.0
expr:RAB17,expression,0.0,1,0.02
expr:RAB23,expression,0.0,0,0.0
expr:RAB24,expression,0.0,2,0.04
expr:RAB25,expression,0.0,0,0.0
expr:PTX4,expression,0.0,0,0.0
expr:PZP,expression,0.0,1,0.02
expr:QDPR,expression,0.0,0,0.0
expr:QPCT,expression,0.0,0,0.0
expr:QPRT,expression,0.0,0,0.0
expr:QRFPR,expression,0.0,0,0.0
expr:PVRIG,expression,0.0,5,0.1
expr:PXDC1,expression,0.0,0,0.0
expr:PXT1,expression,0.0,0,0.0
expr:PYCARD,expression,0.0,2,0.04
expr:PYGL,expression,0.0,0,0.0
expr:PYGM,expression,0.0,0,0.0
expr:PTRH1,expression,0.0,0,0.0
expr:PTTG2,expression,0.0,0,0.0
expr:PTX3,expression,0.0,0,0.0
expr:PYROXD2,expression,0.0,0,0.0
expr:RASSF5,expression,0.0,1,0.02
expr:RASGEF1A,expression,0.0,0,0.0
expr:RASGEF1B,expression,0.0,1,0.02
expr:RASGEF1C,expression,0.0,0,0.0
expr:RASGRF1,expression,0.0,0,0.0
expr:RASGRF2,expression,0.0,2,0.04
expr:RASGRP2,expression,0.0,0,0.0
expr:RASGRP4,expression,0.0,0,0.0
expr:RASIP1,expression,0.0,0,0.0
expr:RARRES1,expression,0.0,0,0.0
expr:RASA1,expression,0.0,0,0.0
expr:RASAL3,expression,0.0,0,0.0
expr:RASD1,expression,0.0,0,0.0
expr:DSE,expression,0.0,0,0.0
expr:RANBP17,expression,0.0,0,0.0
expr:RANBP3L,expression,0.0,0,0.0
expr:RAP1GAP,expression,0.0,0,0.0
expr:RAPGEF3,expression,0.0,0,0.0
expr:RAPH1,expression,0.0,0,0.0
expr:RAPSN,expression,0.0,0,0.0
expr:RARB,expression,0.0,0,0.0
expr:RCVRN,expression,0.0,0,0.0
expr:RD3,expression,0.0,2,0.04
expr:RDH10,expression,0.0,2,0.04
expr:RDH12,expression,0.0,0,0.0
expr:RDH16,expression,0.0,0,0.0
expr:RDH5,expression,0.0,2,0.04
expr:RDX,expression,0.0,0,0.0
expr:RASD2,expression,0.0,0,0.0
expr:DSG1,expression,0.0,0,0.0
expr:DSG3,expression,0.0,0,0.0
expr:DSG4,expression,0.0,0,0.0
expr:RALYL,expression,0.0,0,0.0
expr:RAMACL,expression,0.0,1,0.02
expr:DRD2,expression,0.0,1,0.02
expr:DRGX,expression,0.0,0,0.0
expr:DRP2,expression,0.0,0,0.0
expr:DSC1,expression,0.0,5,0.1
expr:DSC3,expression,0.0,0,0.0
expr:DSCAML1,expression,0.0,0,0.0
expr:DSCC1,expression,0.0,0,0.0
expr:DPYSL3,expression,0.0,0,0.0
expr:RASSF2,expression,0.0,0,0.0
expr:DRAXIN,expression,0.0,0,0.0
expr:DRC1,expression,0.0,0,0.0
expr:DRC7,expression,0.0,0,0.0
expr:DRD1,expression,0.0,0,0.0
expr:RAF1,expression,0.0,0,0.0
expr:RAG1,expression,0.0,4,0.08
expr:RALGAPA2,expression,0.0,0,0.0
expr:DPYS,expression,0.0,0,0.0
expr:DPYSL2,expression,0.0,0,0.0
expr:RASL10A,expression,0.0,0,0.0
expr:RASL10B,expression,0.0,2,0.04
expr:RASL11B,expression,0.0,0,0.0
expr:RASL12,expression,0.0,2,0.04
expr:RASSF10,expression,0.0,0,0.0
expr:DRAM1,expression,0.0,2,0.04
expr:PRR35,expression,0.0,0,0.0
expr:PRRC2B,expression,0.0,0,0.0
expr:PRRG2,expression,0.0,0,0.0
expr:PRRG3,expression,0.0,0,0.0
expr:PRRT4,expression,0.0,0,0.0
expr:PRRX1,expression,0.0,0,0.0
expr:PRR11,expression,0.0,0,0.0
expr:PRR16,expression,0.0,0,0.0
expr:PRR18,expression,0.0,0,0.0
expr:PRR22,expression,0.0,0,0.0
expr:PRR27,expression,0.0,1,0.02
expr:PRR29,expression,0.0,0,0.0
expr:PRR33,expression,0.0,0,0.0
expr:DUOXA2,expression,0.0,0,0.0
expr:PTCHD4,expression,0.0,0,0.0
expr:PTCRA,expression,0.0,0,0.0
expr:PTGDR,expression,0.0,0,0.0
expr:PTGDR2,expression,0.0,11,0.22
expr:PTGDS,expression,0.0,1,0.02
expr:PTGER1,expression,0.0,8,0.16
expr:PSMB9,expression,0.0,0,0.0
expr:PSMD3,expression,0.0,0,0.0
expr:PSORS1C1,expression,0.0,0,0.0
expr:PSORS1C2,expression,0.0,1,0.02
expr:PSRC1,expression,0.0,0,0.0
expr:PSTPIP1,expression,0.0,0,0.0
expr:PTAFR,expression,0.0,0,0.0
expr:PTCH1,expression,0.0,0,0.0
expr:PTCHD1,expression,0.0,0,0.0
expr:ECT2,expression,0.0,0,0.0
expr:E2F7,expression,0.0,0,0.0
expr:E2F8,expression,0.0,0,0.0
expr:EAF2,expression,0.0,0,0.0
expr:EBF1,expression,0.0,0,0.0
expr:EBF2,expression,0.0,2,0.04
expr:EBF3,expression,0.0,1,0.02
expr:EBI3,expression,0.0,0,0.0
expr:EBLN1,expression,0.0,0,0.0
expr:PROS1,expression,0.0,9,0.18
expr:DZIP1,expression,0.0,0,0.0
expr:DZIP1L,expression,0.0,0,0.0
expr:E2F1,expression,0.0,0,0.0
expr:PRSS3,expression,0.0,0,0.0
expr:E2F5,expression,0.0,0,0.0
expr:PRSS33,expression,0.0,16,0.32
expr:PRSS35,expression,0.0,0,0.0
expr:PRSS37,expression,0.0,2,0.04
expr:PRSS41,expression,0.0,0,0.0
expr:PRSS51,expression,0.0,0,0.0
expr:PRSS53,expression,0.0,0,0.0
expr:PRSS55,expression,0.0,0,0.0
expr:PRSS1,expression,0.0,0,0.0
expr:PRSS12,expression,0.0,0,0.0
expr:PRSS2,expression,0.0,0,0.0
expr:PRSS21,expression,0.0,0,0.0
expr:PRSS22,expression,0.0,0,0.0
expr:PRSS23,expression,0.0,1,0.02
expr:E2F2,expression,0.0,0,0.0
expr:PTK6,expression,0.0,1,0.02
expr:PTK7,expression,0.0,0,0.0
expr:PTMS,expression,0.0,0,0.0
expr:PTN,expression,0.0,0,0.0
expr:PTP4A1,expression,0.0,0,0.0
expr:PTGER2,expression,0.0,0,0.0
expr:PTGES,expression,0.0,0,0.0
expr:PTGES3L,expression,0.0,0,0.0
expr:PTGIR,expression,0.0,1,0.02
expr:PTGIS,expression,0.0,0,0.0
expr:PTGS1,expression,0.0,0,0.0
expr:DYDC1,expression,0.0,5,0.1
expr:DYDC2,expression,0.0,8,0.16
expr:PSD,expression,0.0,0,0.0
expr:DYNC1I1,expression,0.0,0,0.0
expr:DYNC1LI2,expression,0.0,0,0.0
expr:DYNC2H1,expression,0.0,1,0.02
expr:DYNLRB2,expression,0.0,0,0.0
expr:DYRK3,expression,0.0,0,0.0
expr:DUSP15,expression,0.0,7,0.14
expr:DUSP2,expression,0.0,0,0.0
expr:DUSP4,expression,0.0,0,0.0
expr:DUSP8,expression,0.0,0,0.0
expr:DUSP9,expression,0.0,8,0.16
expr:DTL,expression,0.0,0,0.0
expr:DTX1,expression,0.0,0,0.0
expr:DTX4,expression,0.0,1,0.02
expr:DUOX2,expression,0.0,0,0.0
expr:DYNAP,expression,0.0,0,0.0
expr:PSD2,expression,0.0,0,0.0
expr:PSG4,expression,0.0,0,0.0
expr:PSG5,expression,0.0,0,0.0
expr:PSG9,expression,0.0,0,0.0
expr:PSMA2,expression,0.0,1,0.02
expr:PSMB8,expression,0.0,0,0.0
expr:PRSS57,expression,0.0,0,0.0
expr:PRTFDC1,expression,0.0,0,0.0
expr:PRTN3,expression,0.0,0,0.0
expr:PRUNE2,expression,0.0,0,0.0
expr:PRX,expression,0.0,0,0.0
expr:PSAPL1,expression,0.0,19,0.38
expr:PSAT1,expression,0.0,2,0.04
expr:PTHLH,expression,0.0,1,0.02
expr:PTPRD,expression,0.0,0,0.0
expr:PTPRG,expression,0.0,0,0.0
expr:PTPRJ,expression,0.0,0,0.0
expr:PTPRK,expression,0.0,0,0.0
expr:PTPRM,expression,0.0,0,0.0
expr:PTPRN,expression,0.0,0,0.0
expr:PTPN13,expression,0.0,2,0.04
expr:PTPN14,expression,0.0,0,0.0
expr:PTPN20,expression,0.0,0,0.0
expr:PTPN3,expression,0.0,0,0.0
expr:PTPN5,expression,0.0,0,0.0
expr:PTPN7,expression,0.0,0,0.0
expr:PTH1R,expression,0.0,0,0.0
expr:PTH2R,expression,0.0,0,0.0
expr:PTPRC,expression,0.0,4,0.08
expr:HMX3,expression,0.0,1,0.02
expr:HPSE2,expression,0.0,3,0.06
expr:HR,expression,0.0,0,0.0
expr:HRC,expression,0.0,5,0.1
expr:HRCT1,expression,0.0,1,0.02
expr:HRH1,expression,0.0,0,0.0
expr:HRH3,expression,0.0,0,0.0
expr:HRH4,expression,0.0,0,0.0
expr:HP,expression,0.0,0,0.0
expr:HPCAL4,expression,0.0,0,0.0
expr:HPD,expression,0.0,0,0.0
expr:HPDL,expression,0.0,0,0.0
expr:HPR,expression,0.0,0,0.0
expr:MRLN,expression,0.0,0,0.0
expr:HPSE,expression,0.0,1,0.02
expr:HOXC9,expression,0.0,0,0.0
expr:HOXD10,expression,0.0,0,0.0
expr:HOXD13,expression,0.0,0,0.0
expr:HOXD3,expression,0.0,0,0.0
expr:HOXD4,expression,0.0,0,0.0
expr:HOXD8,expression,0.0,0,0.0
expr:HOXD9,expression,0.0,0,0.0
expr:HOXB9,expression,0.0,0,0.0
expr:HOXC10,expression,0.0,0,0.0
expr:HOXC11,expression,0.0,0,0.0
expr:HOXC13,expression,0.0,0,0.0
expr:HOXC4,expression,0.0,0,0.0
expr:HPS3,expression,0.0,2,0.04
expr:FSIP2,expression,0.0,0,0.0
expr:FST,expression,0.0,0,0.0
expr:HOXB2,expression,0.0,0,0.0
expr:HOXB3,expression,0.0,0,0.0
expr:HOXB4,expression,0.0,0,0.0
expr:HOXB5,expression,0.0,0,0.0
expr:HOXB6,expression,0.0,1,0.02
expr:HOXB7,expression,0.0,0,0.0
expr:HOXB8,expression,0.0,0,0.0
expr:HOXA10,expression,0.0,0,0.0
expr:HOXA13,expression,0.0,0,0.0
expr:HOXA2,expression,0.0,0,0.0
expr:HOXA3,expression,0.0,0,0.0
expr:HMX2,expression,0.0,0,0.0
expr:HOXA5,expression,0.0,1,0.02
expr:HOXA6,expression,0.0,0,0.0
expr:HOXA7,expression,0.0,1,0.02
expr:HNF1B,expression,0.0,1,0.02
expr:HNF4A,expression,0.0,0,0.0
expr:HOATZ,expression,0.0,0,0.0
expr:HOGA1,expression,0.0,0,0.0
expr:HOPX,expression,0.0,1,0.02
expr:HORMAD2,expression,0.0,0,0.0
expr:HOXA1,expression,0.0,0,0.0
expr:HMGN5,expression,0.0,0,0.0
expr:HMHB1,expression,0.0,0,0.0
expr:HMMR,expression,0.0,0,0.0
expr:HMSD,expression,0.0,0,0.0
expr:HOXA4,expression,0.0,1,0.02
expr:HS3ST3B1,expression,0.0,0,0.0
expr:HS3ST4,expression,0.0,0,0.0
expr:HS3ST5,expression,0.0,0,0.0
expr:HS3ST6,expression,0.0,0,0.0
expr:HS6ST2,expression,0.0,0,0.0
expr:HYAL1,expression,0.0,0,0.0
expr:HYDIN,expression,0.0,1,0.02
expr:HYPK,expression,0.0,0,0.0
expr:IBSP,expression,0.0,0,0.0
expr:ICAM1,expression,0.0,0,0.0
expr:ICAM2,expression,0.0,0,0.0
expr:ICAM3,expression,0.0,4,0.08
expr:HTR4,expression,0.0,0,0.0
expr:HOXC5,expression,0.0,0,0.0
expr:HTRA1,expression,0.0,0,0.0
expr:HTRA3,expression,0.0,0,0.0
expr:HTRA4,expression,0.0,0,0.0
expr:HUNK,expression,0.0,0,0.0
expr:HUS1B,expression,0.0,1,0.02
expr:HTR1B,expression,0.0,0,0.0
expr:HTR1E,expression,0.0,0,0.0
expr:HTR1F,expression,0.0,1,0.02
expr:HTR2A,expression,0.0,0,0.0
expr:HTR2B,expression,0.0,0,0.0
expr:HTR2C,expression,0.0,0,0.0
expr:HTR3A,expression,0.0,0,0.0
expr:HTR3B,expression,0.0,0,0.0
expr:HSPB7,expression,0.0,0,0.0
expr:HTR7,expression,0.0,0,0.0
expr:HOXC6,expression,0.0,0,0.0
expr:HOXC8,expression,0.0,0,0.0
expr:HSH2D,expression,0.0,0,0.0
expr:HSPA12B,expression,0.0,0,0.0
expr:HSPA1A,expression,0.0,0,0.0
expr:HSPA4L,expression,0.0,0,0.0
expr:HSPA6,expression,0.0,2,0.04
expr:HSPB1,expression,0.0,0,0.0
expr:HSPB3,expression,0.0,0,0.0
expr:HSPB6,expression,0.0,0,0.0
expr:HSD17B6,expression,0.0,0,0.0
expr:HSD3B1,expression,0.0,0,0.0
expr:HSD3B2,expression,0.0,0,0.0
expr:HS3ST3A1,expression,0.0,0,0.0
expr:HSF5,expression,0.0,0,0.0
expr:HSFX1,expression,0.0,0,0.0
expr:HSFX2,expression,0.0,0,0.0
expr:HSFX4,expression,0.0,12,0.24
expr:HS6ST3,expression,0.0,4,0.08
expr:HSD11B1,expression,0.0,3,0.06
expr:HSD11B1L,expression,0.0,0,0.0
expr:HSD11B2,expression,0.0,0,0.0
expr:HSD17B1,expression,0.0,0,0.0
expr:HSD17B11,expression,0.0,2,0.04
expr:HSD17B13,expression,0.0,0,0.0
expr:HSD17B2,expression,0.0,0,0.0
expr:HRNR,expression,0.0,0,0.0
expr:HS3ST2,expression,0.0,1,0.02
expr:HSF4,expression,0.0,0,0.0
expr:HAS1,expression,0.0,0,0.0
expr:HAS2,expression,0.0,1,0.02
expr:HASPIN,expression,0.0,0,0.0
expr:HGD,expression,0.0,0,0.0
expr:HGF,expression,0.0,0,0.0
expr:HGFAC,expression,0.0,0,0.0
expr:HHATL,expression,0.0,0,0.0
expr:HHLA2,expression,0.0,0,0.0
expr:HIC1,expression,0.0,0,0.0
expr:HERC5,expression,0.0,0,0.0
expr:HERC6,expression,0.0,0,0.0
expr:HES2,expression,0.0,0,0.0
expr:HES6,expression,0.0,0,0.0
expr:FSD2,expression,0.0,0,0.0
expr:HFE,expression,0.0,0,0.0
expr:HFM1,expression,0.0,0,0.0
expr:HELB,expression,0.0,0,0.0
expr:HELZ2,expression,0.0,0,0.0
expr:HEMGN,expression,0.0,0,0.0
expr:HENMT1,expression,0.0,0,0.0
expr:HEPACAM,expression,0.0,0,0.0
expr:HEPH,expression,0.0,1,0.02
expr:HEPHL1,expression,0.0,0,0.0
expr:HERC3,expression,0.0,1,0.02
expr:HDX,expression,0.0,0,0.0
expr:HEATR1,expression,0.0,1,0.02
expr:HEATR9,expression,0.0,0,0.0
expr:HEYL,expression,0.0,0,0.0
expr:H3-4,expression,0.0,0,0.0
expr:H3C14,expression,0.0,0,0.0
expr:HCRTR1,expression,0.0,0,0.0
expr:HCRTR2,expression,0.0,0,0.0
expr:HCST,expression,0.0,0,0.0
expr:HDAC10,expression,0.0,0,0.0
expr:HDAC9,expression,0.0,0,0.0
expr:HDC,expression,0.0,0,0.0
expr:HCAR1,expression,0.0,1,0.02
expr:HCAR2,expression,0.0,0,0.0
expr:HCAR3,expression,0.0,0,0.0
expr:HCK,expression,0.0,0,0.0
expr:HCLS1,expression,0.0,0,0.0
expr:HAPLN3,expression,0.0,1,0.02
expr:HCN2,expression,0.0,1,0.02
expr:HCN3,expression,0.0,0,0.0
expr:HAVCR1,expression,0.0,0,0.0
expr:HAVCR2,expression,0.0,0,0.0
expr:HBA1,expression,0.0,0,0.0
expr:HBA2,expression,0.0,0,0.0
expr:HBB,expression,0.0,0,0.0
expr:HBD,expression,0.0,0,0.0
expr:HBEGF,expression,0.0,0,0.0
expr:HBQ1,expression,0.0,0,0.0
expr:HAO1,expression,0.0,0,0.0
expr:HAO2,expression,0.0,0,0.0
expr:HAP1,expression,0.0,1,0.02
expr:HAPLN2,expression,0.0,0,0.0
expr:HCN1,expression,0.0,0,0.0
expr:HILPDA,expression,0.0,0,0.0
expr:HINT2,expression,0.0,0,0.0
expr:HIVEP2,expression,0.0,0,0.0
expr:FUT9,expression,0.0,0,0.0
expr:HMGA1,expression,0.0,2,0.04
expr:HMGA2,expression,0.0,0,0.0
expr:HMGCLL1,expression,0.0,0,0.0
expr:HMGCS1,expression,0.0,0,0.0
expr:HMGCS2,expression,0.0,0,0.0
expr:FTMT,expression,0.0,0,0.0
expr:FUOM,expression,0.0,3,0.06
expr:FUT1,expression,0.0,0,0.0
expr:FUT2,expression,0.0,0,0.0
expr:HEBP1,expression,0.0,0,0.0
expr:FUT4,expression,0.0,0,0.0
expr:FUT6,expression,0.0,0,0.0
expr:FUT7,expression,0.0,0,0.0
expr:FSTL1,expression,0.0,0,0.0
expr:FSTL3,expression,0.0,0,0.0
expr:FSTL4,expression,0.0,0,0.0
expr:FSTL5,expression,0.0,0,0.0
expr:FTCD,expression,0.0,1,0.02
expr:FTCDNL1,expression,0.0,0,0.0
expr:FTH1,expression,0.0,0,0.0
expr:FTHL17,expression,0.0,3,0.06
expr:FSBP,expression,0.0,0,0.0
expr:FSD1,expression,0.0,0,0.0
expr:FSD1L,expression,0.0,1,0.02
expr:FUT3,expression,0.0,6,0.12
expr:HECW1,expression,0.0,0,0.0
expr:HECW2,expression,0.0,1,0.02
expr:HEG1,expression,0.0,0,0.0
expr:HLA-DRB5,expression,0.0,0,0.0
expr:HLA-F,expression,0.0,0,0.0
expr:HLA-G,expression,0.0,0,0.0
expr:HLTF,expression,0.0,0,0.0
expr:HMCN2,expression,0.0,0,0.0
expr:FRY,expression,0.0,2,0.04
expr:FRZB,expression,0.0,0,0.0
expr:HLA-DMB,expression,0.0,0,0.0
expr:HLA-DOA,expression,0.0,2,0.04
expr:HLA-DPA1,expression,0.0,10,0.2
expr:HIGD2B,expression,0.0,0,0.0
expr:HLA-DQA2,expression,0.0,0,0.0
expr:HLA-DQB1,expression,0.0,2,0.04
expr:HLA-DRA,expression,0.0,8,0.16
expr:HLA-DRB1,expression,0.0,0,0.0
expr:HJURP,expression,0.0,0,0.0
expr:HJV,expression,0.0,0,0.0
expr:HK2,expression,0.0,0,0.0
expr:HKDC1,expression,0.0,0,0.0
expr:HLA-A,expression,0.0,0,0.0
expr:HLA-B,expression,0.0,0,0.0
expr:HLA-C,expression,0.0,0,0.0
expr:HLA-DMA,expression,0.0,3,0.06
expr:HIF1A,expression,0.0,0,0.0
expr:HIF3A,expression,0.0,0,0.0
expr:HLA-DPB1,expression,0.0,2,0.04
expr:INMT,expression,0.0,0,0.0
expr:INO80B,expression,0.0,0,0.0
expr:INPP5D,expression,0.0,1,0.02
expr:INSC,expression,0.0,1,0.02
expr:IMPA2,expression,0.0,0,0.0
expr:IMPG2,expression,0.0,12,0.24
expr:INA,expression,0.0,0,0.0
expr:INAVA,expression,0.0,0,0.0
expr:INCENP,expression,0.0,0,0.0
expr:INHBA,expression,0.0,0,0.0
expr:INHBB,expression,0.0,1,0.02
expr:IL6R,expression,0.0,0,0.0
expr:IL7,expression,0.0,1,0.02
expr:HSPB8,expression,0.0,0,0.0
expr:ILDR2,expression,0.0,1,0.02
expr:IL32,expression,0.0,0,0.0
expr:IL34,expression,0.0,0,0.0
expr:IL36G,expression,0.0,0,0.0
expr:IL36RN,expression,0.0,7,0.14
expr:IL37,expression,0.0,0,0.0
expr:IL4I1,expression,0.0,2,0.04
expr:IL5,expression,0.0,0,0.0
expr:IL6,expression,0.0,0,0.0
expr:IRAG1,expression,0.0,0,0.0
expr:IRAG2,expression,0.0,0,0.0
expr:IRAK2,expression,0.0,0,0.0
expr:IRF1,expression,0.0,2,0.04
expr:IL9R,expression,0.0,2,0.04
expr:FOXL2NB,expression,0.0,0,0.0
expr:FOXM1,expression,0.0,0,0.0
expr:IL2RA,expression,0.0,3,0.06
expr:IL2RB,expression,0.0,4,0.08
expr:IL2RG,expression,0.0,4,0.08
expr:IL31RA,expression,0.0,0,0.0
expr:FOXF1,expression,0.0,0,0.0
expr:FOXF2,expression,0.0,0,0.0
expr:FOXG1,expression,0.0,1,0.02
expr:FOXH1,expression,0.0,0,0.0
expr:FOXI1,expression,0.0,0,0.0
expr:FOXI3,expression,0.0,0,0.0
expr:FOXD2,expression,0.0,0,0.0
expr:INKA2,expression,0.0,0,0.0
expr:FOXD4,expression,0.0,0,0.0
expr:FOXD4L1,expression,0.0,0,0.0
expr:FOXD4L4,expression,0.0,1,0.02
expr:FOXD4L5,expression,0.0,0,0.0
expr:FOXE1,expression,0.0,0,0.0
expr:FOXE3,expression,0.0,0,0.0
expr:FOSL1,expression,0.0,0,0.0
expr:FOXA1,expression,0.0,34,0.68
expr:FOXA3,expression,0.0,0,0.0
expr:FOXB1,expression,0.0,0,0.0
expr:FOXC1,expression,0.0,0,0.0
expr:FOXC2,expression,0.0,0,0.0
expr:INHBC,expression,0.0,0,0.0
expr:INHBE,expression,0.0,0,0.0
expr:FOXD3,expression,0.0,0,0.0
expr:ITGB4,expression,0.0,0,0.0
expr:ITGA2B,expression,0.0,2,0.04
expr:ITGA3,expression,0.0,1,0.02
expr:ITGA4,expression,0.0,0,0.0
expr:ITGA6,expression,0.0,0,0.0
expr:ITGA7,expression,0.0,0,0.0
expr:ITGA8,expression,0.0,5,0.1
expr:ISLR,expression,0.0,0,0.0
expr:ISLR2,expression,0.0,0,0.0
expr:ISM2,expression,0.0,0,0.0
expr:ISX,expression,0.0,0,0.0
expr:ITGA1,expression,0.0,0,0.0
expr:ITGA11,expression,0.0,0,0.0
expr:IRF4,expression,0.0,2,0.04
expr:IRF9,expression,0.0,0,0.0
expr:IRGM,expression,0.0,0,0.0
expr:IRX2,expression,0.0,0,0.0
expr:IRX6,expression,0.0,0,0.0
expr:ISG20,expression,0.0,0,0.0
expr:ISL2,expression,0.0,1,0.02
expr:FNDC7,expression,0.0,0,0.0
expr:FNIP2,expression,0.0,3,0.06
expr:FO681492.1,expression,0.0,0,0.0
expr:FOLH1,expression,0.0,0,0.0
expr:FOLR1,expression,0.0,0,0.0
expr:ITIH1,expression,0.0,0,0.0
expr:ITIH2,expression,0.0,0,0.0
expr:ITIH3,expression,0.0,1,0.02
expr:IRF8,expression,0.0,0,0.0
expr:IRF6,expression,0.0,0,0.0
expr:IRF7,expression,0.0,0,0.0
expr:IQCA1,expression,0.0,1,0.02
expr:IQCD,expression,0.0,3,0.06
expr:IQCH,expression,0.0,22,0.44
expr:IQCJ,expression,0.0,0,0.0
expr:IQCJ-SCHIP1,expression,0.0,0,0.0
expr:IQCM,expression,0.0,0,0.0
expr:IQGAP3,expression,0.0,0,0.0
expr:INTS2,expression,0.0,0,0.0
expr:INTS6L,expression,0.0,0,0.0
expr:IP6K3,expression,0.0,0,0.0
expr:IPO4,expression,0.0,0,0.0
expr:ITGB3,expression,0.0,0,0.0
expr:IQANK1,expression,0.0,0,0.0
expr:INSL3,expression,0.0,0,0.0
expr:INSL4,expression,0.0,0,0.0
expr:INSL5,expression,0.0,0,0.0
expr:INSL6,expression,0.0,0,0.0
expr:INSM1,expression,0.0,0,0.0
expr:INSM2,expression,0.0,1,0.02
expr:INSYN1,expression,0.0,0,0.0
expr:INSYN2B,expression,0.0,0,0.0
expr:ITGAM,expression,0.0,0,0.0
expr:ITGAV,expression,0.0,0,0.0
expr:ITGAX,expression,0.0,0,0.0
expr:ITGB1,expression,0.0,0,0.0
expr:ITGB2,expression,0.0,0,0.0
expr:IPPK,expression,0.0,0,0.0
expr:FOXN2,expression,0.0,0,0.0
expr:FOXO3B,expression,0.0,0,0.0
expr:FOXO6,expression,0.0,0,0.0
expr:IFNL1,expression,0.0,0,0.0
expr:IFNL2,expression,0.0,0,0.0
expr:IFNL3,expression,0.0,0,0.0
expr:IGBP1P2,expression,0.0,0,0.0
expr:IFIT2,expression,0.0,0,0.0
expr:IFIT3,expression,0.0,0,0.0
expr:IFITM1,expression,0.0,0,0.0
expr:IFITM2,expression,0.0,1,0.02
expr:IFITM3,expression,0.0,0,0.0
expr:IFITM5,expression,0.0,0,0.0
expr:FOXL2,expression,0.0,0,0.0
expr:IFI27L2,expression,0.0,0,0.0
expr:IFI35,expression,0.0,0,0.0
expr:IFI44,expression,0.0,0,0.0
expr:IFI44L,expression,0.0,0,0.0
expr:IFIH1,expression,0.0,0,0.0
expr:IFIT1,expression,0.0,0,0.0
expr:IFIT1B,expression,0.0,1,0.02
expr:ID4,expression,0.0,0,0.0
expr:IDO2,expression,0.0,4,0.08
expr:IDS,expression,0.0,0,0.0
expr:IDUA,expression,0.0,1,0.02
expr:IER2,expression,0.0,0,0.0
expr:IFFO2,expression,0.0,0,0.0
expr:IFI16,expression,0.0,0,0.0
expr:IFI27,expression,0.0,0,0.0
expr:HSPB9,expression,0.0,0,0.0
expr:HSPG2,expression,0.0,0,0.0
expr:HTATIP2,expression,0.0,0,0.0
expr:HTD2,expression,0.0,0,0.0
expr:HTR1A,expression,0.0,3,0.06
expr:FRMD5,expression,0.0,0,0.0
expr:FRMD7,expression,0.0,0,0.0
expr:FRMPD1,expression,0.0,0,0.0
expr:FRMPD3,expression,0.0,0,0.0
expr:FRMPD4,expression,0.0,0,0.0
expr:FRRS1L,expression,0.0,0,0.0
expr:ID1,expression,0.0,0,0.0
expr:FRAS1,expression,0.0,0,0.0
expr:FOXN1,expression,0.0,6,0.12
expr:FRG2B,expression,0.0,2,0.04
expr:FRG2C,expression,0.0,0,0.0
expr:FRK,expression,0.0,0,0.0
expr:FRMD1,expression,0.0,0,0.0
expr:FRMD3,expression,0.0,0,0.0
expr:FOXP3,expression,0.0,0,0.0
expr:FOXS1,expression,0.0,0,0.0
expr:FP565260.1,expression,0.0,0,0.0
expr:FP565260.3,expression,0.0,0,0.0
expr:FPR1,expression,0.0,0,0.0
expr:FPR2,expression,0.0,2,0.04
expr:FPR3,expression,0.0,0,0.0
expr:ICOS,expression,0.0,0,0.0
expr:ICOSLG,expression,0.0,0,0.0
expr:FREM3,expression,0.0,0,0.0
expr:IL23R,expression,0.0,1,0.02
expr:IL25,expression,0.0,0,0.0
expr:IL26,expression,0.0,0,0.0
expr:IL27,expression,0.0,1,0.02
expr:IL27RA,expression,0.0,0,0.0
expr:FOLR3,expression,0.0,0,0.0
expr:IL1RAPL1,expression,0.0,0,0.0
expr:IL1RAPL2,expression,0.0,3,0.06
expr:IL1RL2,expression,0.0,0,0.0
expr:IL1RN,expression,0.0,0,0.0
expr:IL21,expression,0.0,2,0.04
expr:IL21R,expression,0.0,0,0.0
expr:IL17RE,expression,0.0,0,0.0
expr:IL10,expression,0.0,3,0.06
expr:IL18R1,expression,0.0,0,0.0
expr:IL18RAP,expression,0.0,0,0.0
expr:IL19,expression,0.0,0,0.0
expr:IL1A,expression,0.0,0,0.0
expr:IL1R1,expression,0.0,0,0.0
expr:IL1R2,expression,0.0,0,0.0
expr:IL13,expression,0.0,0,0.0
expr:IL13RA2,expression,0.0,0,0.0
expr:IL15,expression,0.0,0,0.0
expr:IL15RA,expression,0.0,0,0.0
expr:IL16,expression,0.0,15,0.3
expr:IL17B,expression,0.0,1,0.02
expr:IL17D,expression,0.0,0,0.0
expr:FOXL1,expression,0.0,2,0.04
expr:IL18BP,expression,0.0,2,0.04
expr:IL10RA,expression,0.0,0,0.0
expr:IL11,expression,0.0,0,0.0
expr:IL12A,expression,0.0,0,0.0
expr:IL12RB1,expression,0.0,0,0.0
expr:IL12RB2,expression,0.0,0,0.0
expr:IGSF22,expression,0.0,0,0.0
expr:IGSF23,expression,0.0,0,0.0
expr:IGSF5,expression,0.0,0,0.0
expr:IGSF6,expression,0.0,0,0.0
expr:IGSF9,expression,0.0,0,0.0
expr:IGSF9B,expression,0.0,0,0.0
expr:IHH,expression,0.0,0,0.0
expr:IHO1,expression,0.0,0,0.0
expr:IL22RA2,expression,0.0,0,0.0
expr:IGFL1,expression,0.0,1,0.02
expr:IGFL2,expression,0.0,0,0.0
expr:IGFL3,expression,0.0,0,0.0
expr:IGFN1,expression,0.0,4,0.08
expr:IGLL1,expression,0.0,1,0.02
expr:IGSF11,expression,0.0,1,0.02
expr:IGSF21,expression,0.0,0,0.0
expr:IGF2BP2,expression,0.0,0,0.0
expr:IGF2BP3,expression,0.0,0,0.0
expr:IGFBP1,expression,0.0,1,0.02
expr:IGFBP2,expression,0.0,0,0.0
expr:IGFBP5,expression,0.0,0,0.0
expr:IGFBP6,expression,0.0,0,0.0
expr:IL22RA1,expression,0.0,0,0.0
expr:IGFBPL1,expression,0.0,0,0.0
expr:GJA3,expression,0.0,0,0.0
expr:GMPR,expression,0.0,0,0.0
expr:GNA14,expression,0.0,0,0.0
expr:GNA15,expression,0.0,0,0.0
expr:GNAI1,expression,0.0,1,0.02
expr:GNAL,expression,0.0,2,0.04
expr:GNAT1,expression,0.0,0,0.0
expr:GNAT3,expression,0.0,0,0.0
expr:GLYAT,expression,0.0,1,0.02
expr:GLYATL1,expression,0.0,0,0.0
expr:GLYATL1B,expression,0.0,2,0.04
expr:GLYATL3,expression,0.0,0,0.0
expr:GMCL2,expression,0.0,0,0.0
expr:H3-2,expression,0.0,0,0.0
expr:GMNN,expression,0.0,0,0.0
expr:GLRB,expression,0.0,7,0.14
expr:GLRX,expression,0.0,0,0.0
expr:GLS,expression,0.0,0,0.0
expr:GLS2,expression,0.0,0,0.0
expr:GLT1D1,expression,0.0,0,0.0
expr:GLT8D2,expression,0.0,1,0.02
expr:GLTPD2,expression,0.0,0,0.0
expr:GLIPR2,expression,0.0,1,0.02
expr:GLIS1,expression,0.0,1,0.02
expr:GLIS2,expression,0.0,0,0.0
expr:GLIS3,expression,0.0,0,0.0
expr:GLOD5,expression,0.0,0,0.0
expr:GMFG,expression,0.0,1,0.02
expr:GDPD4,expression,0.0,0,0.0
expr:GLDC,expression,0.0,0,0.0
expr:GLDN,expression,0.0,0,0.0
expr:GLI2,expression,0.0,6,0.12
expr:GLI3,expression,0.0,8,0.16
expr:GLIPR1,expression,0.0,1,0.02
expr:GLIPR1L1,expression,0.0,3,0.06
expr:GLIPR1L2,expression,0.0,0,0.0
expr:GJB7,expression,0.0,0,0.0
expr:GJC1,expression,0.0,0,0.0
expr:GJC2,expression,0.0,1,0.02
expr:GK,expression,0.0,5,0.1
expr:GK3P,expression,0.0,0,0.0
expr:GIPR,expression,0.0,0,0.0
expr:GLB1L3,expression,0.0,0,0.0
expr:GJA4,expression,0.0,0,0.0
expr:GJA5,expression,0.0,0,0.0
expr:GJB1,expression,0.0,0,0.0
expr:GJB2,expression,0.0,0,0.0
expr:GJB3,expression,0.0,0,0.0
expr:GJB4,expression,0.0,0,0.0
expr:GJB5,expression,0.0,3,0.06
expr:GJB6,expression,0.0,2,0.04
expr:GIMAP8,expression,0.0,0,0.0
expr:GINS1,expression,0.0,0,0.0
expr:GINS2,expression,0.0,0,0.0
expr:GINS4,expression,0.0,0,0.0
expr:GIPC2,expression,0.0,1,0.02
expr:GLB1L2,expression,0.0,0,0.0
expr:GNG10,expression,0.0,0,0.0
expr:GNG11,expression,0.0,0,0.0
expr:GNG12,expression,0.0,0,0.0
expr:GNG13,expression,0.0,0,0.0
expr:GNG2,expression,0.0,6,0.12
expr:GPR1,expression,0.0,0,0.0
expr:GPR12,expression,0.0,0,0.0
expr:GPR137B,expression,0.0,1,0.02
expr:GPR137C,expression,0.0,0,0.0
expr:GPR139,expression,0.0,3,0.06
expr:GPR141,expression,0.0,0,0.0
expr:GPR142,expression,0.0,0,0.0
expr:GPR143,expression,0.0,0,0.0
expr:GLP1R,expression,0.0,2,0.04
expr:GPHA2,expression,0.0,0,0.0
expr:GPIHBP1,expression,0.0,0,0.0
expr:GPM6B,expression,0.0,0,0.0
expr:GPNMB,expression,0.0,0,0.0
expr:GPBAR1,expression,0.0,0,0.0
expr:GPC2,expression,0.0,0,0.0
expr:GPC3,expression,0.0,0,0.0
expr:GPC4,expression,0.0,0,0.0
expr:GPC5,expression,0.0,0,0.0
expr:GPC6,expression,0.0,0,0.0
expr:GPD1,expression,0.0,3,0.06
expr:GOLGA8R,expression,0.0,0,0.0
expr:GOLGA8S,expression,0.0,0,0.0
expr:GOLM1,expression,0.0,0,0.0
expr:GPER1,expression,0.0,0,0.0
expr:GLP2R,expression,0.0,0,0.0
expr:GLRA4,expression,0.0,0,0.0
expr:GOLGA7B,expression,0.0,0,0.0
expr:GOLGA8A,expression,0.0,0,0.0
expr:GOLGA8B,expression,0.0,0,0.0
expr:GOLGA8K,expression,0.0,0,0.0
expr:GOLGA8M,expression,0.0,0,0.0
expr:GOLGA8N,expression,0.0,0,0.0
expr:GOLGA8O,expression,0.0,0,0.0
expr:GOLGA8Q,expression,0.0,0,0.0
expr:GNRH1,expression,0.0,0,0.0
expr:GNRH2,expression,0.0,0,0.0
expr:GNRHR,expression,0.0,3,0.06
expr:GNE,expression,0.0,0,0.0
expr:GOLGA6L4,expression,0.0,0,0.0
expr:GOLGA6L7,expression,0.0,0,0.0
expr:GOLGA6L9,expression,0.0,0,0.0
expr:GOLGA7,expression,0.0,0,0.0
expr:GNG3,expression,0.0,0,0.0
expr:GNG4,expression,0.0,0,0.0
expr:GNG7,expression,0.0,0,0.0
expr:GNG8,expression,0.0,1,0.02
expr:GNGT1,expression,0.0,0,0.0
expr:GNGT2,expression,0.0,0,0.0
expr:GNLY,expression,0.0,0,0.0
expr:GNPNAT1,expression,0.0,0,0.0
expr:GNAZ,expression,0.0,0,0.0
expr:GNB4,expression,0.0,0,0.0
expr:GOLGA6L10,expression,0.0,0,0.0
meth:ZNF835,methylation,0.0,0,0.0
expr:GCGR,expression,0.0,0,0.0
expr:GCH1,expression,0.0,0,0.0
expr:GCK,expression,0.0,0,0.0
expr:GCKR,expression,0.0,0,0.0
expr:GCM1,expression,0.0,1,0.02
expr:GCNT1,expression,0.0,1,0.02
expr:GCNT2,expression,0.0,0,0.0
expr:GCNT3,expression,0.0,0,0.0
clin:pam50_Basal,clinical,0.0,36,0.72
expr:GBP1,expression,0.0,2,0.04
expr:GBP3,expression,0.0,4,0.08
expr:GBP5,expression,0.0,0,0.0
expr:GDPD3,expression,0.0,0,0.0
meth:ZP2,methylation,0.0,0,0.0
meth:ZP4,methylation,0.0,0,0.0
meth:ZPBP,methylation,0.0,0,0.0
meth:ZPBP2,methylation,0.0,0,0.0
meth:ZSCAN1,methylation,0.0,0,0.0
meth:ZSCAN10,methylation,0.0,0,0.0
meth:ZSCAN12,methylation,0.0,0,0.0
meth:ZNF844,methylation,0.0,0,0.0
meth:ZNF878,methylation,0.0,0,0.0
meth:ZNF879,methylation,0.0,0,0.0
meth:ZNF880,methylation,0.0,0,0.0
meth:ZNF91,methylation,0.0,0,0.0
meth:ZNF93,methylation,0.0,0,0.0
meth:ZNRF3,methylation,0.0,0,0.0
meth:ZP1,methylation,0.0,9,0.18
clin:pam50_Her2,clinical,0.0,0,0.0
clin:pam50_LumA,clinical,0.0,40,0.8
clin:pam50_LumB,clinical,0.0,1,0.02
expr:ABCB11,expression,0.0,1,0.02
meth:ZNF80,methylation,0.0,0,0.0
meth:ZNF804A,methylation,0.0,0,0.0
meth:ZNF813,methylation,0.0,0,0.0
meth:ZNF826,methylation,0.0,0,0.0
meth:ZNF83,methylation,0.0,0,0.0
expr:A4GNT,expression,0.0,0,0.0
expr:ABCA1,expression,0.0,0,0.0
expr:ABCA12,expression,0.0,0,0.0
expr:ABCA13,expression,0.0,0,0.0
expr:A4GALT,expression,0.0,0,0.0
expr:ABCA4,expression,0.0,0,0.0
expr:ABCA6,expression,0.0,3,0.06
expr:AADAC,expression,0.0,0,0.0
expr:AADACL2,expression,0.0,0,0.0
expr:AADAT,expression,0.0,0,0.0
expr:AANAT,expression,0.0,0,0.0
expr:AARD,expression,0.0,0,0.0
expr:AARSD1,expression,0.0,0,0.0
expr:AATK,expression,0.0,0,0.0
clin:pam50_Normal,clinical,0.0,0,0.0
expr:A1BG,expression,0.0,0,0.0
expr:A1CF,expression,0.0,0,0.0
expr:A2M,expression,0.0,2,0.04
expr:A3GALT2,expression,0.0,0,0.0
expr:ABCA3,expression,0.0,0,0.0
expr:GHRHR,expression,0.0,0,0.0
expr:GHSR,expression,0.0,0,0.0
expr:GIMAP1,expression,0.0,1,0.02
expr:GIMAP4,expression,0.0,1,0.02
expr:GIMAP5,expression,0.0,1,0.02
expr:GIMAP6,expression,0.0,1,0.02
expr:GGH,expression,0.0,0,0.0
expr:GGT1,expression,0.0,0,0.0
expr:GGT2,expression,0.0,0,0.0
expr:GGT5,expression,0.0,1,0.02
expr:GGT6,expression,0.0,0,0.0
expr:GGTA1,expression,0.0,0,0.0
expr:GGTLC2,expression,0.0,0,0.0
meth:ZNRF4,methylation,0.0,0,0.0
expr:GEM,expression,0.0,0,0.0
expr:GET4,expression,0.0,0,0.0
expr:GFAP,expression,0.0,0,0.0
expr:GFI1B,expression,0.0,0,0.0
expr:GFPT2,expression,0.0,0,0.0
expr:GFRA2,expression,0.0,0,0.0
expr:GFRA3,expression,0.0,0,0.0
expr:GFY,expression,0.0,0,0.0
expr:GATD3B,expression,0.0,0,0.0
expr:GDF6,expression,0.0,0,0.0
expr:GDF7,expression,0.0,0,0.0
expr:GDF9,expression,0.0,2,0.04
expr:GDPD1,expression,0.0,2,0.04
expr:GDPD2,expression,0.0,0,0.0
expr:GHRH,expression,0.0,0,0.0
expr:GASK1A,expression,0.0,0,0.0
expr:GASK1B,expression,0.0,0,0.0
expr:GATA1,expression,0.0,1,0.02
expr:GATA2,expression,0.0,0,0.0
expr:GATA5,expression,0.0,0,0.0
expr:GATA6,expression,0.0,0,0.0
expr:GATD3A,expression,0.0,0,0.0
expr:GAP43,expression,0.0,0,0.0
expr:GAREM2,expression,0.0,0,0.0
expr:GARNL3,expression,0.0,0,0.0
expr:GAS1,expression,0.0,0,0.0
expr:GAS2,expression,0.0,1,0.02
expr:GAS2L2,expression,0.0,0,0.0
expr:GDF5,expression,0.0,0,0.0
expr:GAS7,expression,0.0,2,0.04
expr:GALNT4,expression,0.0,0,0.0
expr:GALNT5,expression,0.0,0,0.0
expr:GALNT7,expression,0.0,0,0.0
expr:GALNT8,expression,0.0,0,0.0
expr:GALNT9,expression,0.0,1,0.02
expr:GALR2,expression,0.0,0,0.0
expr:GALR3,expression,0.0,1,0.02
expr:GAMT,expression,0.0,0,0.0
expr:GCOM1,expression,0.0,0,0.0
expr:GDA,expression,0.0,0,0.0
expr:GDF10,expression,0.0,0,0.0
expr:GDF15,expression,0.0,0,0.0
expr:GDF3,expression,0.0,0,0.0
expr:GAS2L3,expression,0.0,0,0.0
expr:GSDMD,expression,0.0,0,0.0
expr:GSG1,expression,0.0,0,0.0
expr:GSG1L,expression,0.0,1,0.02
expr:H2AW,expression,0.0,0,0.0
expr:H2BC10,expression,0.0,0,0.0
expr:H2BC12,expression,0.0,0,0.0
expr:H2BC13,expression,0.0,13,0.26
expr:H2BC14,expression,0.0,0,0.0
expr:H2BC15,expression,0.0,0,0.0
expr:H2BC17,expression,0.0,0,0.0
expr:H2BC18,expression,0.0,0,0.0
expr:H2AC17,expression,0.0,0,0.0
expr:H2AC18,expression,0.0,0,0.0
expr:GP5,expression,0.0,4,0.08
expr:H2AC7,expression,0.0,0,0.0
expr:H2AJ,expression,0.0,0,0.0
expr:H2AP,expression,0.0,0,0.0
expr:H1-3,expression,0.0,0,0.0
expr:H1-5,expression,0.0,2,0.04
expr:H1-6,expression,0.0,0,0.0
expr:H1-7,expression,0.0,0,0.0
expr:H2AC13,expression,0.0,0,0.0
expr:H2AC14,expression,0.0,1,0.02
expr:H2AC16,expression,0.0,4,0.08
expr:GYPE,expression,0.0,1,0.02
expr:GZMA,expression,0.0,2,0.04
expr:GZMB,expression,0.0,0,0.0
expr:H2AC6,expression,0.0,0,0.0
expr:GRIA4,expression,0.0,4,0.08
expr:GRID1,expression,0.0,0,0.0
expr:GRID2,expression,0.0,0,0.0
expr:GRID2IP,expression,0.0,0,0.0
expr:GUCA1B,expression,0.0,0,0.0
expr:GUCY1A1,expression,0.0,0,0.0
expr:GUCY1A2,expression,0.0,6,0.12
expr:GUCY1B1,expression,0.0,0,0.0
expr:GXYLT2,expression,0.0,0,0.0
expr:GYG2,expression,0.0,0,0.0
expr:GYPC,expression,0.0,0,0.0
expr:GTF2H2,expression,0.0,3,0.06
expr:GTF2H4,expression,0.0,0,0.0
expr:GSDMC,expression,0.0,14,0.28
expr:GTSF1,expression,0.0,0,0.0
expr:GTSF1L,expression,0.0,1,0.02
expr:GSPT2,expression,0.0,0,0.0
expr:GSR,expression,0.0,0,0.0
expr:GSTA1,expression,0.0,0,0.0
expr:GSTA2,expression,0.0,0,0.0
expr:GSTA3,expression,0.0,0,0.0
expr:GSTA4,expression,0.0,0,0.0
expr:GSTA5,expression,0.0,0,0.0
expr:GSTCD,expression,0.0,1,0.02
expr:GSC,expression,0.0,0,0.0
expr:GSC2,expression,0.0,0,0.0
expr:GSDMA,expression,0.0,0,0.0
expr:GSDMB,expression,0.0,0,0.0
expr:GTSE1,expression,0.0,0,0.0
expr:FXYD5,expression,0.0,0,0.0
expr:HABP2,expression,0.0,1,0.02
expr:HACD1,expression,0.0,0,0.0
expr:HACD3,expression,0.0,8,0.16
expr:HACD4,expression,0.0,0,0.0
expr:HAGHL,expression,0.0,0,0.0
expr:HAL,expression,0.0,11,0.22
expr:HAMP,expression,0.0,0,0.0
expr:HAND2,expression,0.0,1,0.02
expr:H4C13,expression,0.0,30,0.6
expr:H4C14,expression,0.0,0,0.0
expr:H4C15,expression,0.0,0,0.0
expr:H4C6,expression,0.0,8,0.16
expr:GZMH,expression,0.0,0,0.0
expr:H4C9,expression,0.0,0,0.0
expr:HAAO,expression,0.0,0,0.0
expr:H3C2,expression,0.0,3,0.06
expr:H3C6,expression,0.0,0,0.0
expr:H3C8,expression,0.0,0,0.0
expr:H3Y1,expression,0.0,0,0.0
expr:H4-16,expression,0.0,0,0.0
expr:H4C1,expression,0.0,0,0.0
expr:H4C12,expression,0.0,0,0.0
expr:GABRA5,expression,0.0,0,0.0
expr:H2BC5,expression,0.0,0,0.0
expr:H2BC6,expression,0.0,0,0.0
expr:H2BC9,expression,0.0,1,0.02
expr:H2BU1,expression,0.0,0,0.0
expr:H4C8,expression,0.0,0,0.0
expr:GZMM,expression,0.0,2,0.04
expr:H1-1,expression,0.0,2,0.04
expr:H1-2,expression,0.0,0,0.0
expr:GAB2,expression,0.0,0,0.0
expr:GAB3,expression,0.0,0,0.0
expr:GABBR1,expression,0.0,0,0.0
expr:GABBR2,expression,0.0,0,0.0
expr:GABRA1,expression,0.0,0,0.0
expr:GABRA3,expression,0.0,0,0.0
expr:GABRA4,expression,0.0,0,0.0
expr:FZD5,expression,0.0,0,0.0
expr:FZD6,expression,0.0,0,0.0
expr:FZD7,expression,0.0,0,0.0
expr:FXYD4,expression,0.0,0,0.0
expr:G0S2,expression,0.0,0,0.0
expr:G6PC2,expression,0.0,1,0.02
expr:FXYD6,expression,0.0,0,0.0
expr:FXYD7,expression,0.0,0,0.0
expr:FZD1,expression,0.0,0,0.0
expr:FZD10,expression,0.0,0,0.0
expr:FZD2,expression,0.0,0,0.0
expr:FZD3,expression,0.0,0,0.0
expr:H2BC21,expression,0.0,0,0.0
expr:H2BC3,expression,0.0,0,0.0
expr:H2BC4,expression,0.0,0,0.0
expr:FXYD1,expression,0.0,0,0.0
expr:FXYD2,expression,0.0,0,0.0
expr:FXYD3,expression,0.0,2,0.04
expr:FZD8,expression,0.0,0,0.0
expr:GPR161,expression,0.0,0,0.0
expr:GALNT14,expression,0.0,20,0.4
expr:GALNT15,expression,0.0,0,0.0
expr:GALNT17,expression,0.0,0,0.0
expr:GALNT3,expression,0.0,0,0.0
expr:GPR61,expression,0.0,0,0.0
expr:GPR62,expression,0.0,0,0.0
expr:GPR63,expression,0.0,0,0.0
expr:GPR65,expression,0.0,0,0.0
expr:GAL3ST1,expression,0.0,0,0.0
expr:GAL3ST2,expression,0.0,0,0.0
expr:GAL3ST3,expression,0.0,0,0.0
expr:GALM,expression,0.0,0,0.0
expr:GRIA2,expression,0.0,0,0.0
expr:GALNT12,expression,0.0,0,0.0
expr:GALNT13,expression,0.0,0,0.0
expr:GABRR1,expression,0.0,0,0.0
expr:GABRR2,expression,0.0,0,0.0
expr:GAD1,expression,0.0,0,0.0
expr:GADD45A,expression,0.0,0,0.0
expr:GADD45G,expression,0.0,0,0.0
expr:GADL1,expression,0.0,3,0.06
expr:GAGE1,expression,0.0,0,0.0
expr:GAGE2A,expression,0.0,0,0.0
expr:GPR6,expression,0.0,0,0.0
expr:GABRB2,expression,0.0,0,0.0
expr:GABRB3,expression,0.0,0,0.0
expr:GABRD,expression,0.0,0,0.0
expr:GALNT10,expression,0.0,0,0.0
expr:GPAM,expression,0.0,3,0.06
expr:GPAT2,expression,0.0,0,0.0
expr:GPR31,expression,0.0,0,0.0
expr:GPR34,expression,0.0,0,0.0
expr:GPR35,expression,0.0,0,0.0
expr:GPR37,expression,0.0,0,0.0
expr:GPR39,expression,0.0,1,0.02
expr:GPR45,expression,0.0,2,0.04
expr:GPR52,expression,0.0,0,0.0
expr:GPR55,expression,0.0,2,0.04
expr:GPR183,expression,0.0,4,0.08
expr:GPR19,expression,0.0,0,0.0
expr:GPR20,expression,0.0,1,0.02
expr:GPR158,expression,0.0,0,0.0
expr:GPR25,expression,0.0,0,0.0
expr:GPR26,expression,0.0,0,0.0
expr:GPR3,expression,0.0,0,0.0
expr:GPR162,expression,0.0,0,0.0
expr:GPR17,expression,0.0,0,0.0
expr:GPR173,expression,0.0,0,0.0
expr:GPR174,expression,0.0,4,0.08
expr:GPR176,expression,0.0,0,0.0
expr:GPR179,expression,0.0,0,0.0
expr:GPR182,expression,0.0,0,0.0
expr:GPR146,expression,0.0,0,0.0
expr:GPR15,expression,0.0,0,0.0
expr:GPR150,expression,0.0,0,0.0
expr:GPR153,expression,0.0,4,0.08
expr:GPR21,expression,0.0,0,0.0
expr:GPR85,expression,0.0,1,0.02
expr:GPR87,expression,0.0,0,0.0
expr:GPR88,expression,0.0,8,0.16
expr:GRM3,expression,0.0,0,0.0
expr:GRM4,expression,0.0,0,0.0
expr:GRM5,expression,0.0,0,0.0
expr:GRM6,expression,0.0,0,0.0
expr:GRM7,expression,0.0,0,0.0
expr:GRM8,expression,0.0,0,0.0
expr:GRP,expression,0.0,0,0.0
expr:GRXCR2,expression,0.0,0,0.0
expr:GRIN3A,expression,0.0,0,0.0
expr:GRIN3B,expression,0.0,0,0.0
expr:GABRE,expression,0.0,0,0.0
expr:GRIP2,expression,0.0,0,0.0
expr:GRK1,expression,0.0,1,0.02
expr:GRK7,expression,0.0,0,0.0
expr:GRM1,expression,0.0,0,0.0
expr:GRM2,expression,0.0,0,0.0
expr:GRIK1,expression,0.0,0,0.0
expr:GRIK4,expression,0.0,0,0.0
expr:GRIK5,expression,0.0,0,0.0
expr:GRIN1,expression,0.0,0,0.0
expr:GRIN2A,expression,0.0,0,0.0
expr:GRIN2B,expression,0.0,0,0.0
expr:GRIN2C,expression,0.0,0,0.0
expr:GRHL3,expression,0.0,0,0.0
expr:GRIA1,expression,0.0,0,0.0
expr:GRIP1,expression,0.0,0,0.0
expr:GABRG1,expression,0.0,0,0.0
expr:GABRG2,expression,0.0,0,0.0
expr:GABRP,expression,0.0,0,0.0
expr:GRAP,expression,0.0,0,0.0
expr:GRAP2,expression,0.0,7,0.14
expr:GRB14,expression,0.0,0,0.0
expr:GRB7,expression,0.0,0,0.0
expr:GREM1,expression,0.0,0,0.0
expr:GREM2,expression,0.0,5,0.1
expr:GRHL1,expression,0.0,0,0.0
expr:GPSM3,expression,0.0,2,0.04
expr:GPT,expression,0.0,0,0.0
expr:GPT2,expression,0.0,0,0.0
expr:GPR84,expression,0.0,0,0.0
expr:GPX7,expression,0.0,0,0.0
expr:GPX8,expression,0.0,0,0.0
expr:GRAMD2A,expression,0.0,0,0.0
expr:GPRC5B,expression,0.0,0,0.0
expr:GPRC5C,expression,0.0,0,0.0
expr:GPRC5D,expression,0.0,0,0.0
expr:GPRIN2,expression,0.0,1,0.02
expr:GPRIN3,expression,0.0,0,0.0
expr:GPS2,expression,0.0,0,0.0
expr:GPSM2,expression,0.0,0,0.0
expr:GPR68,expression,0.0,0,0.0
expr:GPR75,expression,0.0,0,0.0
expr:GPR82,expression,0.0,0,0.0
expr:GPR83,expression,0.0,0,0.0
expr:GPX2,expression,0.0,0,0.0
expr:LYPD4,expression,0.0,0,0.0
expr:LYPD5,expression,0.0,0,0.0
expr:LYPLA1,expression,0.0,0,0.0
expr:LYSMD2,expression,0.0,0,0.0
expr:LYVE1,expression,0.0,0,0.0
expr:LYZ,expression,0.0,1,0.02
expr:LYZL2,expression,0.0,0,0.0
expr:LYG2,expression,0.0,0,0.0
expr:LYL1,expression,0.0,0,0.0
expr:LYN,expression,0.0,0,0.0
expr:LYNX1,expression,0.0,2,0.04
expr:LYNX1-SLURP2,expression,0.0,1,0.02
expr:LYPD1,expression,0.0,0,0.0
expr:FMO3,expression,0.0,0,0.0
expr:LYPD3,expression,0.0,0,0.0
expr:FBN2,expression,0.0,0,0.0
expr:FBP2,expression,0.0,0,0.0
expr:FBXL13,expression,0.0,0,0.0
expr:MAGEA3,expression,0.0,0,0.0
expr:MAGEA6,expression,0.0,0,0.0
expr:FAXC,expression,0.0,0,0.0
expr:FBLIM1,expression,0.0,0,0.0
expr:FBLL1,expression,0.0,0,0.0
expr:FBLN1,expression,0.0,2,0.04
expr:FBLN2,expression,0.0,0,0.0
expr:FBLN5,expression,0.0,15,0.3
expr:FBLN7,expression,0.0,0,0.0
expr:LYPD2,expression,0.0,4,0.08
expr:LTB,expression,0.0,0,0.0
expr:LTB4R,expression,0.0,0,0.0
expr:LTB4R2,expression,0.0,0,0.0
expr:LTBP1,expression,0.0,0,0.0
expr:LTBP2,expression,0.0,0,0.0
expr:LTBP4,expression,0.0,0,0.0
expr:LTC4S,expression,0.0,0,0.0
expr:LRRTM1,expression,0.0,0,0.0
expr:LRRTM2,expression,0.0,1,0.02
expr:LRRTM3,expression,0.0,0,0.0
expr:LRRTM4,expression,0.0,0,0.0
expr:LSM1,expression,0.0,0,0.0
expr:LSMEM2,expression,0.0,0,0.0
expr:MACC1,expression,0.0,0,0.0
expr:LST1,expression,0.0,0,0.0
expr:MACROD1,expression,0.0,0,0.0
expr:MAD2L1,expression,0.0,0,0.0
expr:MAEL,expression,0.0,0,0.0
expr:MAFF,expression,0.0,0,0.0
expr:MAG,expression,0.0,6,0.12
expr:MAGEA1,expression,0.0,0,0.0
expr:MAGEA10,expression,0.0,0,0.0
expr:LYZL4,expression,0.0,2,0.04
expr:LZTS1,expression,0.0,0,0.0
expr:LZTS3,expression,0.0,0,0.0
expr:MAB21L1,expression,0.0,0,0.0
expr:MAB21L2,expression,0.0,0,0.0
expr:MAB21L3,expression,0.0,0,0.0
expr:LSP1,expression,0.0,0,0.0
expr:MAGED4B,expression,0.0,0,0.0
expr:MAGEL2,expression,0.0,1,0.02
expr:MAGI2,expression,0.0,8,0.16
expr:MAJIN,expression,0.0,0,0.0
expr:MAL,expression,0.0,1,0.02
expr:MAGEA8,expression,0.0,0,0.0
expr:MAGEA9B,expression,0.0,1,0.02
expr:MAGEB1,expression,0.0,0,0.0
expr:MAGEB16,expression,0.0,0,0.0
expr:MAGEC1,expression,0.0,0,0.0
expr:MAGEC2,expression,0.0,0,0.0
expr:MARCHF1,expression,0.0,0,0.0
expr:MARCHF10,expression,0.0,5,0.1
expr:FBN1,expression,0.0,0,0.0
expr:MARCHF4,expression,0.0,0,0.0
expr:MARK1,expression,0.0,0,0.0
expr:MARVELD2,expression,0.0,0,0.0
expr:MAS1L,expression,0.0,1,0.02
expr:MAP7D2,expression,0.0,0,0.0
expr:MAP7D3,expression,0.0,0,0.0
expr:MAPK15,expression,0.0,0,0.0
expr:MAPK4,expression,0.0,0,0.0
expr:MAPK8IP1,expression,0.0,0,0.0
expr:MAPK8IP2,expression,0.0,0,0.0
expr:MAP3K20,expression,0.0,0,0.0
expr:MAP3K21,expression,0.0,0,0.0
expr:MAP3K5,expression,0.0,0,0.0
expr:MAP3K8,expression,0.0,0,0.0
expr:MARCHF3,expression,0.0,0,0.0
expr:FARP1,expression,0.0,0,0.0
expr:FAS,expression,0.0,1,0.02
expr:FASLG,expression,0.0,0,0.0
expr:FAT1,expression,0.0,0,0.0
expr:FAT2,expression,0.0,0,0.0
expr:FAT3,expression,0.0,0,0.0
expr:FAT4,expression,0.0,0,0.0
expr:FATE1,expression,0.0,2,0.04
expr:MAGEA11,expression,0.0,0,0.0
expr:MAGEA12,expression,0.0,0,0.0
expr:FANCE,expression,0.0,0,0.0
expr:FANCG,expression,0.0,0,0.0
expr:FANCI,expression,0.0,0,0.0
expr:MAGED4,expression,0.0,0,0.0
expr:FAR2,expression,0.0,0,0.0
expr:MAN1C1,expression,0.0,0,0.0
expr:MAN2A1,expression,0.0,0,0.0
expr:MANSC1,expression,0.0,0,0.0
expr:MANSC4,expression,0.0,0,0.0
expr:MAP10,expression,0.0,0,0.0
expr:MAP1A,expression,0.0,0,0.0
expr:MALL,expression,0.0,1,0.02
expr:MAMDC2,expression,0.0,5,0.1
expr:MAML2,expression,0.0,0,0.0
expr:MAMLD1,expression,0.0,0,0.0
expr:MAMSTR,expression,0.0,0,0.0
expr:MAN1A1,expression,0.0,0,0.0
expr:MAGED2,expression,0.0,8,0.16
expr:FAP,expression,0.0,0,0.0
expr:FCGR1B,expression,0.0,2,0.04
expr:FCGR2A,expression,0.0,0,0.0
expr:FCGR2B,expression,0.0,0,0.0
expr:FCGR3A,expression,0.0,0,0.0
expr:FCGR3B,expression,0.0,0,0.0
expr:FCGRT,expression,0.0,3,0.06
expr:FBXO5,expression,0.0,0,0.0
expr:FBXW10,expression,0.0,0,0.0
expr:FCAMR,expression,0.0,0,0.0
expr:FCAR,expression,0.0,0,0.0
expr:FCER1G,expression,0.0,0,0.0
expr:FCER2,expression,0.0,1,0.02
expr:FBXO16,expression,0.0,0,0.0
expr:LTA,expression,0.0,0,0.0
expr:FBXO2,expression,0.0,0,0.0
expr:FBXO32,expression,0.0,0,0.0
expr:FBXO39,expression,0.0,0,0.0
expr:FBXO40,expression,0.0,0,0.0
expr:FBXO41,expression,0.0,0,0.0
expr:FBXO47,expression,0.0,0,0.0
expr:LRRC32,expression,0.0,5,0.1
expr:LRRC34,expression,0.0,1,0.02
expr:LRRC36,expression,0.0,0,0.0
expr:LRRC37A3,expression,0.0,0,0.0
expr:LRRC38,expression,0.0,0,0.0
expr:LRRC3B,expression,0.0,0,0.0
expr:LRRC15,expression,0.0,0,0.0
expr:LRRC18,expression,0.0,0,0.0
expr:FBXO17,expression,0.0,0,0.0
expr:LOXL1,expression,0.0,0,0.0
expr:LPA,expression,0.0,0,0.0
expr:LPAR3,expression,0.0,0,0.0
expr:LPAR4,expression,0.0,6,0.12
expr:LPAR5,expression,0.0,0,0.0
expr:LPCAT2,expression,0.0,1,0.02
expr:LPCAT3,expression,0.0,0,0.0
expr:LPIN1,expression,0.0,0,0.0
expr:LMX1A,expression,0.0,0,0.0
expr:LONRF3,expression,0.0,0,0.0
expr:LORICRIN,expression,0.0,0,0.0
expr:LOX,expression,0.0,0,0.0
expr:LOXHD1,expression,0.0,0,0.0
expr:FCGR1A,expression,0.0,0,0.0
expr:LMNTD1,expression,0.0,0,0.0
expr:LMNTD2,expression,0.0,0,0.0
expr:LMO4,expression,0.0,0,0.0
expr:LMO7,expression,0.0,0,0.0
expr:LMOD1,expression,0.0,1,0.02
expr:LMOD2,expression,0.0,0,0.0
expr:LMTK3,expression,0.0,0,0.0
expr:FCHO1,expression,0.0,0,0.0
expr:FCHSD1,expression,0.0,0,0.0
expr:FCN1,expression,0.0,0,0.0
expr:LRCOL1,expression,0.0,0,0.0
expr:LRFN1,expression,0.0,0,0.0
expr:LRFN2,expression,0.0,0,0.0
expr:FCGBP,expression,0.0,0,0.0
expr:LMNB1,expression,0.0,0,0.0
expr:LRRD1,expression,0.0,5,0.1
expr:LRRC66,expression,0.0,0,0.0
expr:LRRC69,expression,0.0,0,0.0
expr:LRRC71,expression,0.0,0,0.0
expr:LRRC73,expression,0.0,0,0.0
expr:LRRC74A,expression,0.0,0,0.0
expr:LRRC74B,expression,0.0,0,0.0
expr:LRRC3C,expression,0.0,0,0.0
expr:LRRC4,expression,0.0,0,0.0
expr:LRRC43,expression,0.0,0,0.0
expr:LRRC4B,expression,0.0,0,0.0
expr:LRRC53,expression,0.0,0,0.0
expr:LRRC56,expression,0.0,0,0.0
expr:LRRC19,expression,0.0,0,0.0
expr:LY6D,expression,0.0,3,0.06
expr:LY6E,expression,0.0,1,0.02
expr:LY6G6C,expression,0.0,0,0.0
expr:LY6L,expression,0.0,5,0.1
expr:LY86,expression,0.0,0,0.0
expr:LY9,expression,0.0,9,0.18
expr:LY96,expression,0.0,0,0.0
expr:LYG1,expression,0.0,0,0.0
expr:LTF,expression,0.0,0,0.0
expr:LTK,expression,0.0,0,0.0
expr:LTN1,expression,0.0,0,0.0
expr:LUM,expression,0.0,0,0.0
expr:LURAP1,expression,0.0,0,0.0
expr:LVRN,expression,0.0,0,0.0
expr:LRRC6,expression,0.0,0,0.0
expr:LRRC20,expression,0.0,0,0.0
expr:LRRC25,expression,0.0,0,0.0
expr:LRRC26,expression,0.0,0,0.0
expr:LRRC31,expression,0.0,0,0.0
expr:LRP2,expression,0.0,0,0.0
expr:LRP4,expression,0.0,0,0.0
expr:LRP5,expression,0.0,0,0.0
expr:LRP5L,expression,0.0,0,0.0
expr:LRP6,expression,0.0,0,0.0
expr:LRP8,expression,0.0,0,0.0
expr:LRRC10B,expression,0.0,0,0.0
expr:LRRC14B,expression,0.0,1,0.02
expr:LRIG3,expression,0.0,0,0.0
expr:LRRCC1,expression,0.0,1,0.02
expr:LRP1,expression,0.0,0,0.0
expr:LRP12,expression,0.0,0,0.0
expr:LRP1B,expression,0.0,0,0.0
expr:LRRIQ4,expression,0.0,0,0.0
expr:LRRK1,expression,0.0,0,0.0
expr:LRRK2,expression,0.0,5,0.1
expr:LRRN2,expression,0.0,0,0.0
expr:LRRN3,expression,0.0,0,0.0
expr:LRRN4,expression,0.0,0,0.0
expr:LRRN4CL,expression,0.0,3,0.06
expr:LRRC75A,expression,0.0,0,0.0
expr:LRRC75B,expression,0.0,0,0.0
expr:LRRC8E,expression,0.0,0,0.0
expr:LRRC9,expression,0.0,0,0.0
expr:LRMDA,expression,0.0,0,0.0
expr:MITF,expression,0.0,0,0.0
expr:MKI67,expression,0.0,0,0.0
expr:MKRN3,expression,0.0,0,0.0
expr:MKX,expression,0.0,0,0.0
expr:FAM186A,expression,0.0,0,0.0
expr:FAM189A1,expression,0.0,0,0.0
expr:MMP9,expression,0.0,0,0.0
expr:MMRN1,expression,0.0,1,0.02
expr:MMRN2,expression,0.0,0,0.0
expr:MMS22L,expression,0.0,0,0.0
expr:MN1,expression,0.0,9,0.18
expr:MND1,expression,0.0,0,0.0
expr:MNDA,expression,0.0,0,0.0
expr:MAP3K9,expression,0.0,0,0.0
expr:MMP23B,expression,0.0,0,0.0
expr:MMP24,expression,0.0,0,0.0
expr:MMP25,expression,0.0,0,0.0
expr:MMP26,expression,0.0,0,0.0
expr:MMP27,expression,0.0,8,0.16
expr:MMP28,expression,0.0,0,0.0
expr:MMP7,expression,0.0,1,0.02
expr:MMP10,expression,0.0,0,0.0
expr:MMP11,expression,0.0,0,0.0
expr:MMP13,expression,0.0,0,0.0
expr:MMP16,expression,0.0,1,0.02
expr:MMP17,expression,0.0,0,0.0
expr:MMP19,expression,0.0,0,0.0
expr:MMP20,expression,0.0,0,0.0
expr:MFAP5,expression,0.0,0,0.0
expr:MFNG,expression,0.0,0,0.0
expr:MFSD14A,expression,0.0,0,0.0
expr:MFSD3,expression,0.0,0,0.0
expr:MFSD4A,expression,0.0,0,0.0
expr:MFSD6,expression,0.0,0,0.0
expr:MFSD6L,expression,0.0,0,0.0
expr:FAM240C,expression,0.0,0,0.0
expr:FAM241A,expression,0.0,0,0.0
expr:FAM24B,expression,0.0,2,0.04
expr:FAM25A,expression,0.0,18,0.36
expr:FAM3D,expression,0.0,0,0.0
expr:FAM43B,expression,0.0,0,0.0
expr:FAM217A,expression,0.0,0,0.0
expr:MLANA,expression,0.0,0,0.0
expr:FAM221A,expression,0.0,0,0.0
expr:FAM221B,expression,0.0,0,0.0
expr:FAM227A,expression,0.0,8,0.16
expr:FAM229A,expression,0.0,0,0.0
expr:FAM234B,expression,0.0,0,0.0
expr:FAM237B,expression,0.0,3,0.06
expr:FAM240A,expression,0.0,0,0.0
expr:FAM189A2,expression,0.0,5,0.1
expr:FAM205A,expression,0.0,0,0.0
expr:FAM209A,expression,0.0,0,0.0
expr:FAM209B,expression,0.0,0,0.0
expr:FAM20A,expression,0.0,0,0.0
expr:FAM216A,expression,0.0,0,0.0
expr:FAM47E-STBD1,expression,0.0,0,0.0
expr:MOCOS,expression,0.0,0,0.0
expr:MOG,expression,0.0,1,0.02
expr:MOGAT1,expression,0.0,0,0.0
expr:MOGAT2,expression,0.0,0,0.0
expr:MORC1,expression,0.0,0,0.0
expr:MSI1,expression,0.0,1,0.02
expr:MSN,expression,0.0,0,0.0
expr:MSR1,expression,0.0,0,0.0
expr:MSRB3,expression,0.0,3,0.06
expr:MST1,expression,0.0,0,0.0
expr:MST1R,expression,0.0,0,0.0
expr:MSTN,expression,0.0,0,0.0
expr:MS4A4E,expression,0.0,0,0.0
expr:MMP2,expression,0.0,0,0.0
expr:MS4A6E,expression,0.0,0,0.0
expr:MSANTD1,expression,0.0,0,0.0
expr:MSC,expression,0.0,0,0.0
expr:MSH4,expression,0.0,0,0.0
expr:MSH5-SAPCD1,expression,0.0,1,0.02
expr:MROH7,expression,0.0,0,0.0
expr:MRPL12,expression,0.0,1,0.02
expr:MRPS30,expression,0.0,0,0.0
expr:MS4A3,expression,0.0,0,0.0
expr:MS4A4A,expression,0.0,0,0.0
expr:MRGPRE,expression,0.0,0,0.0
expr:MRGPRF,expression,0.0,0,0.0
expr:MRGPRX2,expression,0.0,5,0.1
expr:MRGPRX3,expression,0.0,1,0.02
expr:MS4A6A,expression,0.0,0,0.0
expr:MLC1,expression,0.0,0,0.0
expr:MLF1,expression,0.0,0,0.0
expr:MLIP,expression,0.0,2,0.04
expr:MLLT3,expression,0.0,0,0.0
expr:MLNR,expression,0.0,0,0.0
expr:MME,expression,0.0,2,0.04
expr:MMEL1,expression,0.0,0,0.0
expr:MPZ,expression,0.0,0,0.0
expr:MPZL2,expression,0.0,0,0.0
expr:MRAP,expression,0.0,0,0.0
expr:MRAP2,expression,0.0,0,0.0
expr:MRAS,expression,0.0,0,0.0
expr:MRC1,expression,0.0,0,0.0
expr:MOBP,expression,0.0,1,0.02
expr:MPO,expression,0.0,0,0.0
expr:MPP3,expression,0.0,0,0.0
expr:MPP4,expression,0.0,0,0.0
expr:MPP6,expression,0.0,10,0.2
expr:MPPED1,expression,0.0,0,0.0
expr:MPPED2,expression,0.0,4,0.08
expr:MORN3,expression,0.0,0,0.0
expr:MORN5,expression,0.0,0,0.0
expr:MOV10L1,expression,0.0,1,0.02
expr:MOXD1,expression,0.0,0,0.0
expr:MPEG1,expression,0.0,0,0.0
expr:MPHOSPH6,expression,0.0,0,0.0
expr:MPHOSPH9,expression,0.0,0,0.0
expr:MNX1,expression,0.0,0,0.0
expr:MPIG6B,expression,0.0,2,0.04
expr:MBP,expression,0.0,0,0.0
expr:MC1R,expression,0.0,1,0.02
expr:MC5R,expression,0.0,0,0.0
expr:MAST1,expression,0.0,0,0.0
expr:MAST4,expression,0.0,0,0.0
expr:MAT1A,expression,0.0,0,0.0
expr:MATK,expression,0.0,0,0.0
expr:MATN3,expression,0.0,0,0.0
expr:MATN4,expression,0.0,2,0.04
expr:MB21D2,expression,0.0,0,0.0
expr:FAM86B1,expression,0.0,0,0.0
expr:FAM86B2,expression,0.0,0,0.0
expr:FAM90A1,expression,0.0,0,0.0
expr:MGAT5B,expression,0.0,1,0.02
expr:FANCA,expression,0.0,0,0.0
expr:FANCB,expression,0.0,0,0.0
expr:FANCD2OS,expression,0.0,0,0.0
expr:FAM81B,expression,0.0,1,0.02
expr:FAM83A,expression,0.0,0,0.0
expr:FAM83B,expression,0.0,0,0.0
expr:FAM83C,expression,0.0,0,0.0
expr:FAM83D,expression,0.0,0,0.0
expr:FAM83E,expression,0.0,0,0.0
expr:FAM83F,expression,0.0,0,0.0
expr:FAM83G,expression,0.0,1,0.02
expr:FAM71F1,expression,0.0,0,0.0
expr:FAM71F2,expression,0.0,0,0.0
expr:FAM72A,expression,0.0,0,0.0
expr:FAM9A,expression,0.0,0,0.0
expr:MAP4K1,expression,0.0,0,0.0
expr:MAP6,expression,0.0,3,0.06
expr:MAP6D1,expression,0.0,0,0.0
expr:MAP1B,expression,0.0,0,0.0
expr:MAP1LC3A,expression,0.0,0,0.0
expr:MAP1LC3C,expression,0.0,0,0.0
expr:MAP2,expression,0.0,0,0.0
expr:MAP3K12,expression,0.0,0,0.0
expr:MAP3K15,expression,0.0,0,0.0
expr:MAP3K19,expression,0.0,0,0.0
expr:MCM10,expression,0.0,0,0.0
expr:MCM2,expression,0.0,0,0.0
expr:MCM3AP,expression,0.0,0,0.0
expr:MBOAT4,expression,0.0,0,0.0
expr:MCMDC2,expression,0.0,0,0.0
expr:MCOLN2,expression,0.0,0,0.0
expr:MCOLN3,expression,0.0,0,0.0
expr:MCTP2,expression,0.0,1,0.02
expr:MCC,expression,0.0,0,0.0
expr:MCF2,expression,0.0,0,0.0
expr:MCF2L,expression,0.0,4,0.08
expr:MCF2L2,expression,0.0,0,0.0
expr:MCHR1,expression,0.0,0,0.0
expr:MCHR2,expression,0.0,0,0.0
expr:MBL2,expression,0.0,0,0.0
expr:MBLAC1,expression,0.0,0,0.0
expr:MBNL2,expression,0.0,0,0.0
expr:MBOAT2,expression,0.0,0,0.0
expr:MCM4,expression,0.0,0,0.0
expr:MEIS1,expression,0.0,3,0.06
expr:MEIS2,expression,0.0,0,0.0
expr:MDH1B,expression,0.0,1,0.02
expr:MDK,expression,0.0,0,0.0
expr:ME1,expression,0.0,2,0.04
expr:MECOM,expression,0.0,1,0.02
expr:MEDAG,expression,0.0,0,0.0
expr:MILR1,expression,0.0,0,0.0
expr:MINAR1,expression,0.0,0,0.0
expr:MINAR2,expression,0.0,0,0.0
expr:MINDY1,expression,0.0,6,0.12
expr:MINDY4B,expression,0.0,0,0.0
expr:MISP,expression,0.0,0,0.0
expr:FAM72B,expression,0.0,0,0.0
expr:MGLL,expression,0.0,0,0.0
expr:MGST1,expression,0.0,0,0.0
expr:MIA,expression,0.0,0,0.0
expr:MICAL2,expression,0.0,0,0.0
expr:MICAL3,expression,0.0,0,0.0
expr:MICU3,expression,0.0,1,0.02
expr:MID1,expression,0.0,0,0.0
expr:MIEN1,expression,0.0,0,0.0
expr:MGAM,expression,0.0,0,0.0
expr:MGAM2,expression,0.0,1,0.02
expr:MGARP,expression,0.0,1,0.02
expr:MGAT2,expression,0.0,0,0.0
expr:MGAT3,expression,0.0,0,0.0
expr:MGAT4C,expression,0.0,0,0.0
expr:MISP3,expression,0.0,0,0.0
expr:FAM72C,expression,0.0,0,0.0
expr:FAM78A,expression,0.0,0,0.0
expr:FAM78B,expression,0.0,0,0.0
expr:FAM81A,expression,0.0,0,0.0
expr:MDFI,expression,0.0,0,0.0
expr:MDGA2,expression,0.0,0,0.0
expr:FAM50B,expression,0.0,0,0.0
expr:FAM71D,expression,0.0,0,0.0
expr:FAM71E1,expression,0.0,0,0.0
expr:FAM71E2,expression,0.0,0,0.0
expr:METTL27,expression,0.0,0,0.0
expr:METTL7B,expression,0.0,0,0.0
expr:MEX3A,expression,0.0,0,0.0
expr:MEIOB,expression,0.0,1,0.02
expr:MFAP2,expression,0.0,1,0.02
expr:MFAP3,expression,0.0,0,0.0
expr:MFAP3L,expression,0.0,0,0.0
expr:MEIS3,expression,0.0,5,0.1
expr:MELK,expression,0.0,0,0.0
expr:MELTF,expression,0.0,1,0.02
expr:MEP1A,expression,0.0,0,0.0
expr:MEPE,expression,0.0,0,0.0
expr:MESP1,expression,0.0,0,0.0
expr:MESP2,expression,0.0,0,0.0
expr:METRN,expression,0.0,0,0.0
expr:MEGF10,expression,0.0,0,0.0
expr:MEGF6,expression,0.0,0,0.0
expr:MEI4,expression,0.0,0,0.0
expr:MEX3B,expression,0.0,0,0.0
expr:KCNQ3,expression,0.0,0,0.0
expr:KCNQ5,expression,0.0,1,0.02
expr:KCNS1,expression,0.0,1,0.02
expr:KCNS2,expression,0.0,6,0.12
expr:KCNS3,expression,0.0,0,0.0
expr:KCNT1,expression,0.0,0,0.0
expr:KCNK9,expression,0.0,0,0.0
expr:KCNMA1,expression,0.0,1,0.02
expr:KCNMB1,expression,0.0,0,0.0
expr:KCNMB2,expression,0.0,0,0.0
expr:KCNMB3,expression,0.0,2,0.04
expr:KCNMB4,expression,0.0,0,0.0
expr:KCNN1,expression,0.0,0,0.0
expr:LRAT,expression,0.0,0,0.0
expr:KIF18B,expression,0.0,0,0.0
expr:KIF19,expression,0.0,0,0.0
expr:KIF1A,expression,0.0,0,0.0
expr:KIF20A,expression,0.0,0,0.0
expr:KIF21A,expression,0.0,0,0.0
expr:KIF21B,expression,0.0,0,0.0
expr:KIF23,expression,0.0,0,0.0
expr:KIF24,expression,0.0,0,0.0
expr:KIAA2012,expression,0.0,0,0.0
expr:KIF11,expression,0.0,0,0.0
expr:KIF12,expression,0.0,10,0.2
expr:KIF13B,expression,0.0,0,0.0
expr:KIF14,expression,0.0,0,0.0
expr:KCNN2,expression,0.0,1,0.02
expr:FILIP1L,expression,0.0,8,0.16
expr:FJX1,expression,0.0,0,0.0
expr:FKBP1B,expression,0.0,0,0.0
expr:FGR,expression,0.0,0,0.0
expr:FHAD1,expression,0.0,0,0.0
expr:FHDC1,expression,0.0,0,0.0
expr:FHL1,expression,0.0,0,0.0
expr:FHL2,expression,0.0,0,0.0
expr:FHOD3,expression,0.0,0,0.0
expr:FIBIN,expression,0.0,0,0.0
expr:FIGLA,expression,0.0,0,0.0
expr:KCNK1,expression,0.0,0,0.0
expr:KCNK10,expression,0.0,0,0.0
expr:KCTD19,expression,0.0,0,0.0
expr:KCNK16,expression,0.0,0,0.0
expr:KCNK17,expression,0.0,0,0.0
expr:FGL1,expression,0.0,1,0.02
expr:KCTD4,expression,0.0,0,0.0
expr:KCTD8,expression,0.0,0,0.0
expr:KDM4E,expression,0.0,0,0.0
expr:KDM5D,expression,0.0,0,0.0
expr:KDM7A,expression,0.0,0,0.0
expr:KCNT2,expression,0.0,2,0.04
expr:KCNU1,expression,0.0,0,0.0
expr:KCNV1,expression,0.0,0,0.0
expr:KCNV2,expression,0.0,1,0.02
expr:KCTD14,expression,0.0,0,0.0
expr:KCTD16,expression,0.0,0,0.0
expr:KCNK13,expression,0.0,0,0.0
expr:KIFC1,expression,0.0,0,0.0
expr:KIFC2,expression,0.0,0,0.0
expr:KIR2DL1,expression,0.0,1,0.02
expr:KIR2DL4,expression,0.0,0,0.0
expr:KIR3DL1,expression,0.0,0,0.0
expr:KIRREL1,expression,0.0,0,0.0
expr:KIF25,expression,0.0,0,0.0
expr:KIF26A,expression,0.0,0,0.0
expr:KIF26B,expression,0.0,0,0.0
expr:KIF2C,expression,0.0,0,0.0
expr:KIF3C,expression,0.0,0,0.0
expr:KIF4A,expression,0.0,0,0.0
expr:KIF4B,expression,0.0,0,0.0
expr:KIF15,expression,0.0,0,0.0
expr:FGF7,expression,0.0,0,0.0
expr:FGFBP1,expression,0.0,0,0.0
expr:FGFBP2,expression,0.0,0,0.0
expr:FGFR1,expression,0.0,0,0.0
expr:FGFR4,expression,0.0,0,0.0
expr:FGFRL1,expression,0.0,1,0.02
expr:KLHL14,expression,0.0,6,0.12
expr:FGF2,expression,0.0,0,0.0
expr:FGF20,expression,0.0,0,0.0
expr:FGF21,expression,0.0,9,0.18
expr:FGF22,expression,0.0,0,0.0
expr:FGF3,expression,0.0,6,0.12
expr:FGF4,expression,0.0,0,0.0
expr:FGF5,expression,0.0,0,0.0
expr:KIF5A,expression,0.0,0,0.0
expr:KIF17,expression,0.0,0,0.0
expr:KIF18A,expression,0.0,0,0.0
expr:KIAA0895,expression,0.0,1,0.02
expr:KIAA1210,expression,0.0,0,0.0
expr:KIAA1549,expression,0.0,0,0.0
expr:KIAA1549L,expression,0.0,0,0.0
expr:KIAA1614,expression,0.0,0,0.0
expr:KIAA1755,expression,0.0,0,0.0
expr:KEL,expression,0.0,0,0.0
expr:KHDC1,expression,0.0,0,0.0
expr:KHDRBS2,expression,0.0,0,0.0
expr:KHDRBS3,expression,0.0,0,0.0
expr:KIAA0319,expression,0.0,0,0.0
expr:KIF6,expression,0.0,0,0.0
expr:KLF11,expression,0.0,0,0.0
expr:KLF12,expression,0.0,4,0.08
expr:KLF14,expression,0.0,0,0.0
expr:KLF15,expression,0.0,0,0.0
expr:KLF17,expression,0.0,0,0.0
expr:KLF4,expression,0.0,0,0.0
expr:KLF5,expression,0.0,0,0.0
expr:KLF8,expression,0.0,2,0.04
expr:KISS1,expression,0.0,0,0.0
expr:KISS1R,expression,0.0,0,0.0
expr:KIT,expression,0.0,5,0.1
expr:KLB,expression,0.0,2,0.04
expr:KLC3,expression,0.0,0,0.0
expr:KLF1,expression,0.0,0,0.0
expr:KIAA0408,expression,0.0,0,0.0
expr:JPH2,expression,0.0,0,0.0
expr:JPH4,expression,0.0,0,0.0
expr:IZUMO1,expression,0.0,1,0.02
expr:IZUMO1R,expression,0.0,0,0.0
expr:IZUMO4,expression,0.0,0,0.0
expr:JAG1,expression,0.0,0,0.0
expr:JAK3,expression,0.0,0,0.0
expr:JAKMIP2,expression,0.0,0,0.0
expr:JAKMIP3,expression,0.0,0,0.0
expr:ITPR3,expression,0.0,0,0.0
expr:ITPRID1,expression,0.0,0,0.0
expr:ITPRID2,expression,0.0,0,0.0
expr:ITPRIPL1,expression,0.0,1,0.02
expr:FILIP1,expression,0.0,0,0.0
expr:IVD,expression,0.0,0,0.0
expr:IVL,expression,0.0,4,0.08
expr:IYD,expression,0.0,2,0.04
expr:ITIH4,expression,0.0,0,0.0
expr:ITIH5,expression,0.0,0,0.0
expr:ITK,expression,0.0,24,0.48
expr:ITLN1,expression,0.0,0,0.0
expr:ITLN2,expression,0.0,0,0.0
expr:ITM2C,expression,0.0,0,0.0
expr:ITPKA,expression,0.0,0,0.0
expr:KCNA5,expression,0.0,2,0.04
expr:KCNA6,expression,0.0,0,0.0
expr:KCNA7,expression,0.0,0,0.0
expr:KCNAB1,expression,0.0,0,0.0
expr:ITPRIPL2,expression,0.0,0,0.0
expr:FMO5,expression,0.0,9,0.18
expr:FMOD,expression,0.0,0,0.0
expr:FMR1NB,expression,0.0,0,0.0
expr:FN1,expression,0.0,0,0.0
expr:FNDC10,expression,0.0,0,0.0
expr:FNDC11,expression,0.0,0,0.0
expr:FNDC3B,expression,0.0,0,0.0
expr:FLRT3,expression,0.0,0,0.0
expr:FLT3LG,expression,0.0,5,0.1
expr:FLVCR2,expression,0.0,0,0.0
expr:FMN2,expression,0.0,0,0.0
expr:FMNL1,expression,0.0,0,0.0
expr:FMNL2,expression,0.0,0,0.0
expr:JPH1,expression,0.0,0,0.0
expr:FMO2,expression,0.0,1,0.02
expr:ITGB5,expression,0.0,0,0.0
expr:ITGB6,expression,0.0,0,0.0
expr:ITGB7,expression,0.0,0,0.0
expr:ITGB8,expression,0.0,0,0.0
expr:ITGBL1,expression,0.0,0,0.0
expr:FLNC,expression,0.0,0,0.0
expr:FLRT1,expression,0.0,0,0.0
expr:FLRT2,expression,0.0,0,0.0
expr:JAM3,expression,0.0,0,0.0
expr:JAML,expression,0.0,2,0.04
expr:JCAD,expression,0.0,0,0.0
expr:JHY,expression,0.0,0,0.0
expr:JMJD7-PLA2G4B,expression,0.0,0,0.0
expr:FMO1,expression,0.0,3,0.06
expr:KCNJ8,expression,0.0,0,0.0
expr:KCNJ9,expression,0.0,0,0.0
expr:KCNH6,expression,0.0,0,0.0
expr:KCNH7,expression,0.0,0,0.0
expr:KCNIP2,expression,0.0,1,0.02
expr:KCNIP4,expression,0.0,0,0.0
expr:KCNJ1,expression,0.0,0,0.0
expr:KCNJ12,expression,0.0,0,0.0
expr:KCNG1,expression,0.0,17,0.34
expr:KCNG2,expression,0.0,0,0.0
expr:KCNG3,expression,0.0,0,0.0
expr:KCNH3,expression,0.0,0,0.0
expr:KCNH4,expression,0.0,0,0.0
expr:KCNAB2,expression,0.0,0,0.0
expr:KCNC2,expression,0.0,3,0.06
expr:KCNC3,expression,0.0,0,0.0
expr:KCND1,expression,0.0,0,0.0
expr:KCND2,expression,0.0,0,0.0
expr:KCNE5,expression,0.0,0,0.0
expr:FKBP6,expression,0.0,0,0.0
expr:FLACC1,expression,0.0,3,0.06
expr:FLG,expression,0.0,0,0.0
expr:FLG2,expression,0.0,0,0.0
expr:FLI1,expression,0.0,3,0.06
expr:KCNK5,expression,0.0,0,0.0
expr:KCNK6,expression,0.0,0,0.0
expr:FIGN,expression,0.0,0,0.0
expr:FIGNL2,expression,0.0,0,0.0
expr:KCNH5,expression,0.0,0,0.0
expr:KCNAB3,expression,0.0,0,0.0
expr:KCNB1,expression,0.0,0,0.0
expr:KCNC1,expression,0.0,1,0.02
expr:KAZN,expression,0.0,1,0.02
expr:KBTBD11,expression,0.0,0,0.0
expr:KBTBD12,expression,0.0,0,0.0
expr:KBTBD8,expression,0.0,0,0.0
expr:KCNA2,expression,0.0,0,0.0
expr:KCNA4,expression,0.0,0,0.0
expr:KANK1,expression,0.0,0,0.0
expr:KANK3,expression,0.0,0,0.0
expr:KANK4,expression,0.0,0,0.0
expr:KASH5,expression,0.0,0,0.0
expr:KCNJ6,expression,0.0,0,0.0
expr:KAT6A,expression,0.0,0,0.0
expr:JPT1,expression,0.0,0,0.0
expr:JRK,expression,0.0,0,0.0
expr:JRKL,expression,0.0,0,0.0
expr:JSRP1,expression,0.0,0,0.0
expr:JUN,expression,0.0,0,0.0
expr:JUNB,expression,0.0,0,0.0
expr:KAAG1,expression,0.0,0,0.0
expr:KALRN,expression,0.0,0,0.0
expr:KCNJ13,expression,0.0,0,0.0
expr:KCNJ18,expression,0.0,0,0.0
expr:KCNJ2,expression,0.0,0,0.0
expr:KCNJ3,expression,0.0,16,0.32
expr:KCNJ4,expression,0.0,1,0.02
expr:KAT2B,expression,0.0,0,0.0
expr:LAMB3,expression,0.0,0,0.0
expr:LAMB4,expression,0.0,0,0.0
expr:LENEP,expression,0.0,0,0.0
expr:LENG9,expression,0.0,1,0.02
expr:LEP,expression,0.0,0,0.0
expr:LEPR,expression,0.0,0,0.0
expr:LETM2,expression,0.0,0,0.0
expr:LFNG,expression,0.0,0,0.0
expr:LGALS12,expression,0.0,0,0.0
expr:LDHD,expression,0.0,1,0.02
expr:LDLRAD1,expression,0.0,0,0.0
expr:LDLRAD2,expression,0.0,6,0.12
expr:LDOC1,expression,0.0,0,0.0
expr:FGF11,expression,0.0,0,0.0
expr:LEFTY2,expression,0.0,6,0.12
expr:LCP2,expression,0.0,4,0.08
expr:LCT,expression,0.0,0,0.0
expr:LCTL,expression,0.0,0,0.0
expr:LDB2,expression,0.0,2,0.04
expr:LDB3,expression,0.0,2,0.04
expr:LDHAL6A,expression,0.0,4,0.08
expr:LDHC,expression,0.0,0,0.0
expr:LCN10,expression,0.0,0,0.0
expr:LCN12,expression,0.0,0,0.0
expr:LCN2,expression,0.0,0,0.0
expr:LCN6,expression,0.0,0,0.0
expr:LCN8,expression,0.0,0,0.0
expr:LEAP2,expression,0.0,0,0.0
expr:L3MBTL4,expression,0.0,0,0.0
expr:FCN2,expression,0.0,0,0.0
expr:FCN3,expression,0.0,0,0.0
expr:LBR,expression,0.0,0,0.0
expr:LBX1,expression,0.0,0,0.0
expr:LBX2,expression,0.0,0,0.0
expr:LCA5L,expression,0.0,2,0.04
expr:LCAT,expression,0.0,0,0.0
expr:LCE1C,expression,0.0,0,0.0
expr:LCK,expression,0.0,0,0.0
expr:LARGE2,expression,0.0,0,0.0
expr:LARP6,expression,0.0,0,0.0
expr:LASP1,expression,0.0,1,0.02
expr:LAMB2,expression,0.0,0,0.0
expr:LAYN,expression,0.0,0,0.0
expr:LBHD2,expression,0.0,0,0.0
expr:LBP,expression,0.0,0,0.0
expr:LAMC1,expression,0.0,0,0.0
expr:LAMC2,expression,0.0,0,0.0
expr:LAMC3,expression,0.0,0,0.0
expr:LAMP3,expression,0.0,0,0.0
expr:LAMP5,expression,0.0,0,0.0
expr:LANCL3,expression,0.0,0,0.0
expr:LAPTM4B,expression,0.0,0,0.0
expr:LAPTM5,expression,0.0,0,0.0
expr:LALBA,expression,0.0,0,0.0
expr:LAMA4,expression,0.0,0,0.0
expr:LAMB1,expression,0.0,0,0.0
expr:LAT,expression,0.0,0,0.0
expr:LKAAEAR1,expression,0.0,0,0.0
expr:LLCFC1,expression,0.0,0,0.0
expr:LMBRD2,expression,0.0,0,0.0
expr:LMCD1,expression,0.0,0,0.0
expr:LINGO2,expression,0.0,0,0.0
expr:LINGO3,expression,0.0,2,0.04
expr:LINGO4,expression,0.0,0,0.0
expr:LIPC,expression,0.0,1,0.02
expr:LIPE,expression,0.0,0,0.0
expr:LIPF,expression,0.0,1,0.02
expr:LIPG,expression,0.0,0,0.0
expr:LIPH,expression,0.0,0,0.0
expr:LIMS2,expression,0.0,0,0.0
expr:LCNL1,expression,0.0,0,0.0
expr:LIN28B,expression,0.0,0,0.0
expr:LIN9,expression,0.0,0,0.0
expr:LINC00514,expression,0.0,1,0.02
expr:LINC00672,expression,0.0,0,0.0
expr:LINGO1,expression,0.0,0,0.0
expr:LILRB1,expression,0.0,0,0.0
expr:LILRB2,expression,0.0,0,0.0
expr:LILRB3,expression,0.0,0,0.0
expr:LILRB4,expression,0.0,0,0.0
expr:LIMCH1,expression,0.0,0,0.0
expr:LIMD2,expression,0.0,0,0.0
expr:LIME1,expression,0.0,0,0.0
expr:LPL,expression,0.0,0,0.0
expr:LPO,expression,0.0,0,0.0
expr:LIN28A,expression,0.0,0,0.0
expr:LHX9,expression,0.0,0,0.0
expr:LIF,expression,0.0,0,0.0
expr:LIFR,expression,0.0,12,0.24
expr:LILRA1,expression,0.0,0,0.0
expr:LILRA2,expression,0.0,0,0.0
expr:LILRA4,expression,0.0,0,0.0
expr:LILRA5,expression,0.0,1,0.02
expr:LILRA6,expression,0.0,0,0.0
expr:LHCGR,expression,0.0,0,0.0
expr:LHFPL4,expression,0.0,0,0.0
expr:LHFPL5,expression,0.0,0,0.0
expr:LHX4,expression,0.0,0,0.0
expr:LGALS9C,expression,0.0,0,0.0
expr:LIX1,expression,0.0,0,0.0
expr:LGI3,expression,0.0,0,0.0
expr:LGI4,expression,0.0,0,0.0
expr:LGR4,expression,0.0,0,0.0
expr:LGSN,expression,0.0,0,0.0
expr:LGALS2,expression,0.0,0,0.0
expr:LGALS3,expression,0.0,0,0.0
expr:LGALS3BP,expression,0.0,0,0.0
expr:LGALS4,expression,0.0,0,0.0
expr:LGALS7,expression,0.0,0,0.0
expr:LGALS9,expression,0.0,0,0.0
expr:LGALS9B,expression,0.0,0,0.0
expr:LIPI,expression,0.0,5,0.1
expr:LIPJ,expression,0.0,0,0.0
expr:LIPN,expression,0.0,0,0.0
expr:LGI2,expression,0.0,0,0.0
expr:KLK14,expression,0.0,0,0.0
expr:KLHL28,expression,0.0,1,0.02
expr:KLHL29,expression,0.0,0,0.0
expr:KLHL3,expression,0.0,0,0.0
expr:KLHL32,expression,0.0,5,0.1
expr:KLHL34,expression,0.0,0,0.0
expr:KLHL35,expression,0.0,1,0.02
expr:KLHL38,expression,0.0,0,0.0
expr:KRT31,expression,0.0,1,0.02
expr:KRT33A,expression,0.0,4,0.08
expr:KRT36,expression,0.0,0,0.0
expr:KRT38,expression,0.0,0,0.0
expr:KRT17,expression,0.0,0,0.0
expr:L1TD1,expression,0.0,0,0.0
expr:KRT222,expression,0.0,0,0.0
expr:KRT23,expression,0.0,0,0.0
expr:KRT27,expression,0.0,1,0.02
expr:KRT3,expression,0.0,0,0.0
expr:KREMEN1,expression,0.0,0,0.0
expr:KRT1,expression,0.0,0,0.0
expr:KRT10,expression,0.0,1,0.02
expr:KRT12,expression,0.0,0,0.0
expr:KRT13,expression,0.0,0,0.0
expr:KRT15,expression,0.0,1,0.02
expr:KMO,expression,0.0,2,0.04
expr:KNCN,expression,0.0,0,0.0
expr:KNDC1,expression,0.0,0,0.0
expr:KNL1,expression,0.0,0,0.0
expr:KRT20,expression,0.0,2,0.04
expr:FGF12,expression,0.0,0,0.0
expr:FGF13,expression,0.0,0,0.0
expr:FGF14,expression,0.0,0,0.0
expr:FGF16,expression,0.0,0,0.0
expr:FGF17,expression,0.0,1,0.02
expr:KLF9,expression,0.0,0,0.0
expr:KLHDC7A,expression,0.0,7,0.14
expr:KLHDC8A,expression,0.0,0,0.0
expr:KLHDC9,expression,0.0,0,0.0
expr:KLHL1,expression,0.0,0,0.0
expr:KLHL11,expression,0.0,1,0.02
expr:FGD4,expression,0.0,0,0.0
expr:FGD5,expression,0.0,0,0.0
expr:KLK13,expression,0.0,0,0.0
expr:KLRC4,expression,0.0,0,0.0
expr:KLRC4-KLRK1,expression,0.0,4,0.08
expr:KLRG2,expression,0.0,0,0.0
expr:KLRK1,expression,0.0,4,0.08
expr:KLK5,expression,0.0,0,0.0
expr:KLK6,expression,0.0,1,0.02
expr:KLK7,expression,0.0,0,0.0
expr:KLK8,expression,0.0,0,0.0
expr:KLKB1,expression,0.0,0,0.0
expr:KLHL6,expression,0.0,0,0.0
expr:KLK1,expression,0.0,2,0.04
expr:KLK10,expression,0.0,0,0.0
expr:KLK11,expression,0.0,0,0.0
expr:KLK12,expression,0.0,0,0.0
expr:KLRC3,expression,0.0,1,0.02
expr:KRT6A,expression,0.0,6,0.12
expr:KRT6B,expression,0.0,0,0.0
expr:KRT6C,expression,0.0,0,0.0
expr:KRT7,expression,0.0,0,0.0
expr:KRT71,expression,0.0,0,0.0
expr:FGA,expression,0.0,0,0.0
expr:FGB,expression,0.0,0,0.0
expr:FGD1,expression,0.0,0,0.0
expr:FGD2,expression,0.0,0,0.0
expr:LAG3,expression,0.0,0,0.0
expr:LAIR1,expression,0.0,0,0.0
expr:LAIR2,expression,0.0,0,0.0
expr:FES,expression,0.0,0,0.0
expr:KNTC1,expression,0.0,0,0.0
expr:FEZF1,expression,0.0,0,0.0
expr:FEZF2,expression,0.0,1,0.02
expr:FFAR1,expression,0.0,0,0.0
expr:FFAR3,expression,0.0,0,0.0
expr:FFAR4,expression,0.0,0,0.0
expr:FCRLB,expression,0.0,0,0.0
expr:FDCSP,expression,0.0,0,0.0
expr:FER,expression,0.0,7,0.14
expr:FER1L5,expression,0.0,1,0.02
expr:FERMT1,expression,0.0,0,0.0
expr:FERMT3,expression,0.0,0,0.0
expr:KSR1,expression,0.0,0,0.0
expr:KY,expression,0.0,0,0.0
expr:KYAT1,expression,0.0,0,0.0
expr:FETUB,expression,0.0,0,0.0
expr:KPNA2,expression,0.0,0,0.0
expr:KPNA7,expression,0.0,0,0.0
expr:KRBOX1,expression,0.0,0,0.0
expr:KRTAP3-1,expression,0.0,0,0.0
expr:KRTAP3-3,expression,0.0,3,0.06
expr:KRTAP4-1,expression,0.0,0,0.0
expr:KRTAP5-1,expression,0.0,0,0.0
expr:KRTAP5-7,expression,0.0,0,0.0
expr:KRTCAP2,expression,0.0,0,0.0
expr:KRTDAP,expression,0.0,2,0.04
expr:KRT81,expression,0.0,0,0.0
expr:KRT83,expression,0.0,0,0.0
expr:KRT85,expression,0.0,0,0.0
expr:KRT5,expression,0.0,1,0.02
expr:KRT9,expression,0.0,2,0.04
expr:KRTAP17-1,expression,0.0,0,0.0
expr:KRTAP2-3,expression,0.0,0,0.0
expr:KRTAP29-1,expression,0.0,3,0.06
expr:KRT72,expression,0.0,0,0.0
expr:KRT73,expression,0.0,0,0.0
expr:KRT74,expression,0.0,0,0.0
expr:KRT75,expression,0.0,1,0.02
expr:KRT77,expression,0.0,0,0.0
expr:KRT78,expression,0.0,11,0.22
expr:KRT79,expression,0.0,1,0.02
expr:KRT80,expression,0.0,0,0.0
expr:KRT39,expression,0.0,0,0.0
expr:KRT4,expression,0.0,0,0.0
expr:KRT86,expression,0.0,0,0.0
meth:C13orf38,methylation,0.0,0,0.0
meth:C14orf105,methylation,0.0,0,0.0
meth:C14orf115,methylation,0.0,0,0.0
meth:C12orf74,methylation,0.0,0,0.0
meth:C12orf76,methylation,0.0,0,0.0
meth:C13orf15,methylation,0.0,1,0.02
meth:C13orf16,methylation,0.0,0,0.0
meth:C13orf18,methylation,0.0,0,0.0
meth:C13orf26,methylation,0.0,24,0.48
meth:C13orf28,methylation,0.0,0,0.0
meth:C16orf54,methylation,0.0,0,0.0
meth:C16orf55,methylation,0.0,0,0.0
meth:C16orf73,methylation,0.0,0,0.0
expr:SH3BP1,expression,0.0,0,0.0
meth:C16orf79,methylation,0.0,3,0.06
meth:C16orf81,methylation,0.0,3,0.06
meth:C16orf82,methylation,0.0,1,0.02
meth:C16orf89,methylation,0.0,0,0.0
meth:C15orf55,methylation,0.0,0,0.0
meth:C15orf56,methylation,0.0,0,0.0
meth:C15orf60,methylation,0.0,0,0.0
meth:C16orf11,methylation,0.0,1,0.02
meth:C16orf38,methylation,0.0,0,0.0
meth:C16orf45,methylation,0.0,1,0.02
meth:C16orf48,methylation,0.0,0,0.0
meth:C15orf32,methylation,0.0,0,0.0
meth:C15orf38,methylation,0.0,0,0.0
meth:C16orf78,methylation,0.0,0,0.0
meth:C11orf66,methylation,0.0,3,0.06
meth:C11orf70,methylation,0.0,1,0.02
meth:C11orf85,methylation,0.0,0,0.0
meth:C11orf86,methylation,0.0,0,0.0
meth:C11orf87,methylation,0.0,1,0.02
meth:C11orf90,methylation,0.0,0,0.0
meth:C11orf91,methylation,0.0,0,0.0
meth:C10orf99,methylation,0.0,0,0.0
meth:C11orf21,methylation,0.0,0,0.0
meth:C11orf34,methylation,0.0,0,0.0
meth:C11orf52,methylation,0.0,0,0.0
meth:C11orf53,methylation,0.0,0,0.0
meth:C14orf34,methylation,0.0,0,0.0
meth:C13orf36,methylation,0.0,0,0.0
meth:C14orf39,methylation,0.0,0,0.0
meth:C14orf48,methylation,0.0,0,0.0
meth:C14orf50,methylation,0.0,0,0.0
meth:C14orf139,methylation,0.0,0,0.0
meth:C14orf159,methylation,0.0,0,0.0
meth:C14orf162,methylation,0.0,0,0.0
meth:C14orf166,methylation,0.0,1,0.02
meth:C14orf166B,methylation,0.0,1,0.02
meth:C14orf180,methylation,0.0,7,0.14
meth:C14orf184,methylation,0.0,0,0.0
meth:C13orf29,methylation,0.0,1,0.02
meth:C13orf30,methylation,0.0,0,0.0
meth:C13orf33,methylation,0.0,0,0.0
meth:C13orf35,methylation,0.0,0,0.0
meth:C14orf38,methylation,0.0,0,0.0
meth:C16orf91,methylation,0.0,0,0.0
meth:C16orf92,methylation,0.0,0,0.0
meth:C17orf102,methylation,0.0,0,0.0
meth:C17orf104,methylation,0.0,0,0.0
meth:C17orf44,methylation,0.0,0,0.0
expr:CFAP44,expression,0.0,2,0.04
expr:CFAP45,expression,0.0,0,0.0
meth:C19orf23,methylation,0.0,0,0.0
meth:C19orf30,methylation,0.0,0,0.0
meth:C19orf33,methylation,0.0,0,0.0
meth:C19orf35,methylation,0.0,0,0.0
meth:C19orf38,methylation,0.0,0,0.0
meth:C19orf41,methylation,0.0,0,0.0
meth:C15orf40,methylation,0.0,0,0.0
meth:C19orf46,methylation,0.0,0,0.0
meth:C17orf98,methylation,0.0,0,0.0
meth:C18orf18,methylation,0.0,0,0.0
meth:C18orf2,methylation,0.0,0,0.0
meth:C18orf20,methylation,0.0,1,0.02
meth:C18orf34,methylation,0.0,0,0.0
meth:C18orf62,methylation,0.0,0,0.0
meth:C19orf18,methylation,0.0,0,0.0
meth:C19orf21,methylation,0.0,2,0.04
meth:C17orf64,methylation,0.0,0,0.0
meth:C17orf66,methylation,0.0,1,0.02
meth:C17orf72,methylation,0.0,0,0.0
meth:C17orf73,methylation,0.0,0,0.0
meth:C17orf74,methylation,0.0,0,0.0
meth:C19orf45,methylation,0.0,0,0.0
meth:C15orf5,methylation,0.0,0,0.0
meth:C15orf52,methylation,0.0,6,0.12
meth:C15orf53,methylation,0.0,1,0.02
meth:C15orf54,methylation,0.0,1,0.02
meth:C14orf70,methylation,0.0,0,0.0
meth:C14orf72,methylation,0.0,1,0.02
meth:C14orf73,methylation,0.0,0,0.0
meth:C14orf86,methylation,0.0,0,0.0
meth:C15orf2,methylation,0.0,0,0.0
meth:C15orf26,methylation,0.0,0,0.0
meth:C15orf28,methylation,0.0,0,0.0
expr:CFD,expression,0.0,0,0.0
expr:CFH,expression,0.0,0,0.0
expr:CFAP65,expression,0.0,0,0.0
expr:CFHR4,expression,0.0,0,0.0
expr:CFHR5,expression,0.0,0,0.0
expr:CFI,expression,0.0,1,0.02
expr:CFP,expression,0.0,0,0.0
expr:CFTR,expression,0.0,0,0.0
expr:CFAP73,expression,0.0,0,0.0
expr:CFAP74,expression,0.0,0,0.0
expr:CFAP77,expression,0.0,0,0.0
expr:CFAP92,expression,0.0,0,0.0
expr:CFAP97D1,expression,0.0,0,0.0
expr:CFAP97D2,expression,0.0,0,0.0
expr:CFAP47,expression,0.0,1,0.02
expr:CFAP52,expression,0.0,1,0.02
expr:CFAP58,expression,0.0,0,0.0
expr:CFHR3,expression,0.0,1,0.02
meth:BRD1,methylation,0.0,0,0.0
meth:BRD4,methylation,0.0,18,0.36
meth:BRD7P3,methylation,0.0,0,0.0
meth:BRDT,methylation,0.0,0,0.0
meth:BRUNOL4,methylation,0.0,0,0.0
meth:BRUNOL6,methylation,0.0,1,0.02
meth:BNIPL,methylation,0.0,0,0.0
meth:BOC,methylation,0.0,0,0.0
meth:BOK,methylation,0.0,0,0.0
meth:BPI,methylation,0.0,1,0.02
meth:BPIL1,methylation,0.0,0,0.0
meth:BPIL2,methylation,0.0,0,0.0
meth:BPIL3,methylation,0.0,0,0.0
meth:C11orf63,methylation,0.0,0,0.0
expr:CHKB,expression,0.0,0,0.0
expr:CHKB-CPT1B,expression,0.0,0,0.0
expr:CHML,expression,0.0,1,0.02
expr:CHMP4C,expression,0.0,0,0.0
meth:BVES,methylation,0.0,0,0.0
expr:CHEK1,expression,0.0,5,0.1
expr:CHGA,expression,0.0,0,0.0
expr:CHGB,expression,0.0,0,0.0
expr:CHI3L1,expression,0.0,0,0.0
expr:CHI3L2,expression,0.0,0,0.0
expr:CHIA,expression,0.0,0,0.0
expr:CHIC1,expression,0.0,0,0.0
expr:CHADL,expression,0.0,0,0.0
expr:CHIT1,expression,0.0,0,0.0
meth:BIN2,methylation,0.0,3,0.06
meth:BIRC7,methylation,0.0,0,0.0
meth:BIRC8,methylation,0.0,0,0.0
meth:BIVM,methylation,0.0,0,0.0
meth:BLID,methylation,0.0,0,0.0
meth:BLK,methylation,0.0,0,0.0
meth:BET3L,methylation,0.0,0,0.0
meth:BEYLA,methylation,0.0,0,0.0
meth:BFSP2,methylation,0.0,8,0.16
meth:BHLHA15,methylation,0.0,8,0.16
meth:BHLHA9,methylation,0.0,1,0.02
meth:BHLHE22,methylation,0.0,0,0.0
meth:BHLHE23,methylation,0.0,0,0.0
meth:BTBD18,methylation,0.0,0,0.0
meth:BTBD6,methylation,0.0,0,0.0
meth:BTG3,methylation,0.0,0,0.0
meth:BTG4,methylation,0.0,0,0.0
meth:BTLA,methylation,0.0,1,0.02
meth:BTN1A1,methylation,0.0,0,0.0
meth:BTN3A2,methylation,0.0,0,0.0
meth:BTN3A3,methylation,0.0,0,0.0
meth:BSPRY,methylation,0.0,1,0.02
meth:BST1,methylation,0.0,0,0.0
meth:BST2,methylation,0.0,0,0.0
meth:BSX,methylation,0.0,0,0.0
meth:BTBD11,methylation,0.0,0,0.0
meth:BTBD16,methylation,0.0,0,0.0
meth:BTBD17,methylation,0.0,0,0.0
meth:BTBD19,methylation,0.0,0,0.0
meth:C10orf120,methylation,0.0,0,0.0
meth:C10orf122,methylation,0.0,0,0.0
meth:C10orf125,methylation,0.0,0,0.0
meth:C10orf129,methylation,0.0,0,0.0
meth:C10orf140,methylation,0.0,0,0.0
meth:C10orf18,methylation,0.0,0,0.0
meth:C10orf25,methylation,0.0,0,0.0
meth:C10orf104,methylation,0.0,0,0.0
meth:C10orf105,methylation,0.0,0,0.0
meth:C10orf107,methylation,0.0,2,0.04
meth:C10orf108,methylation,0.0,0,0.0
meth:C10orf11,methylation,0.0,0,0.0
meth:C10orf110,methylation,0.0,0,0.0
expr:CHAT,expression,0.0,0,0.0
meth:C12orf53,methylation,0.0,0,0.0
meth:C12orf54,methylation,0.0,0,0.0
meth:C12orf56,methylation,0.0,0,0.0
meth:C12orf59,methylation,0.0,0,0.0
meth:C12orf67,methylation,0.0,0,0.0
meth:C12orf68,methylation,0.0,2,0.04
meth:C12orf69,methylation,0.0,3,0.06
meth:C12orf71,methylation,0.0,0,0.0
meth:C11orf94,methylation,0.0,0,0.0
meth:C11orf95,methylation,0.0,0,0.0
meth:C12orf27,methylation,0.0,0,0.0
meth:C12orf36,methylation,0.0,0,0.0
meth:C12orf42,methylation,0.0,0,0.0
meth:C12orf50,methylation,0.0,0,0.0
meth:C10orf113,methylation,0.0,0,0.0
expr:CHCHD10,expression,0.0,0,0.0
expr:CHD1L,expression,0.0,1,0.02
expr:CHD5,expression,0.0,0,0.0
expr:CHD7,expression,0.0,0,0.0
expr:CHD9,expression,0.0,0,0.0
meth:BTNL2,methylation,0.0,0,0.0
meth:BTNL3,methylation,0.0,3,0.06
meth:BTNL8,methylation,0.0,0,0.0
expr:CGA,expression,0.0,0,0.0
expr:CGAS,expression,0.0,0,0.0
expr:CGNL1,expression,0.0,2,0.04
expr:CGREF1,expression,0.0,0,0.0
expr:CHAC2,expression,0.0,0,0.0
meth:C10orf116,methylation,0.0,1,0.02
meth:C10orf81,methylation,0.0,0,0.0
meth:C10orf88,methylation,0.0,0,0.0
meth:C10orf90,methylation,0.0,0,0.0
meth:C10orf91,methylation,0.0,5,0.1
meth:C10orf93,methylation,0.0,3,0.06
meth:C10orf95,methylation,0.0,0,0.0
meth:C10orf96,methylation,0.0,15,0.3
meth:C10orf27,methylation,0.0,0,0.0
meth:C10orf32,methylation,0.0,0,0.0
meth:C10orf41,methylation,0.0,0,0.0
meth:C10orf54,methylation,0.0,0,0.0
meth:C10orf55,methylation,0.0,0,0.0
meth:C10orf58,methylation,0.0,0,0.0
meth:C10orf71,methylation,0.0,0,0.0
meth:C10orf72,methylation,0.0,0,0.0
meth:C2CD2,methylation,0.0,1,0.02
meth:C2CD4A,methylation,0.0,0,0.0
meth:C2CD4B,methylation,0.0,0,0.0
meth:C2CD4C,methylation,0.0,0,0.0
meth:C21orf88,methylation,0.0,0,0.0
meth:C21orf96,methylation,0.0,0,0.0
meth:C22orf15,methylation,0.0,2,0.04
meth:C22orf26,methylation,0.0,0,0.0
meth:C22orf27,methylation,0.0,0,0.0
meth:C22orf31,methylation,0.0,3,0.06
meth:C22orf33,methylation,0.0,0,0.0
meth:C22orf34,methylation,0.0,0,0.0
meth:C3orf45,methylation,0.0,1,0.02
meth:C17orf82,methylation,0.0,0,0.0
meth:C3orf51,methylation,0.0,1,0.02
meth:C3orf52,methylation,0.0,0,0.0
meth:C3orf55,methylation,0.0,7,0.14
meth:C3orf57,methylation,0.0,0,0.0
meth:C3orf62,methylation,0.0,0,0.0
meth:C3orf63,methylation,0.0,0,0.0
meth:C3orf25,methylation,0.0,0,0.0
meth:C3orf27,methylation,0.0,0,0.0
meth:C3orf30,methylation,0.0,0,0.0
meth:C3orf32,methylation,0.0,0,0.0
meth:C3orf35,methylation,0.0,0,0.0
meth:C3orf36,methylation,0.0,0,0.0
meth:C3orf42,methylation,0.0,2,0.04
meth:C3orf49,methylation,0.0,0,0.0
expr:CEP55,expression,0.0,0,0.0
expr:CEP85L,expression,0.0,1,0.02
expr:CERS1,expression,0.0,0,0.0
meth:C21orf121,methylation,0.0,0,0.0
meth:C21orf122,methylation,0.0,16,0.32
meth:C21orf128,methylation,0.0,5,0.1
meth:C21orf129,methylation,0.0,0,0.0
meth:C21orf130,methylation,0.0,0,0.0
meth:C21orf131,methylation,0.0,0,0.0
meth:C21orf54,methylation,0.0,0,0.0
expr:CENPVL3,expression,0.0,0,0.0
meth:C2orf53,methylation,0.0,0,0.0
meth:C2orf57,methylation,0.0,0,0.0
meth:C22orf9,methylation,0.0,0,0.0
meth:C2orf67,methylation,0.0,0,0.0
meth:C2orf69,methylation,0.0,0,0.0
meth:C2orf71,methylation,0.0,0,0.0
meth:C2CD4D,methylation,0.0,0,0.0
meth:C2orf16,methylation,0.0,0,0.0
meth:C2orf27A,methylation,0.0,0,0.0
meth:C2orf27B,methylation,0.0,0,0.0
meth:C2orf40,methylation,0.0,0,0.0
meth:C2orf43,methylation,0.0,0,0.0
meth:C2orf51,methylation,0.0,0,0.0
meth:C2orf52,methylation,0.0,2,0.04
meth:C22orf42,methylation,0.0,0,0.0
meth:C22orf43,methylation,0.0,0,0.0
meth:C22orf45,methylation,0.0,0,0.0
meth:C2orf62,methylation,0.0,0,0.0
meth:C4orf26,methylation,0.0,2,0.04
meth:C4orf31,methylation,0.0,0,0.0
meth:C4orf35,methylation,0.0,0,0.0
meth:C4orf38,methylation,0.0,1,0.02
meth:C4orf39,methylation,0.0,0,0.0
meth:C4orf42,methylation,0.0,0,0.0
meth:C3orf74,methylation,0.0,0,0.0
meth:C3orf77,methylation,0.0,4,0.08
meth:C3orf79,methylation,0.0,0,0.0
meth:C4BPA,methylation,0.0,0,0.0
meth:C4BPB,methylation,0.0,0,0.0
meth:C4orf11,methylation,0.0,0,0.0
meth:C6orf176,methylation,0.0,0,0.0
meth:C3orf43,methylation,0.0,1,0.02
meth:C6orf195,methylation,0.0,0,0.0
meth:C6orf221,methylation,0.0,0,0.0
meth:C6orf222,methylation,0.0,0,0.0
meth:C6orf227,methylation,0.0,0,0.0
meth:C6orf25,methylation,0.0,1,0.02
meth:C6orf138,methylation,0.0,1,0.02
meth:C6orf142,methylation,0.0,0,0.0
meth:C6orf145,methylation,0.0,0,0.0
meth:C6orf147,methylation,0.0,0,0.0
meth:C6orf15,methylation,0.0,2,0.04
meth:C6orf150,methylation,0.0,0,0.0
meth:C6orf154,methylation,0.0,0,0.0
meth:C6orf155,methylation,0.0,0,0.0
meth:C6orf10,methylation,0.0,0,0.0
meth:C6orf186,methylation,0.0,0,0.0
meth:C2orf88,methylation,0.0,0,0.0
meth:C3,methylation,0.0,0,0.0
meth:C3AR1,methylation,0.0,0,0.0
meth:C3P1,methylation,0.0,0,0.0
meth:C3orf14,methylation,0.0,0,0.0
meth:C3orf15,methylation,0.0,0,0.0
meth:C3orf16,methylation,0.0,0,0.0
meth:C3orf22,methylation,0.0,0,0.0
meth:C2orf72,methylation,0.0,0,0.0
meth:C2orf74,methylation,0.0,0,0.0
meth:C2orf78,methylation,0.0,9,0.18
meth:C2orf80,methylation,0.0,0,0.0
meth:C2orf82,methylation,0.0,1,0.02
meth:C4orf22,methylation,0.0,0,0.0
meth:C2orf85,methylation,0.0,0,0.0
meth:C5orf20,methylation,0.0,0,0.0
meth:C5orf32,methylation,0.0,0,0.0
meth:C5orf35,methylation,0.0,0,0.0
meth:C5orf38,methylation,0.0,7,0.14
meth:C5orf4,methylation,0.0,2,0.04
meth:C4orf47,methylation,0.0,0,0.0
meth:C4orf49,methylation,0.0,0,0.0
meth:C4orf50,methylation,0.0,0,0.0
meth:C4orf51,methylation,0.0,0,0.0
meth:C4orf52,methylation,0.0,2,0.04
meth:C4orf6,methylation,0.0,0,0.0
meth:C4orf7,methylation,0.0,0,0.0
meth:C4orf17,methylation,0.0,0,0.0
meth:C2orf83,methylation,0.0,0,0.0
meth:C1QL1,methylation,0.0,0,0.0
meth:C1QL2,methylation,0.0,0,0.0
meth:C1QL4,methylation,0.0,0,0.0
meth:C1QTNF1,methylation,0.0,0,0.0
meth:C19orf51,methylation,0.0,0,0.0
meth:C19orf57,methylation,0.0,0,0.0
meth:C19orf59,methylation,0.0,0,0.0
meth:C19orf60,methylation,0.0,0,0.0
meth:C19orf63,methylation,0.0,3,0.06
meth:C19orf69,methylation,0.0,0,0.0
meth:C19orf71,methylation,0.0,2,0.04
meth:C19orf75,methylation,0.0,0,0.0
meth:C1orf54,methylation,0.0,0,0.0
expr:CEP295NL,expression,0.0,0,0.0
meth:C1orf61,methylation,0.0,0,0.0
meth:C1orf64,methylation,0.0,1,0.02
meth:C1orf68,methylation,0.0,1,0.02
meth:C1orf190,methylation,0.0,2,0.04
meth:C1orf200,methylation,0.0,0,0.0
meth:C1orf210,methylation,0.0,0,0.0
meth:C1orf226,methylation,0.0,0,0.0
meth:C1orf230,methylation,0.0,0,0.0
meth:C1orf35,methylation,0.0,0,0.0
meth:C1orf38,methylation,0.0,0,0.0
meth:C1orf51,methylation,0.0,9,0.18
meth:C1orf162,methylation,0.0,0,0.0
meth:C1orf168,methylation,0.0,2,0.04
meth:C1orf170,methylation,0.0,1,0.02
meth:C1orf59,methylation,0.0,5,0.1
meth:C17orf87,methylation,0.0,0,0.0
meth:C17orf88,methylation,0.0,0,0.0
meth:C17orf46,methylation,0.0,11,0.22
meth:C17orf50,methylation,0.0,0,0.0
meth:C17orf51,methylation,0.0,0,0.0
meth:C17orf54,methylation,0.0,0,0.0
meth:C17orf55,methylation,0.0,0,0.0
meth:C17orf57,methylation,0.0,0,0.0
meth:C17orf58,methylation,0.0,0,0.0
meth:C17orf62,methylation,0.0,3,0.06
meth:C1orf103,methylation,0.0,0,0.0
meth:C1orf106,methylation,0.0,0,0.0
meth:C1orf110,methylation,0.0,2,0.04
meth:C1QC,methylation,0.0,0,0.0
meth:C1orf113,methylation,0.0,0,0.0
meth:C1orf115,methylation,0.0,0,0.0
meth:C1orf116,methylation,0.0,0,0.0
meth:C1orf125,methylation,0.0,7,0.14
meth:C1QTNF4,methylation,0.0,0,0.0
meth:C1QTNF5,methylation,0.0,0,0.0
meth:C1QTNF7,methylation,0.0,0,0.0
meth:C1QTNF8,methylation,0.0,0,0.0
meth:C1QTNF9,methylation,0.0,0,0.0
meth:C1S,methylation,0.0,0,0.0
meth:C1orf100,methylation,0.0,0,0.0
meth:C19orf76,methylation,0.0,0,0.0
meth:C19orf77,methylation,0.0,0,0.0
meth:C1QB,methylation,0.0,1,0.02
meth:C1orf111,methylation,0.0,0,0.0
meth:C20orf135,methylation,0.0,0,0.0
meth:C20orf141,methylation,0.0,3,0.06
meth:C20orf151,methylation,0.0,0,0.0
meth:C20orf160,methylation,0.0,0,0.0
meth:C20orf165,methylation,0.0,0,0.0
meth:C20orf166,methylation,0.0,0,0.0
meth:C1orf87,methylation,0.0,0,0.0
meth:C2,methylation,0.0,0,0.0
meth:C20orf103,methylation,0.0,0,0.0
meth:C20orf106,methylation,0.0,0,0.0
meth:C20orf107,methylation,0.0,0,0.0
meth:C20orf114,methylation,0.0,0,0.0
meth:C20orf118,methylation,0.0,0,0.0
meth:C1orf173,methylation,0.0,0,0.0
expr:CFAP298-TCP10L,expression,0.0,0,0.0
expr:CFAP300,expression,0.0,0,0.0
meth:C21orf7,methylation,0.0,0,0.0
meth:C21orf71,methylation,0.0,2,0.04
meth:C21orf82,methylation,0.0,8,0.16
expr:CERS2,expression,0.0,0,0.0
expr:CES1,expression,0.0,0,0.0
expr:CES4A,expression,0.0,0,0.0
expr:CETP,expression,0.0,0,0.0
expr:CFAP157,expression,0.0,0,0.0
expr:CFAP206,expression,0.0,0,0.0
expr:CFAP221,expression,0.0,0,0.0
expr:CEP126,expression,0.0,5,0.1
expr:CEP295,expression,0.0,1,0.02
expr:CFAP251,expression,0.0,1,0.02
meth:C1orf175,methylation,0.0,0,0.0
meth:C1orf185,methylation,0.0,0,0.0
meth:C1orf186,methylation,0.0,0,0.0
meth:C1orf187,methylation,0.0,0,0.0
meth:C1orf129,methylation,0.0,0,0.0
meth:C1orf130,methylation,0.0,0,0.0
meth:C1orf141,methylation,0.0,0,0.0
meth:C1orf146,methylation,0.0,0,0.0
meth:C1orf150,methylation,0.0,0,0.0
meth:C1orf158,methylation,0.0,0,0.0
meth:C1orf161,methylation,0.0,0,0.0
meth:C20orf46,methylation,0.0,0,0.0
meth:C20orf54,methylation,0.0,0,0.0
meth:C20orf134,methylation,0.0,0,0.0
meth:C20orf70,methylation,0.0,0,0.0
meth:C20orf79,methylation,0.0,0,0.0
meth:C20orf85,methylation,0.0,0,0.0
meth:C20orf95,methylation,0.0,0,0.0
meth:C20orf96,methylation,0.0,0,0.0
meth:C20orf185,methylation,0.0,0,0.0
meth:C20orf186,methylation,0.0,0,0.0
meth:C20orf195,methylation,0.0,0,0.0
meth:C20orf197,methylation,0.0,0,0.0
meth:C20orf200,methylation,0.0,0,0.0
meth:C20orf201,methylation,0.0,0,0.0
meth:C20orf202,methylation,0.0,0,0.0
meth:C20orf24,methylation,0.0,0,0.0
meth:C20orf123,methylation,0.0,0,0.0
meth:C20orf56,methylation,0.0,0,0.0
meth:AMOTL1,methylation,0.0,6,0.12
meth:AMPD1,methylation,0.0,0,0.0
meth:AMPD3,methylation,0.0,4,0.08
meth:AMTN,methylation,0.0,0,0.0
meth:ALPL,methylation,0.0,0,0.0
meth:ALPP,methylation,0.0,0,0.0
meth:ALPPL2,methylation,0.0,0,0.0
meth:ALX4,methylation,0.0,0,0.0
meth:AMAC1L3,methylation,0.0,0,0.0
meth:AMBP,methylation,0.0,0,0.0
meth:AMBRA1,methylation,0.0,0,0.0
meth:AMICA1,methylation,0.0,0,0.0
meth:ALKBH7,methylation,0.0,0,0.0
meth:BHMT2,methylation,0.0,0,0.0
meth:ALOX12,methylation,0.0,0,0.0
meth:ALOX12B,methylation,0.0,0,0.0
meth:ALOX12P2,methylation,0.0,0,0.0
meth:ALOX15,methylation,0.0,0,0.0
meth:ALPI,methylation,0.0,0,0.0
meth:ALPK3,methylation,0.0,0,0.0
meth:ANKRD53,methylation,0.0,1,0.02
meth:ANKRD55,methylation,0.0,1,0.02
meth:ANKRD6,methylation,0.0,0,0.0
meth:ANKRD7,methylation,0.0,2,0.04
meth:ANKS1B,methylation,0.0,14,0.28
meth:ANKS4B,methylation,0.0,0,0.0
meth:ANO2,methylation,0.0,0,0.0
meth:ALLC,methylation,0.0,0,0.0
expr:CLDN18,expression,0.0,1,0.02
expr:CLDN2,expression,0.0,0,0.0
expr:CLDN20,expression,0.0,0,0.0
expr:CLDN23,expression,0.0,0,0.0
expr:CLC,expression,0.0,1,0.02
expr:CLCA2,expression,0.0,0,0.0
expr:CLCA4,expression,0.0,0,0.0
expr:CLCF1,expression,0.0,0,0.0
expr:CLCN4,expression,0.0,2,0.04
expr:CLCN5,expression,0.0,3,0.06
expr:CLCNKA,expression,0.0,0,0.0
expr:CLCNKB,expression,0.0,0,0.0
meth:ALDOB,methylation,0.0,0,0.0
meth:AMN1,methylation,0.0,0,0.0
meth:ALK,methylation,0.0,0,0.0
meth:ALKBH3,methylation,0.0,0,0.0
expr:CKMT1A,expression,0.0,0,0.0
expr:CKMT1B,expression,0.0,0,0.0
expr:CKS2,expression,0.0,0,0.0
meth:ANGEL2,methylation,0.0,4,0.08
meth:ANGPT1,methylation,0.0,0,0.0
meth:ANGPT4,methylation,0.0,0,0.0
meth:ANGPTL1,methylation,0.0,0,0.0
meth:ANGPTL4,methylation,0.0,0,0.0
meth:ANGPTL6,methylation,0.0,0,0.0
meth:AMIGO3,methylation,0.0,0,0.0
meth:AMMECR1L,methylation,0.0,0,0.0
meth:AMN,methylation,0.0,0,0.0
meth:ALDOC,methylation,0.0,0,0.0
meth:AOC3,methylation,0.0,0,0.0
meth:AP1M2,methylation,0.0,0,0.0
meth:AP3M2,methylation,0.0,0,0.0
meth:APBA2,methylation,0.0,7,0.14
meth:APBB1IP,methylation,0.0,0,0.0
meth:APBB2,methylation,0.0,0,0.0
meth:APC,methylation,0.0,0,0.0
meth:APC2,methylation,0.0,0,0.0
meth:ANTXR2,methylation,0.0,0,0.0
meth:ANXA1,methylation,0.0,0,0.0
meth:ANXA2P1,methylation,0.0,0,0.0
meth:ANXA2P2,methylation,0.0,0,0.0
meth:ANXA3,methylation,0.0,0,0.0
meth:ANO3,methylation,0.0,0,0.0
meth:AOAH,methylation,0.0,0,0.0
meth:ANO4,methylation,0.0,0,0.0
meth:ANO5,methylation,0.0,0,0.0
meth:ANO7,methylation,0.0,0,0.0
meth:ANP32C,methylation,0.0,0,0.0
meth:ANP32D,methylation,0.0,0,0.0
meth:ANP32E,methylation,0.0,0,0.0
meth:ANPEP,methylation,0.0,0,0.0
expr:CISD3,expression,0.0,0,0.0
expr:CIT,expression,0.0,0,0.0
expr:CITED1,expression,0.0,0,0.0
expr:CKAP2L,expression,0.0,0,0.0
expr:CKM,expression,0.0,1,0.02
expr:CHTF18,expression,0.0,0,0.0
meth:ANXA9,methylation,0.0,0,0.0
meth:ANKRD33,methylation,0.0,0,0.0
meth:ANKRD33B,methylation,0.0,0,0.0
meth:ANKRD34B,methylation,0.0,0,0.0
meth:ANKRD34C,methylation,0.0,0,0.0
meth:ANKRD39,methylation,0.0,1,0.02
meth:ANKRD44,methylation,0.0,0,0.0
meth:ANKRD45,methylation,0.0,0,0.0
meth:ANKRD50,methylation,0.0,0,0.0
meth:ANKRD18A,methylation,0.0,0,0.0
meth:ANKRD2,methylation,0.0,0,0.0
meth:ANKRD22,methylation,0.0,1,0.02
meth:ANKRD26P1,methylation,0.0,0,0.0
meth:ANKRD29,methylation,0.0,2,0.04
meth:APOB,methylation,0.0,0,0.0
meth:ANKRD30B,methylation,0.0,0,0.0
meth:ANK1,methylation,0.0,0,0.0
meth:ANK2,methylation,0.0,0,0.0
meth:ANKH,methylation,0.0,0,0.0
meth:ANKLE1,methylation,0.0,0,0.0
meth:ANKMY1,methylation,0.0,1,0.02
meth:ANKRD1,methylation,0.0,6,0.12
meth:APCDD1,methylation,0.0,0,0.0
meth:APCDD1L,methylation,0.0,0,0.0
meth:APCS,methylation,0.0,0,0.0
meth:APLNR,methylation,0.0,0,0.0
meth:APOA1,methylation,0.0,0,0.0
meth:APOA2,methylation,0.0,0,0.0
meth:APOA5,methylation,0.0,0,0.0
meth:ANKRD30A,methylation,0.0,0,0.0
meth:ADIPOQ,methylation,0.0,0,0.0
meth:ADM2,methylation,0.0,2,0.04
meth:ADCY2,methylation,0.0,0,0.0
meth:ADCY3,methylation,0.0,0,0.0
meth:ADCY5,methylation,0.0,1,0.02
meth:ADCY8,methylation,0.0,4,0.08
meth:ADCYAP1,methylation,0.0,0,0.0
meth:ADD2,methylation,0.0,0,0.0
meth:ADAMTS9,methylation,0.0,0,0.0
meth:ADAMTSL1,methylation,0.0,0,0.0
meth:ADAMTSL2,methylation,0.0,1,0.02
meth:ADAMTSL3,methylation,0.0,1,0.02
meth:ADAP1,methylation,0.0,0,0.0
expr:CLDN14,expression,0.0,0,0.0
meth:ADAT3,methylation,0.0,0,0.0
meth:AGTR1,methylation,0.0,0,0.0
meth:AGTRAP,methylation,0.0,0,0.0
meth:AGXT2,methylation,0.0,1,0.02
meth:AHCTF1,methylation,0.0,0,0.0
meth:AHNAK,methylation,0.0,0,0.0
meth:AHNAK2,methylation,0.0,0,0.0
meth:AHSG,methylation,0.0,1,0.02
meth:AHSP,methylation,0.0,0,0.0
meth:AGBL2,methylation,0.0,1,0.02
meth:AGBL4,methylation,0.0,0,0.0
meth:AGER,methylation,0.0,0,0.0
meth:AGPAT2,methylation,0.0,0,0.0
meth:AGPAT4,methylation,0.0,0,0.0
meth:ADARB2,methylation,0.0,0,0.0
meth:ADAMTS14,methylation,0.0,0,0.0
meth:ADAMTS16,methylation,0.0,22,0.44
meth:ADAM19,methylation,0.0,0,0.0
meth:ADAM2,methylation,0.0,9,0.18
meth:ADAM21,methylation,0.0,0,0.0
meth:ADAM21P1,methylation,0.0,0,0.0
meth:ADAM29,methylation,0.0,0,0.0
meth:ADAM32,methylation,0.0,0,0.0
meth:ADAM33,methylation,0.0,0,0.0
meth:ADAM7,methylation,0.0,4,0.08
meth:ACTN3,methylation,0.0,0,0.0
meth:ACTR3C,methylation,0.0,0,0.0
meth:ACVRL1,methylation,0.0,0,0.0
meth:ADH7,methylation,0.0,0,0.0
meth:ADAD2,methylation,0.0,0,0.0
meth:ADAM11,methylation,0.0,0,0.0
meth:ADAM12,methylation,0.0,0,0.0
meth:ADAM18,methylation,0.0,8,0.16
meth:ADORA1,methylation,0.0,0,0.0
meth:ADORA2A,methylation,0.0,0,0.0
meth:ADORA2B,methylation,0.0,0,0.0
meth:ADORA3,methylation,0.0,0,0.0
meth:ADPRH,methylation,0.0,3,0.06
meth:ADPRHL1,methylation,0.0,3,0.06
meth:ADRA1A,methylation,0.0,0,0.0
meth:ADH1B,methylation,0.0,0,0.0
meth:ADH1C,methylation,0.0,0,0.0
meth:ADH6,methylation,0.0,1,0.02
meth:ACY3,methylation,0.0,0,0.0
meth:AKT3,methylation,0.0,0,0.0
meth:ALDH1A1,methylation,0.0,0,0.0
meth:AIRE,methylation,0.0,0,0.0
meth:AJAP1,methylation,0.0,0,0.0
meth:AK5,methylation,0.0,0,0.0
meth:AKAP12,methylation,0.0,0,0.0
meth:AKAP2,methylation,0.0,0,0.0
meth:AKAP3,methylation,0.0,0,0.0
meth:AKAP6,methylation,0.0,0,0.0
meth:AKAP7,methylation,0.0,2,0.04
meth:AICDA,methylation,0.0,0,0.0
meth:AIF1,methylation,0.0,3,0.06
meth:AIF1L,methylation,0.0,0,0.0
meth:AGR2,methylation,0.0,0,0.0
meth:AIFM3,methylation,0.0,1,0.02
meth:AIM1L,methylation,0.0,0,0.0
meth:AIM2,methylation,0.0,0,0.0
meth:AIPL1,methylation,0.0,1,0.02
expr:CLDN25,expression,0.0,6,0.12
expr:CLDN3,expression,0.0,0,0.0
expr:CLDN4,expression,0.0,0,0.0
expr:CLDN5,expression,0.0,0,0.0
expr:CLDN6,expression,0.0,2,0.04
expr:CLDN7,expression,0.0,0,0.0
expr:CLDN8,expression,0.0,0,0.0
expr:CLDN9,expression,0.0,0,0.0
expr:CLDN1,expression,0.0,0,0.0
expr:CLDN10,expression,0.0,0,0.0
meth:AIFM2,methylation,0.0,0,0.0
meth:AGT,methylation,0.0,1,0.02
meth:AFAP1L2,methylation,0.0,0,0.0
meth:AFARP1,methylation,0.0,0,0.0
meth:AFG3L1,methylation,0.0,0,0.0
meth:AFP,methylation,0.0,0,0.0
meth:AGAP1,methylation,0.0,3,0.06
meth:AGAP11,methylation,0.0,0,0.0
meth:AGAP2,methylation,0.0,0,0.0
meth:AGBL1,methylation,0.0,0,0.0
meth:ADRA1B,methylation,0.0,0,0.0
meth:ADRA1D,methylation,0.0,0,0.0
meth:ADRA2C,methylation,0.0,0,0.0
meth:ADRB1,methylation,0.0,4,0.08
meth:AKR7L,methylation,0.0,0,0.0
meth:ADRB3,methylation,0.0,3,0.06
meth:AEBP1,methylation,0.0,0,0.0
meth:AFAP1L1,methylation,0.0,0,0.0
meth:ALDH1A3,methylation,0.0,0,0.0
meth:ALDH1L1,methylation,0.0,2,0.04
meth:ALDH1L2,methylation,0.0,1,0.02
meth:ALDH2,methylation,0.0,0,0.0
meth:ALDH3A1,methylation,0.0,0,0.0
meth:ALDH3B2,methylation,0.0,0,0.0
meth:ALDH5A1,methylation,0.0,0,0.0
meth:ALDH7A1,methylation,0.0,0,0.0
meth:AKR1B1,methylation,0.0,0,0.0
meth:AKR1CL1,methylation,0.0,0,0.0
meth:AKR1D1,methylation,0.0,0,0.0
meth:ADRB2,methylation,0.0,7,0.14
expr:CHRM2,expression,0.0,0,0.0
expr:CHRM3,expression,0.0,0,0.0
expr:CHRM4,expression,0.0,0,0.0
expr:CHRM5,expression,0.0,0,0.0
expr:CHRNA1,expression,0.0,0,0.0
expr:CHRNA2,expression,0.0,0,0.0
meth:AVPR1A,methylation,0.0,0,0.0
expr:CHN1,expression,0.0,0,0.0
expr:CHN2,expression,0.0,0,0.0
expr:CHODL,expression,0.0,0,0.0
expr:CHP2,expression,0.0,0,0.0
expr:CHRD,expression,0.0,0,0.0
expr:CHRDL2,expression,0.0,0,0.0
expr:CHTF8,expression,0.0,0,0.0
meth:BARD1,methylation,0.0,0,0.0
meth:BARHL2,methylation,0.0,0,0.0
meth:BARX2,methylation,0.0,1,0.02
meth:BASE,methylation,0.0,0,0.0
meth:BASP1,methylation,0.0,0,0.0
meth:BAT2L1,methylation,0.0,0,0.0
meth:BAALC,methylation,0.0,1,0.02
meth:BACE2,methylation,0.0,0,0.0
meth:BACH2,methylation,0.0,0,0.0
meth:BAHCC1,methylation,0.0,0,0.0
meth:BAI1,methylation,0.0,0,0.0
meth:BAIAP3,methylation,0.0,0,0.0
meth:B3GNT4,methylation,0.0,0,0.0
meth:BANF2,methylation,0.0,0,0.0
meth:ATP2B4,methylation,0.0,0,0.0
meth:ATP4A,methylation,0.0,0,0.0
meth:ATP5EP2,methylation,0.0,0,0.0
meth:ATP5G2,methylation,0.0,0,0.0
meth:ATP6V0C,methylation,0.0,0,0.0
meth:ATP6V0D1,methylation,0.0,0,0.0
meth:ATP6V1B1,methylation,0.0,0,0.0
meth:ATP11B,methylation,0.0,0,0.0
meth:ATP13A4,methylation,0.0,0,0.0
meth:ATP13A5,methylation,0.0,0,0.0
meth:ATP1A2,methylation,0.0,0,0.0
meth:ATP1A3,methylation,0.0,1,0.02
meth:ATP1A4,methylation,0.0,0,0.0
expr:CHRM1,expression,0.0,2,0.04
expr:CHRNE,expression,0.0,0,0.0
expr:CHRNG,expression,0.0,0,0.0
expr:CHST10,expression,0.0,1,0.02
expr:CHST11,expression,0.0,0,0.0
expr:CHST15,expression,0.0,0,0.0
meth:AXL,methylation,0.0,0,0.0
meth:AZI1,methylation,0.0,0,0.0
expr:CHRNA3,expression,0.0,0,0.0
expr:CHRNA5,expression,0.0,0,0.0
expr:CHRNA7,expression,0.0,0,0.0
expr:CHRNB2,expression,0.0,0,0.0
expr:CHRNB4,expression,0.0,0,0.0
expr:CHRND,expression,0.0,0,0.0
expr:CHRFAM7A,expression,0.0,0,0.0
meth:ATP1B2,methylation,0.0,5,0.1
meth:BCAS4,methylation,0.0,5,0.1
meth:BCAT1,methylation,0.0,9,0.18
meth:BCL10,methylation,0.0,0,0.0
meth:BCL11A,methylation,0.0,0,0.0
meth:BCL2A1,methylation,0.0,1,0.02
meth:BCL2L14,methylation,0.0,0,0.0
meth:BATF,methylation,0.0,0,0.0
meth:BATF2,methylation,0.0,0,0.0
meth:BATF3,methylation,0.0,0,0.0
meth:BAX,methylation,0.0,6,0.12
meth:BBC3,methylation,0.0,0,0.0
meth:BBOX1,methylation,0.0,2,0.04
meth:BBS4,methylation,0.0,0,0.0
meth:B3GNT5,methylation,0.0,0,0.0
meth:BMP7,methylation,0.0,0,0.0
meth:BMP8A,methylation,0.0,0,0.0
meth:BMP8B,methylation,0.0,0,0.0
meth:BNC1,methylation,0.0,0,0.0
meth:BNC2,methylation,0.0,0,0.0
meth:BNIP3,methylation,0.0,1,0.02
meth:BLNK,methylation,0.0,0,0.0
meth:BLOC1S1,methylation,0.0,0,0.0
meth:BMP1,methylation,0.0,0,0.0
meth:BMP10,methylation,0.0,0,0.0
meth:BMP2,methylation,0.0,0,0.0
meth:BMP3,methylation,0.0,0,0.0
meth:BMP4,methylation,0.0,0,0.0
meth:BHMT,methylation,0.0,0,0.0
meth:BBS5,methylation,0.0,0,0.0
meth:B3GNT6,methylation,0.0,0,0.0
meth:B3GNT7,methylation,0.0,0,0.0
meth:B3GNT9,methylation,0.0,0,0.0
meth:B4GALNT2,methylation,0.0,0,0.0
meth:B4GALT2,methylation,0.0,4,0.08
meth:B4GALT6,methylation,0.0,2,0.04
meth:AZU1,methylation,0.0,8,0.16
meth:B3GALT1,methylation,0.0,1,0.02
meth:B3GALT2,methylation,0.0,0,0.0
meth:B3GALT4,methylation,0.0,0,0.0
meth:B3GALT5,methylation,0.0,0,0.0
meth:B3GAT1,methylation,0.0,0,0.0
meth:B3GAT2,methylation,0.0,0,0.0
meth:BCAS1,methylation,0.0,0,0.0
meth:BEAN,methylation,0.0,0,0.0
meth:BEGAIN,methylation,0.0,0,0.0
meth:BEND4,methylation,0.0,0,0.0
meth:BEND6,methylation,0.0,0,0.0
meth:BEND7,methylation,0.0,0,0.0
meth:BEST1,methylation,0.0,5,0.1
meth:BEST3,methylation,0.0,0,0.0
meth:BCL2L2,methylation,0.0,0,0.0
meth:BCL6B,methylation,0.0,0,0.0
meth:BCL7A,methylation,0.0,0,0.0
meth:BCL9L,methylation,0.0,0,0.0
meth:BCMO1,methylation,0.0,0,0.0
meth:BDKRB1,methylation,0.0,0,0.0
meth:BDNF,methylation,0.0,0,0.0
meth:B3GNT3,methylation,0.0,0,0.0
meth:AQP6,methylation,0.0,0,0.0
meth:AQP8,methylation,0.0,1,0.02
meth:AQP9,methylation,0.0,1,0.02
meth:ARC,methylation,0.0,0,0.0
meth:ARGFX,methylation,0.0,0,0.0
meth:APOL4,methylation,0.0,0,0.0
meth:APOL5,methylation,0.0,0,0.0
meth:APOL6,methylation,0.0,0,0.0
meth:APP,methylation,0.0,0,0.0
meth:AQP1,methylation,0.0,0,0.0
meth:AQP11,methylation,0.0,0,0.0
meth:AQP12A,methylation,0.0,0,0.0
meth:AQP12B,methylation,0.0,0,0.0
meth:ATP8B1,methylation,0.0,2,0.04
meth:APOC4,methylation,0.0,0,0.0
meth:APOD,methylation,0.0,0,0.0
meth:APOE,methylation,0.0,0,0.0
meth:APOF,methylation,0.0,0,0.0
meth:APOH,methylation,0.0,0,0.0
meth:APOL3,methylation,0.0,0,0.0
meth:ASAH2,methylation,0.0,0,0.0
meth:ASAM,methylation,0.0,0,0.0
meth:ASAP1,methylation,0.0,0,0.0
meth:ASB1,methylation,0.0,0,0.0
meth:ASB10,methylation,0.0,0,0.0
meth:ARRB1,methylation,0.0,0,0.0
meth:ARSI,methylation,0.0,3,0.06
meth:ARSJ,methylation,0.0,0,0.0
meth:APOC3,methylation,0.0,0,0.0
expr:CIART,expression,0.0,0,0.0
expr:CIDEA,expression,0.0,2,0.04
expr:CILP2,expression,0.0,0,0.0
expr:CIP2A,expression,0.0,0,0.0
meth:APOBEC4,methylation,0.0,0,0.0
meth:APOC1,methylation,0.0,0,0.0
expr:CHST2,expression,0.0,1,0.02
expr:CHST3,expression,0.0,0,0.0
expr:CHST4,expression,0.0,0,0.0
expr:CHST8,expression,0.0,0,0.0
expr:CHSY3,expression,0.0,0,0.0
meth:APOB48R,methylation,0.0,0,0.0
meth:APOBEC1,methylation,0.0,0,0.0
meth:AQP3,methylation,0.0,0,0.0
meth:APOBEC3B,methylation,0.0,4,0.08
meth:APOBEC3C,methylation,0.0,0,0.0
meth:APOBEC3D,methylation,0.0,0,0.0
meth:APOBEC3F,methylation,0.0,0,0.0
meth:APOBEC3H,methylation,0.0,0,0.0
meth:ARHGAP10,methylation,0.0,0,0.0
meth:ARHGAP15,methylation,0.0,1,0.02
meth:ARHGAP20,methylation,0.0,0,0.0
meth:ARHGAP22,methylation,0.0,0,0.0
meth:ARHGAP23,methylation,0.0,2,0.04
meth:ARHGAP24,methylation,0.0,0,0.0
meth:ARHGAP25,methylation,0.0,0,0.0
meth:ARHGAP26,methylation,0.0,0,0.0
meth:AQP2,methylation,0.0,0,0.0
meth:APOBEC3A,methylation,0.0,9,0.18
meth:ASCL4,methylation,0.0,1,0.02
meth:ASGR1,methylation,0.0,0,0.0
meth:ASGR2,methylation,0.0,0,0.0
meth:ASIP,methylation,0.0,0,0.0
meth:ASPA,methylation,0.0,1,0.02
meth:ASPG,methylation,0.0,0,0.0
meth:ASPN,methylation,0.0,0,0.0
meth:ASB16,methylation,0.0,0,0.0
meth:ASB17,methylation,0.0,0,0.0
meth:ASB2,methylation,0.0,1,0.02
meth:ASB4,methylation,0.0,0,0.0
meth:ASB8,methylation,0.0,0,0.0
meth:ASCC1,methylation,0.0,0,0.0
meth:ART1,methylation,0.0,4,0.08
meth:ASCL3,methylation,0.0,0,0.0
meth:ATPGD1,methylation,0.0,0,0.0
meth:ATXN10,methylation,0.0,0,0.0
meth:ATXN8OS,methylation,0.0,0,0.0
meth:AUH,methylation,0.0,0,0.0
meth:AURKC,methylation,0.0,0,0.0
meth:AVP,methylation,0.0,1,0.02
meth:ATP6V1C1,methylation,0.0,6,0.12
meth:ATP6V1C2,methylation,0.0,1,0.02
meth:ATP6V1E2,methylation,0.0,0,0.0
meth:ATP6V1G1,methylation,0.0,0,0.0
meth:ATP6V1G2,methylation,0.0,4,0.08
meth:ATP6V1G3,methylation,0.0,0,0.0
meth:ATP8A2,methylation,0.0,1,0.02
meth:ASCL1,methylation,0.0,1,0.02
meth:ART3,methylation,0.0,0,0.0
meth:ART4,methylation,0.0,0,0.0
meth:ARL11,methylation,0.0,0,0.0
meth:ARL14,methylation,0.0,0,0.0
meth:ARL5C,methylation,0.0,2,0.04
meth:ARL6IP4,methylation,0.0,0,0.0
meth:ARMS2,methylation,0.0,0,0.0
meth:ARHGAP30,methylation,0.0,0,0.0
meth:ARHGAP9,methylation,0.0,0,0.0
meth:ARHGDIB,methylation,0.0,0,0.0
meth:ARHGDIG,methylation,0.0,0,0.0
meth:ARHGEF15,methylation,0.0,0,0.0
meth:ARHGEF19,methylation,0.0,0,0.0
meth:ATF6B,methylation,0.0,0,0.0
meth:ARHGEF4,methylation,0.0,0,0.0
meth:ATG4C,methylation,0.0,0,0.0
meth:ATHL1,methylation,0.0,0,0.0
meth:ATMIN,methylation,0.0,0,0.0
meth:ATOH1,methylation,0.0,0,0.0
meth:ATOH7,methylation,0.0,0,0.0
meth:ATOH8,methylation,0.0,0,0.0
meth:ATP10A,methylation,0.0,0,0.0
meth:ATP10B,methylation,0.0,0,0.0
meth:ASS1,methylation,0.0,0,0.0
meth:ASTL,methylation,0.0,0,0.0
meth:ASTN1,methylation,0.0,5,0.1
meth:ATAD3C,methylation,0.0,0,0.0
meth:ATCAY,methylation,0.0,0,0.0
meth:ARHGEF2,methylation,0.0,0,0.0
meth:COL28A1,methylation,0.0,0,0.0
meth:COL29A1,methylation,0.0,0,0.0
meth:COL2A1,methylation,0.0,1,0.02
meth:COL4A2,methylation,0.0,1,0.02
meth:COL15A1,methylation,0.0,0,0.0
meth:COL17A1,methylation,0.0,0,0.0
meth:COL18A1,methylation,0.0,0,0.0
meth:COL19A1,methylation,0.0,0,0.0
meth:COL1A1,methylation,0.0,5,0.1
meth:COL1A2,methylation,0.0,0,0.0
meth:COL20A1,methylation,0.0,0,0.0
meth:COL21A1,methylation,0.0,0,0.0
meth:CNTNAP1,methylation,0.0,0,0.0
meth:C6orf103,methylation,0.0,0,0.0
meth:CNTNAP4,methylation,0.0,3,0.06
meth:CNTNAP5,methylation,0.0,0,0.0
meth:COASY,methylation,0.0,0,0.0
meth:COG2,methylation,0.0,1,0.02
meth:COL11A2,methylation,0.0,0,0.0
meth:COL14A1,methylation,0.0,0,0.0
meth:CPA5,methylation,0.0,1,0.02
meth:CPB2,methylation,0.0,0,0.0
meth:CPD,methylation,0.0,0,0.0
meth:CPEB1,methylation,0.0,0,0.0
expr:CD300LB,expression,0.0,0,0.0
expr:CD300LF,expression,0.0,0,0.0
meth:COX6A2,methylation,0.0,0,0.0
meth:CNTNAP2,methylation,0.0,0,0.0
meth:CNN3,methylation,0.0,0,0.0
meth:CNNM1,methylation,0.0,0,0.0
meth:CNNM4,methylation,0.0,0,0.0
meth:CNR1,methylation,0.0,2,0.04
meth:CNR2,methylation,0.0,5,0.1
meth:CNRIP1,methylation,0.0,0,0.0
meth:CNFN,methylation,0.0,0,0.0
meth:CNGA1,methylation,0.0,0,0.0
meth:CNGA3,methylation,0.0,0,0.0
meth:CNGA4,methylation,0.0,0,0.0
meth:CNGB1,methylation,0.0,0,0.0
meth:CNIH3,methylation,0.0,0,0.0
meth:CNKSR1,methylation,0.0,0,0.0
meth:COL25A1,methylation,0.0,0,0.0
meth:CMTM5,methylation,0.0,0,0.0
meth:CMTM8,methylation,0.0,0,0.0
meth:CMYA5,methylation,0.0,0,0.0
meth:CNDP1,methylation,0.0,0,0.0
meth:CNDP2,methylation,0.0,0,0.0
meth:COL4A4,methylation,0.0,2,0.04
meth:COL5A1,methylation,0.0,0,0.0
meth:COL5A2,methylation,0.0,0,0.0
meth:COL5A3,methylation,0.0,0,0.0
meth:COL6A2,methylation,0.0,2,0.04
meth:COL8A1,methylation,0.0,0,0.0
meth:COL22A1,methylation,0.0,0,0.0
meth:COL23A1,methylation,0.0,0,0.0
meth:COL24A1,methylation,0.0,0,0.0
meth:CMTM2,methylation,0.0,0,0.0
expr:CD5L,expression,0.0,0,0.0
expr:CD6,expression,0.0,0,0.0
expr:CD68,expression,0.0,0,0.0
expr:CD7,expression,0.0,0,0.0
expr:CD70,expression,0.0,1,0.02
expr:CD72,expression,0.0,0,0.0
expr:CD4,expression,0.0,0,0.0
expr:CD40,expression,0.0,0,0.0
expr:CD40LG,expression,0.0,10,0.2
expr:CD44,expression,0.0,1,0.02
expr:CD48,expression,0.0,5,0.1
expr:CD5,expression,0.0,6,0.12
expr:CD52,expression,0.0,6,0.12
meth:COX6B2,methylation,0.0,0,0.0
expr:CD33,expression,0.0,0,0.0
expr:CD36,expression,0.0,0,0.0
expr:CD37,expression,0.0,3,0.06
expr:CD38,expression,0.0,2,0.04
expr:CD3D,expression,0.0,4,0.08
expr:CD3E,expression,0.0,9,0.18
expr:CD3G,expression,0.0,1,0.02
meth:CREB5,methylation,0.0,0,0.0
meth:CREG1,methylation,0.0,0,0.0
meth:CRHBP,methylation,0.0,0,0.0
meth:CRHR1,methylation,0.0,0,0.0
meth:CRHR2,methylation,0.0,0,0.0
meth:CRIM1,methylation,0.0,0,0.0
meth:CRIP3,methylation,0.0,0,0.0
expr:CD53,expression,0.0,0,0.0
meth:COX7A1,methylation,0.0,0,0.0
meth:COX7B2,methylation,0.0,0,0.0
meth:COX8C,methylation,0.0,0,0.0
meth:CPA1,methylation,0.0,0,0.0
meth:CPA2,methylation,0.0,0,0.0
meth:CPA4,methylation,0.0,1,0.02
meth:COQ3,methylation,0.0,1,0.02
meth:CORIN,methylation,0.0,0,0.0
meth:CORO2A,methylation,0.0,0,0.0
meth:CORO2B,methylation,0.0,3,0.06
meth:CORO6,methylation,0.0,0,0.0
meth:COTL1,methylation,0.0,0,0.0
meth:COX19,methylation,0.0,0,0.0
expr:CD55,expression,0.0,0,0.0
meth:COL8A2,methylation,0.0,0,0.0
meth:COL9A1,methylation,0.0,0,0.0
meth:COL9A3,methylation,0.0,0,0.0
meth:COLEC11,methylation,0.0,0,0.0
meth:COLEC12,methylation,0.0,0,0.0
meth:COMMD7,methylation,0.0,0,0.0
meth:COMP,methylation,0.0,0,0.0
expr:CD80,expression,0.0,0,0.0
meth:CPLX1,methylation,0.0,0,0.0
meth:CPLX2,methylation,0.0,0,0.0
meth:CPLX3,methylation,0.0,0,0.0
meth:CPLX4,methylation,0.0,0,0.0
meth:CPM,methylation,0.0,0,0.0
meth:CPN1,methylation,0.0,0,0.0
meth:COX4I2,methylation,0.0,0,0.0
meth:CIB3,methylation,0.0,1,0.02
meth:CHRNB2,methylation,0.0,0,0.0
meth:CHRNB3,methylation,0.0,0,0.0
meth:CHRNB4,methylation,0.0,0,0.0
meth:CHRND,methylation,0.0,0,0.0
meth:CHRNE,methylation,0.0,0,0.0
meth:CHRNG,methylation,0.0,0,0.0
meth:CHST11,methylation,0.0,0,0.0
meth:CHST13,methylation,0.0,0,0.0
meth:CHRNA2,methylation,0.0,0,0.0
meth:CHRNA3,methylation,0.0,0,0.0
meth:CHRNA5,methylation,0.0,0,0.0
meth:CHRNA6,methylation,0.0,0,0.0
meth:CNN2,methylation,0.0,0,0.0
meth:CHRNA9,methylation,0.0,0,0.0
meth:CHRNB1,methylation,0.0,0,0.0
meth:CLDND2,methylation,0.0,0,0.0
meth:CLEC10A,methylation,0.0,0,0.0
meth:CLEC11A,methylation,0.0,0,0.0
meth:CLEC12B,methylation,0.0,0,0.0
meth:CLEC14A,methylation,0.0,0,0.0
meth:CLEC17A,methylation,0.0,0,0.0
meth:CLEC1A,methylation,0.0,0,0.0
meth:CLEC1B,methylation,0.0,0,0.0
meth:CLDN20,methylation,0.0,0,0.0
meth:CLDN22,methylation,0.0,0,0.0
meth:CLDN25,methylation,0.0,0,0.0
meth:CHRNA7,methylation,0.0,1,0.02
expr:CDCA2,expression,0.0,1,0.02
expr:CDCA3,expression,0.0,0,0.0
expr:CD93,expression,0.0,0,0.0
expr:CDA,expression,0.0,0,0.0
expr:CDC14B,expression,0.0,2,0.04
expr:CDC25A,expression,0.0,0,0.0
expr:CDC25B,expression,0.0,7,0.14
expr:CDC25C,expression,0.0,0,0.0
expr:CDC42BPA,expression,0.0,0,0.0
meth:CHRM2,methylation,0.0,0,0.0
expr:CD82,expression,0.0,1,0.02
expr:CD83,expression,0.0,0,0.0
expr:CD84,expression,0.0,0,0.0
meth:CIB2,methylation,0.0,0,0.0
expr:CD8B,expression,0.0,3,0.06
meth:CIDEA,methylation,0.0,0,0.0
meth:CIDEB,methylation,0.0,0,0.0
meth:CIDEC,methylation,0.0,0,0.0
meth:CIITA,methylation,0.0,0,0.0
meth:CILP,methylation,0.0,14,0.28
meth:CILP2,methylation,0.0,0,0.0
meth:CITED4,methylation,0.0,0,0.0
meth:CKAP4,methylation,0.0,0,0.0
meth:CHST15,methylation,0.0,0,0.0
meth:CHST2,methylation,0.0,0,0.0
meth:CHST3,methylation,0.0,0,0.0
meth:CHST5,methylation,0.0,0,0.0
meth:CHST6,methylation,0.0,0,0.0
expr:CD86,expression,0.0,0,0.0
meth:CLIC3,methylation,0.0,0,0.0
meth:CLIP3,methylation,0.0,0,0.0
meth:CLIP4,methylation,0.0,0,0.0
meth:CLMN,methylation,0.0,1,0.02
meth:CLEC4E,methylation,0.0,0,0.0
meth:CLEC4F,methylation,0.0,0,0.0
meth:CLEC4G,methylation,0.0,0,0.0
meth:CLEC4GP1,methylation,0.0,0,0.0
meth:CLEC4M,methylation,0.0,0,0.0
meth:CLEC5A,methylation,0.0,0,0.0
meth:CLEC7A,methylation,0.0,0,0.0
meth:CLEC9A,methylation,0.0,0,0.0
meth:CLEC2A,methylation,0.0,5,0.1
meth:CLDN4,methylation,0.0,0,0.0
meth:CLEC2D,methylation,0.0,0,0.0
meth:CLEC2L,methylation,0.0,1,0.02
meth:CLEC3B,methylation,0.0,0,0.0
meth:CLEC4C,methylation,0.0,0,0.0
meth:CLEC4D,methylation,0.0,0,0.0
meth:CNTD2,methylation,0.0,0,0.0
meth:CNTFR,methylation,0.0,0,0.0
meth:CNTLN,methylation,0.0,0,0.0
meth:CNTN1,methylation,0.0,0,0.0
meth:CNTN2,methylation,0.0,0,0.0
meth:CNTN4,methylation,0.0,0,0.0
meth:CNTN5,methylation,0.0,3,0.06
meth:CNTN6,methylation,0.0,0,0.0
meth:CNN1,methylation,0.0,0,0.0
meth:CLEC2B,methylation,0.0,0,0.0
meth:CLDN5,methylation,0.0,0,0.0
meth:CLDN6,methylation,0.0,0,0.0
meth:CLDN8,methylation,0.0,0,0.0
meth:CLDN9,methylation,0.0,0,0.0
meth:CLCNKB,methylation,0.0,0,0.0
meth:CLDN1,methylation,0.0,0,0.0
meth:CLDN11,methylation,0.0,0,0.0
meth:CLDN14,methylation,0.0,0,0.0
meth:CLDN15,methylation,0.0,0,0.0
meth:CLDN16,methylation,0.0,0,0.0
meth:CLDN18,methylation,0.0,1,0.02
meth:CLDN19,methylation,0.0,0,0.0
meth:CKM,methylation,0.0,0,0.0
meth:CLECL1,methylation,0.0,0,0.0
meth:CLC,methylation,0.0,1,0.02
meth:CLCA1,methylation,0.0,0,0.0
meth:CLCA2,methylation,0.0,0,0.0
meth:CLCF1,methylation,0.0,1,0.02
meth:CLCN7,methylation,0.0,0,0.0
meth:CLCNKA,methylation,0.0,0,0.0
meth:CLRN2,methylation,0.0,0,0.0
meth:CLSTN2,methylation,0.0,1,0.02
meth:CLTCL1,methylation,0.0,0,0.0
meth:CLVS1,methylation,0.0,0,0.0
meth:CLVS2,methylation,0.0,0,0.0
meth:CMAH,methylation,0.0,0,0.0
meth:CMBL,methylation,0.0,0,0.0
meth:CMKLR1,methylation,0.0,1,0.02
meth:CKS2,methylation,0.0,0,0.0
meth:CYP2W1,methylation,0.0,2,0.04
meth:CYP39A1,methylation,0.0,0,0.0
meth:CYP3A4,methylation,0.0,0,0.0
meth:CYP3A43,methylation,0.0,0,0.0
meth:CYP27B1,methylation,0.0,0,0.0
meth:CYP27C1,methylation,0.0,0,0.0
meth:CYP2B6,methylation,0.0,0,0.0
meth:CYP2C18,methylation,0.0,6,0.12
meth:CYP2C19,methylation,0.0,0,0.0
meth:CYP2C9,methylation,0.0,0,0.0
meth:CYP2D6,methylation,0.0,0,0.0
meth:CYP2E1,methylation,0.0,0,0.0
meth:CYP11B1,methylation,0.0,0,0.0
meth:CR1L,methylation,0.0,0,0.0
meth:CYP17A1,methylation,0.0,0,0.0
meth:CYP19A1,methylation,0.0,0,0.0
meth:CYP1A1,methylation,0.0,0,0.0
meth:CYP1A2,methylation,0.0,0,0.0
meth:CYP20A1,methylation,0.0,0,0.0
meth:CYP24A1,methylation,0.0,0,0.0
meth:DAPP1,methylation,0.0,0,0.0
meth:DARC,methylation,0.0,0,0.0
meth:DARS,methylation,0.0,0,0.0
meth:DBC1,methylation,0.0,0,0.0
meth:DBNDD2,methylation,0.0,0,0.0
meth:DBX1,methylation,0.0,0,0.0
meth:DCAF4L2,methylation,0.0,0,0.0
meth:CYP11B2,methylation,0.0,0,0.0
meth:CXCR7,methylation,0.0,0,0.0
meth:CWH43,methylation,0.0,0,0.0
meth:CX3CL1,methylation,0.0,0,0.0
meth:CX3CR1,methylation,0.0,0,0.0
meth:CXCL1,methylation,0.0,0,0.0
meth:CXCL10,methylation,0.0,0,0.0
meth:CXCL11,methylation,0.0,0,0.0
meth:CXCL12,methylation,0.0,0,0.0
meth:CXCL13,methylation,0.0,0,0.0
meth:CTXN2,methylation,0.0,0,0.0
meth:CTXN3,methylation,0.0,1,0.02
meth:CUBN,methylation,0.0,0,0.0
meth:CUEDC1,methylation,0.0,0,0.0
meth:CYP2U1,methylation,0.0,0,0.0
meth:CUL7,methylation,0.0,0,0.0
meth:CUX2,methylation,0.0,0,0.0
meth:CUZD1,methylation,0.0,0,0.0
meth:CYP3A7,methylation,0.0,0,0.0
meth:CYP4A11,methylation,0.0,0,0.0
meth:CYP4B1,methylation,0.0,0,0.0
meth:CYP4F11,methylation,0.0,1,0.02
meth:CYP4F12,methylation,0.0,0,0.0
meth:CYP4F2,methylation,0.0,0,0.0
meth:CYP4F22,methylation,0.0,0,0.0
meth:CYP4F3,methylation,0.0,0,0.0
meth:CYP2F1,methylation,0.0,29,0.58
meth:CYP2J2,methylation,0.0,0,0.0
meth:CYP2S1,methylation,0.0,0,0.0
meth:CUGBP2,methylation,0.0,0,0.0
meth:DEFB115,methylation,0.0,0,0.0
expr:CCN3,expression,0.0,0,0.0
meth:DDO,methylation,0.0,0,0.0
meth:DDR1,methylation,0.0,0,0.0
meth:DDX47,methylation,0.0,1,0.02
meth:DDX56,methylation,0.0,1,0.02
meth:DDX60,methylation,0.0,0,0.0
meth:DEC1,methylation,0.0,0,0.0
meth:DECR2,methylation,0.0,0,0.0
meth:DCST2,methylation,0.0,0,0.0
meth:DCT,methylation,0.0,0,0.0
meth:DCTN1,methylation,0.0,0,0.0
meth:DCUN1D1,methylation,0.0,0,0.0
meth:DAB2IP,methylation,0.0,10,0.2
meth:DDIT3,methylation,0.0,0,0.0
meth:DDIT4L,methylation,0.0,0,0.0
meth:DCBLD1,methylation,0.0,0,0.0
meth:DCBLD2,methylation,0.0,1,0.02
meth:DCC,methylation,0.0,0,0.0
meth:DCD,methylation,0.0,0,0.0
meth:DCDC2,methylation,0.0,2,0.04
meth:DCDC2B,methylation,0.0,0,0.0
meth:DCHS1,methylation,0.0,0,0.0
meth:DCHS2,methylation,0.0,0,0.0
expr:CCRL2,expression,0.0,0,0.0
expr:CCSER1,expression,0.0,0,0.0
expr:CCT6B,expression,0.0,0,0.0
meth:DEFB116,methylation,0.0,0,0.0
meth:DDC,methylation,0.0,1,0.02
meth:DACT2,methylation,0.0,0,0.0
meth:DAD1L,methylation,0.0,0,0.0
meth:DAND5,methylation,0.0,0,0.0
meth:DAOA,methylation,0.0,0,0.0
meth:DAP,methylation,0.0,0,0.0
meth:DAPK1,methylation,0.0,0,0.0
meth:DAPL1,methylation,0.0,0,0.0
meth:CYTH4,methylation,0.0,0,0.0
meth:CYTIP,methylation,0.0,0,0.0
meth:CYTL1,methylation,0.0,0,0.0
meth:CYYR1,methylation,0.0,0,0.0
meth:D4S234E,methylation,0.0,0,0.0
meth:DAAM2,methylation,0.0,0,0.0
meth:DEFB1,methylation,0.0,0,0.0
meth:DAB2,methylation,0.0,0,0.0
meth:CYP4X1,methylation,0.0,0,0.0
meth:CYP4Z2P,methylation,0.0,0,0.0
meth:CYP7A1,methylation,0.0,1,0.02
meth:CYP7B1,methylation,0.0,2,0.04
meth:CYP8B1,methylation,0.0,0,0.0
meth:CYS1,methylation,0.0,0,0.0
meth:CYSLTR2,methylation,0.0,0,0.0
meth:CYTH3,methylation,0.0,0,0.0
meth:DEF8,methylation,0.0,4,0.08
meth:DEFA10P,methylation,0.0,0,0.0
meth:DEFA4,methylation,0.0,0,0.0
meth:DEFA5,methylation,0.0,0,0.0
meth:DEFA6,methylation,0.0,0,0.0
meth:DAB1,methylation,0.0,0,0.0
meth:CRYBG3,methylation,0.0,4,0.08
meth:CRYGA,methylation,0.0,0,0.0
meth:CRYGC,methylation,0.0,0,0.0
meth:CRYGD,methylation,0.0,0,0.0
meth:CRYGN,methylation,0.0,0,0.0
meth:CRYGS,methylation,0.0,0,0.0
meth:CRYZ,methylation,0.0,0,0.0
meth:CRP,methylation,0.0,0,0.0
meth:CRTAC1,methylation,0.0,0,0.0
meth:CRYAB,methylation,0.0,0,0.0
meth:CRYBA1,methylation,0.0,0,0.0
meth:CRYBA2,methylation,0.0,0,0.0
meth:CRYBA4,methylation,0.0,0,0.0
meth:CXCR6,methylation,0.0,1,0.02
meth:CRLF1,methylation,0.0,1,0.02
meth:CRLF3,methylation,0.0,0,0.0
meth:CRMP1,methylation,0.0,0,0.0
meth:CRNKL1,methylation,0.0,0,0.0
meth:CRNN,methylation,0.0,0,0.0
meth:CROCCL2,methylation,0.0,0,0.0
meth:CTCFL,methylation,0.0,0,0.0
meth:CTF1,methylation,0.0,0,0.0
meth:CTGF,methylation,0.0,0,0.0
meth:CTHRC1,methylation,0.0,0,0.0
meth:CTLA4,methylation,0.0,3,0.06
meth:CTNNA3,methylation,0.0,0,0.0
meth:CTNNAL1,methylation,0.0,0,0.0
meth:CTNND1,methylation,0.0,2,0.04
meth:CRYBB1,methylation,0.0,0,0.0
meth:CR2,methylation,0.0,0,0.0
meth:CRABP1,methylation,0.0,0,0.0
meth:CRABP2,methylation,0.0,0,0.0
meth:CRB1,methylation,0.0,0,0.0
meth:CRB2,methylation,0.0,0,0.0
meth:CRCT1,methylation,0.0,0,0.0
meth:CREB3L3,methylation,0.0,0,0.0
meth:CPT1B,methylation,0.0,0,0.0
meth:CPT1C,methylation,0.0,1,0.02
meth:CPT2,methylation,0.0,0,0.0
meth:CPVL,methylation,0.0,0,0.0
meth:CPXM1,methylation,0.0,1,0.02
meth:CPXM2,methylation,0.0,0,0.0
meth:CSGALNACT1,methylation,0.0,0,0.0
meth:CR1,methylation,0.0,0,0.0
meth:CPN2,methylation,0.0,0,0.0
meth:CPNE2,methylation,0.0,0,0.0
meth:CPNE4,methylation,0.0,0,0.0
meth:CPNE7,methylation,0.0,0,0.0
meth:CPNE8,methylation,0.0,0,0.0
meth:CPNE9,methylation,0.0,0,0.0
meth:CPPED1,methylation,0.0,10,0.2
meth:CSDAP1,methylation,0.0,0,0.0
meth:CSDC2,methylation,0.0,0,0.0
meth:CSF1,methylation,0.0,0,0.0
meth:CSF2,methylation,0.0,0,0.0
meth:CSF2RB,methylation,0.0,0,0.0
meth:CSF3R,methylation,0.0,0,0.0
meth:CPZ,methylation,0.0,3,0.06
expr:CD247,expression,0.0,3,0.06
expr:CD248,expression,0.0,0,0.0
expr:CD27,expression,0.0,2,0.04
expr:CD177,expression,0.0,0,0.0
expr:CD180,expression,0.0,0,0.0
expr:CD1B,expression,0.0,8,0.16
expr:CD2,expression,0.0,4,0.08
expr:CD200,expression,0.0,10,0.2
meth:CTNND2,methylation,0.0,0,0.0
meth:CTSE,methylation,0.0,0,0.0
meth:CTSG,methylation,0.0,1,0.02
expr:CD101,expression,0.0,0,0.0
expr:CD109,expression,0.0,0,0.0
meth:CST8,methylation,0.0,3,0.06
meth:CXXC5,methylation,0.0,0,0.0
meth:CYB5R2,methylation,0.0,0,0.0
meth:CYBA,methylation,0.0,0,0.0
meth:CYBRD1,methylation,0.0,0,0.0
meth:CYCSP52,methylation,0.0,0,0.0
meth:CYGB,methylation,0.0,2,0.04
meth:CYMP,methylation,0.0,0,0.0
meth:CYP11A1,methylation,0.0,0,0.0
meth:CXCL17,methylation,0.0,0,0.0
meth:CXCL3,methylation,0.0,0,0.0
meth:CXCL5,methylation,0.0,0,0.0
meth:CXCR2,methylation,0.0,0,0.0
meth:CXCR4,methylation,0.0,0,0.0
meth:CXCR5,methylation,0.0,0,0.0
expr:CD164L2,expression,0.0,0,0.0
meth:CST9,methylation,0.0,0,0.0
meth:CTAGE1,methylation,0.0,1,0.02
meth:CTBP1,methylation,0.0,0,0.0
meth:CSRNP3,methylation,0.0,3,0.06
meth:CSRP1,methylation,0.0,0,0.0
meth:CSRP3,methylation,0.0,1,0.02
meth:CST1,methylation,0.0,0,0.0
meth:CST5,methylation,0.0,0,0.0
meth:CST6,methylation,0.0,0,0.0
meth:CSHL1,methylation,0.0,0,0.0
meth:CSMD1,methylation,0.0,0,0.0
meth:CSMD2,methylation,0.0,0,0.0
meth:CSN1S2B,methylation,0.0,0,0.0
expr:CD244,expression,0.0,0,0.0
meth:CSNK1A1P,methylation,0.0,2,0.04
meth:CSNK1E,methylation,0.0,2,0.04
meth:CSPG4,methylation,0.0,0,0.0
expr:CD274,expression,0.0,5,0.1
expr:CD28,expression,0.0,0,0.0
expr:CD300A,expression,0.0,0,0.0
expr:CD300C,expression,0.0,0,0.0
meth:CTSL1,methylation,0.0,0,0.0
meth:CTSL3,methylation,0.0,0,0.0
meth:CTSZ,methylation,0.0,0,0.0
expr:CD200R1,expression,0.0,0,0.0
expr:CD207,expression,0.0,8,0.16
expr:CD22,expression,0.0,8,0.16
expr:CD226,expression,0.0,29,0.58
meth:CSNK1A1L,methylation,0.0,0,0.0
meth:CAND2,methylation,0.0,19,0.38
meth:CAPG,methylation,0.0,0,0.0
meth:CAPN14,methylation,0.0,0,0.0
meth:CAPN2,methylation,0.0,0,0.0
meth:CALN1,methylation,0.0,0,0.0
meth:CAMK1D,methylation,0.0,0,0.0
meth:CAMK1G,methylation,0.0,0,0.0
meth:CAMK2A,methylation,0.0,0,0.0
meth:CAMK2D,methylation,0.0,0,0.0
meth:CAMKV,methylation,0.0,0,0.0
meth:CAMP,methylation,0.0,0,0.0
expr:CEACAM20,expression,0.0,0,0.0
expr:CEACAM21,expression,0.0,0,0.0
expr:CDC7,expression,0.0,0,0.0
meth:CASQ1,methylation,0.0,0,0.0
meth:CASR,methylation,0.0,0,0.0
meth:CASS4,methylation,0.0,0,0.0
meth:CAST,methylation,0.0,3,0.06
expr:CDSN,expression,0.0,0,0.0
expr:CDT1,expression,0.0,0,0.0
expr:CDX1,expression,0.0,0,0.0
expr:CDYL2,expression,0.0,0,0.0
expr:CEACAM16,expression,0.0,0,0.0
expr:CEACAM19,expression,0.0,5,0.1
expr:CDKN2A,expression,0.0,3,0.06
expr:CDKN2B,expression,0.0,0,0.0
expr:CDKN2C,expression,0.0,0,0.0
expr:CEACAM3,expression,0.0,0,0.0
meth:CACNA2D3,methylation,0.0,0,0.0
meth:CACNA2D4,methylation,0.0,0,0.0
meth:CACNB2,methylation,0.0,0,0.0
meth:CACNB4,methylation,0.0,0,0.0
meth:CACNG1,methylation,0.0,0,0.0
meth:CACNG2,methylation,0.0,0,0.0
meth:CACNG3,methylation,0.0,0,0.0
meth:CACHD1,methylation,0.0,0,0.0
meth:CACNA1A,methylation,0.0,0,0.0
meth:CACNA1B,methylation,0.0,0,0.0
meth:CACNA1C,methylation,0.0,0,0.0
meth:CACNA1G,methylation,0.0,4,0.08
meth:CACNA1H,methylation,0.0,0,0.0
meth:CAMSAP1,methylation,0.0,0,0.0
meth:CACNA1S,methylation,0.0,0,0.0
meth:CARD6,methylation,0.0,0,0.0
meth:CARD8,methylation,0.0,0,0.0
meth:CARTPT,methylation,0.0,0,0.0
meth:CASKIN1,methylation,0.0,0,0.0
meth:CASP2,methylation,0.0,16,0.32
meth:CAPN9,methylation,0.0,0,0.0
meth:CAPNS2,methylation,0.0,0,0.0
meth:CAPS,methylation,0.0,0,0.0
meth:CAPSL,methylation,0.0,0,0.0
meth:CAPZA3,methylation,0.0,0,0.0
meth:CARD11,methylation,0.0,0,0.0
meth:CARD14,methylation,0.0,0,0.0
meth:CARD18,methylation,0.0,0,0.0
meth:CACNA1I,methylation,0.0,0,0.0
meth:CBR3,methylation,0.0,0,0.0
meth:CBY3,methylation,0.0,8,0.16
meth:CC2D1A,methylation,0.0,0,0.0
meth:CC2D2A,methylation,0.0,0,0.0
meth:CAT,methylation,0.0,0,0.0
meth:CATSPER1,methylation,0.0,3,0.06
meth:CATSPER2P1,methylation,0.0,0,0.0
meth:CATSPER3,methylation,0.0,0,0.0
meth:CATSPER4,methylation,0.0,0,0.0
meth:CAV1,methylation,0.0,0,0.0
meth:CAV2,methylation,0.0,0,0.0
meth:CAV3,methylation,0.0,0,0.0
meth:CCDC81,methylation,0.0,0,0.0
expr:CDKN3,expression,0.0,0,0.0
meth:CCDC83,methylation,0.0,1,0.02
meth:CCDC85C,methylation,0.0,5,0.1
meth:CCDC88B,methylation,0.0,0,0.0
meth:CCIN,methylation,0.0,0,0.0
meth:CCK,methylation,0.0,0,0.0
meth:CCDC54,methylation,0.0,0,0.0
meth:CCDC60,methylation,0.0,0,0.0
meth:CCDC62,methylation,0.0,0,0.0
meth:CCDC63,methylation,0.0,0,0.0
meth:CCDC65,methylation,0.0,2,0.04
meth:CCDC67,methylation,0.0,0,0.0
meth:CCDC8,methylation,0.0,0,0.0
meth:CCDC80,methylation,0.0,0,0.0
meth:CCDC3,methylation,0.0,0,0.0
meth:CCDC82,methylation,0.0,0,0.0
expr:CDNF,expression,0.0,0,0.0
expr:CDO1,expression,0.0,2,0.04
expr:CDRT1,expression,0.0,0,0.0
expr:CDRT4,expression,0.0,0,0.0
expr:CDK5R1,expression,0.0,0,0.0
expr:CDK5RAP3,expression,0.0,0,0.0
expr:CDKL2,expression,0.0,3,0.06
expr:CDKL5,expression,0.0,0,0.0
expr:CDKN1A,expression,0.0,0,0.0
expr:CDKN1C,expression,0.0,1,0.02
meth:CCDC116,methylation,0.0,2,0.04
meth:CCDC129,methylation,0.0,0,0.0
meth:CCDC13,methylation,0.0,0,0.0
meth:CBLN4,methylation,0.0,0,0.0
meth:CCDC136,methylation,0.0,0,0.0
meth:CCDC141,methylation,0.0,1,0.02
meth:CCDC144NL,methylation,0.0,0,0.0
meth:CCDC147,methylation,0.0,0,0.0
meth:CCBE1,methylation,0.0,0,0.0
meth:CCBL2,methylation,0.0,0,0.0
meth:CCBP2,methylation,0.0,0,0.0
meth:CCDC108,methylation,0.0,0,0.0
meth:CCDC11,methylation,0.0,0,0.0
meth:CCDC110,methylation,0.0,0,0.0
meth:CCDC114,methylation,0.0,0,0.0
meth:CBFA2T3,methylation,0.0,0,0.0
meth:CBLC,methylation,0.0,0,0.0
meth:CBLN3,methylation,0.0,0,0.0
meth:CCDC135,methylation,0.0,0,0.0
expr:CEACAM6,expression,0.0,0,0.0
expr:CEACAM7,expression,0.0,0,0.0
expr:CEBPA,expression,0.0,0,0.0
expr:CEBPB,expression,0.0,0,0.0
expr:CEBPD,expression,0.0,0,0.0
expr:CEBPE,expression,0.0,2,0.04
meth:C6orf27,methylation,0.0,1,0.02
meth:C6orf59,methylation,0.0,0,0.0
meth:C6orf94,methylation,0.0,0,0.0
meth:C7,methylation,0.0,0,0.0
meth:C7orf13,methylation,0.0,0,0.0
meth:C7orf16,methylation,0.0,0,0.0
meth:C8orf86,methylation,0.0,0,0.0
meth:CACNA2D1,methylation,0.0,4,0.08
meth:C9orf106,methylation,0.0,0,0.0
meth:C9orf11,methylation,0.0,0,0.0
meth:C9orf117,methylation,0.0,3,0.06
meth:C9orf122,methylation,0.0,0,0.0
meth:C9orf129,methylation,0.0,0,0.0
meth:C8orf45,methylation,0.0,2,0.04
meth:C8orf46,methylation,0.0,1,0.02
meth:C8orf47,methylation,0.0,0,0.0
meth:C8orf56,methylation,0.0,0,0.0
meth:C8orf58,methylation,0.0,0,0.0
meth:C8orf73,methylation,0.0,0,0.0
meth:C8orf75,methylation,0.0,0,0.0
meth:C8orf85,methylation,0.0,0,0.0
meth:C8B,methylation,0.0,0,0.0
meth:C9,methylation,0.0,0,0.0
meth:C6orf105,methylation,0.0,0,0.0
meth:C6orf118,methylation,0.0,0,0.0
meth:C6orf122,methylation,0.0,0,0.0
meth:C6orf123,methylation,0.0,0,0.0
meth:C6orf126,methylation,0.0,0,0.0
meth:C6orf127,methylation,0.0,0,0.0
meth:C5orf40,methylation,0.0,3,0.06
meth:C5orf46,methylation,0.0,0,0.0
meth:C5orf48,methylation,0.0,4,0.08
meth:C5orf52,methylation,0.0,0,0.0
meth:C5orf53,methylation,0.0,0,0.0
meth:C5orf58,methylation,0.0,1,0.02
meth:C5orf60,methylation,0.0,0,0.0
expr:CEACAM5,expression,0.0,0,0.0
expr:CEND1,expression,0.0,0,0.0
expr:CENPA,expression,0.0,0,0.0
expr:CENPE,expression,0.0,0,0.0
expr:CENPF,expression,0.0,0,0.0
expr:CENPI,expression,0.0,0,0.0
expr:CENPK,expression,0.0,0,0.0
expr:CENPM,expression,0.0,0,0.0
expr:CENPP,expression,0.0,0,0.0
expr:CELF2,expression,0.0,5,0.1
expr:CELF3,expression,0.0,0,0.0
expr:CELF4,expression,0.0,0,0.0
expr:CELF5,expression,0.0,0,0.0
expr:CEMIP2,expression,0.0,0,0.0
expr:CEACAM4,expression,0.0,0,0.0
meth:C6,methylation,0.0,0,0.0
meth:C9orf68,methylation,0.0,0,0.0
meth:C9orf71,methylation,0.0,0,0.0
meth:C9orf78,methylation,0.0,0,0.0
meth:C9orf79,methylation,0.0,0,0.0
meth:C9orf84,methylation,0.0,0,0.0
meth:C9orf135,methylation,0.0,1,0.02
meth:C9orf144,methylation,0.0,0,0.0
meth:C9orf144B,methylation,0.0,0,0.0
meth:C9orf152,methylation,0.0,0,0.0
meth:C9orf167,methylation,0.0,0,0.0
meth:C9orf171,methylation,0.0,0,0.0
meth:C9orf27,methylation,0.0,0,0.0
meth:C9orf4,methylation,0.0,1,0.02
meth:C8ORFK29,methylation,0.0,1,0.02
meth:CALCRL,methylation,0.0,0,0.0
meth:CALD1,methylation,0.0,0,0.0
meth:CALHM1,methylation,0.0,0,0.0
meth:CALHM2,methylation,0.0,0,0.0
meth:CALHM3,methylation,0.0,0,0.0
meth:CALML3,methylation,0.0,0,0.0
meth:CALML6,methylation,0.0,0,0.0
meth:CACNG6,methylation,0.0,0,0.0
meth:CACNG7,methylation,0.0,0,0.0
meth:CADM3,methylation,0.0,0,0.0
meth:CADPS,methylation,0.0,0,0.0
meth:CALB1,methylation,0.0,0,0.0
meth:CALCA,methylation,0.0,0,0.0
meth:CALCB,methylation,0.0,0,0.0
meth:CALCR,methylation,0.0,0,0.0
meth:C8orf12,methylation,0.0,0,0.0
meth:C8orf22,methylation,0.0,0,0.0
meth:C8orf31,methylation,0.0,0,0.0
meth:C8orf39,methylation,0.0,0,0.0
meth:C8orf42,methylation,0.0,0,0.0
meth:C8orf44,methylation,0.0,0,0.0
expr:CENPV,expression,0.0,0,0.0
meth:C7orf31,methylation,0.0,0,0.0
meth:C7orf33,methylation,0.0,0,0.0
meth:C7orf4,methylation,0.0,0,0.0
meth:C7orf46,methylation,0.0,0,0.0
meth:C7orf58,methylation,0.0,0,0.0
meth:C7orf71,methylation,0.0,0,0.0
meth:C9orf47,methylation,0.0,0,0.0
meth:CA6,methylation,0.0,0,0.0
meth:CA8,methylation,0.0,0,0.0
meth:CABLES1,methylation,0.0,0,0.0
meth:CABP5,methylation,0.0,0,0.0
meth:CABP7,methylation,0.0,0,0.0
meth:C9orf86,methylation,0.0,0,0.0
meth:C9orf9,methylation,0.0,3,0.06
meth:CA1,methylation,0.0,1,0.02
meth:CA10,methylation,0.0,0,0.0
meth:CA13,methylation,0.0,0,0.0
meth:CA14,methylation,0.0,0,0.0
meth:CA3,methylation,0.0,0,0.0
meth:C9orf45,methylation,0.0,0,0.0
meth:C9orf46,methylation,0.0,0,0.0
meth:CA4,methylation,0.0,0,0.0
meth:CDH17,methylation,0.0,1,0.02
meth:CDH18,methylation,0.0,0,0.0
meth:CDH22,methylation,0.0,0,0.0
meth:CDH23,methylation,0.0,0,0.0
meth:CDH26,methylation,0.0,0,0.0
meth:CDC42BPB,methylation,0.0,0,0.0
meth:CDC42EP1,methylation,0.0,0,0.0
meth:CDC42EP5,methylation,0.0,1,0.02
meth:CDCA7,methylation,0.0,0,0.0
meth:CDCP1,methylation,0.0,0,0.0
meth:CDH10,methylation,0.0,0,0.0
meth:CDH11,methylation,0.0,0,0.0
meth:CDH12,methylation,0.0,0,0.0
meth:CCDC30,methylation,0.0,0,0.0
meth:CENPBD1,methylation,0.0,0,0.0
meth:CENPV,methylation,0.0,0,0.0
meth:CEP110,methylation,0.0,0,0.0
meth:CERK,methylation,0.0,0,0.0
meth:CES3,methylation,0.0,11,0.22
meth:CES4,methylation,0.0,0,0.0
meth:CECR1,methylation,0.0,0,0.0
meth:CECR2,methylation,0.0,0,0.0
meth:CECR5,methylation,0.0,1,0.02
meth:CECR6,methylation,0.0,0,0.0
meth:CELA1,methylation,0.0,0,0.0
meth:CELA3B,methylation,0.0,0,0.0
meth:ZYG11A,methylation,0.0,0,0.0
meth:CEND1,methylation,0.0,0,0.0
meth:CD52,methylation,0.0,2,0.04
meth:CD53,methylation,0.0,0,0.0
meth:CD5L,methylation,0.0,0,0.0
meth:CD6,methylation,0.0,0,0.0
meth:CD69,methylation,0.0,0,0.0
meth:CD7,methylation,0.0,0,0.0
meth:CD37,methylation,0.0,3,0.06
meth:CD38,methylation,0.0,0,0.0
meth:CD3E,methylation,0.0,0,0.0
meth:CD3G,methylation,0.0,0,0.0
meth:CD4,methylation,0.0,0,0.0
meth:CD40,methylation,0.0,0,0.0
meth:CD47,methylation,0.0,1,0.02
meth:CDH16,methylation,0.0,0,0.0
meth:CDK6,methylation,0.0,0,0.0
meth:CDKL2,methylation,0.0,0,0.0
meth:CDO1,methylation,0.0,0,0.0
meth:CDRT4,methylation,0.0,0,0.0
meth:CDT1,methylation,0.0,3,0.06
meth:CDH29,methylation,0.0,0,0.0
meth:CDH3,methylation,0.0,0,0.0
meth:CDH4,methylation,0.0,0,0.0
meth:CDH5,methylation,0.0,1,0.02
meth:CDH6,methylation,0.0,0,0.0
meth:CDH8,methylation,0.0,1,0.02
meth:CDK15,methylation,0.0,0,0.0
meth:CDK2AP1,methylation,0.0,0,0.0
meth:CDH13,methylation,0.0,2,0.04
meth:CDK5R2,methylation,0.0,0,0.0
meth:CFTR,methylation,0.0,0,0.0
meth:CGA,methylation,0.0,0,0.0
meth:CGB7,methylation,0.0,0,0.0
meth:CH25H,methylation,0.0,0,0.0
meth:CHADL,methylation,0.0,0,0.0
meth:CHAT,methylation,0.0,10,0.2
meth:CHCHD10,methylation,0.0,0,0.0
meth:CES7,methylation,0.0,0,0.0
meth:CES8,methylation,0.0,0,0.0
meth:CETN1,methylation,0.0,1,0.02
meth:CETP,methylation,0.0,1,0.02
meth:CFB,methylation,0.0,0,0.0
meth:CFD,methylation,0.0,0,0.0
meth:CELSR1,methylation,0.0,8,0.16
meth:CFI,methylation,0.0,0,0.0
expr:CDCA5,expression,0.0,0,0.0
expr:CDCA7,expression,0.0,0,0.0
expr:CDCA8,expression,0.0,0,0.0
expr:CDCP1,expression,0.0,0,0.0
meth:CHRM3,methylation,0.0,0,0.0
meth:CHRM4,methylation,0.0,0,0.0
meth:CHRM5,methylation,0.0,0,0.0
meth:CHRNA1,methylation,0.0,0,0.0
expr:CDC42BPB,expression,0.0,1,0.02
expr:CDC42EP1,expression,0.0,3,0.06
expr:CDC42EP3,expression,0.0,0,0.0
expr:CDC45,expression,0.0,0,0.0
expr:CDC6,expression,0.0,0,0.0
meth:CFH,methylation,0.0,0,0.0
meth:CEACAM21,methylation,0.0,0,0.0
meth:CEACAM3,methylation,0.0,0,0.0
meth:CEACAM6,methylation,0.0,0,0.0
meth:CEACAM7,methylation,0.0,0,0.0
meth:CEACAM8,methylation,0.0,0,0.0
meth:CEBPE,methylation,0.0,2,0.04
meth:CDX1,methylation,0.0,0,0.0
meth:CDX2,methylation,0.0,0,0.0
meth:CDYL2,methylation,0.0,0,0.0
meth:CEACAM1,methylation,0.0,0,0.0
meth:CEACAM16,methylation,0.0,0,0.0
meth:CEACAM18,methylation,0.0,4,0.08
meth:CEACAM20,methylation,0.0,3,0.06
meth:CHML,methylation,0.0,0,0.0
meth:CHMP4C,methylation,0.0,1,0.02
meth:CHN1,methylation,0.0,3,0.06
meth:CHN2,methylation,0.0,0,0.0
meth:CHP2,methylation,0.0,0,0.0
meth:CHRD,methylation,0.0,0,0.0
meth:CHRDL2,methylation,0.0,2,0.04
meth:CHRM1,methylation,0.0,0,0.0
meth:CHCHD5,methylation,0.0,0,0.0
meth:CHD5,methylation,0.0,0,0.0
meth:CHGA,methylation,0.0,0,0.0
meth:CHGB,methylation,0.0,0,0.0
meth:CHI3L2,methylation,0.0,0,0.0
meth:CHIA,methylation,0.0,0,0.0
meth:CHIT1,methylation,0.0,0,0.0
meth:CHMP4A,methylation,0.0,0,0.0
meth:CCL19,methylation,0.0,0,0.0
meth:CCL2,methylation,0.0,0,0.0
meth:CCL20,methylation,0.0,0,0.0
meth:CCL21,methylation,0.0,0,0.0
meth:CCL22,methylation,0.0,0,0.0
meth:CCL23,methylation,0.0,0,0.0
meth:CCKAR,methylation,0.0,0,0.0
meth:CCKBR,methylation,0.0,3,0.06
meth:CCL11,methylation,0.0,0,0.0
meth:CCL13,methylation,0.0,0,0.0
meth:CCL14,methylation,0.0,0,0.0
meth:CCL14-CCL15,methylation,0.0,0,0.0
meth:CCL15,methylation,0.0,0,0.0
meth:CD5,methylation,0.0,0,0.0
expr:CDK18,expression,0.0,0,0.0
meth:CD101,methylation,0.0,0,0.0
meth:CD109,methylation,0.0,0,0.0
meth:CD163,methylation,0.0,0,0.0
meth:CD163L1,methylation,0.0,0,0.0
expr:CDH22,expression,0.0,6,0.12
expr:CDH26,expression,0.0,0,0.0
expr:CDH3,expression,0.0,0,0.0
expr:CDH4,expression,0.0,0,0.0
expr:CDH12,expression,0.0,0,0.0
expr:CDH13,expression,0.0,0,0.0
expr:CDH16,expression,0.0,0,0.0
expr:CDH17,expression,0.0,0,0.0
expr:CDH18,expression,0.0,0,0.0
expr:CDK1,expression,0.0,0,0.0
meth:CCDC33,methylation,0.0,0,0.0
meth:CCDC36,methylation,0.0,0,0.0
meth:CCDC42,methylation,0.0,0,0.0
meth:CCDC42B,methylation,0.0,0,0.0
meth:CCDC46,methylation,0.0,0,0.0
meth:CCDC150,methylation,0.0,0,0.0
meth:CCDC152,methylation,0.0,2,0.04
meth:CCDC153,methylation,0.0,0,0.0
meth:CCDC155,methylation,0.0,0,0.0
meth:CCDC17,methylation,0.0,0,0.0
meth:CCDC19,methylation,0.0,0,0.0
meth:CCDC27,methylation,0.0,0,0.0
meth:CCND2,methylation,0.0,0,0.0
meth:CCL18,methylation,0.0,0,0.0
meth:CCNO,methylation,0.0,0,0.0
meth:CCR10,methylation,0.0,0,0.0
meth:CCR2,methylation,0.0,0,0.0
meth:CCR4,methylation,0.0,0,0.0
meth:CCR5,methylation,0.0,0,0.0
meth:CCL24,methylation,0.0,0,0.0
meth:CCL25,methylation,0.0,3,0.06
meth:CCL26,methylation,0.0,0,0.0
meth:CCL27,methylation,0.0,0,0.0
meth:CCL28,methylation,0.0,0,0.0
meth:CCL3,methylation,0.0,0,0.0
meth:CCL8,methylation,0.0,0,0.0
meth:CCNA1,methylation,0.0,0,0.0
meth:CCL16,methylation,0.0,0,0.0
meth:CCNJ,methylation,0.0,1,0.02
meth:CD207,methylation,0.0,0,0.0
meth:CD209,methylation,0.0,0,0.0
meth:CD22,methylation,0.0,1,0.02
meth:CD244,methylation,0.0,0,0.0
meth:CD164L2,methylation,0.0,0,0.0
meth:CD177,methylation,0.0,0,0.0
meth:CD180,methylation,0.0,0,0.0
meth:CD19,methylation,0.0,0,0.0
meth:CD1A,methylation,0.0,0,0.0
meth:CD1B,methylation,0.0,0,0.0
meth:CD1C,methylation,0.0,0,0.0
meth:CD1E,methylation,0.0,0,0.0
meth:CD8A,methylation,0.0,0,0.0
expr:CDH19,expression,0.0,0,0.0
meth:CD96,methylation,0.0,0,0.0
meth:CD97,methylation,0.0,0,0.0
meth:CDA,methylation,0.0,0,0.0
meth:CDC14B,methylation,0.0,0,0.0
meth:CDC25B,methylation,0.0,0,0.0
meth:CD70,methylation,0.0,1,0.02
meth:CD72,methylation,0.0,2,0.04
meth:CD79A,methylation,0.0,0,0.0
meth:CD79B,methylation,0.0,0,0.0
meth:CD80,methylation,0.0,0,0.0
meth:CD81,methylation,0.0,0,0.0
meth:CD84,methylation,0.0,0,0.0
meth:CD86,methylation,0.0,0,0.0
meth:CD48,methylation,0.0,0,0.0
meth:CD93,methylation,0.0,0,0.0
expr:CDH2,expression,0.0,0,0.0
meth:CCR6,methylation,0.0,0,0.0
meth:CCR7,methylation,0.0,0,0.0
meth:CCR8,methylation,0.0,0,0.0
meth:CCRL1,methylation,0.0,0,0.0
meth:CCRL2,methylation,0.0,0,0.0
expr:CDH1,expression,0.0,0,0.0
expr:CDH10,expression,0.0,0,0.0
expr:CDH11,expression,0.0,0,0.0
meth:CD300LB,methylation,0.0,0,0.0
meth:CD300LD,methylation,0.0,0,0.0
meth:CD300LF,methylation,0.0,1,0.02
meth:CD300LG,methylation,0.0,0,0.0
meth:CD200R1L,methylation,0.0,0,0.0
meth:CD320,methylation,0.0,0,0.0
meth:CD33,methylation,0.0,0,0.0
meth:CD34,methylation,0.0,0,0.0
meth:CD247,methylation,0.0,0,0.0
meth:CD248,methylation,0.0,0,0.0
meth:CD27,methylation,0.0,0,0.0
meth:CD274,methylation,0.0,0,0.0
meth:CD28,methylation,0.0,1,0.02
meth:CD300A,methylation,0.0,0,0.0
meth:CD300C,methylation,0.0,0,0.0
meth:CD300E,methylation,0.0,0,0.0
meth:CD2,methylation,0.0,0,0.0
meth:CD200,methylation,0.0,0,0.0
meth:CD200R1,methylation,0.0,0,0.0
meth:CD302,methylation,0.0,0,0.0
expr:STON2,expression,0.0,0,0.0
expr:STOX2,expression,0.0,0,0.0
expr:STPG2,expression,0.0,4,0.08
expr:STPG3,expression,0.0,0,0.0
expr:STPG4,expression,0.0,5,0.1
expr:STRA6,expression,0.0,0,0.0
expr:STRA8,expression,0.0,1,0.02
expr:SYNC,expression,0.0,0,0.0
expr:SYNDIG1,expression,0.0,0,0.0
expr:SYNE1,expression,0.0,0,0.0
expr:SYNE3,expression,0.0,0,0.0
expr:SYNGR1,expression,0.0,0,0.0
expr:SYNGR3,expression,0.0,0,0.0
meth:ADAMTS13,methylation,0.0,0,0.0
expr:SYCE3,expression,0.0,0,0.0
expr:SYCP1,expression,0.0,0,0.0
expr:SYCP2L,expression,0.0,1,0.02
expr:SYK,expression,0.0,0,0.0
expr:SYN1,expression,0.0,0,0.0
expr:SYN2,expression,0.0,1,0.02
expr:SYN3,expression,0.0,0,0.0
expr:SUSD4,expression,0.0,0,0.0
expr:SV2B,expression,0.0,0,0.0
expr:SV2C,expression,0.0,0,0.0
expr:SVEP1,expression,0.0,0,0.0
expr:SVIL,expression,0.0,0,0.0
expr:SVOP,expression,0.0,0,0.0
expr:SYCE1L,expression,0.0,0,0.0
expr:STMN1,expression,0.0,0,0.0
expr:STMN2,expression,0.0,0,0.0
expr:CXCL17,expression,0.0,0,0.0
expr:CXCL3,expression,0.0,0,0.0
expr:CXCL5,expression,0.0,0,0.0
expr:CXCL6,expression,0.0,0,0.0
expr:CXCL8,expression,0.0,0,0.0
expr:SULT1A2,expression,0.0,0,0.0
expr:SULT1A3,expression,0.0,0,0.0
expr:SULT1B1,expression,0.0,0,0.0
expr:SULT1C2,expression,0.0,0,0.0
expr:SULT1C3,expression,0.0,0,0.0
expr:SULT1E1,expression,0.0,0,0.0
expr:STX1B,expression,0.0,1,0.02
expr:STXBP1,expression,0.0,0,0.0
expr:STXBP5L,expression,0.0,0,0.0
expr:STXBP6,expression,0.0,0,0.0
expr:STYK1,expression,0.0,0,0.0
expr:STYXL2,expression,0.0,0,0.0
expr:SUCNR1,expression,0.0,0,0.0
expr:SULF1,expression,0.0,0,0.0
expr:SULT1A1,expression,0.0,0,0.0
expr:STRADA,expression,0.0,7,0.14
expr:STRIP2,expression,0.0,0,0.0
expr:STS,expression,0.0,0,0.0
expr:STUM,expression,0.0,1,0.02
expr:STX16-NPEPL1,expression,0.0,2,0.04
expr:STX19,expression,0.0,0,0.0
expr:SULT2B1,expression,0.0,0,0.0
expr:SYT10,expression,0.0,0,0.0
expr:TAS2R50,expression,0.0,0,0.0
expr:TASOR2,expression,0.0,0,0.0
expr:TBATA,expression,0.0,0,0.0
expr:TBC1D10C,expression,0.0,1,0.02
expr:TBC1D14,expression,0.0,0,0.0
expr:TAS2R1,expression,0.0,3,0.06
expr:TAS2R10,expression,0.0,3,0.06
expr:TAS2R13,expression,0.0,0,0.0
expr:TAS2R19,expression,0.0,0,0.0
expr:TAS2R20,expression,0.0,0,0.0
expr:TAS2R30,expression,0.0,0,0.0
expr:TAS2R31,expression,0.0,0,0.0
expr:SYCE1,expression,0.0,0,0.0
expr:TAMALIN,expression,0.0,0,0.0
expr:TAOK1,expression,0.0,0,0.0
expr:TAP1,expression,0.0,0,0.0
expr:TAP2,expression,0.0,0,0.0
expr:TAS1R1,expression,0.0,0,0.0
expr:TAS1R3,expression,0.0,0,0.0
expr:TAF2,expression,0.0,0,0.0
expr:TAF7L,expression,0.0,0,0.0
expr:TAFA1,expression,0.0,4,0.08
expr:TAFA4,expression,0.0,0,0.0
expr:TAFA5,expression,0.0,2,0.04
expr:TAGAP,expression,0.0,3,0.06
expr:TAGLN,expression,0.0,0,0.0
expr:TAL1,expression,0.0,1,0.02
expr:TAL2,expression,0.0,0,0.0
expr:SULT4A1,expression,0.0,0,0.0
expr:SUMO4,expression,0.0,0,0.0
expr:SUN3,expression,0.0,0,0.0
expr:SUPT20HL1,expression,0.0,0,0.0
expr:SUPT20HL2,expression,0.0,0,0.0
expr:SUSD2,expression,0.0,1,0.02
expr:TAC3,expression,0.0,0,0.0
expr:TACC2,expression,0.0,0,0.0
expr:TACC3,expression,0.0,0,0.0
expr:TACSTD2,expression,0.0,0,0.0
expr:TAF1L,expression,0.0,0,0.0
expr:SYT4,expression,0.0,0,0.0
expr:SYT6,expression,0.0,1,0.02
expr:SYS1-DBNDD2,expression,0.0,24,0.48
expr:SYT8,expression,0.0,0,0.0
expr:SYTL1,expression,0.0,0,0.0
expr:SYT11,expression,0.0,0,0.0
expr:SYT12,expression,0.0,0,0.0
expr:SYT13,expression,0.0,0,0.0
expr:SYT14,expression,0.0,0,0.0
expr:SYT15,expression,0.0,0,0.0
expr:SYT16,expression,0.0,0,0.0
expr:SYT2,expression,0.0,0,0.0
expr:SYNGR4,expression,0.0,0,0.0
expr:SYNM,expression,0.0,0,0.0
expr:SYNPR,expression,0.0,0,0.0
expr:SYP,expression,0.0,0,0.0
expr:SYPL2,expression,0.0,0,0.0
expr:SYT7,expression,0.0,0,0.0
expr:SPRR2G,expression,0.0,3,0.06
expr:SPRR3,expression,0.0,3,0.06
expr:SPRY2,expression,0.0,2,0.04
expr:SPSB1,expression,0.0,0,0.0
expr:SPSB3,expression,0.0,0,0.0
expr:SPOUT1,expression,0.0,0,0.0
expr:SPPL2C,expression,0.0,3,0.06
expr:SPRED1,expression,0.0,3,0.06
expr:SPRED3,expression,0.0,0,0.0
expr:SPRN,expression,0.0,0,0.0
expr:SPRR1A,expression,0.0,2,0.04
expr:SPRR2A,expression,0.0,3,0.06
expr:ST6GAL2,expression,0.0,1,0.02
expr:CXXC5,expression,0.0,0,0.0
expr:ST6GALNAC3,expression,0.0,1,0.02
expr:ST6GALNAC5,expression,0.0,0,0.0
expr:ST8SIA1,expression,0.0,0,0.0
expr:ST8SIA2,expression,0.0,0,0.0
expr:ST8SIA4,expression,0.0,0,0.0
expr:ST8SIA5,expression,0.0,0,0.0
expr:SSUH2,expression,0.0,0,0.0
expr:SSX1,expression,0.0,0,0.0
expr:ST18,expression,0.0,0,0.0
expr:ST20,expression,0.0,0,0.0
expr:ST3GAL1,expression,0.0,0,0.0
expr:ST3GAL5,expression,0.0,0,0.0
expr:ST3GAL6,expression,0.0,0,0.0
expr:ST6GALNAC1,expression,0.0,1,0.02
expr:SPINK1,expression,0.0,2,0.04
expr:SPINK13,expression,0.0,0,0.0
expr:SPINK14,expression,0.0,1,0.02
expr:SPDYE5,expression,0.0,0,0.0
expr:SPDYE6,expression,0.0,0,0.0
expr:SPECC1,expression,0.0,0,0.0
expr:SPEF1,expression,0.0,3,0.06
expr:SPEG,expression,0.0,0,0.0
expr:SPEGNB,expression,0.0,0,0.0
expr:SPHK1,expression,0.0,3,0.06
expr:SRARP,expression,0.0,48,0.96
expr:SRCIN1,expression,0.0,1,0.02
expr:SRD5A1,expression,0.0,1,0.02
expr:SPRR2F,expression,0.0,0,0.0
expr:SRGAP2B,expression,0.0,0,0.0
expr:SRGAP3,expression,0.0,0,0.0
expr:SRGN,expression,0.0,1,0.02
expr:SRL,expression,0.0,5,0.1
expr:SPSB4,expression,0.0,0,0.0
expr:SPTA1,expression,0.0,0,0.0
expr:SPTB,expression,0.0,0,0.0
expr:SPTBN4,expression,0.0,2,0.04
expr:SPTBN5,expression,0.0,0,0.0
expr:SPTLC3,expression,0.0,0,0.0
expr:SPX,expression,0.0,0,0.0
expr:SQLE,expression,0.0,0,0.0
expr:SPRR2D,expression,0.0,10,0.2
expr:SPRR2E,expression,0.0,0,0.0
expr:SRD5A2,expression,0.0,0,0.0
expr:STARD4,expression,0.0,0,0.0
expr:STARD9,expression,0.0,0,0.0
expr:STAT1,expression,0.0,1,0.02
expr:STAT5A,expression,0.0,0,0.0
expr:STAC,expression,0.0,0,0.0
expr:STAC2,expression,0.0,3,0.06
expr:STAMBPL1,expression,0.0,0,0.0
expr:STAR,expression,0.0,0,0.0
expr:CYP17A1,expression,0.0,0,0.0
expr:CYP19A1,expression,0.0,0,0.0
expr:STMN3,expression,0.0,0,0.0
expr:STMN4,expression,0.0,0,0.0
expr:STON1,expression,0.0,0,0.0
expr:ST6GAL1,expression,0.0,0,0.0
expr:CXorf21,expression,0.0,0,0.0
expr:CXorf58,expression,0.0,0,0.0
expr:CYB5A,expression,0.0,0,0.0
expr:CYB5D1,expression,0.0,0,0.0
expr:CYBA,expression,0.0,0,0.0
expr:CYBB,expression,0.0,0,0.0
expr:CYGB,expression,0.0,0,0.0
expr:CYP11A1,expression,0.0,0,0.0
expr:CXCR1,expression,0.0,0,0.0
expr:CXCR3,expression,0.0,2,0.04
expr:CXCR4,expression,0.0,0,0.0
expr:CXCR5,expression,0.0,0,0.0
expr:CXCR6,expression,0.0,0,0.0
expr:CXXC4,expression,0.0,0,0.0
expr:STON1-GTF2A1L,expression,0.0,0,0.0
expr:SSBP2,expression,0.0,0,0.0
expr:SSC4D,expression,0.0,0,0.0
expr:SSC5D,expression,0.0,0,0.0
expr:SST,expression,0.0,3,0.06
expr:SSTR1,expression,0.0,1,0.02
expr:SSTR3,expression,0.0,0,0.0
expr:SRMS,expression,0.0,0,0.0
expr:SRPK3,expression,0.0,1,0.02
expr:SRPX,expression,0.0,0,0.0
expr:SRPX2,expression,0.0,0,0.0
expr:SRRM3,expression,0.0,0,0.0
expr:SRRM4,expression,0.0,0,0.0
expr:SRSF12,expression,0.0,1,0.02
expr:STARD3,expression,0.0,0,0.0
expr:STIMATE-MUSTN1,expression,0.0,0,0.0
expr:STK17B,expression,0.0,2,0.04
expr:STK26,expression,0.0,0,0.0
expr:STK31,expression,0.0,2,0.04
expr:STK32A,expression,0.0,0,0.0
expr:STK32B,expression,0.0,0,0.0
expr:STK33,expression,0.0,0,0.0
expr:STK38L,expression,0.0,0,0.0
expr:STC1,expression,0.0,0,0.0
expr:STEAP1B,expression,0.0,0,0.0
expr:STEAP3,expression,0.0,0,0.0
expr:STH,expression,0.0,27,0.54
expr:STIL,expression,0.0,0,0.0
expr:STARD10,expression,0.0,5,0.1
expr:SRXN1,expression,0.0,0,0.0
expr:TGM5,expression,0.0,0,0.0
expr:TGM7,expression,0.0,2,0.04
expr:THBD,expression,0.0,3,0.06
expr:THBS1,expression,0.0,0,0.0
expr:TFRC,expression,0.0,0,0.0
expr:TGFB1I1,expression,0.0,0,0.0
expr:TGFB2,expression,0.0,0,0.0
expr:TGFB3,expression,0.0,12,0.24
expr:TGFBR1,expression,0.0,0,0.0
expr:TGFBR2,expression,0.0,2,0.04
expr:TGFBR3,expression,0.0,0,0.0
expr:TGFBR3L,expression,0.0,0,0.0
expr:TFCP2L1,expression,0.0,0,0.0
expr:TBXT,expression,0.0,6,0.12
expr:TFEC,expression,0.0,0,0.0
expr:TFF2,expression,0.0,0,0.0
expr:TFPI,expression,0.0,0,0.0
expr:TFR2,expression,0.0,0,0.0
expr:TK1,expression,0.0,0,0.0
expr:TKTL1,expression,0.0,0,0.0
expr:TKTL2,expression,0.0,0,0.0
expr:TLCD1,expression,0.0,0,0.0
expr:TLCD2,expression,0.0,0,0.0
expr:TLCD3B,expression,0.0,0,0.0
expr:TLCD4,expression,0.0,0,0.0
expr:TLCD4-RWDD3,expression,0.0,0,0.0
expr:TIMP2,expression,0.0,1,0.02
expr:TFDP3,expression,0.0,0,0.0
expr:CST5,expression,0.0,1,0.02
expr:CST6,expression,0.0,0,0.0
expr:CST7,expression,0.0,2,0.04
expr:CST8,expression,0.0,0,0.0
expr:CT45A1,expression,0.0,0,0.0
expr:CT45A10,expression,0.0,2,0.04
expr:CT55,expression,0.0,0,0.0
expr:CSNK2A3,expression,0.0,0,0.0
expr:CSPG5,expression,0.0,0,0.0
expr:CSRP2,expression,0.0,1,0.02
expr:CSRP3,expression,0.0,0,0.0
expr:CST2,expression,0.0,4,0.08
expr:CST3,expression,0.0,4,0.08
expr:TGM4,expression,0.0,0,0.0
expr:TEX48,expression,0.0,0,0.0
expr:TEX53,expression,0.0,0,0.0
expr:TF,expression,0.0,0,0.0
expr:TFAP2B,expression,0.0,0,0.0
expr:THBS2,expression,0.0,0,0.0
expr:THBS4,expression,0.0,0,0.0
expr:THEG,expression,0.0,0,0.0
expr:THEGL,expression,0.0,0,0.0
expr:THEM5,expression,0.0,0,0.0
expr:THEM6,expression,0.0,2,0.04
expr:THEMIS2,expression,0.0,0,0.0
expr:TGIF2LX,expression,0.0,4,0.08
expr:TGM1,expression,0.0,0,0.0
expr:TGM2,expression,0.0,0,0.0
expr:TEX46,expression,0.0,0,0.0
expr:TM7SF2,expression,0.0,0,0.0
expr:TMBIM4,expression,0.0,0,0.0
expr:TLR4,expression,0.0,0,0.0
expr:TLR5,expression,0.0,8,0.16
expr:TLR6,expression,0.0,0,0.0
expr:TLR7,expression,0.0,0,0.0
expr:TLR8,expression,0.0,0,0.0
expr:TLR9,expression,0.0,0,0.0
expr:TLX2,expression,0.0,1,0.02
expr:TLDC2,expression,0.0,6,0.12
expr:TLE2,expression,0.0,0,0.0
expr:TLE4,expression,0.0,0,0.0
expr:TLE6,expression,0.0,0,0.0
expr:TIMP3,expression,0.0,0,0.0
expr:TLR1,expression,0.0,0,0.0
expr:TLR2,expression,0.0,0,0.0
expr:TMEM158,expression,0.0,11,0.22
expr:TMEM163,expression,0.0,6,0.12
expr:TMEM169,expression,0.0,0,0.0
expr:TMEM176A,expression,0.0,0,0.0
expr:TMEM176B,expression,0.0,0,0.0
expr:TMEM139,expression,0.0,0,0.0
expr:TMEM145,expression,0.0,0,0.0
expr:TMEM150C,expression,0.0,1,0.02
expr:TMEM151A,expression,0.0,2,0.04
expr:TMEM151B,expression,0.0,0,0.0
expr:TMEM154,expression,0.0,0,0.0
expr:TMEM155,expression,0.0,1,0.02
expr:TLL1,expression,0.0,0,0.0
expr:TIMP4,expression,0.0,0,0.0
expr:TINAGL1,expression,0.0,0,0.0
expr:TINCR,expression,0.0,0,0.0
expr:TJP2,expression,0.0,0,0.0
expr:TJP3,expression,0.0,1,0.02
expr:THY1,expression,0.0,1,0.02
expr:TIAM1,expression,0.0,0,0.0
expr:TICAM2,expression,0.0,0,0.0
expr:TICRR,expression,0.0,0,0.0
expr:TIFAB,expression,0.0,1,0.02
expr:TIGD3,expression,0.0,0,0.0
expr:TIGIT,expression,0.0,2,0.04
expr:THNSL1,expression,0.0,1,0.02
expr:TM6SF2,expression,0.0,0,0.0
expr:THSD7A,expression,0.0,0,0.0
expr:THSD8,expression,0.0,0,0.0
expr:TMC1,expression,0.0,0,0.0
expr:TMC2,expression,0.0,1,0.02
expr:TMC4,expression,0.0,0,0.0
expr:TMC5,expression,0.0,7,0.14
expr:TMC7,expression,0.0,0,0.0
expr:TMC8,expression,0.0,2,0.04
expr:TMCC2,expression,0.0,0,0.0
expr:TM4SF1,expression,0.0,0,0.0
expr:TM4SF18,expression,0.0,0,0.0
expr:TM4SF19,expression,0.0,1,0.02
expr:TM4SF4,expression,0.0,0,0.0
expr:TM6SF1,expression,0.0,3,0.06
expr:THPO,expression,0.0,0,0.0
expr:TCEAL6,expression,0.0,9,0.18
expr:TCEAL9,expression,0.0,0,0.0
expr:TCF15,expression,0.0,0,0.0
expr:CUEDC1,expression,0.0,0,0.0
expr:CUX2,expression,0.0,0,0.0
expr:CUZD1,expression,0.0,0,0.0
expr:CWH43,expression,0.0,0,0.0
expr:CX3CL1,expression,0.0,0,0.0
expr:CX3CR1,expression,0.0,0,0.0
expr:CXCL1,expression,0.0,0,0.0
expr:CTSK,expression,0.0,0,0.0
expr:CTSS,expression,0.0,0,0.0
expr:CTSW,expression,0.0,6,0.12
expr:CTF1,expression,0.0,6,0.12
expr:CTXN3,expression,0.0,0,0.0
expr:CTXND1,expression,0.0,2,0.04
expr:CTXND2,expression,0.0,0,0.0
expr:CUBN,expression,0.0,0,0.0
expr:CTRB1,expression,0.0,5,0.1
expr:CTRC,expression,0.0,0,0.0
expr:CTSC,expression,0.0,0,0.0
expr:CTSE,expression,0.0,0,0.0
expr:CTSF,expression,0.0,0,0.0
expr:CTSG,expression,0.0,0,0.0
expr:TEAD2,expression,0.0,0,0.0
expr:TECTA,expression,0.0,0,0.0
expr:TEDC1,expression,0.0,0,0.0
expr:TEDC2,expression,0.0,0,0.0
expr:CTXN1,expression,0.0,0,0.0
expr:TCAP,expression,0.0,0,0.0
expr:TCEA3,expression,0.0,0,0.0
expr:CTHRC1,expression,0.0,0,0.0
expr:CTLA4,expression,0.0,0,0.0
expr:CTNNA2,expression,0.0,0,0.0
expr:TBX19,expression,0.0,0,0.0
expr:TBX20,expression,0.0,0,0.0
expr:TBX21,expression,0.0,0,0.0
expr:TBX22,expression,0.0,0,0.0
expr:TBX4,expression,0.0,3,0.06
expr:TBX5,expression,0.0,0,0.0
expr:TBC1D8B,expression,0.0,0,0.0
expr:TBCEL-TECTA,expression,0.0,0,0.0
expr:TCEAL3,expression,0.0,0,0.0
expr:TBX1,expression,0.0,0,0.0
expr:TBX10,expression,0.0,0,0.0
expr:TBX15,expression,0.0,0,0.0
expr:TBC1D26,expression,0.0,0,0.0
expr:TBC1D31,expression,0.0,0,0.0
expr:TBC1D32,expression,0.0,0,0.0
expr:TBC1D3B,expression,0.0,0,0.0
expr:TBC1D3D,expression,0.0,0,0.0
expr:TBC1D3E,expression,0.0,2,0.04
expr:TBC1D3L,expression,0.0,0,0.0
expr:CXCL10,expression,0.0,0,0.0
expr:CXCL11,expression,0.0,0,0.0
expr:TCEAL1,expression,0.0,0,0.0
expr:TCEAL2,expression,0.0,4,0.08
expr:TBR1,expression,0.0,0,0.0
expr:TEX101,expression,0.0,1,0.02
expr:TEX11,expression,0.0,0,0.0
expr:TEX12,expression,0.0,0,0.0
expr:TEX13B,expression,0.0,0,0.0
expr:TEX13C,expression,0.0,0,0.0
expr:TEX13D,expression,0.0,1,0.02
expr:TENT5D,expression,0.0,0,0.0
expr:TEPP,expression,0.0,0,0.0
expr:TERB1,expression,0.0,1,0.02
expr:TERB2,expression,0.0,0,0.0
expr:TERT,expression,0.0,0,0.0
expr:TES,expression,0.0,0,0.0
expr:TESC,expression,0.0,2,0.04
expr:TEDDM1,expression,0.0,0,0.0
expr:TEN1-CDK3,expression,0.0,0,0.0
expr:TENM1,expression,0.0,0,0.0
expr:TENM2,expression,0.0,0,0.0
expr:TENM3,expression,0.0,0,0.0
expr:TENM4,expression,0.0,0,0.0
expr:TENT5A,expression,0.0,2,0.04
expr:TENT5B,expression,0.0,0,0.0
expr:CT83,expression,0.0,0,0.0
expr:CTAG2,expression,0.0,0,0.0
expr:CTAGE15,expression,0.0,1,0.02
expr:CTAGE4,expression,0.0,0,0.0
expr:CTAGE8,expression,0.0,0,0.0
expr:CTAGE9,expression,0.0,0,0.0
expr:CTCFL,expression,0.0,0,0.0
expr:TEKT4,expression,0.0,4,0.08
expr:TEKT1,expression,0.0,0,0.0
expr:TEKT3,expression,0.0,0,0.0
expr:TDRD10,expression,0.0,0,0.0
expr:TDRD12,expression,0.0,0,0.0
expr:TDRD15,expression,0.0,0,0.0
expr:TDRD6,expression,0.0,0,0.0
expr:TDRD9,expression,0.0,0,0.0
expr:TDRKH,expression,0.0,0,0.0
expr:TDRP,expression,0.0,0,0.0
expr:TCP11,expression,0.0,0,0.0
expr:TCTE1,expression,0.0,0,0.0
expr:TCTEX1D1,expression,0.0,0,0.0
expr:TCTEX1D4,expression,0.0,0,0.0
expr:TEX38,expression,0.0,0,0.0
expr:TDO2,expression,0.0,1,0.02
expr:TCF19,expression,0.0,0,0.0
expr:TCF23,expression,0.0,0,0.0
expr:TCF24,expression,0.0,0,0.0
expr:TCF4,expression,0.0,3,0.06
expr:TCF7L1,expression,0.0,0,0.0
expr:TCHHL1,expression,0.0,6,0.12
expr:TCL1B,expression,0.0,0,0.0
expr:TCN2,expression,0.0,0,0.0
expr:TEX14,expression,0.0,0,0.0
expr:TEX15,expression,0.0,0,0.0
expr:TEX19,expression,0.0,0,0.0
expr:TEX22,expression,0.0,0,0.0
expr:TEX29,expression,0.0,0,0.0
expr:TDGF1,expression,0.0,8,0.16
expr:DCAF8L2,expression,0.0,0,0.0
expr:DCBLD2,expression,0.0,0,0.0
expr:DCC,expression,0.0,0,0.0
expr:DCDC1,expression,0.0,2,0.04
expr:DCDC2,expression,0.0,0,0.0
expr:DAPP1,expression,0.0,0,0.0
expr:DAW1,expression,0.0,0,0.0
expr:DAZL,expression,0.0,0,0.0
expr:DBH,expression,0.0,0,0.0
expr:DBNDD1,expression,0.0,0,0.0
expr:DBP,expression,0.0,0,0.0
expr:DCAF12L1,expression,0.0,0,0.0
expr:SLC26A7,expression,0.0,0,0.0
expr:SPIN2A,expression,0.0,1,0.02
expr:SLC28A2,expression,0.0,0,0.0
expr:SLC28A3,expression,0.0,0,0.0
expr:DAND5,expression,0.0,0,0.0
expr:DAPK1,expression,0.0,0,0.0
expr:DAPK2,expression,0.0,0,0.0
expr:SLC37A2,expression,0.0,0,0.0
expr:SLC38A1,expression,0.0,0,0.0
expr:SLC38A8,expression,0.0,0,0.0
expr:SLC39A12,expression,0.0,0,0.0
expr:SLC39A2,expression,0.0,0,0.0
expr:SLC39A4,expression,0.0,0,0.0
expr:SLC39A5,expression,0.0,0,0.0
expr:SLC35F2,expression,0.0,0,0.0
expr:SLC26A8,expression,0.0,0,0.0
expr:SLC24A3,expression,0.0,0,0.0
expr:SLC24A4,expression,0.0,0,0.0
expr:SLC24A5,expression,0.0,0,0.0
expr:SLC25A10,expression,0.0,0,0.0
expr:SLC25A2,expression,0.0,0,0.0
expr:SLC25A27,expression,0.0,0,0.0
expr:SLC22A25,expression,0.0,14,0.28
expr:SLC22A3,expression,0.0,0,0.0
expr:SLC22A31,expression,0.0,0,0.0
expr:SLC22A4,expression,0.0,0,0.0
expr:SLC22A7,expression,0.0,0,0.0
expr:SLC22A9,expression,0.0,1,0.02
expr:SLC23A3,expression,0.0,0,0.0
expr:DCAF4L2,expression,0.0,0,0.0
expr:SLC22A15,expression,0.0,0,0.0
expr:SLC22A17,expression,0.0,0,0.0
expr:SLC22A18,expression,0.0,0,0.0
expr:SLC22A18AS,expression,0.0,1,0.02
expr:SLC22A2,expression,0.0,0,0.0
expr:DCDC2C,expression,0.0,4,0.08
expr:DCHS1,expression,0.0,2,0.04
expr:DCHS2,expression,0.0,0,0.0
expr:DCLK1,expression,0.0,0,0.0
expr:DCLK2,expression,0.0,0,0.0
expr:DCN,expression,0.0,0,0.0
expr:DCST1,expression,0.0,0,0.0
expr:SLC2A1,expression,0.0,0,0.0
expr:DCAF4L1,expression,0.0,0,0.0
expr:SLC22A14,expression,0.0,0,0.0
expr:SLC4A3,expression,0.0,0,0.0
expr:SLC4A4,expression,0.0,0,0.0
expr:SLC4A9,expression,0.0,0,0.0
expr:SLC45A2,expression,0.0,0,0.0
expr:SLC45A3,expression,0.0,1,0.02
expr:SLC46A1,expression,0.0,4,0.08
expr:SLC46A2,expression,0.0,0,0.0
expr:SLC46A3,expression,0.0,0,0.0
expr:SLC47A1,expression,0.0,1,0.02
expr:SLC47A2,expression,0.0,0,0.0
expr:SLC49A3,expression,0.0,0,0.0
expr:SLC41A1,expression,0.0,0,0.0
expr:SLC41A2,expression,0.0,0,0.0
expr:SLC35F3,expression,0.0,0,0.0
expr:SLC43A3,expression,0.0,0,0.0
expr:SLC44A3,expression,0.0,0,0.0
expr:CYTH4,expression,0.0,0,0.0
expr:CYTIP,expression,0.0,0,0.0
expr:CYTL1,expression,0.0,0,0.0
expr:DAB1,expression,0.0,0,0.0
expr:DAB2,expression,0.0,0,0.0
expr:DACH1,expression,0.0,0,0.0
expr:DACT1,expression,0.0,0,0.0
expr:DACT2,expression,0.0,1,0.02
expr:CYP7A1,expression,0.0,0,0.0
expr:CYP7B1,expression,0.0,2,0.04
expr:CYRIA,expression,0.0,0,0.0
expr:CYS1,expression,0.0,0,0.0
expr:SLC43A1,expression,0.0,0,0.0
expr:SLC35F4,expression,0.0,0,0.0
expr:SLC35G2,expression,0.0,0,0.0
expr:SLC35G5,expression,0.0,0,0.0
expr:SLC35G6,expression,0.0,0,0.0
expr:SLC36A2,expression,0.0,1,0.02
expr:SLC36A4,expression,0.0,0,0.0
expr:SLC30A10,expression,0.0,0,0.0
expr:SLC30A2,expression,0.0,0,0.0
expr:SLC30A3,expression,0.0,0,0.0
expr:SLC30A8,expression,0.0,0,0.0
expr:SLC31A2,expression,0.0,0,0.0
expr:SLC34A1,expression,0.0,1,0.02
expr:SLC34A2,expression,0.0,0,0.0
expr:SLC5A6,expression,0.0,0,0.0
expr:SLC2A10,expression,0.0,1,0.02
expr:SLC2A12,expression,0.0,0,0.0
expr:SLC2A13,expression,0.0,0,0.0
expr:SLC2A3,expression,0.0,0,0.0
expr:SLC2A4,expression,0.0,0,0.0
expr:SLC2A6,expression,0.0,5,0.1
expr:SLC2A7,expression,0.0,0,0.0
expr:SLC30A1,expression,0.0,1,0.02
expr:SLC5A1,expression,0.0,0,0.0
expr:SLC5A10,expression,0.0,0,0.0
expr:SLC5A12,expression,0.0,0,0.0
expr:SLC5A2,expression,0.0,0,0.0
expr:SLC5A3,expression,0.0,0,0.0
expr:SLC5A5,expression,0.0,0,0.0
expr:SLC35D3,expression,0.0,0,0.0
expr:SHE,expression,0.0,1,0.02
expr:SHH,expression,0.0,0,0.0
expr:SHISA3,expression,0.0,0,0.0
expr:SHISA4,expression,0.0,0,0.0
expr:SHISA7,expression,0.0,0,0.0
expr:SHISA8,expression,0.0,0,0.0
expr:SLC10A1,expression,0.0,0,0.0
expr:SLC10A4,expression,0.0,0,0.0
expr:SLC10A5,expression,0.0,0,0.0
expr:SLC12A1,expression,0.0,0,0.0
expr:SLC12A2,expression,0.0,0,0.0
expr:SLC12A5,expression,0.0,0,0.0
expr:SLA,expression,0.0,1,0.02
expr:SLC26A2,expression,0.0,0,0.0
expr:SLAMF1,expression,0.0,5,0.1
expr:SLAMF6,expression,0.0,7,0.14
expr:SLAMF7,expression,0.0,6,0.12
expr:SLAMF8,expression,0.0,0,0.0
expr:SLAMF9,expression,0.0,0,0.0
expr:SKA1,expression,0.0,0,0.0
expr:SKA3,expression,0.0,0,0.0
expr:SKAP2,expression,0.0,2,0.04
expr:SKOR1,expression,0.0,0,0.0
expr:SKP2,expression,0.0,0,0.0
expr:SIPA1L2,expression,0.0,0,0.0
expr:SIRPA,expression,0.0,0,0.0
expr:SIRPB1,expression,0.0,0,0.0
expr:SIRPB2,expression,0.0,0,0.0
expr:SLA2,expression,0.0,0,0.0
expr:SGO1,expression,0.0,0,0.0
expr:SGO2,expression,0.0,0,0.0
expr:SGPP2,expression,0.0,0,0.0
expr:SGSM3,expression,0.0,0,0.0
expr:SH2D1A,expression,0.0,14,0.28
expr:SH2D1B,expression,0.0,3,0.06
expr:SH2D2A,expression,0.0,0,0.0
expr:SIGLEC7,expression,0.0,0,0.0
expr:SIGLEC8,expression,0.0,0,0.0
expr:SIGLEC9,expression,0.0,0,0.0
expr:SIK1,expression,0.0,0,0.0
expr:SIK1B,expression,0.0,0,0.0
expr:SIM1,expression,0.0,0,0.0
expr:SHD,expression,0.0,0,0.0
expr:SINHCAF,expression,0.0,5,0.1
expr:SIGIRR,expression,0.0,0,0.0
expr:SIGLEC10,expression,0.0,1,0.02
expr:SIGLEC11,expression,0.0,0,0.0
expr:SIGLEC14,expression,0.0,0,0.0
expr:SIGLEC5,expression,0.0,0,0.0
expr:SHISAL1,expression,0.0,0,0.0
expr:SHOC1,expression,0.0,0,0.0
expr:SHOX2,expression,0.0,0,0.0
expr:SHPRH,expression,0.0,6,0.12
expr:SHROOM1,expression,0.0,0,0.0
expr:SHROOM2,expression,0.0,0,0.0
expr:SIAE,expression,0.0,0,0.0
expr:SIAH3,expression,0.0,0,0.0
expr:SIMC1,expression,0.0,0,0.0
expr:SLC1A2,expression,0.0,0,0.0
expr:SLC1A3,expression,0.0,0,0.0
expr:SLC1A7,expression,0.0,0,0.0
expr:SLC22A1,expression,0.0,0,0.0
expr:SLC22A12,expression,0.0,0,0.0
expr:SLC22A13,expression,0.0,0,0.0
expr:SLC17A9,expression,0.0,0,0.0
expr:SLC18A1,expression,0.0,0,0.0
expr:SLC18A3,expression,0.0,8,0.16
expr:SLC18B1,expression,0.0,0,0.0
expr:SLC19A3,expression,0.0,0,0.0
expr:SLC1A1,expression,0.0,0,0.0
expr:SLC16A2,expression,0.0,0,0.0
expr:SIRPD,expression,0.0,0,0.0
expr:SLC16A8,expression,0.0,0,0.0
expr:SLC16A9,expression,0.0,1,0.02
expr:SLC17A3,expression,0.0,1,0.02
expr:SLC17A8,expression,0.0,0,0.0
expr:SLC13A5,expression,0.0,0,0.0
expr:SLC15A1,expression,0.0,0,0.0
expr:SLC15A2,expression,0.0,0,0.0
expr:SLC15A3,expression,0.0,0,0.0
expr:SLC16A1,expression,0.0,7,0.14
expr:SLC16A14,expression,0.0,0,0.0
expr:SLC25A32,expression,0.0,0,0.0
expr:SLC25A34,expression,0.0,0,0.0
expr:SLC25A37,expression,0.0,2,0.04
expr:SLC25A52,expression,0.0,1,0.02
expr:SLC16A4,expression,0.0,0,0.0
expr:SIRPG,expression,0.0,1,0.02
expr:SIT1,expression,0.0,0,0.0
expr:SIX3,expression,0.0,0,0.0
expr:DEFB124,expression,0.0,6,0.12
expr:DEFB126,expression,0.0,0,0.0
expr:DEGS1,expression,0.0,0,0.0
expr:DEK,expression,0.0,0,0.0
expr:DENND1B,expression,0.0,0,0.0
expr:SLC13A4,expression,0.0,0,0.0
expr:DDX43,expression,0.0,0,0.0
expr:DDX53,expression,0.0,2,0.04
expr:DDX58,expression,0.0,0,0.0
expr:DDX60,expression,0.0,0,0.0
expr:DDC,expression,0.0,0,0.0
expr:DEFB1,expression,0.0,0,0.0
expr:DDHD2,expression,0.0,0,0.0
expr:DDIAS,expression,0.0,0,0.0
expr:DDIT4,expression,0.0,0,0.0
expr:DDIT4L,expression,0.0,0,0.0
expr:DDN,expression,0.0,4,0.08
expr:DDR2,expression,0.0,0,0.0
expr:DDX25,expression,0.0,0,0.0
expr:SLC13A2,expression,0.0,0,0.0
expr:SLC13A3,expression,0.0,1,0.02
expr:DCST2,expression,0.0,0,0.0
expr:DCSTAMP,expression,0.0,0,0.0
expr:DCT,expression,0.0,0,0.0
expr:DCX,expression,0.0,2,0.04
expr:DDX60L,expression,0.0,0,0.0
expr:SOX6,expression,0.0,0,0.0
expr:SOX7,expression,0.0,0,0.0
expr:SOX8,expression,0.0,3,0.06
expr:SOX9,expression,0.0,0,0.0
expr:SOWAHB,expression,0.0,0,0.0
expr:SOWAHD,expression,0.0,0,0.0
expr:SOX10,expression,0.0,0,0.0
expr:SOX15,expression,0.0,0,0.0
expr:SOX17,expression,0.0,2,0.04
expr:SOX18,expression,0.0,0,0.0
expr:SOX2,expression,0.0,0,0.0
expr:SORBS2,expression,0.0,0,0.0
expr:SORCS2,expression,0.0,0,0.0
expr:CYSLTR1,expression,0.0,3,0.06
expr:SORD,expression,0.0,0,0.0
expr:SORL1,expression,0.0,1,0.02
expr:SOST,expression,0.0,0,0.0
expr:SOSTDC1,expression,0.0,0,0.0
expr:SPATC1,expression,0.0,0,0.0
expr:SPATC1L,expression,0.0,0,0.0
expr:SPC24,expression,0.0,0,0.0
expr:SPC25,expression,0.0,0,0.0
expr:SPDEF,expression,0.0,2,0.04
expr:SPDYA,expression,0.0,0,0.0
expr:SPATA22,expression,0.0,0,0.0
expr:SPATA25,expression,0.0,0,0.0
expr:SPATA3,expression,0.0,0,0.0
expr:SORCS3,expression,0.0,0,0.0
expr:SNX7,expression,0.0,0,0.0
expr:SOAT1,expression,0.0,0,0.0
expr:SOAT2,expression,0.0,0,0.0
expr:SNCG,expression,0.0,0,0.0
expr:SNED1,expression,0.0,0,0.0
expr:SNORC,expression,0.0,0,0.0
expr:SNPH,expression,0.0,2,0.04
expr:SNRPN,expression,0.0,0,0.0
expr:SNTB1,expression,0.0,0,0.0
expr:SNTG1,expression,0.0,0,0.0
expr:SNTG2,expression,0.0,0,0.0
expr:SNAI1,expression,0.0,0,0.0
expr:SNAI2,expression,0.0,0,0.0
expr:SOX30,expression,0.0,0,0.0
expr:SNAP25,expression,0.0,0,0.0
expr:SNAP91,expression,0.0,0,0.0
expr:SNCA,expression,0.0,13,0.26
expr:SNCAIP,expression,0.0,3,0.06
expr:SNCB,expression,0.0,1,0.02
expr:SP140,expression,0.0,0,0.0
expr:SP9,expression,0.0,1,0.02
expr:SPA17,expression,0.0,3,0.06
expr:SPAAR,expression,0.0,0,0.0
expr:SPACA3,expression,0.0,0,0.0
expr:SPACA4,expression,0.0,0,0.0
expr:SPACA6,expression,0.0,0,0.0
expr:SOX21,expression,0.0,0,0.0
expr:SOX3,expression,0.0,0,0.0
expr:SNAI3,expression,0.0,0,0.0
expr:CYP2A13,expression,0.0,0,0.0
expr:CYP2A6,expression,0.0,0,0.0
expr:CYP2A7,expression,0.0,1,0.02
expr:CYP2C18,expression,0.0,0,0.0
expr:CYP2C9,expression,0.0,0,0.0
expr:CYP2D6,expression,0.0,0,0.0
expr:SPDYE1,expression,0.0,0,0.0
expr:CYP1A1,expression,0.0,0,0.0
expr:CYP26A1,expression,0.0,0,0.0
expr:CYP26C1,expression,0.0,0,0.0
expr:CYP27B1,expression,0.0,0,0.0
expr:CYP27C1,expression,0.0,2,0.04
expr:SPNS3,expression,0.0,0,0.0
expr:SPATA45,expression,0.0,0,0.0
expr:SPOCK2,expression,0.0,1,0.02
expr:SPON1,expression,0.0,1,0.02
expr:SPON2,expression,0.0,0,0.0
expr:SPINK2,expression,0.0,6,0.12
expr:SPINK5,expression,0.0,0,0.0
expr:SPINK6,expression,0.0,0,0.0
expr:SPINK7,expression,0.0,0,0.0
expr:SPINK8,expression,0.0,0,0.0
expr:SPIRE1,expression,0.0,2,0.04
expr:SPIRE2,expression,0.0,0,0.0
expr:SPN,expression,0.0,5,0.1
expr:SPHKAP,expression,0.0,0,0.0
expr:SPI1,expression,0.0,0,0.0
expr:SPIC,expression,0.0,0,0.0
expr:SPOCK1,expression,0.0,0,0.0
expr:SPATA46,expression,0.0,0,0.0
expr:SPATA6,expression,0.0,0,0.0
expr:SPATA6L,expression,0.0,1,0.02
expr:SPARC,expression,0.0,0,0.0
expr:SPART,expression,0.0,3,0.06
expr:SPATA18,expression,0.0,0,0.0
expr:SPATA20,expression,0.0,1,0.02
expr:SPATA21,expression,0.0,0,0.0
expr:SPAG1,expression,0.0,0,0.0
expr:SPAG16,expression,0.0,0,0.0
expr:SPAG4,expression,0.0,0,0.0
expr:SPAG5,expression,0.0,0,0.0
expr:SPAG6,expression,0.0,0,0.0
expr:CYP3A7,expression,0.0,0,0.0
expr:SPANXB1,expression,0.0,0,0.0
expr:SPANXC,expression,0.0,0,0.0
expr:CYP4A22,expression,0.0,0,0.0
expr:SPDYE16,expression,0.0,0,0.0
expr:SPDYE2,expression,0.0,0,0.0
expr:SPDYE21,expression,0.0,0,0.0
expr:SPDYE2B,expression,0.0,0,0.0
expr:SPDYE3,expression,0.0,0,0.0
expr:CYP2E1,expression,0.0,0,0.0
expr:CYP2F1,expression,0.0,0,0.0
expr:CYP2J2,expression,0.0,0,0.0
expr:CYP2U1,expression,0.0,0,0.0
expr:CYP2W1,expression,0.0,0,0.0
expr:CYP39A1,expression,0.0,0,0.0
expr:SPAG8,expression,0.0,0,0.0
expr:SLC9A3R2,expression,0.0,0,0.0
expr:SLC9A4,expression,0.0,1,0.02
expr:SLC9A9,expression,0.0,0,0.0
expr:SLC7A1,expression,0.0,0,0.0
expr:SLC7A10,expression,0.0,0,0.0
expr:SLC7A13,expression,0.0,43,0.86
expr:SLC7A2,expression,0.0,2,0.04
expr:SLC7A7,expression,0.0,0,0.0
expr:DACT3,expression,0.0,0,0.0
expr:SLC6A20,expression,0.0,0,0.0
expr:SLC6A3,expression,0.0,0,0.0
expr:SLC6A4,expression,0.0,1,0.02
expr:SLC6A6,expression,0.0,0,0.0
expr:SNX32,expression,0.0,0,0.0
expr:SLC6A9,expression,0.0,1,0.02
expr:SMARCA1,expression,0.0,0,0.0
expr:SMARCD3,expression,0.0,0,0.0
expr:SMC2,expression,0.0,0,0.0
expr:SMC4,expression,0.0,1,0.02
expr:SMCO1,expression,0.0,0,0.0
expr:SMCO2,expression,0.0,0,0.0
expr:SMCO3,expression,0.0,0,0.0
expr:SMCR8,expression,0.0,0,0.0
expr:SLITRK3,expression,0.0,0,0.0
expr:SLITRK4,expression,0.0,0,0.0
expr:SLN,expression,0.0,0,0.0
expr:SLPI,expression,0.0,0,0.0
expr:SMAD9,expression,0.0,1,0.02
expr:SLC6A7,expression,0.0,1,0.02
expr:CYSRT1,expression,0.0,0,0.0
expr:CYTH3,expression,0.0,0,0.0
expr:SLC6A15,expression,0.0,1,0.02
expr:SLC6A17,expression,0.0,0,0.0
expr:SLC6A19,expression,0.0,0,0.0
expr:SLC6A2,expression,0.0,0,0.0
expr:CYP4V2,expression,0.0,0,0.0
expr:CYP4X1,expression,0.0,0,0.0
expr:CYP4Z1,expression,0.0,0,0.0
expr:CYP51A1,expression,0.0,0,0.0
expr:SLC5A7,expression,0.0,0,0.0
expr:SLC5A8,expression,0.0,0,0.0
expr:SLC5A9,expression,0.0,1,0.02
expr:SLC9A2,expression,0.0,0,0.0
expr:SLC6A11,expression,0.0,0,0.0
expr:SLC6A12,expression,0.0,0,0.0
expr:SLC6A13,expression,0.0,0,0.0
expr:SLC6A14,expression,0.0,1,0.02
expr:SLC9B2,expression,0.0,0,0.0
expr:SLCO1A2,expression,0.0,1,0.02
expr:SLCO1B1,expression,0.0,0,0.0
expr:SLCO1B3,expression,0.0,5,0.1
expr:SLCO1B3-SLCO1B7,expression,0.0,0,0.0
expr:SLCO1C1,expression,0.0,0,0.0
expr:SLCO2A1,expression,0.0,10,0.2
expr:SLC8A1,expression,0.0,0,0.0
expr:SLC8A2,expression,0.0,0,0.0
expr:SLC8A3,expression,0.0,0,0.0
expr:SLC6A1,expression,0.0,0,0.0
expr:SMOX,expression,0.0,0,0.0
expr:SMPD3,expression,0.0,0,0.0
expr:SMIM18,expression,0.0,0,0.0
expr:SMIM22,expression,0.0,0,0.0
expr:SMIM23,expression,0.0,0,0.0
expr:SMIM24,expression,0.0,2,0.04
expr:SMIM31,expression,0.0,0,0.0
expr:SMIM32,expression,0.0,1,0.02
expr:SMIM38,expression,0.0,0,0.0
expr:SMG6,expression,0.0,5,0.1
expr:SMG8,expression,0.0,0,0.0
expr:SMIM1,expression,0.0,0,0.0
expr:SMIM10,expression,0.0,0,0.0
expr:SMAGP,expression,0.0,3,0.06
expr:SMIM10L2B,expression,0.0,0,0.0
expr:SMIM17,expression,0.0,1,0.02
expr:SOBP,expression,0.0,0,0.0
expr:SOCS1,expression,0.0,0,0.0
expr:SOCS2,expression,0.0,3,0.06
expr:SOCS7,expression,0.0,0,0.0
expr:SOD2,expression,0.0,0,0.0
expr:SOD3,expression,0.0,0,0.0
expr:SOGA3,expression,0.0,6,0.12
expr:SOHLH1,expression,0.0,0,0.0
expr:SNURF,expression,0.0,0,0.0
expr:SNX15,expression,0.0,2,0.04
expr:SNX20,expression,0.0,0,0.0
expr:SNX22,expression,0.0,0,0.0
expr:SMIM10L2A,expression,0.0,0,0.0
expr:SMAP1,expression,0.0,0,0.0
expr:SLFN13,expression,0.0,0,0.0
expr:SLFN14,expression,0.0,1,0.02
expr:SLFN5,expression,0.0,3,0.06
expr:SLFNL1,expression,0.0,0,0.0
expr:SLIT1,expression,0.0,0,0.0
expr:SLIT3,expression,0.0,0,0.0
expr:SLITRK2,expression,0.0,0,0.0
expr:SLCO2B1,expression,0.0,0,0.0
expr:SLCO3A1,expression,0.0,0,0.0
expr:SLCO4A1,expression,0.0,3,0.06
expr:SLCO5A1,expression,0.0,0,0.0
expr:SLCO6A1,expression,0.0,1,0.02
expr:SMOC2,expression,0.0,0,0.0
expr:SLFN12,expression,0.0,2,0.04
expr:SLFN12L,expression,0.0,0,0.0
expr:SMPDL3A,expression,0.0,2,0.04
expr:SMPDL3B,expression,0.0,0,0.0
expr:SMPX,expression,0.0,0,0.0
expr:SMR3B,expression,0.0,0,0.0
expr:SMTNL1,expression,0.0,1,0.02
expr:SMTNL2,expression,0.0,0,0.0
expr:SMYD1,expression,0.0,0,0.0
expr:SMIM5,expression,0.0,0,0.0
expr:SMIM6,expression,0.0,0,0.0
expr:SMLR1,expression,0.0,0,0.0
expr:SMO,expression,0.0,0,0.0
expr:SMOC1,expression,0.0,10,0.2
expr:SLFN11,expression,0.0,0,0.0
expr:COL21A1,expression,0.0,0,0.0
expr:CNTNAP4,expression,0.0,0,0.0
expr:CNTNAP5,expression,0.0,0,0.0
expr:COBL,expression,0.0,0,0.0
expr:COCH,expression,0.0,2,0.04
expr:COL10A1,expression,0.0,0,0.0
expr:COL11A1,expression,0.0,0,0.0
expr:COL11A2,expression,0.0,0,0.0
expr:COL12A1,expression,0.0,0,0.0
expr:ZBTB42,expression,0.0,0,0.0
expr:ZBTB7C,expression,0.0,0,0.0
expr:ZBTB8B,expression,0.0,1,0.02
expr:ZC2HC1A,expression,0.0,0,0.0
expr:TMEM125,expression,0.0,0,0.0
expr:CNTNAP1,expression,0.0,0,0.0
expr:CNTNAP3,expression,0.0,0,0.0
expr:CNTNAP3B,expression,0.0,0,0.0
expr:ZFP69B,expression,0.0,0,0.0
expr:ZFP82,expression,0.0,4,0.08
expr:ZFP92,expression,0.0,2,0.04
expr:ZFPM2,expression,0.0,1,0.02
expr:ZFR2,expression,0.0,0,0.0
expr:ZFY,expression,0.0,0,0.0
expr:ZG16,expression,0.0,0,0.0
expr:ZEB2,expression,0.0,0,0.0
expr:ZFHX3,expression,0.0,0,0.0
expr:ZFHX4,expression,0.0,1,0.02
expr:CNTN6,expression,0.0,0,0.0
expr:ZBBX,expression,0.0,0,0.0
expr:ZBED2,expression,0.0,1,0.02
expr:YBX2,expression,0.0,0,0.0
expr:YBX3,expression,0.0,0,0.0
expr:YIPF7,expression,0.0,0,0.0
expr:YJEFN3,expression,0.0,0,0.0
expr:YOD1,expression,0.0,0,0.0
expr:YPEL2,expression,0.0,1,0.02
expr:YPEL4,expression,0.0,0,0.0
expr:XIRP2,expression,0.0,0,0.0
expr:XK,expression,0.0,0,0.0
expr:XKR3,expression,0.0,0,0.0
expr:XKR9,expression,0.0,1,0.02
expr:COL20A1,expression,0.0,4,0.08
expr:XPNPEP2,expression,0.0,0,0.0
expr:XRCC2,expression,0.0,0,0.0
expr:XRRA1,expression,0.0,0,0.0
expr:COL23A1,expression,0.0,0,0.0
expr:COL24A1,expression,0.0,1,0.02
expr:COL25A1,expression,0.0,0,0.0
expr:COL26A1,expression,0.0,1,0.02
expr:COL27A1,expression,0.0,0,0.0
expr:COL28A1,expression,0.0,0,0.0
expr:ZC3H11A,expression,0.0,0,0.0
expr:COL14A1,expression,0.0,2,0.04
expr:COL16A1,expression,0.0,0,0.0
expr:COL1A1,expression,0.0,0,0.0
expr:COL1A2,expression,0.0,0,0.0
expr:XKRX,expression,0.0,0,0.0
expr:ZMAT4,expression,0.0,0,0.0
expr:ZMYND12,expression,0.0,7,0.14
expr:ZMYND15,expression,0.0,0,0.0
expr:ZNF106,expression,0.0,0,0.0
expr:ZNF117,expression,0.0,6,0.12
expr:ZNF124,expression,0.0,0,0.0
expr:ZG16B,expression,0.0,0,0.0
expr:ZGLP1,expression,0.0,0,0.0
expr:ZHX1-C8orf76,expression,0.0,0,0.0
expr:ZIC3,expression,0.0,0,0.0
expr:ZIK1,expression,0.0,0,0.0
expr:CNRIP1,expression,0.0,3,0.06
expr:CNTF,expression,0.0,0,0.0
expr:ZFP42,expression,0.0,1,0.02
expr:CNTN1,expression,0.0,0,0.0
expr:CNTN3,expression,0.0,0,0.0
expr:CNTN4,expression,0.0,0,0.0
expr:ZNF366,expression,0.0,10,0.2
expr:ZNF367,expression,0.0,0,0.0
expr:CNIH2,expression,0.0,0,0.0
expr:CNMD,expression,0.0,0,0.0
expr:CNN1,expression,0.0,0,0.0
expr:CNN2,expression,0.0,0,0.0
expr:CNN3,expression,0.0,0,0.0
expr:CNNM1,expression,0.0,0,0.0
expr:CNOT1,expression,0.0,0,0.0
expr:CNR1,expression,0.0,4,0.08
expr:CNFN,expression,0.0,0,0.0
expr:CNTLN,expression,0.0,0,0.0
expr:ZFP57,expression,0.0,0,0.0
expr:ZCCHC24,expression,0.0,20,0.4
expr:ZDBF2,expression,0.0,0,0.0
expr:ZDHHC15,expression,0.0,1,0.02
expr:ZDHHC19,expression,0.0,0,0.0
expr:ZDHHC2,expression,0.0,1,0.02
expr:ZDHHC22,expression,0.0,0,0.0
expr:ZDHHC23,expression,0.0,0,0.0
expr:ZC3H11B,expression,0.0,0,0.0
expr:ZC3H12A,expression,0.0,0,0.0
expr:ZC3H12B,expression,0.0,9,0.18
expr:ZC3H12C,expression,0.0,0,0.0
expr:ZC3H12D,expression,0.0,0,0.0
expr:ZNF217,expression,0.0,40,0.8
expr:ZC4H2,expression,0.0,0,0.0
expr:ZCCHC18,expression,0.0,2,0.04
expr:ZNF219,expression,0.0,0,0.0
expr:ZNF221,expression,0.0,0,0.0
expr:ZNF223,expression,0.0,0,0.0
expr:ZNF229,expression,0.0,0,0.0
expr:ZNF233,expression,0.0,1,0.02
expr:ZNF239,expression,0.0,0,0.0
expr:ZNF280A,expression,0.0,23,0.46
expr:ZNF154,expression,0.0,0,0.0
expr:ZNF157,expression,0.0,7,0.14
expr:ZNF175,expression,0.0,15,0.3
expr:ZNF177,expression,0.0,1,0.02
expr:ZNF215,expression,0.0,0,0.0
expr:ZC3HAV1L,expression,0.0,0,0.0
expr:WDR87,expression,0.0,0,0.0
expr:WDR97,expression,0.0,0,0.0
expr:WAS,expression,0.0,0,0.0
expr:WASF1,expression,0.0,0,0.0
expr:WASF3,expression,0.0,0,0.0
expr:WASHC5,expression,0.0,0,0.0
expr:WBP2NL,expression,0.0,1,0.02
expr:WDFY4,expression,0.0,1,0.02
expr:WDHD1,expression,0.0,0,0.0
expr:VWA5B2,expression,0.0,0,0.0
expr:VWA7,expression,0.0,0,0.0
expr:VWC2,expression,0.0,0,0.0
expr:VWC2L,expression,0.0,0,0.0
expr:ZAR1L,expression,0.0,0,0.0
expr:VWDE,expression,0.0,0,0.0
expr:VWF,expression,0.0,0,0.0
expr:VXN,expression,0.0,0,0.0
expr:COQ8A,expression,0.0,0,0.0
expr:CORIN,expression,0.0,0,0.0
expr:WFDC5,expression,0.0,0,0.0
expr:WFDC6,expression,0.0,1,0.02
expr:WFIKKN1,expression,0.0,0,0.0
expr:WFIKKN2,expression,0.0,0,0.0
expr:WFS1,expression,0.0,0,0.0
expr:COL8A2,expression,0.0,0,0.0
expr:COL9A1,expression,0.0,0,0.0
expr:COL9A2,expression,0.0,0,0.0
expr:COLCA2,expression,0.0,0,0.0
expr:VWCE,expression,0.0,0,0.0
expr:VSTM1,expression,0.0,0,0.0
expr:VSTM2A,expression,0.0,13,0.26
expr:VIPR1,expression,0.0,4,0.08
expr:VIPR2,expression,0.0,0,0.0
expr:VN1R1,expression,0.0,0,0.0
expr:VNN1,expression,0.0,0,0.0
expr:VNN2,expression,0.0,0,0.0
expr:VPS13B,expression,0.0,1,0.02
expr:VPS37D,expression,0.0,0,0.0
expr:VENTX,expression,0.0,0,0.0
expr:VEPH1,expression,0.0,0,0.0
expr:VGLL1,expression,0.0,0,0.0
expr:VGLL3,expression,0.0,0,0.0
expr:WDR86,expression,0.0,0,0.0
expr:VILL,expression,0.0,0,0.0
expr:VIP,expression,0.0,0,0.0
expr:WEE2,expression,0.0,0,0.0
expr:WFDC1,expression,0.0,0,0.0
expr:WFDC10A,expression,0.0,0,0.0
expr:WFDC10B,expression,0.0,2,0.04
expr:WFDC12,expression,0.0,1,0.02
expr:WFDC13,expression,0.0,0,0.0
expr:WFDC2,expression,0.0,0,0.0
expr:WFDC3,expression,0.0,0,0.0
expr:WDR31,expression,0.0,4,0.08
expr:WDR49,expression,0.0,1,0.02
expr:WDR62,expression,0.0,0,0.0
expr:WDR76,expression,0.0,0,0.0
expr:VIL1,expression,0.0,0,0.0
expr:XAF1,expression,0.0,0,0.0
expr:WNT16,expression,0.0,10,0.2
expr:WNT2,expression,0.0,0,0.0
expr:WNT2B,expression,0.0,0,0.0
expr:WNT3,expression,0.0,0,0.0
expr:WNT4,expression,0.0,0,0.0
expr:WNT6,expression,0.0,16,0.32
expr:WNT7A,expression,0.0,0,0.0
expr:WNT7B,expression,0.0,0,0.0
expr:WHRN,expression,0.0,0,0.0
expr:WIPF3,expression,0.0,0,0.0
expr:WNK3,expression,0.0,0,0.0
expr:WNT1,expression,0.0,7,0.14
expr:COLEC11,expression,0.0,0,0.0
expr:WNT10B,expression,0.0,0,0.0
expr:WNT11,expression,0.0,0,0.0
expr:ZBED6,expression,0.0,0,0.0
expr:ZBED6CL,expression,0.0,0,0.0
expr:ZBP1,expression,0.0,0,0.0
expr:ZBTB10,expression,0.0,0,0.0
expr:ZBTB16,expression,0.0,8,0.16
expr:ZBTB32,expression,0.0,0,0.0
expr:ZBTB37,expression,0.0,2,0.04
expr:ZBTB41,expression,0.0,1,0.02
expr:YY2,expression,0.0,1,0.02
expr:Z82206.1,expression,0.0,5,0.1
expr:ZACN,expression,0.0,0,0.0
expr:ZAP70,expression,0.0,0,0.0
expr:WNT10A,expression,0.0,0,0.0
expr:COLEC12,expression,0.0,1,0.02
expr:COLGALT2,expression,0.0,0,0.0
expr:COMP,expression,0.0,1,0.02
expr:COL5A2,expression,0.0,0,0.0
expr:COL6A1,expression,0.0,0,0.0
expr:COL6A2,expression,0.0,2,0.04
expr:COL6A3,expression,0.0,0,0.0
expr:COL6A5,expression,0.0,0,0.0
expr:COL7A1,expression,0.0,0,0.0
expr:COL8A1,expression,0.0,0,0.0
expr:COL2A1,expression,0.0,0,0.0
expr:COL3A1,expression,0.0,0,0.0
expr:COL4A1,expression,0.0,0,0.0
expr:WWOX,expression,0.0,0,0.0
expr:COL4A4,expression,0.0,0,0.0
expr:COL4A5,expression,0.0,3,0.06
expr:COL4A6,expression,0.0,1,0.02
expr:COL5A1,expression,0.0,0,0.0
expr:XAGE2,expression,0.0,0,0.0
expr:XAGE3,expression,0.0,0,0.0
expr:XAGE5,expression,0.0,0,0.0
expr:XCL1,expression,0.0,1,0.02
expr:XDH,expression,0.0,0,0.0
expr:WNT9A,expression,0.0,0,0.0
expr:WSCD2,expression,0.0,0,0.0
expr:WT1,expression,0.0,0,0.0
expr:WTIP,expression,0.0,1,0.02
expr:WWC2,expression,0.0,0,0.0
expr:COL4A3,expression,0.0,3,0.06
meth:ABRA,methylation,0.0,0,0.0
meth:ABTB2,methylation,0.0,0,0.0
meth:ACACB,methylation,0.0,0,0.0
meth:ABCD2,methylation,0.0,1,0.02
meth:ABCG5,methylation,0.0,1,0.02
meth:ABCG8,methylation,0.0,0,0.0
meth:ABHD1,methylation,0.0,0,0.0
meth:ABHD12B,methylation,0.0,0,0.0
meth:ABHD15,methylation,0.0,0,0.0
meth:ABI3,methylation,0.0,0,0.0
meth:ABCC12,methylation,0.0,6,0.12
meth:ABCC2,methylation,0.0,0,0.0
meth:ABCC3,methylation,0.0,0,0.0
expr:CNGA1,expression,0.0,0,0.0
meth:ABCC6P1,methylation,0.0,0,0.0
meth:ABCC8,methylation,0.0,1,0.02
meth:ABCC9,methylation,0.0,0,0.0
meth:ACSM5,methylation,0.0,2,0.04
meth:ACSS1,methylation,0.0,0,0.0
meth:ACSS3,methylation,0.0,0,0.0
meth:ACTBL2,methylation,0.0,0,0.0
meth:ACTC1,methylation,0.0,0,0.0
meth:ACTG2,methylation,0.0,2,0.04
meth:ACTL6B,methylation,0.0,0,0.0
meth:ACRBP,methylation,0.0,0,0.0
meth:ACRV1,methylation,0.0,0,0.0
meth:ACSBG1,methylation,0.0,0,0.0
meth:ABCC4,methylation,0.0,0,0.0
meth:AACSL,methylation,0.0,0,0.0
meth:AADAC,methylation,0.0,2,0.04
meth:AADACL2,methylation,0.0,0,0.0
meth:AADACL3,methylation,0.0,0,0.0
expr:ZSCAN4,expression,0.0,0,0.0
expr:ZSCAN5B,expression,0.0,0,0.0
expr:ZSWIM4,expression,0.0,0,0.0
expr:ZSWIM5,expression,0.0,7,0.14
expr:ZWINT,expression,0.0,0,0.0
expr:ZYG11A,expression,0.0,0,0.0
meth:A1BG,methylation,0.0,0,0.0
meth:A2BP1,methylation,0.0,0,0.0
expr:ZPBP2,expression,0.0,2,0.04
meth:ABR,methylation,0.0,0,0.0
expr:ZSCAN1,expression,0.0,0,0.0
expr:ZSCAN10,expression,0.0,0,0.0
expr:ZSCAN20,expression,0.0,0,0.0
expr:ZSCAN31,expression,0.0,0,0.0
meth:ACAD11,methylation,0.0,0,0.0
meth:ACADL,methylation,0.0,0,0.0
meth:ACAN,methylation,0.0,0,0.0
meth:ACAP1,methylation,0.0,0,0.0
meth:ACAT2,methylation,0.0,0,0.0
meth:ACCN1,methylation,0.0,1,0.02
meth:ABLIM1,methylation,0.0,5,0.1
meth:ABLIM3,methylation,0.0,0,0.0
meth:ABO,methylation,0.0,0,0.0
meth:ABP1,methylation,0.0,0,0.0
expr:ZPLD1,expression,0.0,1,0.02
expr:CLEC4E,expression,0.0,0,0.0
expr:CLEC5A,expression,0.0,0,0.0
expr:CLEC6A,expression,0.0,0,0.0
expr:CLEC7A,expression,0.0,0,0.0
expr:CLEC19A,expression,0.0,0,0.0
expr:CLEC1B,expression,0.0,0,0.0
expr:CLEC2A,expression,0.0,1,0.02
expr:CLEC2B,expression,0.0,0,0.0
expr:CLEC2L,expression,0.0,0,0.0
expr:CLEC3A,expression,0.0,1,0.02
expr:CLEC3B,expression,0.0,0,0.0
expr:CLDND2,expression,0.0,0,0.0
expr:CLEC11A,expression,0.0,0,0.0
meth:ACSBG2,methylation,0.0,0,0.0
expr:CLEC12B,expression,0.0,0,0.0
expr:CLEC14A,expression,0.0,0,0.0
expr:CLEC18A,expression,0.0,0,0.0
expr:CLEC18B,expression,0.0,0,0.0
expr:CLEC18C,expression,0.0,2,0.04
meth:ADAMTS19,methylation,0.0,0,0.0
meth:ADAMTS2,methylation,0.0,0,0.0
meth:ADAMTS20,methylation,0.0,0,0.0
meth:ADAMTS4,methylation,0.0,0,0.0
meth:ADAMTS7,methylation,0.0,1,0.02
meth:ADAMTS8,methylation,0.0,0,0.0
meth:ADAM8,methylation,0.0,0,0.0
meth:ADAMTS1,methylation,0.0,0,0.0
meth:ADAMTS12,methylation,0.0,0,0.0
expr:CLEC12A,expression,0.0,0,0.0
meth:ACSF2,methylation,0.0,0,0.0
meth:ACSL5,methylation,0.0,0,0.0
meth:ACSM1,methylation,0.0,0,0.0
meth:ACSM4,methylation,0.0,0,0.0
meth:ACMSD,methylation,0.0,0,0.0
meth:ACN9,methylation,0.0,0,0.0
meth:ACOT11,methylation,0.0,6,0.12
meth:ACOT12,methylation,0.0,0,0.0
meth:ACOXL,methylation,0.0,1,0.02
meth:ACPP,methylation,0.0,0,0.0
meth:ACPT,methylation,0.0,0,0.0
meth:ACR,methylation,0.0,1,0.02
meth:ACCN4,methylation,0.0,3,0.06
expr:CLEC4D,expression,0.0,0,0.0
meth:ACCS,methylation,0.0,0,0.0
meth:ACCSL,methylation,0.0,0,0.0
meth:ACE,methylation,0.0,0,0.0
meth:ACER1,methylation,0.0,0,0.0
meth:ACER2,methylation,0.0,0,0.0
meth:ACER3,methylation,0.0,0,0.0
expr:CLECL1,expression,0.0,0,0.0
expr:CLIC2,expression,0.0,15,0.3
meth:ACTL7B,methylation,0.0,0,0.0
meth:ACTL8,methylation,0.0,0,0.0
meth:ACTL9,methylation,0.0,0,0.0
meth:ACTN2,methylation,0.0,0,0.0
expr:CLEC4A,expression,0.0,0,0.0
expr:CLEC4C,expression,0.0,0,0.0
meth:ACCN5,methylation,0.0,0,0.0
expr:ZNF462,expression,0.0,0,0.0
expr:ZNF382,expression,0.0,0,0.0
expr:ZNF385A,expression,0.0,0,0.0
expr:ZNF385D,expression,0.0,0,0.0
expr:ZNF404,expression,0.0,0,0.0
expr:ZNF415,expression,0.0,0,0.0
expr:ZNF677,expression,0.0,0,0.0
expr:ZNF683,expression,0.0,0,0.0
expr:ZNF695,expression,0.0,0,0.0
expr:ZNF699,expression,0.0,0,0.0
expr:ZNF703,expression,0.0,10,0.2
expr:ZNF648,expression,0.0,0,0.0
expr:ZNF658,expression,0.0,0,0.0
meth:A4GNT,methylation,0.0,1,0.02
expr:ZNF660,expression,0.0,0,0.0
expr:ZNF667,expression,0.0,1,0.02
expr:ZNF670-ZNF695,expression,0.0,0,0.0
expr:ZNF573,expression,0.0,0,0.0
expr:ZNF583,expression,0.0,2,0.04
expr:ZNF597,expression,0.0,0,0.0
expr:ZNF608,expression,0.0,1,0.02
expr:ZNF625,expression,0.0,0,0.0
expr:ZNF626,expression,0.0,1,0.02
expr:ZNF532,expression,0.0,0,0.0
expr:ZNF534,expression,0.0,0,0.0
expr:ZNF536,expression,0.0,1,0.02
expr:ZNF540,expression,0.0,0,0.0
expr:ZNF549,expression,0.0,2,0.04
expr:ZNF66,expression,0.0,1,0.02
expr:CNGA2,expression,0.0,0,0.0
expr:CNGA3,expression,0.0,0,0.0
expr:CNGB3,expression,0.0,8,0.16
expr:ZNF285,expression,0.0,0,0.0
expr:ZNF292,expression,0.0,0,0.0
expr:ZNF296,expression,0.0,0,0.0
expr:ZNF300,expression,0.0,0,0.0
expr:ZNF334,expression,0.0,0,0.0
expr:ZNF354C,expression,0.0,0,0.0
expr:ZNF365,expression,0.0,0,0.0
expr:CMTM8,expression,0.0,0,0.0
expr:ZNF493,expression,0.0,16,0.32
expr:ZNF502,expression,0.0,1,0.02
expr:ZNF460,expression,0.0,0,0.0
expr:ZNF516,expression,0.0,0,0.0
expr:ZNF518B,expression,0.0,0,0.0
expr:ZNF521,expression,0.0,0,0.0
expr:ZNF525,expression,0.0,0,0.0
expr:ZNF467,expression,0.0,0,0.0
expr:ZNF468,expression,0.0,0,0.0
expr:ZNF469,expression,0.0,0,0.0
expr:ZNF474,expression,0.0,0,0.0
expr:ZNF486,expression,0.0,1,0.02
expr:ZNF491,expression,0.0,0,0.0
expr:ZNF492,expression,0.0,0,0.0
expr:ZNF423,expression,0.0,1,0.02
expr:ZNF442,expression,0.0,3,0.06
expr:ZNF454,expression,0.0,0,0.0
expr:ZNF503,expression,0.0,0,0.0
expr:ZNRF3,expression,0.0,0,0.0
expr:ZP2,expression,0.0,0,0.0
expr:ZP3,expression,0.0,1,0.02
expr:ZP4,expression,0.0,1,0.02
expr:ZNF837,expression,0.0,0,0.0
expr:ZNF843,expression,0.0,0,0.0
expr:ZNF850,expression,0.0,0,0.0
expr:ZNF860,expression,0.0,0,0.0
expr:ZNF879,expression,0.0,0,0.0
expr:ZNF880,expression,0.0,0,0.0
expr:ZNF891,expression,0.0,0,0.0
expr:ZNF793,expression,0.0,0,0.0
expr:ZNF80,expression,0.0,5,0.1
expr:ZNF551,expression,0.0,1,0.02
expr:ZNF831,expression,0.0,6,0.12
expr:ZNF724,expression,0.0,2,0.04
expr:ZNF727,expression,0.0,0,0.0
expr:ZNF770,expression,0.0,0,0.0
expr:ZNF781,expression,0.0,1,0.02
meth:AADACL4,methylation,0.0,0,0.0
meth:AADAT,methylation,0.0,0,0.0
meth:AATK,methylation,0.0,0,0.0
meth:ABCA8,methylation,0.0,0,0.0
meth:ABCA9,methylation,0.0,0,0.0
meth:ABCB6,methylation,0.0,0,0.0
meth:ABCC11,methylation,0.0,0,0.0
meth:A2LD1,methylation,0.0,0,0.0
meth:A2M,methylation,0.0,0,0.0
expr:ZNF829,expression,0.0,0,0.0
expr:ZNF559-ZNF177,expression,0.0,0,0.0
expr:CMTM2,expression,0.0,0,0.0
expr:CMTM5,expression,0.0,0,0.0
expr:CMTM7,expression,0.0,0,0.0
expr:ZNF714,expression,0.0,0,0.0
expr:ZNF716,expression,0.0,0,0.0
expr:ZNF717,expression,0.0,0,0.0
expr:ZNF718,expression,0.0,0,0.0
expr:CLU,expression,0.0,0,0.0
expr:CLVS1,expression,0.0,0,0.0
expr:CLVS2,expression,0.0,0,0.0
expr:CMA1,expression,0.0,1,0.02
expr:CMBL,expression,0.0,0,0.0
expr:ZNF90,expression,0.0,0,0.0
expr:CMPK2,expression,0.0,0,0.0
expr:CMTM1,expression,0.0,0,0.0
expr:CLPS,expression,0.0,0,0.0
expr:CLPSL1,expression,0.0,0,0.0
expr:CLRN3,expression,0.0,0,0.0
expr:CLSPN,expression,0.0,0,0.0
expr:CLTC,expression,0.0,0,0.0
expr:CLTRN,expression,0.0,0,0.0
expr:CLIC3,expression,0.0,0,0.0
expr:CLIP3,expression,0.0,0,0.0
expr:CLIP4,expression,0.0,0,0.0
expr:CLMN,expression,0.0,7,0.14
expr:CLMP,expression,0.0,2,0.04
expr:CLN3,expression,0.0,0,0.0
expr:CMKLR1,expression,0.0,2,0.04
expr:CREB3L1,expression,0.0,0,0.0
expr:CREB3L2,expression,0.0,0,0.0
expr:CREB3L3,expression,0.0,0,0.0
expr:CREB3L4,expression,0.0,0,0.0
expr:TNFSF8,expression,0.0,0,0.0
expr:TNIK,expression,0.0,0,0.0
expr:TNIP3,expression,0.0,0,0.0
expr:TNMD,expression,0.0,0,0.0
expr:TNNC1,expression,0.0,0,0.0
expr:TNNC2,expression,0.0,1,0.02
expr:CRACR2A,expression,0.0,2,0.04
expr:CRACR2B,expression,0.0,0,0.0
expr:TPBGL,expression,0.0,2,0.04
expr:VSNL1,expression,0.0,0,0.0
expr:TPD52L1,expression,0.0,1,0.02
expr:TPGS1,expression,0.0,1,0.02
expr:TPH1,expression,0.0,1,0.02
expr:TPH2,expression,0.0,0,0.0
expr:TPM1,expression,0.0,0,0.0
expr:TOX2,expression,0.0,0,0.0
expr:TP53AIP1,expression,0.0,7,0.14
expr:TP53BP1,expression,0.0,0,0.0
expr:TP53INP2,expression,0.0,0,0.0
expr:TP53TG5,expression,0.0,1,0.02
expr:TP73,expression,0.0,5,0.1
expr:TOGARAM2,expression,0.0,1,0.02
expr:TOM1L1,expression,0.0,23,0.46
expr:TPD52,expression,0.0,0,0.0
expr:TNFAIP8L3,expression,0.0,0,0.0
expr:TNFRSF10A,expression,0.0,0,0.0
expr:TNFRSF10C,expression,0.0,0,0.0
expr:TNFRSF10D,expression,0.0,0,0.0
expr:TMPRSS4,expression,0.0,0,0.0
expr:TMPRSS5,expression,0.0,0,0.0
expr:TMSB10,expression,0.0,0,0.0
expr:TMSB15A,expression,0.0,1,0.02
expr:TMSB15B,expression,0.0,0,0.0
expr:TMTC1,expression,0.0,0,0.0
expr:TNC,expression,0.0,0,0.0
expr:CRISP2,expression,0.0,0,0.0
expr:CRISP3,expression,0.0,0,0.0
expr:CRCT1,expression,0.0,24,0.48
expr:CRLF2,expression,0.0,5,0.1
expr:CRMP1,expression,0.0,0,0.0
expr:CRNN,expression,0.0,1,0.02
expr:CRP,expression,0.0,1,0.02
expr:CREB5,expression,0.0,0,0.0
expr:CRH,expression,0.0,0,0.0
expr:CRHBP,expression,0.0,0,0.0
expr:CRHR1,expression,0.0,0,0.0
expr:CRIP1,expression,0.0,0,0.0
expr:CRIP2,expression,0.0,0,0.0
expr:CRIP3,expression,0.0,0,0.0
expr:CRAT,expression,0.0,0,0.0
expr:CRB1,expression,0.0,0,0.0
expr:CRB2,expression,0.0,0,0.0
expr:CRISPLD2,expression,0.0,4,0.08
expr:TRAF5,expression,0.0,1,0.02
expr:TPPP,expression,0.0,0,0.0
expr:TPPP2,expression,0.0,1,0.02
expr:TPPP3,expression,0.0,2,0.04
expr:TPRN,expression,0.0,0,0.0
expr:TPSD1,expression,0.0,0,0.0
expr:TRIM7,expression,0.0,0,0.0
expr:TRIM71,expression,0.0,1,0.02
expr:TRIM72,expression,0.0,0,0.0
expr:TRIM74,expression,0.0,0,0.0
expr:TRIM9,expression,0.0,0,0.0
expr:TRIP13,expression,0.0,0,0.0
expr:TRIP6,expression,0.0,0,0.0
expr:TOP2A,expression,0.0,0,0.0
expr:TRIM47,expression,0.0,0,0.0
expr:TRIM50,expression,0.0,0,0.0
expr:TRIM54,expression,0.0,0,0.0
expr:TRIM55,expression,0.0,0,0.0
expr:TRIM61,expression,0.0,0,0.0
expr:TRIM22,expression,0.0,0,0.0
expr:TRIM29,expression,0.0,0,0.0
expr:TRIM3,expression,0.0,1,0.02
expr:TRIM31,expression,0.0,0,0.0
expr:TRIM34,expression,0.0,5,0.1
expr:TRIM36,expression,0.0,0,0.0
expr:TRIM37,expression,0.0,0,0.0
expr:TRIM43,expression,0.0,0,0.0
expr:TRHR,expression,0.0,0,0.0
expr:TRIM46,expression,0.0,0,0.0
expr:TOP3B,expression,0.0,0,0.0
expr:TOX,expression,0.0,8,0.16
expr:TNNI1,expression,0.0,0,0.0
expr:TNNI2,expression,0.0,0,0.0
expr:TNNI3K,expression,0.0,3,0.06
expr:TNNT1,expression,0.0,0,0.0
expr:TNNT2,expression,0.0,0,0.0
expr:TNR,expression,0.0,0,0.0
expr:TNS4,expression,0.0,0,0.0
expr:TREH,expression,0.0,0,0.0
expr:TREM2,expression,0.0,0,0.0
expr:TREML1,expression,0.0,0,0.0
expr:TREML2,expression,0.0,4,0.08
expr:TRAF3IP3,expression,0.0,0,0.0
expr:TRH,expression,0.0,0,0.0
expr:TRHDE,expression,0.0,0,0.0
expr:TRAM1L1,expression,0.0,1,0.02
expr:TRANK1,expression,0.0,14,0.28
expr:TRAPPC10,expression,0.0,0,0.0
expr:TRAPPC3L,expression,0.0,0,0.0
expr:TRAPPC5,expression,0.0,0,0.0
expr:TRDMT1,expression,0.0,0,0.0
expr:TPSG1,expression,0.0,0,0.0
expr:TPTE2,expression,0.0,0,0.0
expr:TPX2,expression,0.0,0,0.0
expr:TRABD2A,expression,0.0,0,0.0
expr:TRABD2B,expression,0.0,1,0.02
expr:TRAF1,expression,0.0,0,0.0
expr:TREML4,expression,0.0,0,0.0
expr:TMEM217,expression,0.0,0,0.0
expr:TMEM178B,expression,0.0,0,0.0
expr:TMEM179,expression,0.0,0,0.0
expr:TMEM181,expression,0.0,0,0.0
expr:TMEM184A,expression,0.0,0,0.0
expr:TMEM191B,expression,0.0,0,0.0
expr:TMEM191C,expression,0.0,0,0.0
expr:TMEM198,expression,0.0,0,0.0
expr:CSF2RB,expression,0.0,4,0.08
expr:CSF3,expression,0.0,0,0.0
expr:CSGALNACT1,expression,0.0,0,0.0
expr:CSMD1,expression,0.0,0,0.0
expr:CSMD2,expression,0.0,3,0.06
expr:TNFAIP8L2,expression,0.0,0,0.0
expr:CSN2,expression,0.0,0,0.0
expr:TMEM37,expression,0.0,0,0.0
expr:CSAG1,expression,0.0,0,0.0
expr:CSAG2,expression,0.0,0,0.0
expr:CSAG3,expression,0.0,0,0.0
expr:CSDC2,expression,0.0,0,0.0
expr:CSF1,expression,0.0,0,0.0
expr:CSF1R,expression,0.0,0,0.0
expr:CSF2,expression,0.0,1,0.02
expr:CSF2RA,expression,0.0,0,0.0
expr:CRYBB2,expression,0.0,1,0.02
expr:CRYBB3,expression,0.0,0,0.0
expr:CRYBG1,expression,0.0,0,0.0
expr:CRYBG2,expression,0.0,0,0.0
expr:CSN1S1,expression,0.0,0,0.0
expr:TMEM130,expression,0.0,2,0.04
expr:TMEM132A,expression,0.0,0,0.0
expr:TMEM132B,expression,0.0,0,0.0
expr:TMEM132D,expression,0.0,0,0.0
expr:TMEM132E,expression,0.0,0,0.0
expr:TMCC3,expression,0.0,0,0.0
expr:TMEFF2,expression,0.0,0,0.0
expr:TMEM100,expression,0.0,1,0.02
expr:TMEM108,expression,0.0,3,0.06
expr:TMEM119,expression,0.0,2,0.04
expr:TMEM121B,expression,0.0,0,0.0
expr:TMEM123,expression,0.0,0,0.0
expr:TMEM249,expression,0.0,0,0.0
expr:TMEM213,expression,0.0,0,0.0
expr:TMEM252,expression,0.0,9,0.18
expr:TMEM262,expression,0.0,0,0.0
expr:TMEM270,expression,0.0,0,0.0
expr:TMEM229A,expression,0.0,7,0.14
expr:TMEM231,expression,0.0,0,0.0
expr:TMEM238,expression,0.0,0,0.0
expr:TMEM238L,expression,0.0,0,0.0
expr:TMEM240,expression,0.0,0,0.0
expr:TMEM244,expression,0.0,0,0.0
expr:TMEM200A,expression,0.0,0,0.0
expr:TMEM200C,expression,0.0,1,0.02
expr:TMEM205,expression,0.0,0,0.0
expr:TMEM210,expression,0.0,0,0.0
expr:TMEM212,expression,0.0,0,0.0
expr:TMEM25,expression,0.0,0,0.0
expr:TMEM86A,expression,0.0,0,0.0
expr:TMEM86B,expression,0.0,0,0.0
expr:TMEM88,expression,0.0,0,0.0
expr:TMEM38A,expression,0.0,0,0.0
expr:TMEM38B,expression,0.0,0,0.0
expr:TMEM40,expression,0.0,0,0.0
expr:TMEM45B,expression,0.0,0,0.0
expr:TMEM47,expression,0.0,0,0.0
expr:TMEM52B,expression,0.0,0,0.0
expr:TMEM61,expression,0.0,0,0.0
expr:TMEM65,expression,0.0,0,0.0
expr:TNFRSF8,expression,0.0,0,0.0
expr:TNFRSF9,expression,0.0,0,0.0
expr:CRYBG3,expression,0.0,0,0.0
expr:TNFSF13,expression,0.0,0,0.0
expr:TNFSF13B,expression,0.0,0,0.0
expr:TNFSF14,expression,0.0,11,0.22
expr:TNFSF15,expression,0.0,0,0.0
expr:TNFSF4,expression,0.0,0,0.0
expr:TNFRSF11A,expression,0.0,0,0.0
expr:TNFRSF12A,expression,0.0,0,0.0
expr:TNFRSF18,expression,0.0,0,0.0
expr:TNFRSF19,expression,0.0,0,0.0
expr:TNFRSF1B,expression,0.0,0,0.0
expr:TNFRSF25,expression,0.0,0,0.0
expr:TNFAIP2,expression,0.0,0,0.0
expr:TNFAIP3,expression,0.0,3,0.06
expr:TNFAIP6,expression,0.0,0,0.0
expr:TNFSF10,expression,0.0,0,0.0
expr:CRYGN,expression,0.0,0,0.0
expr:CRYM,expression,0.0,0,0.0
expr:CSAD,expression,0.0,2,0.04
expr:TMEM273,expression,0.0,0,0.0
expr:CRPPA,expression,0.0,0,0.0
expr:CRTAC1,expression,0.0,0,0.0
expr:CRTAM,expression,0.0,0,0.0
expr:CRYAB,expression,0.0,0,0.0
expr:CRYBA4,expression,0.0,0,0.0
expr:TMPRSS11D,expression,0.0,0,0.0
expr:TMPRSS11E,expression,0.0,0,0.0
expr:TMPRSS11F,expression,0.0,4,0.08
expr:TMPRSS13,expression,0.0,0,0.0
expr:TMEM82,expression,0.0,0,0.0
expr:TMPRSS2,expression,0.0,0,0.0
expr:TMPRSS3,expression,0.0,0,0.0
expr:TMEM91,expression,0.0,0,0.0
expr:TMEM97,expression,0.0,0,0.0
expr:TMIE,expression,0.0,0,0.0
expr:TMIGD2,expression,0.0,3,0.06
expr:TMOD1,expression,0.0,0,0.0
expr:TMOD2,expression,0.0,0,0.0
expr:TMOD4,expression,0.0,0,0.0
expr:TMPPE,expression,0.0,5,0.1
expr:TMEM67,expression,0.0,0,0.0
expr:TMEM71,expression,0.0,1,0.02
expr:TMEM72,expression,0.0,0,0.0
expr:TMEM74B,expression,0.0,2,0.04
expr:TMPRSS15,expression,0.0,0,0.0
expr:CPA1,expression,0.0,0,0.0
expr:CPA2,expression,0.0,0,0.0
expr:CPA4,expression,0.0,0,0.0
expr:CPA5,expression,0.0,0,0.0
expr:CPAMD8,expression,0.0,1,0.02
expr:CPB1,expression,0.0,4,0.08
expr:CPB2,expression,0.0,0,0.0
expr:COX4I2,expression,0.0,0,0.0
expr:COX6A2,expression,0.0,0,0.0
expr:COX6B2,expression,0.0,0,0.0
expr:COX7A1,expression,0.0,0,0.0
expr:COX7B2,expression,0.0,0,0.0
expr:UGT2B28,expression,0.0,1,0.02
expr:TRIB2,expression,0.0,0,0.0
expr:CORO1A,expression,0.0,0,0.0
expr:CORO2A,expression,0.0,0,0.0
expr:CORO2B,expression,0.0,0,0.0
expr:CORO6,expression,0.0,0,0.0
expr:CORT,expression,0.0,0,0.0
expr:COTL1,expression,0.0,0,0.0
expr:USH1G,expression,0.0,0,0.0
expr:USH2A,expression,0.0,2,0.04
expr:USHBP1,expression,0.0,0,0.0
expr:USP13,expression,0.0,0,0.0
expr:USP18,expression,0.0,0,0.0
expr:USP2,expression,0.0,0,0.0
expr:USP22,expression,0.0,0,0.0
expr:UGT2B4,expression,0.0,1,0.02
expr:UGT2B11,expression,0.0,2,0.04
expr:UGT2B15,expression,0.0,0,0.0
expr:UGT2B17,expression,0.0,1,0.02
expr:UBR5,expression,0.0,0,0.0
expr:UCHL1,expression,0.0,1,0.02
expr:UCN,expression,0.0,0,0.0
expr:UCN2,expression,0.0,0,0.0
expr:UCN3,expression,0.0,10,0.2
expr:UCP2,expression,0.0,0,0.0
expr:UBE2QL1,expression,0.0,0,0.0
expr:UBE2T,expression,0.0,0,0.0
expr:UBE4A,expression,0.0,0,0.0
expr:UBL4B,expression,0.0,0,0.0
expr:CP,expression,0.0,0,0.0
expr:UBR1,expression,0.0,0,0.0
expr:UBASH3A,expression,0.0,1,0.02
expr:UBASH3B,expression,0.0,0,0.0
expr:UBD,expression,0.0,0,0.0
expr:UBE2C,expression,0.0,0,0.0
expr:UBE2E2,expression,0.0,0,0.0
expr:UBE2E3,expression,0.0,0,0.0
expr:UBE2F-SCLY,expression,0.0,0,0.0
expr:UBE2L6,expression,0.0,1,0.02
expr:CPD,expression,0.0,0,0.0
expr:CPE,expression,0.0,0,0.0
expr:CPEB1,expression,0.0,0,0.0
expr:CPHXL,expression,0.0,2,0.04
expr:UGT2B7,expression,0.0,0,0.0
expr:UBQLNL,expression,0.0,0,0.0
expr:VAMP1,expression,0.0,1,0.02
expr:VANGL2,expression,0.0,0,0.0
expr:VASH1,expression,0.0,0,0.0
expr:VASH2,expression,0.0,0,0.0
expr:VAT1L,expression,0.0,1,0.02
expr:VAV1,expression,0.0,0,0.0
expr:USP9Y,expression,0.0,0,0.0
expr:UST,expression,0.0,0,0.0
expr:UTS2,expression,0.0,0,0.0
expr:UTS2R,expression,0.0,0,0.0
expr:USP32,expression,0.0,10,0.2
expr:USP34,expression,0.0,0,0.0
expr:USP41,expression,0.0,1,0.02
expr:USP26,expression,0.0,0,0.0
expr:USP44,expression,0.0,1,0.02
expr:VSTM2L,expression,0.0,0,0.0
expr:VSTM4,expression,0.0,0,0.0
expr:VTCN1,expression,0.0,0,0.0
expr:VTN,expression,0.0,0,0.0
expr:VWA3A,expression,0.0,1,0.02
expr:VWA3B,expression,0.0,0,0.0
expr:VWA5A,expression,0.0,0,0.0
expr:VWA5B1,expression,0.0,0,0.0
expr:VRTN,expression,0.0,0,0.0
expr:VSIG10L,expression,0.0,0,0.0
expr:VSIG10L2,expression,0.0,0,0.0
expr:VSIG2,expression,0.0,0,0.0
expr:VSIR,expression,0.0,0,0.0
expr:USP43,expression,0.0,0,0.0
expr:UNC80,expression,0.0,0,0.0
expr:UPK1B,expression,0.0,0,0.0
expr:UPK2,expression,0.0,0,0.0
expr:UPK3A,expression,0.0,0,0.0
expr:UPK3B,expression,0.0,0,0.0
expr:UROC1,expression,0.0,0,0.0
expr:USH1C,expression,0.0,0,0.0
expr:UNC13B,expression,0.0,0,0.0
expr:UNC13C,expression,0.0,0,0.0
expr:UNC13D,expression,0.0,0,0.0
expr:UNC5B,expression,0.0,0,0.0
expr:UNC5C,expression,0.0,0,0.0
expr:UNC5CL,expression,0.0,0,0.0
expr:UVSSA,expression,0.0,0,0.0
expr:UGT8,expression,0.0,0,0.0
expr:UHRF1,expression,0.0,0,0.0
expr:UMODL1,expression,0.0,1,0.02
expr:UNC119B,expression,0.0,0,0.0
expr:UNC13A,expression,0.0,0,0.0
expr:VAX1,expression,0.0,28,0.56
expr:VAX2,expression,0.0,0,0.0
expr:VCAM1,expression,0.0,0,0.0
expr:VCAN,expression,0.0,0,0.0
expr:VCX,expression,0.0,0,0.0
expr:VCX3A,expression,0.0,0,0.0
expr:VCX3B,expression,0.0,0,0.0
expr:VEGFA,expression,0.0,0,0.0
expr:UTY,expression,0.0,0,0.0
expr:UNC5D,expression,0.0,0,0.0
expr:TRNP1,expression,0.0,0,0.0
expr:TRO,expression,0.0,7,0.14
expr:TROAP,expression,0.0,0,0.0
expr:TRPA1,expression,0.0,0,0.0
expr:TRPC1,expression,0.0,1,0.02
expr:CR589904.2,expression,0.0,0,0.0
expr:CRACD,expression,0.0,0,0.0
expr:CRACDL,expression,0.0,2,0.04
expr:TSPAN19,expression,0.0,5,0.1
expr:TSPAN32,expression,0.0,0,0.0
expr:TSPAN33,expression,0.0,0,0.0
expr:TSPAN5,expression,0.0,0,0.0
expr:CPT1A,expression,0.0,0,0.0
expr:UGT2B10,expression,0.0,1,0.02
expr:CPVL,expression,0.0,0,0.0
expr:CPXM1,expression,0.0,0,0.0
expr:CPXM2,expression,0.0,0,0.0
expr:CPZ,expression,0.0,0,0.0
expr:CR1,expression,0.0,1,0.02
expr:CR1L,expression,0.0,0,0.0
expr:CPN2,expression,0.0,0,0.0
expr:CPNE3,expression,0.0,0,0.0
expr:CPNE4,expression,0.0,0,0.0
expr:CPNE5,expression,0.0,1,0.02
expr:CPNE6,expression,0.0,0,0.0
expr:CPNE7,expression,0.0,0,0.0
expr:CPNE8,expression,0.0,3,0.06
expr:CPPED1,expression,0.0,0,0.0
expr:CPT1C,expression,0.0,0,0.0
expr:TRIB3,expression,0.0,0,0.0
expr:TRIL,expression,0.0,0,0.0
expr:TRIM10,expression,0.0,0,0.0
expr:TRIM15,expression,0.0,0,0.0
expr:TRIM17,expression,0.0,1,0.02
expr:TRIM2,expression,0.0,0,0.0
expr:TSHZ2,expression,0.0,5,0.1
expr:TSKS,expression,0.0,0,0.0
expr:TSNAXIP1,expression,0.0,0,0.0
expr:TSPAN1,expression,0.0,0,0.0
expr:TSPAN10,expression,0.0,0,0.0
expr:TSPAN11,expression,0.0,0,0.0
expr:TSPAN12,expression,0.0,0,0.0
expr:TRPV2,expression,0.0,0,0.0
expr:TRPV3,expression,0.0,1,0.02
expr:TRPV4,expression,0.0,0,0.0
expr:TRPV5,expression,0.0,0,0.0
expr:TRPV6,expression,0.0,2,0.04
expr:TSACC,expression,0.0,0,0.0
expr:TSBP1,expression,0.0,0,0.0
expr:TSGA10IP,expression,0.0,0,0.0
expr:TSHR,expression,0.0,0,0.0
expr:TRPC4,expression,0.0,0,0.0
expr:TRPC6,expression,0.0,2,0.04
expr:TRPC7,expression,0.0,2,0.04
expr:TRPM1,expression,0.0,0,0.0
expr:TRPM3,expression,0.0,0,0.0
expr:TRPM8,expression,0.0,1,0.02
expr:TSPAN13,expression,0.0,2,0.04
expr:TYMS,expression,0.0,0,0.0
expr:TYR,expression,0.0,0,0.0
expr:TYROBP,expression,0.0,0,0.0
expr:U2AF1,expression,0.0,0,0.0
expr:UBAP1L,expression,0.0,7,0.14
expr:TUSC3,expression,0.0,0,0.0
expr:TUT4,expression,0.0,0,0.0
expr:TVP23A,expression,0.0,5,0.1
expr:TWIST1,expression,0.0,0,0.0
expr:TWIST2,expression,0.0,0,0.0
expr:TXNDC5,expression,0.0,0,0.0
expr:TUBB1,expression,0.0,0,0.0
expr:TUBB2B,expression,0.0,0,0.0
expr:TSPAN16,expression,0.0,0,0.0
expr:TUBB4A,expression,0.0,0,0.0
expr:TUBB6,expression,0.0,0,0.0
expr:TUBB8B,expression,0.0,0,0.0
expr:TULP1,expression,0.0,0,0.0
expr:TULP2,expression,0.0,0,0.0
expr:TUB,expression,0.0,1,0.02
expr:TUBA1A,expression,0.0,0,0.0
expr:TUBA4A,expression,0.0,4,0.08
expr:TUBA4B,expression,0.0,0,0.0
expr:TUBA8,expression,0.0,0,0.0
expr:TUBAL3,expression,0.0,0,0.0
expr:UGT1A1,expression,0.0,0,0.0
expr:UGT1A6,expression,0.0,0,0.0
expr:UGT1A7,expression,0.0,0,0.0
expr:TUBB3,expression,0.0,0,0.0
expr:TSPAN18,expression,0.0,0,0.0
expr:CPLANE1,expression,0.0,0,0.0
expr:CPLX1,expression,0.0,0,0.0
expr:CPLX2,expression,0.0,0,0.0
expr:CPLX4,expression,0.0,0,0.0
expr:CPM,expression,0.0,0,0.0
expr:TTLL2,expression,0.0,0,0.0
expr:TTLL4,expression,0.0,0,0.0
expr:TTLL6,expression,0.0,0,0.0
expr:TTLL7,expression,0.0,0,0.0
expr:TTYH1,expression,0.0,0,0.0
expr:TTYH2,expression,0.0,1,0.02
expr:TTC39B,expression,0.0,0,0.0
expr:TYMP,expression,0.0,0,0.0
expr:TTC9B,expression,0.0,0,0.0
expr:TTLL10,expression,0.0,2,0.04
expr:TTLL12,expression,0.0,0,0.0
expr:TTLL13P,expression,0.0,0,0.0
expr:TTBK1,expression,0.0,0,0.0
expr:TTC12,expression,0.0,0,0.0
expr:TTC16,expression,0.0,0,0.0
expr:TTC22,expression,0.0,0,0.0
expr:TTC39A,expression,0.0,25,0.5
expr:TSPAN8,expression,0.0,0,0.0
expr:TSPO2,expression,0.0,2,0.04
expr:TST,expression,0.0,0,0.0
expr:TSTD1,expression,0.0,0,0.0
expr:TSTD2,expression,0.0,0,0.0
expr:TTC9,expression,0.0,0,0.0
