feature,block,mean_abs_shap,folds_selected,selection_frequency
expr:TSPYL5,expression,0.2841816246509552,1,0.02
meth:CCL7,methylation,0.2016815805600749,45,0.9
meth:ZNF135,methylation,0.1844404637813568,1,0.02
expr:EPHA5,expression,0.17000719904899597,1,0.02
meth:SLC22A16,methylation,0.16565006971359253,1,0.02
expr:SCG2,expression,0.10705268227528515,21,0.42
meth:A2M,methylation,0.10587587207555771,1,0.02
meth:EMCN,methylation,0.10314038147528966,3,0.06
meth:MIR1295,methylation,0.10213544219732285,1,0.02
expr:VENTX,expression,0.10073249042034149,2,0.04
expr:RIMBP3,expression,0.09286349564790726,5,0.1
meth:GNA15,methylation,0.09104412297407787,3,0.06
meth:GRIP1,methylation,0.0898643719135887,27,0.54
expr:MSX1,expression,0.08874715864658356,1,0.02
expr:CADPS,expression,0.08744712185580283,16,0.32
expr:CDK5R1,expression,0.08727434638720484,39,0.78
expr:C5orf63,expression,0.08585060387849808,1,0.02
expr:SAMD11,expression,0.08570384932681918,8,0.16
expr:LRRC43,expression,0.08213527500629425,1,0.02
meth:ZNF257,methylation,0.08178599302967389,3,0.06
expr:CCDC83,expression,0.0806199461221695,1,0.02
expr:GRIK2,expression,0.08054109492028753,18,0.36
meth:KCNK1,methylation,0.07919520227704197,50,1.0
meth:MIR135A1,methylation,0.07391736693680287,5,0.1
meth:LILRA1,methylation,0.07245272397994995,2,0.04
meth:LXN,methylation,0.07162703038193285,4,0.08
expr:ANKRD18B,expression,0.06980472058057785,1,0.02
meth:FLJ40504,methylation,0.06872952142013954,26,0.52
expr:H2BU1,expression,0.06836691813077778,12,0.24
meth:NTS,methylation,0.06815213710069656,1,0.02
expr:LDLR,expression,0.06751924008131027,6,0.12
meth:HSF4,methylation,0.06666535139083862,1,0.02
expr:MAMDC4,expression,0.06400050329044461,25,0.5
meth:MRGPRX2,methylation,0.062464768067002296,2,0.04
expr:HES4,expression,0.06240355968475342,3,0.06
expr:IRX2,expression,0.06119634583592415,1,0.02
meth:GPC6,methylation,0.061184536665678024,1,0.02
expr:HYAL4,expression,0.06118192927628432,46,0.92
expr:MYH15,expression,0.05991673469543457,1,0.02
meth:SNORD116-8,methylation,0.05973813682794571,1,0.02
meth:MAMDC4,methylation,0.05966901022475213,2,0.04
meth:RNASE6,methylation,0.05951457924442366,50,1.0
expr:ERP27,expression,0.059134755788060524,30,0.6
meth:MIR570,methylation,0.05909965603612363,50,1.0
expr:TMEM181,expression,0.05884717032313347,2,0.04
meth:GPR172B,methylation,0.05880136364915719,3,0.06
meth:ALDH2,methylation,0.0580873042345047,3,0.06
meth:C12orf63,methylation,0.057237953970046794,46,0.92
expr:PCDHA3,expression,0.057206767404245004,9,0.18
meth:PM20D1,methylation,0.05694466456770897,1,0.02
expr:ANPEP,expression,0.056161075830459595,1,0.02
expr:PNMT,expression,0.05464361235499382,1,0.02
meth:CCL13,methylation,0.05460452957389255,15,0.3
expr:EYS,expression,0.05456935428082943,2,0.04
meth:TTC22,methylation,0.053861938416957855,3,0.06
expr:FEZ1,expression,0.05347489413805306,25,0.5
expr:ATF7-NPFF,expression,0.05331768840551376,1,0.02
expr:GLDC,expression,0.05325797378855686,26,0.52
meth:GP6,methylation,0.05290474908958588,7,0.14
expr:SMYD3,expression,0.05267752707004547,1,0.02
expr:TPD52L1,expression,0.052206020802259445,1,0.02
expr:HSFX1,expression,0.05186278838664293,2,0.04
meth:PNPLA1,methylation,0.05176433336544925,26,0.52
expr:TNNI3,expression,0.051215110113844275,20,0.4
expr:NBL1,expression,0.05116361541920068,17,0.34
expr:SCD,expression,0.05024103177035408,31,0.62
expr:KLHDC7B,expression,0.050051114670085634,11,0.22
expr:ELOVL7,expression,0.050007456015529375,14,0.28
expr:ACBD7,expression,0.04959198459982872,1,0.02
expr:PNMA8A,expression,0.049308039247989655,1,0.02
meth:PRSS1,methylation,0.04877615446009888,26,0.52
expr:PCDHA11,expression,0.048636379092931746,10,0.2
expr:CBARP,expression,0.04854795685969293,4,0.08
expr:SNTG1,expression,0.048331660883767266,7,0.14
expr:CA14,expression,0.04788408428430557,2,0.04
meth:MIR1284,methylation,0.047617466950323435,50,1.0
meth:C21orf56,methylation,0.047231818394114576,12,0.24
expr:OPN4,expression,0.04719291627407074,7,0.14
meth:HIST1H2AH,methylation,0.04671644548546861,11,0.22
expr:TTC9B,expression,0.046402834355831146,1,0.02
expr:GRIK1,expression,0.04468174154559771,3,0.06
meth:ADAM29,methylation,0.044218357652425766,2,0.04
expr:H1-5,expression,0.044194020330905914,1,0.02
expr:COL21A1,expression,0.04415885731577873,1,0.02
expr:SEZ6L2,expression,0.04388080865073089,13,0.26
meth:ECM1,methylation,0.04329912651640674,24,0.48
meth:WT1,methylation,0.04319157307535144,21,0.42
expr:CYP24A1,expression,0.04315050362298886,15,0.3
expr:CXXC4,expression,0.04271855171431194,11,0.22
expr:CRLF1,expression,0.0425842871987506,38,0.76
expr:TMEM121,expression,0.04243363154819235,4,0.08
expr:ZNF98,expression,0.04229937493801117,2,0.04
expr:PMEPA1,expression,0.042175354569086006,7,0.14
expr:SMN2,expression,0.04196528672596637,26,0.52
meth:RBM46,methylation,0.04178618095951,24,0.48
expr:HMGN5,expression,0.04153376771137118,2,0.04
meth:OR5E1P,methylation,0.04026386886835098,1,0.02
expr:NIM1K,expression,0.040107364184223115,2,0.04
meth:HS3ST3B1,methylation,0.04006277211010456,2,0.04
clin:stage,clinical,0.039782301867380736,50,1.0
meth:KRTAP10-1,methylation,0.03975987061858177,2,0.04
meth:EIF3G,methylation,0.0393645255966112,50,1.0
meth:RNF183,methylation,0.03922584389802068,50,1.0
expr:RAB34,expression,0.03914040687959641,4,0.08
meth:DPY19L2P4,methylation,0.03856612338374058,9,0.18
expr:PKLR,expression,0.0385151244699955,1,0.02
meth:XKR6,methylation,0.03841961547732353,2,0.04
meth:NTM,methylation,0.038407307118177414,1,0.02
expr:SUSD5,expression,0.0383538119494915,1,0.02
expr:MAB21L3,expression,0.038124451899955815,17,0.34
expr:CECR2,expression,0.037632870798309646,3,0.06
expr:DDX43,expression,0.03722203616052866,4,0.08
expr:WNT9A,expression,0.036642298102378845,1,0.02
meth:CALML5,methylation,0.03619107647798955,50,1.0
expr:THRSP,expression,0.03605024872693974,39,0.78
expr:MUC5AC,expression,0.0360145578160882,2,0.04
meth:OR10G9,methylation,0.03597615659236908,1,0.02
meth:C2orf27B,methylation,0.035767508670687675,4,0.08
expr:NANOS3,expression,0.03576567396521568,1,0.02
meth:ZNF132,methylation,0.03573056228342466,10,0.2
expr:CLU,expression,0.03566194698214531,1,0.02
meth:PCDHB9,methylation,0.03555587606388144,8,0.16
expr:FAM166B,expression,0.035513701502085576,44,0.88
expr:NYNRIN,expression,0.035111796110868454,1,0.02
meth:HSPA7,methylation,0.03499458326647679,6,0.12
meth:MMP20,methylation,0.034924091455260556,42,0.84
expr:PRSS21,expression,0.034838246181607246,2,0.04
meth:PLCZ1,methylation,0.034777224878780544,4,0.08
expr:UNC119B,expression,0.03471623817458749,5,0.1
expr:HAS3,expression,0.03457868844270706,1,0.02
meth:C13orf16,methylation,0.034470157274525896,46,0.92
expr:DGKB,expression,0.03421173860657622,11,0.22
expr:ASIC1,expression,0.03419568528188392,50,1.0
meth:TRIML1,methylation,0.034164821108182274,3,0.06
meth:LOC100101938,methylation,0.03411749075166881,2,0.04
meth:DLGAP1,methylation,0.033951468765735626,1,0.02
meth:ZFP37,methylation,0.0336621263595589,16,0.32
expr:GSTM1,expression,0.03353128777063616,34,0.68
expr:FAIM2,expression,0.03327019505668431,10,0.2
meth:HRG,methylation,0.032977357506752014,6,0.12
expr:SGPP1,expression,0.03296312327600188,9,0.18
expr:CAPS,expression,0.032785423143650405,12,0.24
expr:RAET1E,expression,0.032703678511704005,12,0.24
meth:BEND5,methylation,0.03266140106799347,14,0.28
meth:ABO,methylation,0.03255971521139145,1,0.02
expr:LRRC3,expression,0.032396348635190905,49,0.98
meth:KCNQ1OT1,methylation,0.032381812343373895,4,0.08
expr:HSD17B14,expression,0.032295626222289035,7,0.14
meth:C1QL3,methylation,0.03211487756925635,4,0.08
expr:SASH1,expression,0.03208686038851738,1,0.02
meth:C15orf23,methylation,0.03206568130085038,45,0.9
expr:RIMKLA,expression,0.031743141279245414,3,0.06
meth:TAS2R19,methylation,0.031477751069663405,48,0.96
expr:RGS2,expression,0.031344213709235194,15,0.3
expr:H3-2,expression,0.03128640801878646,4,0.08
expr:PAX6,expression,0.031213859227446326,47,0.94
expr:S100A4,expression,0.03118128329515457,1,0.02
meth:FAM24B,methylation,0.03112137143034488,4,0.08
expr:EFCAB3,expression,0.031067187647120312,13,0.26
expr:NR4A3,expression,0.030883434247605656,49,0.98
expr:DNAH17,expression,0.03081958688562736,8,0.16
meth:LENEP,methylation,0.030707095358520745,50,1.0
expr:TRIM9,expression,0.0304698683321476,2,0.04
expr:XIRP1,expression,0.03045468873001243,19,0.38
expr:PCDHA9,expression,0.03018780601107412,18,0.36
meth:STXBP5L,methylation,0.03000630598204831,15,0.3
expr:CDH20,expression,0.029985923320055008,1,0.02
expr:CPA6,expression,0.02996072199727808,7,0.14
expr:TNFSF11,expression,0.029946016140884775,17,0.34
expr:GJC2,expression,0.029742540791630745,3,0.06
expr:IFNG,expression,0.029670488108725596,48,0.96
meth:CAPZA3,methylation,0.029446939006447792,4,0.08
expr:HHLA2,expression,0.02926257229410112,4,0.08
expr:CPZ,expression,0.02908390574157238,1,0.02
expr:H3C13,expression,0.02898564375936985,6,0.12
expr:GPRC5D,expression,0.028930985861613103,30,0.6
expr:P3H3,expression,0.02886205760296434,21,0.42
expr:MT-ND4L,expression,0.028654458085921677,11,0.22
expr:TRIM67,expression,0.028414248023182154,8,0.16
expr:C21orf62,expression,0.0277093555778265,1,0.02
expr:SLC9A3,expression,0.027664633195048995,35,0.7
expr:FABP7,expression,0.02766164830869197,14,0.28
expr:AQP3,expression,0.027651469888431684,7,0.14
meth:MIR99B,methylation,0.0274263387647174,23,0.46
meth:TRIM68,methylation,0.027283662604168056,5,0.1
expr:LY6H,expression,0.027280497565610153,31,0.62
expr:GRIP1,expression,0.02725476399064064,1,0.02
meth:HIST1H1B,methylation,0.0271147470921278,1,0.02
expr:KRT16,expression,0.02706027962267399,1,0.02
meth:HIST1H4E,methylation,0.026924535632133484,1,0.02
meth:DOCK9,methylation,0.026767784990370275,50,1.0
expr:NOG,expression,0.026720652356743813,1,0.02
expr:TMPRSS9,expression,0.026702333843180288,6,0.12
expr:PAQR8,expression,0.026697220190221235,18,0.36
expr:PCDHA12,expression,0.02665158035233617,4,0.08
expr:P2RX6,expression,0.02655213126646621,7,0.14
expr:SEC16B,expression,0.026460182395142813,15,0.3
meth:DYRK1B,methylation,0.026421694085001945,6,0.12
meth:TNXB,methylation,0.026378952917091702,49,0.98
expr:CACNA1H,expression,0.026066970080137253,1,0.02
meth:PLCD1,methylation,0.026048064073880335,14,0.28
expr:PTRH1,expression,0.025869816541671753,1,0.02
expr:ACY3,expression,0.02577420473098755,5,0.1
expr:AC021087.5,expression,0.02575204184410186,39,0.78
meth:DDI1,methylation,0.025670954957604408,2,0.04
expr:PKNOX2,expression,0.025642836466431618,3,0.06
expr:PITX2,expression,0.02552205229876563,5,0.1
expr:GGN,expression,0.02496471523772925,4,0.08
meth:MAML2,methylation,0.024725699424743654,5,0.1
expr:GMPR,expression,0.02469422124947111,6,0.12
expr:RASGRP1,expression,0.024609447122511872,47,0.94
expr:HLA-DQB2,expression,0.02444931048024767,29,0.58
meth:ALPL,methylation,0.02422880855473605,11,0.22
meth:GCNT2,methylation,0.024181468174387905,23,0.46
meth:ZFP90,methylation,0.024049265858983353,7,0.14
expr:WFDC1,expression,0.024045832455158234,1,0.02
meth:SLC6A2,methylation,0.02402180666103959,2,0.04
meth:CEACAM4,methylation,0.024017593435322244,12,0.24
meth:ASAP1IT1,methylation,0.02389762663282454,50,1.0
meth:RNF20,methylation,0.023882966488599777,2,0.04
meth:HLA-DPB1,methylation,0.023841059999540448,2,0.04
meth:C13orf39,methylation,0.023797847738023847,2,0.04
meth:C5orf23,methylation,0.023584727896377444,4,0.08
meth:SSC5D,methylation,0.023568013643380254,50,1.0
expr:SLFN14,expression,0.023401202633976936,1,0.02
expr:REELD1,expression,0.02336067520081997,2,0.04
expr:TMDD1,expression,0.023257160442881286,8,0.16
meth:LILRP2,methylation,0.023018477484583855,1,0.02
meth:NKX2-6,methylation,0.022994336129481634,31,0.62
expr:FBXO27,expression,0.02293762759022091,23,0.46
expr:DACT2,expression,0.02290603819374855,13,0.26
expr:ACSF2,expression,0.022824039189144968,50,1.0
expr:TNFRSF13C,expression,0.022736999904736876,6,0.12
expr:AL357673.1,expression,0.022729971225811007,29,0.58
meth:NNMT,methylation,0.02263767085969448,1,0.02
expr:UCP2,expression,0.022510981187224388,1,0.02
expr:RHOV,expression,0.02248922281080123,33,0.66
expr:ST6GALNAC4,expression,0.022397327523988982,15,0.3
meth:C1QTNF9B,methylation,0.02230968582443893,7,0.14
meth:TMED9,methylation,0.02221156262559816,50,1.0
meth:PCDHGB5,methylation,0.022198034815065673,34,0.68
expr:SYT3,expression,0.0221716844576544,7,0.14
meth:DDN,methylation,0.022150749630118545,37,0.74
meth:HOXB2,methylation,0.022147491574287415,1,0.02
expr:ECHDC1,expression,0.022104853205382823,15,0.3
expr:FAM178B,expression,0.02198788896203041,1,0.02
meth:ASPDH,methylation,0.021973393857479095,1,0.02
expr:FAM160A1,expression,0.021949424874037504,2,0.04
expr:CCDC9B,expression,0.021842914208536967,50,1.0
expr:DUOX1,expression,0.02175966332953899,47,0.94
expr:FKBP5,expression,0.021649071111044447,28,0.56
expr:GASK1A,expression,0.021629879251122475,2,0.04
expr:S100A6,expression,0.0216149626407636,41,0.82
meth:HEATR4,methylation,0.021611591801047325,1,0.02
expr:C4orf50,expression,0.02148527199298971,9,0.18
meth:CCL1,methylation,0.021446202953274433,13,0.26
expr:UNC79,expression,0.0213407695206115,40,0.8
expr:ERFE,expression,0.021206635017879307,50,1.0
expr:MMP3,expression,0.0211961823515594,2,0.04
expr:COL19A1,expression,0.02116866075850435,19,0.38
meth:HOXC8,methylation,0.021079275590766753,7,0.14
expr:PCDHB9,expression,0.02083106167629012,32,0.64
expr:ASB9,expression,0.020829613154221858,7,0.14
expr:SERPINA3,expression,0.020797458477318287,4,0.08
expr:MC1R,expression,0.020689224746699136,12,0.24
expr:LEXM,expression,0.020662213559262455,2,0.04
expr:VIL1,expression,0.020656025037169456,1,0.02
meth:SAMD9,methylation,0.02060884889215231,3,0.06
expr:PITPNM3,expression,0.020532682063058017,50,1.0
meth:PPP1R2P3,methylation,0.020408659242093563,3,0.06
meth:GLDC,methylation,0.020323489792644978,5,0.1
expr:LPAR1,expression,0.020214982330799103,3,0.06
meth:PHOSPHO1,methylation,0.02018828908654137,9,0.18
expr:NOL4,expression,0.02018543239682913,2,0.04
expr:TMEM92,expression,0.020161766498147146,46,0.92
meth:ACOX2,methylation,0.02014298166614026,4,0.08
meth:LCN1,methylation,0.020106182996338855,3,0.06
expr:LEFTY1,expression,0.01994514331454411,12,0.24
expr:SCG5,expression,0.019938490103716806,24,0.48
expr:KCNJ2,expression,0.019895829260349274,1,0.02
meth:KCNG2,methylation,0.019864624366164207,1,0.02
expr:SNX32,expression,0.019695870578289032,1,0.02
meth:VAV3,methylation,0.019655630850282154,38,0.76
expr:CD163L1,expression,0.01962960006382603,13,0.26
expr:HES7,expression,0.01950143091380596,2,0.04
expr:CCL25,expression,0.019437649054452777,2,0.04
meth:S100Z,methylation,0.019408858800306916,5,0.1
expr:MAPK12,expression,0.01935854762792587,25,0.5
meth:DERL3,methylation,0.019307944749016315,12,0.24
expr:ZNF285,expression,0.019274128368124366,2,0.04
meth:RBM11,methylation,0.019249223998155107,22,0.44
expr:VSX1,expression,0.01924210716970265,3,0.06
expr:PTPRU,expression,0.01918819732964039,1,0.02
meth:WTIP,methylation,0.01906389882788062,2,0.04
expr:DISP2,expression,0.019030507550121763,37,0.74
meth:PSMA8,methylation,0.018980954041970626,7,0.14
expr:VEPH1,expression,0.018824229016900063,1,0.02
expr:CDHR1,expression,0.018775990853706997,3,0.06
meth:HOXD12,methylation,0.018719252257142216,12,0.24
meth:UMOD,methylation,0.018709542005895995,13,0.26
meth:LOC619207,methylation,0.018707370664924384,15,0.3
expr:PAK6,expression,0.018651646038051695,16,0.32
expr:GSTT2B,expression,0.01864834701215538,21,0.42
meth:SNPH,methylation,0.018519599495145183,3,0.06
meth:CDSN,methylation,0.018500516889616847,3,0.06
expr:FGF13,expression,0.01848696544766426,1,0.02
meth:AOC2,methylation,0.01848651534412056,50,1.0
meth:SPOCK3,methylation,0.018432336684782058,2,0.04
meth:TMEM108,methylation,0.018396911770105363,5,0.1
expr:PPP4R4,expression,0.018386948364189803,39,0.78
meth:HPDL,methylation,0.018375319682116455,17,0.34
expr:AP003071.5,expression,0.018287378285701077,12,0.24
meth:RAB5A,methylation,0.018246701101306825,50,1.0
meth:JAM2,methylation,0.018188527319580317,4,0.08
expr:MTUS2,expression,0.01812381059725714,17,0.34
expr:NAMPT,expression,0.01811501756310463,1,0.02
meth:SLC2A4RG,methylation,0.018064947022746008,3,0.06
meth:GAST,methylation,0.018049336969852448,1,0.02
meth:APLNR,methylation,0.018004045200844605,3,0.06
meth:DEFA6,methylation,0.017979440977796912,2,0.04
expr:SLC15A3,expression,0.01789964735507965,1,0.02
expr:CSPG4,expression,0.017875028681010006,5,0.1
expr:GATM,expression,0.017860410757543098,31,0.62
meth:FBLN7,methylation,0.01785222503046195,3,0.06
expr:GPR65,expression,0.01779632642865181,2,0.04
clin:age,clinical,0.01773135721232393,40,0.8
meth:ABCB1,methylation,0.01767403446137905,2,0.04
expr:SGCG,expression,0.0176350649902209,48,0.96
meth:OR4K13,methylation,0.01759244970485775,18,0.36
expr:SCN10A,expression,0.01753099262714386,1,0.02
expr:IL18,expression,0.01748719811439514,1,0.02
meth:KIAA1239,methylation,0.017445875957491808,4,0.08
meth:GJC2,methylation,0.01743235003319569,50,1.0
meth:LOC729020,methylation,0.017344143202838797,3,0.06
expr:AGBL1,expression,0.01733633503317833,3,0.06
meth:LOC149134,methylation,0.017326112720184028,6,0.12
meth:PPP2R4,methylation,0.01725930117536336,20,0.4
meth:PATE1,methylation,0.017226234078407288,1,0.02
meth:MIR1537,methylation,0.01720981070189737,50,1.0
expr:PCDH10,expression,0.017202336753073793,13,0.26
meth:OR8U1,methylation,0.0172002263824214,27,0.54
expr:SH3BGR,expression,0.01718648336827755,1,0.02
meth:WNT16,methylation,0.017178554087877274,1,0.02
expr:FLRT3,expression,0.01702388166449964,6,0.12
expr:ACSS3,expression,0.017012385404086672,18,0.36
expr:F12,expression,0.0170089549777147,38,0.76
expr:APC2,expression,0.016919878145147647,21,0.42
meth:MIR194-1,methylation,0.016854187752345973,33,0.66
expr:ODF3L2,expression,0.016832409863127396,12,0.24
meth:ZNF285A,methylation,0.016809425006310146,3,0.06
meth:MIR107,methylation,0.016786583850028902,39,0.78
expr:PNCK,expression,0.01676992700857565,43,0.86
expr:PCDHB16,expression,0.01658678986132145,1,0.02
meth:ID2B,methylation,0.016581792384386063,2,0.04
expr:RAET1G,expression,0.016550778251257725,32,0.64
expr:POU1F1,expression,0.01652460601180792,20,0.4
meth:FAM115A,methylation,0.016473319337819703,20,0.4
expr:MAB21L4,expression,0.016453446820378304,1,0.02
expr:PHLDA1,expression,0.01639625383540988,4,0.08
meth:TULP1,methylation,0.016369014978408813,1,0.02
expr:RFPL2,expression,0.016333578154444695,1,0.02
meth:HSPC157,methylation,0.016302665520925075,6,0.12
expr:HECW1,expression,0.016281157732009888,2,0.04
expr:NRXN1,expression,0.01628004847560078,25,0.5
expr:IQCN,expression,0.01627736152042825,49,0.98
meth:SPINK8,methylation,0.016110521538749985,23,0.46
expr:MYH7,expression,0.016067324159666895,10,0.2
expr:CCDC181,expression,0.016060161042130656,9,0.18
meth:SHISA9,methylation,0.01605761982500553,1,0.02
expr:SLC15A2,expression,0.01598429773002863,8,0.16
expr:PCDH1,expression,0.015975788235664368,3,0.06
expr:QSOX1,expression,0.01593554982294639,15,0.3
expr:TCF7L2,expression,0.01591916820213485,39,0.78
expr:STAP1,expression,0.015902256116300743,47,0.94
expr:PRDM12,expression,0.01588704690901919,47,0.94
meth:TTC39A,methylation,0.015863513574004173,1,0.02
expr:ETS1,expression,0.015858065499924124,20,0.4
meth:FLJ37543,methylation,0.015790042089065537,8,0.16
expr:ACSM2A,expression,0.01578056731610559,50,1.0
meth:CHRNB2,methylation,0.015751536935567856,3,0.06
meth:PITX2,methylation,0.015748738567344843,30,0.6
meth:WRB,methylation,0.015726355835795403,1,0.02
expr:KCNK2,expression,0.015697645605541766,8,0.16
meth:KHNYN,methylation,0.015541481226682663,5,0.1
expr:PTCHD4,expression,0.015529381732145945,3,0.06
expr:SYN3,expression,0.0155055639334023,2,0.04
expr:PSCA,expression,0.01546903411773118,22,0.44
expr:ABCA10,expression,0.015438131394330413,50,1.0
expr:SPATA32,expression,0.015418956452049316,10,0.2
meth:LOC100133991,methylation,0.01538126498053316,20,0.4
meth:TFAP2D,methylation,0.01535974744183477,8,0.16
meth:ZDHHC1,methylation,0.015352939022704959,3,0.06
expr:H3C6,expression,0.015349660068750381,1,0.02
expr:PLA2G6,expression,0.015226529911160469,1,0.02
meth:TRIOBP,methylation,0.01517972070723772,1,0.02
expr:ACKR2,expression,0.015166454017162323,3,0.06
meth:S100A6,methylation,0.015145539538934827,7,0.14
meth:RPSAP9,methylation,0.01514525432139635,1,0.02
meth:ABCA1,methylation,0.015126479307655245,50,1.0
expr:RCSD1,expression,0.015116658806800843,5,0.1
expr:TAC4,expression,0.01506088288953981,37,0.74
meth:DBX2,methylation,0.015036985433350006,24,0.48
meth:RNASE1,methylation,0.014918841088656336,50,1.0
expr:SDK2,expression,0.014899817295372486,1,0.02
expr:GATD3B,expression,0.014889547717757523,4,0.08
meth:CYP1B1,methylation,0.014854299370199442,12,0.24
meth:TMEM195,methylation,0.014847600795328618,50,1.0
expr:ST6GALNAC6,expression,0.014825657207984478,40,0.8
meth:MYCNOS,methylation,0.014804660168010741,8,0.16
meth:CRISPLD2,methylation,0.014803855432843675,49,0.98
meth:ASPHD1,methylation,0.014772955030471517,26,0.52
expr:TRPM2,expression,0.014760203438582925,49,0.98
meth:NMU,methylation,0.014741173446444529,7,0.14
meth:ANKRD33,methylation,0.01473883562721312,6,0.12
expr:MACROD1,expression,0.014635969884693623,2,0.04
meth:MIR567,methylation,0.014619406312704086,2,0.04
expr:LYST,expression,0.014611259109288868,36,0.72
expr:ZNF385C,expression,0.01458708815043792,5,0.1
meth:PLA2G3,methylation,0.014581129089121384,49,0.98
expr:SLC11A1,expression,0.01455218787305057,4,0.08
meth:RBM9,methylation,0.014527616401513418,3,0.06
meth:DOCK2,methylation,0.014521552730487504,30,0.6
expr:ENDOG,expression,0.01446970651159063,4,0.08
meth:OR52I2,methylation,0.01444707065820694,1,0.02
expr:FAM72D,expression,0.014437040033762491,38,0.76
meth:LOC90784,methylation,0.014430821672754569,18,0.36
expr:RCOR2,expression,0.014395370588172227,50,1.0
meth:ADAMTS5,methylation,0.014373109675943851,2,0.04
meth:TCN2,methylation,0.014357839711010456,1,0.02
expr:GNB3,expression,0.014341991782809297,9,0.18
meth:KLHL35,methylation,0.014340431507055959,6,0.12
expr:TACR2,expression,0.01431981474161148,2,0.04
expr:SLC9A6,expression,0.014273360604420304,6,0.12
expr:SRXN1,expression,0.014172364103918275,6,0.12
meth:ATP2A1,methylation,0.01410138054500119,39,0.78
meth:KRTAP12-4,methylation,0.014085787115618587,2,0.04
expr:CDK12,expression,0.01408438477665186,1,0.02
expr:L3MBTL1,expression,0.014076396822929382,1,0.02
meth:IGFBPL1,methylation,0.01402583433729079,9,0.18
meth:CRIP1,methylation,0.013952651061117649,2,0.04
meth:MIR585,methylation,0.01393396221101284,1,0.02
expr:LHFPL3,expression,0.013904601335525513,4,0.08
expr:MRLN,expression,0.013888809084892272,5,0.1
meth:LIMCH1,methylation,0.013859933589119465,50,1.0
expr:RAB3IP,expression,0.013852408534148708,4,0.08
meth:ALPK2,methylation,0.013838519514335887,23,0.46
expr:NIPAL4,expression,0.0138322114944458,1,0.02
expr:ERAP2,expression,0.01382046001913779,47,0.94
expr:KCNQ5,expression,0.013755164109170437,2,0.04
expr:SERPINB2,expression,0.013740282308740111,13,0.26
expr:C4orf19,expression,0.013737658556582856,29,0.58
meth:CHL1,methylation,0.01373457036485585,12,0.24
meth:GOLSYN,methylation,0.013685707002878189,1,0.02
meth:ZNF426,methylation,0.013672912260517478,4,0.08
meth:RAB37,methylation,0.01367281936109066,2,0.04
meth:SPRED2,methylation,0.013664090281818062,50,1.0
expr:SKIDA1,expression,0.013622778002172709,7,0.14
expr:CYB5R2,expression,0.013608269998803735,10,0.2
meth:SLC38A8,methylation,0.013579762422014028,50,1.0
meth:SOBP,methylation,0.013574100862671103,9,0.18
meth:NPB,methylation,0.013561378803569824,20,0.4
meth:CCDC153,methylation,0.013552477583289146,2,0.04
meth:OR4F5,methylation,0.013518845662474632,2,0.04
expr:ITGA2,expression,0.013496963307261467,1,0.02
expr:DNAJC6,expression,0.013445240445435047,2,0.04
expr:CKB,expression,0.013431392534745528,34,0.68
meth:WFDC1,methylation,0.013420636018149947,19,0.38
expr:H4C2,expression,0.013402625918388367,1,0.02
expr:TMEM52,expression,0.013327092630788684,4,0.08
expr:FAM216B,expression,0.013324837330617897,21,0.42
expr:AJM1,expression,0.013305876692100309,39,0.78
expr:PANX2,expression,0.01329621346667409,7,0.14
meth:KCNQ3,methylation,0.013290186396001704,7,0.14
expr:CD14,expression,0.013286085845902563,5,0.1
expr:PNPLA3,expression,0.013273372998810373,4,0.08
meth:STMN3,methylation,0.013266237475909293,5,0.1
meth:AMPH,methylation,0.013231641956649366,21,0.42
meth:FIGNL1,methylation,0.013225129063357599,16,0.32
expr:MTMR8,expression,0.013210391998291016,5,0.1
expr:SLC27A6,expression,0.013088352978229523,2,0.04
meth:ZFP28,methylation,0.013056793250143528,1,0.02
meth:MICALCL,methylation,0.013054497999837622,50,1.0
expr:MYBPC1,expression,0.013026434425476262,44,0.88
meth:A2ML1,methylation,0.013017254816368222,50,1.0
meth:LRRC67,methylation,0.013006949797272682,2,0.04
meth:ALOX5,methylation,0.012998000141773705,14,0.28
expr:EGFL7,expression,0.012985863981561529,9,0.18
meth:NKX2-2,methylation,0.012982293963432312,4,0.08
meth:CAPN8,methylation,0.01288380566984415,2,0.04
meth:HOXD1,methylation,0.012873410247266293,1,0.02
meth:SLC6A7,methylation,0.012872477461184775,7,0.14
expr:XG,expression,0.012871609069406986,7,0.14
expr:SRRM3,expression,0.01284190391500791,3,0.06
meth:C12orf69,methylation,0.012837712652981281,1,0.02
expr:BTN1A1,expression,0.012793180843194326,3,0.06
expr:ADGRG1,expression,0.01279073374763388,29,0.58
expr:ZNF775,expression,0.012786643113940954,4,0.08
expr:CYP4F3,expression,0.012782183475792408,1,0.02
meth:RBP2,methylation,0.012735901060514152,50,1.0
expr:IGFBP1,expression,0.012730304151773453,1,0.02
meth:LECT1,methylation,0.012690252740867436,2,0.04
expr:IRS4,expression,0.012665616814047098,14,0.28
expr:MAGIX,expression,0.012581588700413704,5,0.1
meth:GDPD3,methylation,0.012565822655554204,17,0.34
expr:TGM5,expression,0.012528929704179367,6,0.12
expr:ODC1,expression,0.012489708639415247,42,0.84
expr:GPR78,expression,0.01248670262363951,44,0.88
meth:GZMM,methylation,0.012464811741004021,44,0.88
meth:PCDHGA9,methylation,0.012440351024270057,10,0.2
meth:PPP1R14D,methylation,0.012341889033622638,37,0.74
expr:HP,expression,0.01234128518262878,2,0.04
expr:JRK,expression,0.012324105016887188,2,0.04
expr:ZNF280B,expression,0.012311221721271673,3,0.06
meth:PTH,methylation,0.012265356567998728,9,0.18
expr:BACH2,expression,0.012232419787324034,19,0.38
expr:STC2,expression,0.012231957850744948,50,1.0
meth:PYY2,methylation,0.012231321074068546,1,0.02
meth:ST3GAL6,methylation,0.012225880287587643,1,0.02
meth:QPRT,methylation,0.012222921324428171,50,1.0
meth:GZMH,methylation,0.012221229573090872,3,0.06
meth:ADHFE1,methylation,0.012214166888346275,48,0.96
meth:NCCRP1,methylation,0.01220420835694919,45,0.9
meth:LOC100130691,methylation,0.012200451269745827,5,0.1
expr:PCDHGB5,expression,0.012187200598418713,1,0.02
expr:ACOT1,expression,0.01212996326527597,48,0.96
meth:OLFM4,methylation,0.012069736141711473,4,0.08
expr:ASPG,expression,0.012025854550302029,1,0.02
expr:PCDHA13,expression,0.011998635458959532,28,0.56
expr:MLLT3,expression,0.011988386046141386,2,0.04
meth:ANKRD55,methylation,0.011985527205979452,34,0.68
meth:ADAMTS4,methylation,0.01196458636639783,26,0.52
expr:CDH13,expression,0.011937806382775307,1,0.02
expr:SETBP1,expression,0.01191694475710392,1,0.02
meth:EML6,methylation,0.01186865110260745,21,0.42
expr:EDN1,expression,0.011842749247859632,14,0.28
meth:CERKL,methylation,0.011842623639565248,13,0.26
meth:UBXN10,methylation,0.011839613318443298,4,0.08
meth:BGLAP,methylation,0.011825884545687585,50,1.0
expr:WIF1,expression,0.011820272908412985,7,0.14
expr:BCAR3,expression,0.011804234154303284,17,0.34
meth:LOC338758,methylation,0.01178982897545211,17,0.34
expr:IQSEC3,expression,0.01178710835520178,5,0.1
expr:NR2C2,expression,0.01177247241139412,1,0.02
expr:IER5L,expression,0.011766175943193957,8,0.16
expr:ZCCHC18,expression,0.011749669909477234,1,0.02
expr:BEX5,expression,0.011738918721675873,2,0.04
expr:CHP2,expression,0.011724278330802917,1,0.02
meth:ACCN3,methylation,0.011677598266639203,48,0.96
meth:CTSW,methylation,0.011593741665006076,19,0.38
meth:LHX6,methylation,0.011592963635099722,34,0.68
meth:PNOC,methylation,0.011582155479118228,41,0.82
expr:SLC46A2,expression,0.011571355330358659,7,0.14
expr:CDH7,expression,0.011562950443476439,8,0.16
meth:CRABP2,methylation,0.011559221893548965,1,0.02
expr:NKX6-1,expression,0.011549677234143019,5,0.1
expr:PATL2,expression,0.01154015471951829,9,0.18
meth:NCRNA00207,methylation,0.011535154655575752,1,0.02
meth:WNT3,methylation,0.011534139801583746,34,0.68
meth:DOK2,methylation,0.011531528706351915,3,0.06
expr:CISH,expression,0.01152278418643012,48,0.96
expr:SLC25A24,expression,0.01151600772573147,8,0.16
expr:TAC3,expression,0.011365891434252262,1,0.02
expr:KNG1,expression,0.011348367901518941,16,0.32
expr:PRIMA1,expression,0.011334066764296344,12,0.24
expr:NPPC,expression,0.011308950449650487,3,0.06
meth:MIR337,methylation,0.011286537628620863,23,0.46
expr:FNDC8,expression,0.011284057780479391,30,0.6
expr:AC055839.2,expression,0.011282223276793957,2,0.04
meth:C14orf50,methylation,0.011272961273789406,1,0.02
expr:ARNT2,expression,0.011260716307263535,13,0.26
expr:POU2AF1,expression,0.011220506018435116,40,0.8
meth:SNORA80,methylation,0.011215432853388944,19,0.38
meth:GNB3,methylation,0.011197243933565915,2,0.04
expr:GPC5,expression,0.01119537465274334,1,0.02
expr:C20orf85,expression,0.01117764599621296,2,0.04
meth:OVCH1,methylation,0.01115583440211291,6,0.12
expr:CDH23,expression,0.011074424721300602,1,0.02
meth:LRRTM2,methylation,0.01105921520696332,15,0.3
expr:NECTIN4,expression,0.011052628489015925,31,0.62
meth:ADAMTS10,methylation,0.01103118927169003,19,0.38
expr:PRSS51,expression,0.011025809682905674,1,0.02
meth:FKBP1B,methylation,0.010965103119295756,28,0.56
meth:TEPP,methylation,0.010952604003250599,1,0.02
meth:LOC100128842,methylation,0.010892401821198588,49,0.98
expr:TCIM,expression,0.010890377423493192,4,0.08
expr:FHIT,expression,0.01085124829405686,40,0.8
expr:TREM1,expression,0.010840751696377993,4,0.08
expr:TCHH,expression,0.010833832496427932,30,0.6
meth:PCDHA5,methylation,0.010831884702201932,10,0.2
meth:FAM177B,methylation,0.010812801992869936,4,0.08
expr:VASN,expression,0.01081029005581513,2,0.04
meth:SLC12A1,methylation,0.010785831953398883,2,0.04
expr:CHST13,expression,0.010783858771901578,2,0.04
expr:SLC10A5,expression,0.010771145112812519,3,0.06
meth:MUCL1,methylation,0.010768565920963218,28,0.56
expr:SRPK3,expression,0.010760376850763956,3,0.06
expr:ABO,expression,0.010724435830148073,41,0.82
meth:WIT1,methylation,0.0106970232722926,21,0.42
meth:GALNT6,methylation,0.010673824697732925,1,0.02
meth:SLC35D3,methylation,0.010663614462828264,8,0.16
expr:PRC1,expression,0.010643236703860264,30,0.6
expr:AC097625.1,expression,0.010613424666225911,25,0.5
expr:ZNF501,expression,0.010584672912955284,1,0.02
expr:MC4R,expression,0.010571879334747791,2,0.04
expr:TYRO3,expression,0.010563356976490468,38,0.76
meth:LRRC37B,methylation,0.010477462087735711,42,0.84
expr:RNF222,expression,0.010475636459887028,2,0.04
expr:DENND5B,expression,0.010373023338615894,4,0.08
meth:MAB21L1,methylation,0.010353286419995129,50,1.0
meth:LOC220930,methylation,0.0103291105479002,1,0.02
meth:SPRR2F,methylation,0.01024419566549893,14,0.28
meth:SIT1,methylation,0.010225720703601837,1,0.02
expr:GPHN,expression,0.010198337437871557,13,0.26
meth:PRKCA,methylation,0.010183215044283619,6,0.12
expr:FCRL5,expression,0.010166355685607807,37,0.74
expr:FUT8,expression,0.010163557715713978,4,0.08
expr:U2AF1L5,expression,0.010140854678562997,24,0.48
expr:PTGS2,expression,0.01013294234492249,23,0.46
meth:EVI5,methylation,0.010126168839633465,2,0.04
expr:TRAPPC5,expression,0.010093292221426964,8,0.16
meth:EXPH5,methylation,0.01009197898558341,50,1.0
meth:LRRC55,methylation,0.010080644574999395,45,0.9
expr:FREM2,expression,0.010074019990861416,5,0.1
meth:DGUOK,methylation,0.010073599411407485,50,1.0
expr:IL12B,expression,0.010058169377734884,50,1.0
meth:PITX1,methylation,0.010041802190244198,2,0.04
meth:MIR199A1,methylation,0.010023288467175704,47,0.94
expr:INKA2,expression,0.010013105534017085,5,0.1
expr:TMEM176A,expression,0.00999605655670166,1,0.02
meth:C3orf25,methylation,0.009990024652021626,6,0.12
meth:ALS2CR12,methylation,0.009979911115806317,32,0.64
expr:KIF21A,expression,0.009977696812711656,2,0.04
expr:SMR3B,expression,0.00995776616036892,2,0.04
meth:SPATA19,methylation,0.009939977899193764,2,0.04
meth:ZBTB16,methylation,0.009928004583343863,10,0.2
expr:PHF21B,expression,0.009924624115228653,1,0.02
meth:LY96,methylation,0.009914459590800107,20,0.4
expr:TSKU,expression,0.009913881499271252,19,0.38
expr:RNF165,expression,0.009913727291859686,2,0.04
expr:CDHR3,expression,0.009911247587297112,4,0.08
expr:KIR2DL4,expression,0.00989712123797896,24,0.48
meth:PCDHA7,methylation,0.009897074356185606,39,0.78
expr:STMN3,expression,0.009893492795526981,1,0.02
expr:GPR22,expression,0.00987442077603191,10,0.2
expr:CHPT1,expression,0.009850109991756208,47,0.94
meth:SOX18,methylation,0.009840263488877099,40,0.8
meth:WNT7A,methylation,0.009823126465422459,13,0.26
expr:C1QL3,expression,0.009808571077883244,1,0.02
meth:ATF7,methylation,0.009795151888392866,50,1.0
meth:CCDC54,methylation,0.009776434861123562,1,0.02
meth:LOXL2,methylation,0.009723054245114326,2,0.04
meth:FMO5,methylation,0.009713748469948769,1,0.02
expr:AMH,expression,0.009711395716294646,4,0.08
expr:UBE2C,expression,0.009699157128731409,3,0.06
expr:MAP4K1,expression,0.009691416596372923,3,0.06
expr:HLA-DQA2,expression,0.009690959932808966,23,0.46
expr:HSD11B2,expression,0.009665044024586678,2,0.04
expr:CTSV,expression,0.009638888443116733,47,0.94
meth:SLC22A7,methylation,0.009625562777121862,3,0.06
meth:MAFG,methylation,0.009606267337221652,50,1.0
meth:C10orf72,methylation,0.009604791179299355,1,0.02
meth:ZNF683,methylation,0.009570146561600268,4,0.08
expr:TMEM215,expression,0.009568413607642445,37,0.74
meth:CECR2,methylation,0.009539290057164767,31,0.62
meth:CTTNBP2,methylation,0.009524937130562548,36,0.72
expr:RHBDL2,expression,0.009522757725790143,4,0.08
meth:IFI27L2,methylation,0.009517768397927284,1,0.02
expr:PADI1,expression,0.009470426477491856,1,0.02
meth:ELAVL4,methylation,0.0094376839697361,1,0.02
meth:C7orf28A,methylation,0.009423689365576138,16,0.32
expr:H2AW,expression,0.009421267465222627,10,0.2
meth:PRNT,methylation,0.009369459934532642,1,0.02
expr:SPEG,expression,0.009368339941526452,6,0.12
meth:MIR218-2,methylation,0.009362138962994019,3,0.06
expr:ADAMTS13,expression,0.00935658672824502,2,0.04
meth:C2orf65,methylation,0.00934882009945189,24,0.48
meth:WDR86,methylation,0.009332777932286263,1,0.02
meth:MIR144,methylation,0.009323396519175731,20,0.4
meth:ODF3L1,methylation,0.009309705708654144,37,0.74
meth:ACOXL,methylation,0.00930776260793209,1,0.02
expr:COLQ,expression,0.009301616839366034,16,0.32
expr:PLA2G10,expression,0.009295359132053373,43,0.86
expr:SLC43A1,expression,0.009288292890414596,5,0.1
expr:DAPL1,expression,0.009274612879380584,8,0.16
meth:MIR1248,methylation,0.009267020039260387,2,0.04
meth:C20orf71,methylation,0.00926415715366602,1,0.02
expr:NPIPB4,expression,0.009243677675840445,4,0.08
meth:MIR153-1,methylation,0.00924241046110789,3,0.06
meth:VCAM1,methylation,0.009213851384590677,47,0.94
expr:BMP7,expression,0.009202473644668667,13,0.26
meth:OR8U8,methylation,0.009200658149051445,27,0.54
expr:UNC5A,expression,0.009156966116279364,4,0.08
meth:HIGD1C,methylation,0.009141032789124265,42,0.84
expr:ATF3,expression,0.009135210903574867,24,0.48
expr:KCNK7,expression,0.009134125828202213,31,0.62
expr:NRGN,expression,0.009128814563155174,2,0.04
meth:BTNL9,methylation,0.009116058647123282,4,0.08
expr:EFS,expression,0.009104770608246326,1,0.02
meth:FCHSD1,methylation,0.00907932035624981,1,0.02
meth:FOXL1,methylation,0.009052923981911473,31,0.62
expr:GABRG3,expression,0.009041499346494675,1,0.02
expr:CARD11,expression,0.009035513736307621,2,0.04
meth:WFDC10A,methylation,0.009017539210617542,2,0.04
expr:CRABP2,expression,0.009006363624292944,9,0.18
expr:HSPA2,expression,0.008975672535598278,6,0.12
expr:TMEM198,expression,0.0089639822836034,4,0.08
expr:MYL5,expression,0.008952883072197437,1,0.02
expr:BTK,expression,0.008923291898099706,2,0.04
expr:SHH,expression,0.008922973859444027,40,0.8
meth:RGPD5,methylation,0.008915923620489511,11,0.22
meth:CEBPA,methylation,0.008912140503525734,1,0.02
expr:WLS,expression,0.008906983250895752,47,0.94
meth:CDK15,methylation,0.008864951990544797,25,0.5
expr:PROSER2,expression,0.008817405098982687,14,0.28
expr:GABRR3,expression,0.008813931052351282,21,0.42
expr:LEF1,expression,0.008808844313898589,50,1.0
meth:KLF1,methylation,0.008797326125204563,2,0.04
meth:SLAMF7,methylation,0.008795945924551537,30,0.6
meth:MFSD2A,methylation,0.008794707786291838,50,1.0
expr:RP1,expression,0.008787017364878781,26,0.52
expr:CXCL13,expression,0.00877332902746275,30,0.6
meth:AOX1,methylation,0.008749396598432213,12,0.24
expr:CLEC4E,expression,0.008695170213468374,5,0.1
expr:CHST6,expression,0.008673956232378259,50,1.0
meth:PABPC1L,methylation,0.00866650890869399,3,0.06
expr:TCF4,expression,0.008641105057904497,4,0.08
meth:ABCB11,methylation,0.008629337904113887,43,0.86
meth:LOC253039,methylation,0.008621566632251826,31,0.62
expr:SAPCD2,expression,0.008616148106132945,39,0.78
meth:ITLN2,methylation,0.00861384631975347,9,0.18
meth:IL22RA2,methylation,0.008613403886556625,1,0.02
expr:SCUBE3,expression,0.008606953546404839,1,0.02
meth:S100A16,methylation,0.008588860880990978,32,0.64
meth:RGS14,methylation,0.00858367420732975,1,0.02
meth:EFS,methylation,0.008567780518205836,8,0.16
expr:RLN1,expression,0.00856188711244613,50,1.0
meth:TMPRSS13,methylation,0.0085609402407759,7,0.14
meth:CHAD,methylation,0.008559649189313253,9,0.18
meth:APOL1,methylation,0.00854950093735869,13,0.26
expr:SERPINB7,expression,0.00853771640984819,39,0.78
meth:PDYN,methylation,0.008507314138114452,2,0.04
meth:DDX43,methylation,0.008502879379583257,7,0.14
expr:TRPV3,expression,0.00849568577703192,18,0.36
meth:CTNNA2,methylation,0.008486126965310956,7,0.14
expr:KCNE5,expression,0.008481979370117188,2,0.04
meth:TGFBI,methylation,0.008481729630148038,16,0.32
expr:ALDH8A1,expression,0.008480478078126907,4,0.08
expr:PDK2,expression,0.008476645937965563,12,0.24
expr:KCNJ16,expression,0.008476551807446716,30,0.6
expr:PLAC8L1,expression,0.008466104045510292,2,0.04
expr:H4C4,expression,0.008447188884019852,1,0.02
expr:ALX4,expression,0.00844653567764908,40,0.8
expr:PSRC1,expression,0.008432758226990699,5,0.1
expr:KCNC4,expression,0.008426907996181399,36,0.72
expr:TEKT5,expression,0.00839778282748097,34,0.68
expr:SKAP2,expression,0.008393295730153719,3,0.06
expr:CPNE9,expression,0.008392625022679567,2,0.04
expr:OR6T1,expression,0.008377232688206544,41,0.82
meth:LOC730755,methylation,0.00836504074104596,50,1.0
expr:SOHLH2,expression,0.008363485336303711,8,0.16
expr:KCNK3,expression,0.008362393018849675,31,0.62
expr:MICB,expression,0.00835917462274665,50,1.0
meth:GML,methylation,0.008350290358066559,2,0.04
meth:C1orf180,methylation,0.008341468005673959,50,1.0
expr:CLDN2,expression,0.008328962915887436,6,0.12
expr:PPM1K,expression,0.008325044065713882,1,0.02
expr:IP6K3,expression,0.008324819697568623,26,0.52
meth:KCTD3,methylation,0.008316780533641576,5,0.1
expr:SHC3,expression,0.008313573106486154,38,0.76
expr:MCEMP1,expression,0.008310151286423206,2,0.04
meth:GPR162,methylation,0.008306117627121832,23,0.46
expr:DUSP1,expression,0.008305147763919728,29,0.58
expr:ATP6V0E2,expression,0.00827048160135746,2,0.04
expr:KCNJ10,expression,0.00826172239612788,29,0.58
expr:PHLDA3,expression,0.008234748733229935,16,0.32
expr:ROBO3,expression,0.008228810896980576,8,0.16
expr:ROPN1L,expression,0.008227952012720589,13,0.26
expr:IL23R,expression,0.0082247756421566,5,0.1
expr:CEP85L,expression,0.00822195640972091,9,0.18
meth:DRD3,methylation,0.008185291396720069,7,0.14
meth:LY75,methylation,0.008180332059661547,3,0.06
meth:PLA1A,methylation,0.00817215497372672,15,0.3
meth:FANCA,methylation,0.008157019144260978,47,0.94
meth:RASGRP2,methylation,0.008156857453286648,2,0.04
expr:S100A16,expression,0.008153386993481863,22,0.44
expr:SLCO5A1,expression,0.008137451222864911,4,0.08
meth:CHRNA10,methylation,0.008135761165328364,46,0.92
expr:H4C5,expression,0.008116545155644417,6,0.12
expr:SCGB3A1,expression,0.008108573888118068,3,0.06
meth:KRT33A,methylation,0.008104133459273726,50,1.0
meth:GIMAP5,methylation,0.008100542343325086,9,0.18
expr:F5,expression,0.008099969166020552,6,0.12
expr:CFAP65,expression,0.008077694103121758,1,0.02
expr:TNFSF13B,expression,0.008067491503121952,9,0.18
meth:MS4A14,methylation,0.008062888936632696,17,0.34
meth:CPT1A,methylation,0.008033251389861107,2,0.04
meth:ARL10,methylation,0.008020652776273588,15,0.3
meth:TAS2R46,methylation,0.008005172608601343,45,0.9
expr:ADAM32,expression,0.008000038971658796,8,0.16
meth:LMO2,methylation,0.0079841623082757,1,0.02
expr:INSRR,expression,0.007982314401306211,10,0.2
meth:VILL,methylation,0.007956457324326038,2,0.04
meth:MRPS21,methylation,0.007955931165876487,24,0.48
expr:FAXC,expression,0.007951837499814037,26,0.52
expr:COL13A1,expression,0.007939285598695278,3,0.06
expr:PODNL1,expression,0.007939086179248989,4,0.08
meth:QRFPR,methylation,0.007916939444839954,1,0.02
expr:FAM72C,expression,0.007912887624971679,34,0.68
meth:C11orf41,methylation,0.007877580415099925,28,0.56
meth:HLA-DPA1,methylation,0.007872981329758963,3,0.06
expr:CDHR5,expression,0.00787249238540729,6,0.12
expr:NAPSA,expression,0.007871168964941586,7,0.14
meth:SLC24A5,methylation,0.007870792411267757,1,0.02
meth:CPNE6,methylation,0.007854109275892066,48,0.96
expr:RPS4Y1,expression,0.007847161342700323,3,0.06
expr:OIT3,expression,0.007834001851733774,4,0.08
expr:CRYBA2,expression,0.007830717191973235,50,1.0
expr:APBA1,expression,0.007812237832695246,2,0.04
meth:EGF,methylation,0.007810191251337528,1,0.02
expr:KCTD4,expression,0.0078044976107776165,1,0.02
meth:SATB1,methylation,0.007798905382984348,31,0.62
expr:KCNK1,expression,0.007765768658525,18,0.36
meth:GSTP1,methylation,0.007753308289326155,13,0.26
expr:GRIK5,expression,0.0077454266138374805,1,0.02
meth:VSX1,methylation,0.007720613829755725,26,0.52
meth:LOC169834,methylation,0.007712950046644201,27,0.54
expr:OOEP,expression,0.007700754998950288,6,0.12
expr:SCARF2,expression,0.007696875681479772,3,0.06
meth:SLC5A7,methylation,0.007692542012470464,30,0.6
expr:ADAM21,expression,0.007692200558570524,3,0.06
expr:UPP2,expression,0.007691523991525173,2,0.04
expr:PLAAT4,expression,0.007683142697205767,50,1.0
meth:MAT1A,methylation,0.007670171093195677,4,0.08
meth:CBR1,methylation,0.00766309117898345,2,0.04
meth:BOLA3,methylation,0.007656034585457613,41,0.82
meth:MOSC1,methylation,0.007653862703591585,1,0.02
meth:PCDHB16,methylation,0.007653792388737202,9,0.18
expr:SVOPL,expression,0.00764600932598114,4,0.08
meth:MAST4,methylation,0.00764408284885576,8,0.16
meth:C1QTNF4,methylation,0.007637896084426237,7,0.14
meth:GBP4,methylation,0.007633738603908568,25,0.5
expr:PGLYRP1,expression,0.007616062182933092,1,0.02
expr:ZIC2,expression,0.007604964263737202,5,0.1
meth:CARD8,methylation,0.007597461614447336,3,0.06
expr:IGLL5,expression,0.007596639248897025,44,0.88
expr:GCHFR,expression,0.007593718240968883,8,0.16
expr:SLC25A21,expression,0.007586575197776602,21,0.42
expr:JCHAIN,expression,0.007585392034379765,50,1.0
meth:LOC100128023,methylation,0.00758324412163347,8,0.16
expr:KCNH2,expression,0.007577586608628432,3,0.06
meth:F5,methylation,0.007576979981321428,18,0.36
meth:EPHA10,methylation,0.00755075115012005,4,0.08
meth:DRGX,methylation,0.007547300745500252,8,0.16
meth:C8orf4,methylation,0.0075441976941581215,31,0.62
meth:DUS1L,methylation,0.00754029080444188,27,0.54
expr:CARNS1,expression,0.007528877860750072,18,0.36
expr:SLC16A5,expression,0.007524669170379639,3,0.06
meth:MIRLET7D,methylation,0.007517463217178981,6,0.12
expr:DIRAS1,expression,0.0075116511434316635,12,0.24
meth:LOC729080,methylation,0.007508341999103625,3,0.06
expr:CSMD3,expression,0.007505443709140474,11,0.22
expr:STK31,expression,0.007485152240126179,13,0.26
expr:RHO,expression,0.007478601960564389,47,0.94
meth:SNURF,methylation,0.00746347180281121,26,0.52
expr:MYG1,expression,0.007462893612682819,1,0.02
meth:RBAK,methylation,0.007462668200870129,11,0.22
expr:ENPP7,expression,0.007440784573970761,14,0.28
meth:TRIM6,methylation,0.007424567753332667,4,0.08
meth:KCTD17,methylation,0.007422262337058783,1,0.02
meth:LYPLA1,methylation,0.007420669551938772,25,0.5
meth:PADI3,methylation,0.00741913822443726,39,0.78
meth:HSD17B4,methylation,0.007404670048142887,36,0.72
meth:PRICKLE2,methylation,0.007404439528105094,38,0.76
expr:AMIGO2,expression,0.007402822996179263,3,0.06
meth:CASP10,methylation,0.007380724412615638,37,0.74
meth:SNORD67,methylation,0.007370383013039827,4,0.08
expr:SULT1C2,expression,0.007369585244709419,18,0.36
meth:MIR642,methylation,0.007350604670743148,12,0.24
expr:KCNK12,expression,0.007347672640417631,13,0.26
meth:PCDHGB1,methylation,0.007346299476921558,1,0.02
meth:KAZALD1,methylation,0.007340498985112866,42,0.84
meth:ZNF710,methylation,0.0073392200912348925,50,1.0
expr:TBX22,expression,0.00733563001267612,8,0.16
expr:RPS6KL1,expression,0.0073335543274879456,1,0.02
expr:NPIPB9,expression,0.007333448132746579,17,0.34
expr:FOXP2,expression,0.007324689533561468,1,0.02
meth:C11orf64,methylation,0.007321214968604701,49,0.98
meth:HAAO,methylation,0.007310069049708545,4,0.08
meth:SDR9C7,methylation,0.007279573784520228,9,0.18
meth:C7orf20,methylation,0.007271625517335322,21,0.42
expr:KEL,expression,0.007260604732437059,2,0.04
expr:NEXMIF,expression,0.007249998860061169,1,0.02
expr:IFI27,expression,0.007248490408528596,8,0.16
expr:CCDC89,expression,0.0072464604551593466,6,0.12
expr:HHIPL1,expression,0.007246205984200869,27,0.54
meth:CABLES1,methylation,0.007237104905976189,9,0.18
expr:PLXNB3,expression,0.007227345549229843,48,0.96
meth:C8orf73,methylation,0.0072168683012326556,3,0.06
expr:SETD9,expression,0.007209431321825832,4,0.08
meth:AZGP1,methylation,0.007196814123278436,39,0.78
expr:EFNA2,expression,0.0071681835538437285,31,0.62
expr:C19orf81,expression,0.007149683893658221,7,0.14
expr:MLIP,expression,0.007139904890209436,2,0.04
meth:C8orf71,methylation,0.007100194601142513,14,0.28
meth:LILRB3,methylation,0.007078714668750763,2,0.04
meth:CHRD,methylation,0.007067786331506486,47,0.94
meth:C14orf73,methylation,0.007055953248507447,9,0.18
meth:KERA,methylation,0.007046780941309407,50,1.0
expr:GNG8,expression,0.007039115552470321,20,0.4
meth:ZNF470,methylation,0.007025624567177147,2,0.04
meth:LOC441869,methylation,0.007011848332529718,44,0.88
meth:SCNN1A,methylation,0.007008572807535529,4,0.08
meth:TMC3,methylation,0.007002784115611576,50,1.0
expr:WNT3A,expression,0.006997371750185266,40,0.8
expr:AMOT,expression,0.006988885346800089,2,0.04
meth:MMD2,methylation,0.00698883740187739,16,0.32
meth:CASP8,methylation,0.006941860231260459,6,0.12
expr:L1TD1,expression,0.0069193611520209485,7,0.14
meth:SMAD9,methylation,0.006911077999878519,6,0.12
expr:TTPA,expression,0.006900327047333121,7,0.14
expr:MELTF,expression,0.006895698700100183,5,0.1
meth:ROR2,methylation,0.006892779470945243,8,0.16
meth:C22orf28,methylation,0.006880766833498282,47,0.94
meth:SPIC,methylation,0.006857894448330626,49,0.98
meth:C12orf39,methylation,0.00685342889240322,30,0.6
expr:TMPRSS11E,expression,0.006852448917925358,2,0.04
meth:MIR583,methylation,0.006830249369765322,3,0.06
expr:FIBCD1,expression,0.006817592035773448,47,0.94
expr:ICOSLG,expression,0.006809178739786148,3,0.06
meth:OTP,methylation,0.006781969550782098,26,0.52
expr:PDE10A,expression,0.006781128201899784,7,0.14
meth:KRTAP10-9,methylation,0.006779972722546922,9,0.18
expr:TTLL12,expression,0.006774798920378089,10,0.2
expr:GRPR,expression,0.006767774808686226,50,1.0
expr:XKR6,expression,0.006757212919183075,31,0.62
expr:CCL11,expression,0.006749493647865685,7,0.14
meth:SHANK2,methylation,0.006746003869920969,1,0.02
expr:CLMN,expression,0.006744008198092203,21,0.42
expr:FAM83A,expression,0.006726420639703671,3,0.06
expr:WNK4,expression,0.006715212184961116,46,0.92
meth:OR11H6,methylation,0.006694110707030632,16,0.32
expr:ELF3,expression,0.006688921621231281,23,0.46
expr:C5orf46,expression,0.0066777755488621315,46,0.92
expr:RHD,expression,0.006671437062323093,1,0.02
expr:ABCA5,expression,0.006665148140410355,39,0.78
expr:SNX10,expression,0.00666250802896684,16,0.32
meth:FAM50B,methylation,0.006651886506006122,3,0.06
meth:C5orf46,methylation,0.006649109592810577,46,0.92
meth:LOC390858,methylation,0.006640761625021696,4,0.08
meth:TMPRSS4,methylation,0.006626008078455925,3,0.06
meth:BCHE,methylation,0.0066252355463802814,2,0.04
expr:IGSF9,expression,0.006618581851944328,10,0.2
expr:CSF3R,expression,0.006616125579707192,28,0.56
expr:GPR132,expression,0.006550067526404746,16,0.32
expr:ZNF114,expression,0.006543660294622756,26,0.52
expr:KRT33A,expression,0.0065404424094595015,8,0.16
meth:CNDP1,methylation,0.006536340260685518,29,0.58
expr:FOXL1,expression,0.006523041985929012,3,0.06
meth:OR5R1,methylation,0.006521775904628966,9,0.18
expr:LOXL2,expression,0.006516218240568905,19,0.38
expr:KCP,expression,0.006510882705225851,27,0.54
meth:KRT77,methylation,0.006508999038487673,6,0.12
expr:C17orf99,expression,0.006490144782754428,17,0.34
expr:LGI1,expression,0.006487929746508598,50,1.0
expr:ETFB,expression,0.006478120107203722,4,0.08
meth:LOC283174,methylation,0.006458026538085606,9,0.18
meth:LOH3CR2A,methylation,0.0064563448540866375,10,0.2
meth:FAM71F2,methylation,0.006456013536080718,50,1.0
meth:ZNF358,methylation,0.006453735753893852,1,0.02
expr:JPH3,expression,0.006442784594751343,27,0.54
meth:TNFRSF6B,methylation,0.006437116435595921,14,0.28
meth:MIR215,methylation,0.006426688417735876,33,0.66
meth:RIPK1,methylation,0.006425890838727355,2,0.04
meth:EHD2,methylation,0.006424421734385648,49,0.98
meth:GKN2,methylation,0.006423956155776978,5,0.1
meth:MTMR6,methylation,0.006422297705126845,46,0.92
meth:OR1E1,methylation,0.006421851925551891,1,0.02
meth:MS4A8B,methylation,0.006414842686706012,31,0.62
meth:C1orf190,methylation,0.006405530730262399,2,0.04
meth:AVIL,methylation,0.006382704862626269,50,1.0
meth:MB,methylation,0.006372986382895919,23,0.46
expr:MVD,expression,0.00637254148023203,31,0.62
meth:HP,methylation,0.00636439437745139,50,1.0
meth:ANXA2,methylation,0.00635552678127275,43,0.86
meth:LAMC2,methylation,0.006351715294710759,7,0.14
expr:SOCS3,expression,0.006350004394739194,36,0.72
meth:LGALS9,methylation,0.006349895825786959,21,0.42
meth:PLAC4,methylation,0.006349311722442508,10,0.2
expr:GBP6,expression,0.006330868615557186,22,0.44
meth:IPW,methylation,0.006312231067568064,1,0.02
expr:UBE2L6,expression,0.006310326651304343,46,0.92
meth:ZNF568,methylation,0.006307268139525232,11,0.22
meth:GPR114,methylation,0.006301095709204674,1,0.02
expr:ANK3,expression,0.006299734246567823,4,0.08
meth:NDUFS2,methylation,0.006291421904714535,46,0.92
meth:HES3,methylation,0.0062785036861896515,1,0.02
meth:PTGER2,methylation,0.006273005157709122,1,0.02
expr:CD19,expression,0.006266420008614659,26,0.52
expr:CAMSAP3,expression,0.006264524068683386,1,0.02
meth:TMEM100,methylation,0.006257080310024321,5,0.1
meth:GPR177,methylation,0.006256805763215474,23,0.46
expr:CACNG1,expression,0.0062519003528150475,47,0.94
expr:TNNC2,expression,0.006249496092398961,3,0.06
meth:VN1R4,methylation,0.006248168041929602,5,0.1
meth:DPF1,methylation,0.006247471203096211,4,0.08
expr:ADARB2,expression,0.006246902514249086,6,0.12
meth:LOC100128675,methylation,0.00624237225856632,5,0.1
meth:FOXI1,methylation,0.006231686894104562,22,0.44
expr:GRM8,expression,0.0062113190069794655,3,0.06
expr:PAX3,expression,0.006202892012273272,9,0.18
meth:MUSTN1,methylation,0.006198973744176328,2,0.04
expr:ERICH2,expression,0.006195262816618197,12,0.24
meth:TUB,methylation,0.006186457816511393,2,0.04
meth:MIR10A,methylation,0.00618410762399435,1,0.02
meth:ERMN,methylation,0.0061690764821833,50,1.0
expr:FAM71C,expression,0.006150153605267406,10,0.2
expr:DNER,expression,0.006148794665932655,1,0.02
expr:ADRB2,expression,0.006148506450699642,6,0.12
expr:ETV4,expression,0.006143149834921739,48,0.96
meth:NUDT16P,methylation,0.0061413130373694,15,0.3
expr:ZNF649,expression,0.006127965306811174,47,0.94
meth:GLP1R,methylation,0.006123372120782733,2,0.04
expr:AP006621.6,expression,0.006103284191340208,2,0.04
expr:FAS,expression,0.006099083204753697,10,0.2
expr:SPTBN4,expression,0.006093500182032585,1,0.02
expr:QRFP,expression,0.006088203901642973,47,0.94
expr:PEG3,expression,0.006085680608521216,4,0.08
expr:KCNIP3,expression,0.006084132118991054,41,0.82
meth:MIR137,methylation,0.0060835002999131875,6,0.12
meth:ATP6V1G2,methylation,0.0060715788995173384,47,0.94
meth:MIR320B2,methylation,0.006067926529794931,1,0.02
expr:GAP43,expression,0.0060504009947180745,5,0.1
expr:WNT5B,expression,0.006043735233279655,21,0.42
expr:PCDHA10,expression,0.006041439347124348,6,0.12
expr:ARHGAP31,expression,0.006040998734533787,2,0.04
expr:SGCZ,expression,0.006030987119352769,23,0.46
meth:SNORD115-37,methylation,0.00602848781272769,1,0.02
expr:OXCT1,expression,0.006019657982202868,6,0.12
meth:NRXN3,methylation,0.006018932217557449,8,0.16
meth:CCDC42,methylation,0.006016805302351713,3,0.06
expr:NME9,expression,0.005981054246568909,13,0.26
expr:CLEC4F,expression,0.005973648800742619,48,0.96
expr:SP5,expression,0.005966503085801378,46,0.92
meth:SLC16A3,methylation,0.005961990819718593,39,0.78
meth:RSC1A1,methylation,0.005955668052636264,21,0.42
meth:KLK8,methylation,0.005953098302707076,50,1.0
meth:TSKS,methylation,0.0059446709346957505,2,0.04
meth:SST,methylation,0.005926992572115168,23,0.46
expr:PROZ,expression,0.005924924975261092,2,0.04
expr:EML6,expression,0.0059178672478689505,12,0.24
expr:NTSR1,expression,0.005911288841908129,39,0.78
meth:FOXI2,methylation,0.005908520147204399,5,0.1
expr:RNF182,expression,0.005903225019574165,5,0.1
expr:NELL1,expression,0.00589213976636529,5,0.1
meth:C20orf114,methylation,0.005883912555873394,5,0.1
expr:IL20RB,expression,0.005883197250488379,17,0.34
meth:C1orf161,methylation,0.005877035557581433,29,0.58
meth:SLC22A9,methylation,0.005875221332472221,37,0.74
expr:C3,expression,0.0058706280930588646,3,0.06
expr:AL441992.2,expression,0.0058695608749985695,2,0.04
expr:AC004706.3,expression,0.005864931270480156,1,0.02
expr:AC005833.1,expression,0.005849793829410747,34,0.68
expr:PYDC1,expression,0.005847204670620461,18,0.36
meth:F2RL2,methylation,0.005843156366609037,38,0.76
expr:SLC16A2,expression,0.005834646290168166,4,0.08
expr:PTMS,expression,0.00582532212138176,1,0.02
expr:TAFA5,expression,0.00582529344388309,37,0.74
meth:DRD5,methylation,0.00582335334426413,6,0.12
expr:SH2D7,expression,0.0058228918351233006,8,0.16
expr:RIMBP3C,expression,0.005814337695483118,4,0.08
meth:ZNF502,methylation,0.00580972246825695,1,0.02
meth:CHRNA4,methylation,0.005792564246803522,2,0.04
meth:SNORD102,methylation,0.005790965008782223,10,0.2
expr:PDLIM5,expression,0.005770404423986163,7,0.14
meth:OR4K2,methylation,0.0057685451640281825,20,0.4
expr:CLEC12A,expression,0.00576159218326211,4,0.08
meth:PRTG,methylation,0.005747889168560505,1,0.02
meth:RPSAP58,methylation,0.005743970395997167,6,0.12
expr:RELL2,expression,0.005743872374296188,3,0.06
meth:PMFBP1,methylation,0.005738861191396912,15,0.3
expr:SPOCK2,expression,0.005736994006755677,22,0.44
expr:CCL22,expression,0.005733832742811905,45,0.9
meth:VTCN1,methylation,0.005726364906877279,2,0.04
expr:CXCL11,expression,0.005724672228097916,1,0.02
expr:BACE2,expression,0.0057107277716568206,16,0.32
expr:DNAAF1,expression,0.0056450980208120945,22,0.44
meth:NPPA,methylation,0.0056425830692632545,49,0.98
meth:MFSD1,methylation,0.0056405807845294476,4,0.08
expr:BATF2,expression,0.005634013482799323,13,0.26
expr:C15orf62,expression,0.0056317648850381374,2,0.04
expr:CAVIN3,expression,0.005630131899218621,29,0.58
expr:MEST,expression,0.005613654851913452,3,0.06
meth:C2orf85,methylation,0.005608849693089724,1,0.02
meth:BST2,methylation,0.005596143816849993,48,0.96
meth:TSLP,methylation,0.005593859613873065,5,0.1
expr:MYO10,expression,0.0055878914427012205,13,0.26
expr:CDHR2,expression,0.005585793890835096,48,0.96
expr:TSPEAR,expression,0.005585393090067166,35,0.7
meth:OBSL1,methylation,0.005582365029517354,18,0.36
meth:OAS2,methylation,0.005578956101089716,2,0.04
expr:TMPRSS7,expression,0.005574439186602831,2,0.04
meth:PRPH2,methylation,0.005563774611800909,3,0.06
expr:OTOG,expression,0.0055624116153921935,50,1.0
meth:MRPL16,methylation,0.0055575125318552765,7,0.14
expr:MRPL12,expression,0.0055541440815432,8,0.16
expr:HS3ST6,expression,0.00555157673975023,13,0.26
expr:REC8,expression,0.005547530650485145,46,0.92
meth:SLC25A25,methylation,0.005539250249663989,6,0.12
meth:LOC400931,methylation,0.005528915762337611,19,0.38
expr:S100A1,expression,0.00551595111998419,3,0.06
expr:LRRTM2,expression,0.0054986667819321156,2,0.04
expr:B4GALNT1,expression,0.005488901864737272,2,0.04
expr:GPLD1,expression,0.00548790767788887,1,0.02
expr:ADAM2,expression,0.005485583591507748,4,0.08
meth:PNMAL2,methylation,0.005479486309923232,3,0.06
expr:PLCXD1,expression,0.005479099550506189,21,0.42
expr:EPB41L4B,expression,0.005477999057620764,5,0.1
expr:FBXW12,expression,0.005471536496770568,6,0.12
expr:ZNF662,expression,0.005464270245283842,2,0.04
meth:ZNF678,methylation,0.005459750101726968,40,0.8
expr:CDC42EP1,expression,0.00545308737976787,3,0.06
meth:ADAMTS16,methylation,0.0054497039129369354,19,0.38
expr:RGS9,expression,0.005425311450380832,10,0.2
meth:C7orf65,methylation,0.005424460274340628,43,0.86
meth:S100A14,methylation,0.005422286982398613,14,0.28
meth:LOC100130933,methylation,0.005419429829502901,44,0.88
expr:INHA,expression,0.005418054293841124,7,0.14
meth:DYTN,methylation,0.0054167768144647455,7,0.14
expr:CST3,expression,0.00539911324934413,3,0.06
expr:EFCAB2,expression,0.005389872007071972,1,0.02
expr:P2RX1,expression,0.005387897873232659,36,0.72
meth:LOC150568,methylation,0.005387685474302924,49,0.98
expr:NKX2-8,expression,0.005375087261199951,5,0.1
expr:COLCA2,expression,0.005374072585254908,1,0.02
meth:FLJ11235,methylation,0.005370275217241475,7,0.14
meth:AMBP,methylation,0.00536463617719142,41,0.82
expr:PGBD5,expression,0.005361826391890645,50,1.0
expr:CHGB,expression,0.005360484744111697,3,0.06
meth:CDCA7L,methylation,0.0053494119783863425,3,0.06
meth:PRODH2,methylation,0.005344574339687824,2,0.04
meth:ANXA13,methylation,0.005343009365929498,45,0.9
meth:ACSM3,methylation,0.005342216638382524,28,0.56
meth:TXLNB,methylation,0.0053248058538883924,6,0.12
expr:C1orf167,expression,0.005318690899430829,17,0.34
meth:HSD17B14,methylation,0.005311205692123622,50,1.0
expr:IFIT5,expression,0.005309793321389912,45,0.9
expr:TRIB1,expression,0.005305748055689037,25,0.5
expr:MT-ND2,expression,0.00529464640809844,12,0.24
expr:PDE1A,expression,0.005283331754617393,5,0.1
meth:MIR1978,methylation,0.0052832851458030445,12,0.24
meth:AADAT,methylation,0.005272458493709564,5,0.1
meth:RBMXL2,methylation,0.005253906788614889,27,0.54
meth:RAMP3,methylation,0.005245042353635654,2,0.04
expr:SEZ6,expression,0.005240070475597999,35,0.7
expr:GPSM1,expression,0.005231331008771021,18,0.36
expr:MXD3,expression,0.005229010246694088,13,0.26
meth:DCLK3,methylation,0.005226152412231184,9,0.18
meth:CLRN3,methylation,0.005218858672906795,31,0.62
expr:ERN2,expression,0.005216789001133293,25,0.5
expr:HAUS7,expression,0.005213265772908926,2,0.04
meth:DIO2,methylation,0.0052128944371361285,2,0.04
expr:KREMEN2,expression,0.005212739072740078,25,0.5
meth:FGF14,methylation,0.005206719506531954,1,0.02
meth:KIAA1826,methylation,0.005205789324827492,5,0.1
meth:ZNF432,methylation,0.005188996251672506,5,0.1
meth:ZNF766,methylation,0.005187216273043305,6,0.12
expr:LRRTM1,expression,0.005167536903172731,1,0.02
meth:KIF5C,methylation,0.005166349519554171,21,0.42
expr:NKX2-2,expression,0.005164878378439296,28,0.56
expr:ANXA13,expression,0.0051629162537412615,18,0.36
expr:OTOS,expression,0.005160097021143883,20,0.4
expr:MFSD2A,expression,0.005157558325057228,12,0.24
expr:GHSR,expression,0.0051567398477345705,8,0.16
meth:MMRN2,methylation,0.005139269859646447,50,1.0
meth:MIR133A1,methylation,0.005133831610215739,42,0.84
meth:FLT3,methylation,0.005130943643356052,12,0.24
expr:NEO1,expression,0.0051186527125537395,4,0.08
meth:PCDHGB4,methylation,0.005115794761675513,36,0.72
meth:C2CD2,methylation,0.005108820833265781,5,0.1
expr:GRIA3,expression,0.0051069578084235005,13,0.26
expr:C19orf38,expression,0.005105969343276229,8,0.16
meth:NCRNA00164,methylation,0.005096152856233804,17,0.34
expr:CALML5,expression,0.005087106221574633,17,0.34
meth:SOX17,methylation,0.0050849498724206705,26,0.52
expr:ALG8,expression,0.005078190896491488,29,0.58
meth:OR10G4,methylation,0.005071035586297512,1,0.02
expr:CHST1,expression,0.005066717509180307,3,0.06
meth:FOLR4,methylation,0.005061099899467081,20,0.4
meth:CRTAM,methylation,0.005058505717897788,6,0.12
meth:XPOT,methylation,0.005056100221173395,21,0.42
meth:KRTAP5-7,methylation,0.00504846521653235,8,0.16
expr:HEATR4,expression,0.005047478446142812,29,0.58
expr:SCML1,expression,0.0050402109599894,42,0.84
expr:EFCAB8,expression,0.005038770268583903,8,0.16
meth:SCN3B,methylation,0.005034544970840216,4,0.08
meth:HIST1H2BK,methylation,0.005027033614460379,50,1.0
meth:TBX15,methylation,0.005025868304073811,4,0.08
meth:LCN10,methylation,0.005025597754865885,3,0.06
meth:ZNF833,methylation,0.00501619465649128,1,0.02
expr:GPR150,expression,0.005011089060766001,15,0.3
expr:GSTM3,expression,0.005008323222522021,34,0.68
meth:CARD14,methylation,0.0050006891999925885,7,0.14
expr:SULT1E1,expression,0.004995175770350865,14,0.28
expr:DDO,expression,0.0049916409091868745,6,0.12
meth:PCDHGA10,methylation,0.0049757337758571584,44,0.88
meth:LOC158381,methylation,0.0049756052903831005,2,0.04
expr:ZNF850,expression,0.004972879309207201,1,0.02
meth:DOCK8,methylation,0.0049479979400833445,6,0.12
meth:CRX,methylation,0.004943510517477989,1,0.02
expr:GPR31,expression,0.004938480547732777,9,0.18
meth:AKAP12,methylation,0.004929918795824051,2,0.04
meth:CLDN20,methylation,0.0049281465426947065,26,0.52
meth:C3,methylation,0.004928138593266553,17,0.34
expr:CHRNA4,expression,0.004927465085638687,50,1.0
meth:CLCA2,methylation,0.004926633206196129,8,0.16
expr:PAMR1,expression,0.004922014816353719,3,0.06
expr:TDRD1,expression,0.004919784143567085,1,0.02
meth:CEACAM7,methylation,0.004915331955999136,2,0.04
meth:PCDHA8,methylation,0.00491461289304964,27,0.54
expr:LINC00514,expression,0.004909691400825977,5,0.1
expr:SAMD13,expression,0.004909341037273407,5,0.1
expr:NDP,expression,0.0049048420623876154,8,0.16
meth:LOC645323,methylation,0.004904256137945738,19,0.38
meth:PDE7B,methylation,0.004897198246611396,49,0.98
expr:CPLX4,expression,0.004896698985248804,1,0.02
expr:AFAP1L2,expression,0.004885641264439927,33,0.66
meth:SNORD58C,methylation,0.00488476874306798,1,0.02
expr:IL24,expression,0.004881063476204872,1,0.02
expr:KRT35,expression,0.004878367543877924,17,0.34
expr:PLAAT1,expression,0.004878105759271421,50,1.0
expr:GLRA2,expression,0.004867326197385484,49,0.98
expr:CLMP,expression,0.004867033512495896,17,0.34
meth:TPRKB,methylation,0.0048638422740623355,2,0.04
expr:SH2B2,expression,0.00486344046657905,6,0.12
expr:KRT75,expression,0.004860910936258733,2,0.04
meth:VGLL3,methylation,0.004860773419128044,19,0.38
expr:CCN1,expression,0.004857062129303813,9,0.18
expr:CFAP69,expression,0.004828290096210206,17,0.34
expr:NRAP,expression,0.004808819224832185,33,0.66
expr:GFI1,expression,0.004803092562637869,42,0.84
expr:GAS6,expression,0.00478889886289835,1,0.02
expr:PSG3,expression,0.00478481724858284,5,0.1
meth:OSTalpha,methylation,0.0047802249361363165,48,0.96
expr:CHADL,expression,0.004779255483299494,1,0.02
expr:ZNF532,expression,0.0047788191586732864,2,0.04
expr:PADI4,expression,0.00477414857596159,3,0.06
expr:PCDHA8,expression,0.004769495277044674,15,0.3
expr:SLC10A4,expression,0.004768561944365502,5,0.1
meth:ZNF655,methylation,0.004767074094464381,3,0.06
meth:C2orf54,methylation,0.004760806062599507,41,0.82
expr:CABP7,expression,0.004740145988762379,3,0.06
meth:C22orf26,methylation,0.0047324468032456934,24,0.48
meth:CUL9,methylation,0.004727295366465114,50,1.0
expr:ARMC12,expression,0.00470812986285666,31,0.62
meth:CEL,methylation,0.004705998216522857,50,1.0
meth:C1QTNF3,methylation,0.004693896759999916,50,1.0
meth:ZFP112,methylation,0.004688925133086741,50,1.0
expr:PCDHGA1,expression,0.004680529433244374,16,0.32
expr:MYH6,expression,0.004679661451114548,45,0.9
meth:NOL10,methylation,0.004677113456030686,6,0.12
expr:TTLL6,expression,0.004664074047468603,4,0.08
expr:AC138969.1,expression,0.004656398300236712,6,0.12
expr:MS4A1,expression,0.004632826313633016,49,0.98
meth:VGLL2,methylation,0.004625361878424883,4,0.08
expr:RBBP8,expression,0.00462406507540436,32,0.64
meth:FXN,methylation,0.004619867540895939,2,0.04
expr:ANKRD18A,expression,0.004615889396518469,2,0.04
expr:SDCBP2,expression,0.0046065858011085465,48,0.96
meth:OSBPL3,methylation,0.004605096143980821,3,0.06
expr:DNAI3,expression,0.0045999350647131605,18,0.36
meth:TRIM48,methylation,0.004597403109073639,2,0.04
meth:KISS1R,methylation,0.004597188369370997,5,0.1
expr:M1AP,expression,0.004581450314329165,41,0.82
expr:GPR45,expression,0.0045617492869496346,2,0.04
meth:RUNDC3B,methylation,0.004551638277450529,39,0.78
meth:HMGB4,methylation,0.0045508332550525665,2,0.04
expr:SLC6A3,expression,0.00454929075203836,4,0.08
expr:CMTM4,expression,0.004547665686307785,24,0.48
expr:MT1F,expression,0.00454763937741518,5,0.1
meth:SLC22A1,methylation,0.004544038113413585,45,0.9
meth:NCRNA00181,methylation,0.004526205926335284,35,0.7
expr:GPRIN1,expression,0.004523783703578289,43,0.86
meth:ROPN1,methylation,0.004522376577369869,4,0.08
meth:MT1A,methylation,0.004520893562585115,1,0.02
expr:RGS1,expression,0.004520249073667561,34,0.68
meth:MIR1182,methylation,0.004519204259850085,18,0.36
meth:RTP4,methylation,0.0045146594566176645,16,0.32
expr:PPP1R14D,expression,0.0045006163418293,2,0.04
meth:SCHIP1,methylation,0.004491617437452078,1,0.02
expr:FAM95C,expression,0.004482660908252001,2,0.04
meth:STRA6,methylation,0.004478842091674988,13,0.26
expr:NTN3,expression,0.00447685071932418,7,0.14
meth:SERHL2,methylation,0.004467267543077469,1,0.02
meth:PPFIBP2,methylation,0.004464740492403507,10,0.2
meth:SPDEF,methylation,0.004457778569000463,3,0.06
expr:ARHGEF10,expression,0.004455843125469983,9,0.18
meth:MIR499,methylation,0.004455524496734142,34,0.68
expr:RIPOR2,expression,0.004446183607797138,32,0.64
meth:CSN3,methylation,0.004443716257810593,6,0.12
meth:LHB,methylation,0.00444280244410038,5,0.1
meth:PHOX2B,methylation,0.004436153117029999,39,0.78
expr:OXTR,expression,0.004430610526076241,37,0.74
expr:ARL2BP,expression,0.0044288188007406215,22,0.44
expr:SRRM4,expression,0.004417008131794218,18,0.36
expr:AC001226.2,expression,0.004403651691973209,3,0.06
meth:ABCC3,methylation,0.00440044654533267,2,0.04
meth:NPY2R,methylation,0.0044002610666211694,4,0.08
expr:ZNF577,expression,0.0043923817574977875,28,0.56
expr:CABCOCO1,expression,0.004391274932532798,37,0.74
meth:ALOX15B,methylation,0.004388326313346624,1,0.02
expr:SLC4A10,expression,0.00438751567620784,50,1.0
meth:C19orf75,methylation,0.004382834304124117,1,0.02
meth:PRCD,methylation,0.004375706892460585,1,0.02
meth:LOC729384,methylation,0.004372355528175831,2,0.04
meth:SOX9,methylation,0.004363875331667562,6,0.12
expr:TMEM45A,expression,0.0043592163847085644,47,0.94
meth:TPRG1,methylation,0.004358944560711582,12,0.24
expr:CYP26B1,expression,0.004355947487056255,2,0.04
meth:CAST,methylation,0.00434801634401083,1,0.02
expr:PITPNM1,expression,0.00434590969234705,2,0.04
expr:DPF1,expression,0.004344603978097439,1,0.02
expr:CCDC146,expression,0.004340499173849821,4,0.08
expr:CYFIP2,expression,0.004340269105502076,17,0.34
meth:FLJ44606,methylation,0.0043391590637232485,24,0.48
meth:MYL3,methylation,0.0043355963709650605,41,0.82
expr:HPGD,expression,0.004329606537442399,31,0.62
expr:ASIC2,expression,0.004325704328948632,4,0.08
meth:PDILT,methylation,0.00432485018594889,50,1.0
expr:CNTN5,expression,0.004316931124776602,2,0.04
meth:MIR301A,methylation,0.004315726436390024,36,0.72
expr:SLAIN1,expression,0.004312786415446168,39,0.78
expr:CST1,expression,0.004311130502063668,33,0.66
expr:ARHGAP11B,expression,0.004310847260057926,1,0.02
expr:GNG7,expression,0.0043090470135211945,2,0.04
meth:MIR942,methylation,0.0043086924904491754,50,1.0
expr:PIGR,expression,0.004308123351074755,15,0.3
meth:CETN1,methylation,0.004299750034179952,9,0.18
meth:C3orf49,methylation,0.004298198968172073,2,0.04
expr:ST6GALNAC2,expression,0.00429675355553627,2,0.04
meth:LOC399959,methylation,0.004289596054392556,15,0.3
expr:FAM131C,expression,0.00428428640589118,4,0.08
expr:BCL2L14,expression,0.004276398700312711,16,0.32
meth:PHAX,methylation,0.004275973420590162,4,0.08
meth:F2RL3,methylation,0.004274997239311536,3,0.06
meth:LOC399815,methylation,0.004268239717930555,4,0.08
meth:RFPL1S,methylation,0.004266551695764065,13,0.26
expr:CIB2,expression,0.004261894255048699,9,0.18
expr:SHD,expression,0.004260311240796,20,0.4
meth:ITGB4,methylation,0.004259403864731818,48,0.96
meth:SLC1A1,methylation,0.00425194771701677,45,0.9
meth:MLH1,methylation,0.004248423967510462,2,0.04
meth:MS4A5,methylation,0.0042471238237340005,40,0.8
meth:MST1,methylation,0.00424386038341456,18,0.36
meth:SNCG,methylation,0.004234659969806671,50,1.0
meth:CCDC82,methylation,0.004232500722123818,11,0.22
meth:IGSF11,methylation,0.004231234701971213,3,0.06
meth:FAM71D,methylation,0.004227331606671214,8,0.16
meth:XCL2,methylation,0.0042240130715072155,1,0.02
meth:C15orf28,methylation,0.004220128350425512,22,0.44
expr:ARRDC3,expression,0.004217379736170794,6,0.12
meth:CUL7,methylation,0.004202800503532801,7,0.14
meth:LOC100271722,methylation,0.004195156351973613,6,0.12
meth:GPX6,methylation,0.004192900223036607,3,0.06
expr:CLIC6,expression,0.004192841409967514,50,1.0
expr:TMEM135,expression,0.004185638134367764,10,0.2
expr:SPDYE2B,expression,0.004183022974757478,8,0.16
expr:SGPP2,expression,0.004182156020154555,3,0.06
meth:ITGBL1,methylation,0.004181247947455727,19,0.38
expr:FAM83G,expression,0.004180910997092724,2,0.04
expr:TSPAN15,expression,0.004179123288849951,16,0.32
expr:PKHD1L1,expression,0.004175700941621991,42,0.84
expr:SALL2,expression,0.004174507412244566,4,0.08
expr:AP3B2,expression,0.0041679926216602325,1,0.02
meth:GPR151,methylation,0.0041597944407446965,37,0.74
expr:CASR,expression,0.0041508529335260395,5,0.1
meth:CXCL17,methylation,0.004150369420780667,14,0.28
expr:TUNAR,expression,0.004136677199442472,7,0.14
meth:GRIK2,methylation,0.004136424388270825,50,1.0
meth:PODXL2,methylation,0.004134585702558979,8,0.16
expr:MYLK3,expression,0.004130618897481606,13,0.26
meth:KLB,methylation,0.004128960194066167,12,0.24
meth:CSRNP3,methylation,0.004124239784243062,43,0.86
expr:CA10,expression,0.004122846759855747,8,0.16
meth:CECR5,methylation,0.004119099743547849,48,0.96
expr:KLRC2,expression,0.004118414989534358,28,0.56
expr:NLRP3,expression,0.004113973584026098,1,0.02
meth:TPH2,methylation,0.004113879753276706,8,0.16
expr:CROCC2,expression,0.004105742089450359,4,0.08
meth:SCARNA20,methylation,0.004104256477810189,44,0.88
expr:TMPRSS11D,expression,0.004099847283214331,2,0.04
meth:OTX2,methylation,0.004095988051796501,22,0.44
expr:RAMP1,expression,0.004093204828677699,24,0.48
meth:RPH3AL,methylation,0.0040925323031842705,5,0.1
meth:HTR1E,methylation,0.004090921953320503,4,0.08
expr:C16orf95,expression,0.004089186320925364,40,0.8
meth:AKNA,methylation,0.004087689390871674,4,0.08
expr:TRO,expression,0.004086801467929035,5,0.1
expr:ZEB1,expression,0.004085987663039794,13,0.26
meth:MPV17L,methylation,0.004078813549131155,5,0.1
expr:MYSM1,expression,0.0040704548979798956,3,0.06
meth:LOC642846,methylation,0.004070125985890627,10,0.2
meth:ZNF608,methylation,0.004062550375238061,4,0.08
expr:BDKRB2,expression,0.004057446960359812,2,0.04
meth:NAP1L5,methylation,0.0040502271614968775,5,0.1
expr:TENT5C,expression,0.004047024855390191,50,1.0
expr:GBGT1,expression,0.004038628501196702,6,0.12
meth:PCDHA2,methylation,0.0040378427984251175,16,0.32
expr:TUBA3E,expression,0.004037515507306813,41,0.82
meth:C17orf77,methylation,0.0040288644668180496,2,0.04
meth:LOC100129534,methylation,0.004015878597565461,50,1.0
meth:C9orf125,methylation,0.004015046812128276,18,0.36
meth:CYTH3,methylation,0.004014340997119213,42,0.84
meth:ANGPT2,methylation,0.00401302505380717,46,0.92
meth:MNS1,methylation,0.004012392088770867,5,0.1
expr:RGS20,expression,0.0040087512866391435,46,0.92
expr:STAG3,expression,0.004004311251818486,23,0.46
meth:B4GALNT1,methylation,0.004004136127398603,11,0.22
expr:NCS1,expression,0.00399178055425485,45,0.9
meth:GHRL,methylation,0.003990289506036788,50,1.0
meth:RAG1,methylation,0.003990266239270568,6,0.12
meth:C14orf177,methylation,0.003989751761158307,3,0.06
expr:IL2,expression,0.003987195410965276,49,0.98
meth:PTPN21,methylation,0.003984950337326154,6,0.12
expr:FNDC1,expression,0.003980560041964054,5,0.1
expr:SLC17A3,expression,0.003963965878938325,24,0.48
expr:LRTM2,expression,0.003959422868986925,15,0.3
expr:EPHX1,expression,0.0039455220103263855,1,0.02
expr:ALOX5AP,expression,0.0039423685520887375,3,0.06
expr:GPR182,expression,0.003941091575792858,7,0.14
meth:C20orf201,methylation,0.003935647088413438,15,0.3
meth:TAAR2,methylation,0.003930043429136276,1,0.02
meth:SLC6A3,methylation,0.0039295243720213575,3,0.06
expr:GPR183,expression,0.003928773289155816,31,0.62
expr:KCNH1,expression,0.003921285620890558,3,0.06
meth:BAAT,methylation,0.0039104592310300525,26,0.52
meth:KRTAP4-8,methylation,0.003908801532816142,10,0.2
expr:IGSF1,expression,0.003907714698081171,7,0.14
expr:LRRC17,expression,0.003897287572423617,3,0.06
expr:ZNF229,expression,0.00389073695987463,1,0.02
meth:CCDC89,methylation,0.0038877790374681354,50,1.0
meth:MIR612,methylation,0.0038809373509138823,50,1.0
expr:SLC4A3,expression,0.003879488981328905,10,0.2
expr:POU3F2,expression,0.0038749195725055565,48,0.96
expr:GPR160,expression,0.0038715229715712163,27,0.54
expr:PCDHA7,expression,0.0038712640292942525,10,0.2
meth:ZNF93,methylation,0.003869463922455907,1,0.02
expr:A2M,expression,0.0038688845525030047,11,0.22
expr:GCM1,expression,0.0038655952630506363,8,0.16
meth:ABCA10,methylation,0.0038638499403453393,23,0.46
expr:FFAR2,expression,0.0038635984528809786,1,0.02
expr:FBXO5,expression,0.0038634799420833588,1,0.02
expr:HMGB3,expression,0.0038447132993799944,15,0.3
meth:LOC285768,methylation,0.0038427449762821198,3,0.06
expr:AC013394.1,expression,0.0038372537043566504,9,0.18
meth:C7orf16,methylation,0.0038337786681950092,2,0.04
expr:GPC2,expression,0.003829551006977757,3,0.06
expr:SERPINA1,expression,0.003823942889409539,28,0.56
meth:ADAD1,methylation,0.0038209017657209188,3,0.06
expr:DIRAS3,expression,0.003817287836379061,6,0.12
expr:CEL,expression,0.003814091955104636,45,0.9
meth:SMPDL3A,methylation,0.003813359624473378,16,0.32
meth:MIR490,methylation,0.0038115805946290493,1,0.02
expr:HSF4,expression,0.00381123716942966,2,0.04
meth:AMN1,methylation,0.003811043997605642,12,0.24
expr:OSTN,expression,0.0038003281945185293,21,0.42
meth:NPM3,methylation,0.003799444491354128,18,0.36
expr:MT-ND1,expression,0.0037948378181505587,31,0.62
expr:BTC,expression,0.0037775862341125808,3,0.06
expr:SEMA3C,expression,0.003776253230171278,4,0.08
meth:OR4C12,methylation,0.0037692545479836147,18,0.36
meth:SEC14L3,methylation,0.003767202375456691,4,0.08
meth:NKAIN4,methylation,0.003763621614780277,19,0.38
meth:C10orf47,methylation,0.0037586132530122995,2,0.04
expr:SLC25A48,expression,0.0037576845643343404,4,0.08
expr:PPBP,expression,0.0037557220169289326,26,0.52
expr:SCGB3A2,expression,0.0037552645647874437,39,0.78
meth:GRK7,methylation,0.003753256849729671,13,0.26
meth:C6orf147,methylation,0.0037489249370992184,1,0.02
meth:MIR1260,methylation,0.0037464328731099763,3,0.06
expr:DNAH12,expression,0.00373318173418132,6,0.12
expr:KLHL5,expression,0.0037330514460336417,16,0.32
meth:ITGA2B,methylation,0.0037329603801481426,8,0.16
expr:CLNK,expression,0.003729890168056284,38,0.76
meth:PTPRO,methylation,0.0037228667351882905,8,0.16
expr:SMTNL1,expression,0.003718420601217076,11,0.22
meth:LPIN3,methylation,0.0037140847777883553,29,0.58
expr:DUOXA2,expression,0.0037124154914636165,8,0.16
meth:SFRS2B,methylation,0.0037122713401913643,1,0.02
expr:BLNK,expression,0.003709009328740649,50,1.0
expr:CXADR,expression,0.003708122645069747,38,0.76
expr:ZNF625,expression,0.0037056254222989082,1,0.02
expr:SLC9C1,expression,0.0037031669130859275,15,0.3
meth:APBB2,methylation,0.003693442079512512,17,0.34
meth:COX8C,methylation,0.003683364120661281,4,0.08
expr:LIPK,expression,0.003682779285655771,18,0.36
expr:EMP2,expression,0.003682318919648727,27,0.54
meth:CD109,methylation,0.003677109722048044,3,0.06
meth:ZBTB20,methylation,0.003674402275161507,48,0.96
meth:TRPV3,methylation,0.003674056274273122,48,0.96
expr:RET,expression,0.0036633288934050747,18,0.36
expr:CD79A,expression,0.003660820528845458,48,0.96
expr:CAMK2N2,expression,0.0036558549836627208,38,0.76
meth:LMBR1L,methylation,0.0036551960899184146,12,0.24
expr:TTC24,expression,0.0036516782517234483,12,0.24
meth:HCG4,methylation,0.0036513900849968195,4,0.08
meth:ATP6V0A4,methylation,0.0036452712008031084,50,1.0
expr:ACSM2B,expression,0.0036424494877185984,48,0.96
meth:C10orf128,methylation,0.003642146860430431,18,0.36
expr:SLC40A1,expression,0.0036402017782058787,17,0.34
meth:HTR2B,methylation,0.0036399247530627893,9,0.18
meth:UCP3,methylation,0.003637719001354916,7,0.14
expr:MSH5,expression,0.003617490641772747,2,0.04
expr:TUBB8,expression,0.0036138684788186637,7,0.14
expr:IL18RAP,expression,0.0036113824074467025,6,0.12
expr:EFNA5,expression,0.003608367706571395,6,0.12
meth:C8orf39,methylation,0.003607583132226211,39,0.78
meth:TNS4,methylation,0.0036075016991658645,11,0.22
meth:SPACA1,methylation,0.0036033597166856956,18,0.36
expr:NUDT3,expression,0.0035958883818238974,2,0.04
expr:BATF,expression,0.0035945799401296036,14,0.28
expr:FAM20C,expression,0.003591141770205771,6,0.12
meth:NKPD1,methylation,0.0035898518981412053,48,0.96
expr:NUTM2A,expression,0.0035893678561680848,9,0.18
meth:SLC18A3,methylation,0.0035845165451367698,9,0.18
meth:C1QTNF2,methylation,0.0035832154826493934,40,0.8
meth:SLC10A5,methylation,0.0035806084592227955,28,0.56
meth:C15orf34,methylation,0.0035769240154574313,15,0.3
expr:UGDH,expression,0.0035623526095878333,25,0.5
expr:HHIPL2,expression,0.003561176084783963,36,0.72
meth:SLC17A1,methylation,0.003557409916538745,4,0.08
expr:ALDH3A2,expression,0.0035537249453726316,31,0.62
expr:TMEM179,expression,0.003551651355034361,12,0.24
meth:CCDC57,methylation,0.003551302747589282,22,0.44
expr:TMEM171,expression,0.0035493455182474395,13,0.26
meth:MIR662,methylation,0.003543441945856268,11,0.22
meth:PLXNB2,methylation,0.0035419622938868338,33,0.66
expr:KRTDAP,expression,0.0035415728177343097,7,0.14
expr:TEX35,expression,0.0035397159817096378,35,0.7
meth:CDC42BPA,methylation,0.0035321314571774565,10,0.2
meth:RCSD1,methylation,0.0035300038289278746,1,0.02
expr:UBD,expression,0.0035258930176496504,5,0.1
expr:TMSB15A,expression,0.0035229187924414873,9,0.18
expr:PRLR,expression,0.0035146241789334454,4,0.08
expr:PDE6C,expression,0.003514569040390245,49,0.98
expr:GEM,expression,0.0035119918175041676,4,0.08
meth:SULF1,methylation,0.0035092512142992664,44,0.88
meth:LOC100128191,methylation,0.0034948778338730335,1,0.02
meth:LOC283392,methylation,0.0034888195339590313,10,0.2
meth:HOXD10,methylation,0.0034865901980083436,12,0.24
meth:MS4A15,methylation,0.0034818093602856,6,0.12
expr:IL6,expression,0.0034801023080945014,5,0.1
expr:PTGER3,expression,0.0034763758340751395,47,0.94
meth:SKINTL,methylation,0.003474369236988254,43,0.86
expr:SELE,expression,0.003472299220912317,47,0.94
meth:MIRLET7E,methylation,0.0034708917567816875,24,0.48
expr:FLT3,expression,0.003469349347287789,50,1.0
expr:C10orf82,expression,0.0034687811914350716,31,0.62
expr:FGFR4,expression,0.003464762819930911,1,0.02
expr:TPBGL,expression,0.0034618455146511015,39,0.78
expr:CYP7A1,expression,0.0034616062766872346,4,0.08
expr:RYR2,expression,0.0034572966396808624,2,0.04
meth:C9orf45,methylation,0.003455803627730347,4,0.08
meth:CLEC2A,methylation,0.003454743514317315,41,0.82
expr:IL20RA,expression,0.003454540316049722,34,0.68
meth:HPR,methylation,0.003451818972826004,5,0.1
meth:CNR2,methylation,0.003449156181886792,1,0.02
meth:GPR88,methylation,0.003446212038397789,7,0.14
meth:PABPC1P2,methylation,0.003429839309925834,15,0.3
expr:RASEF,expression,0.0034294330190667616,7,0.14
expr:MEX3B,expression,0.003423323651077226,4,0.08
meth:ANKRD44,methylation,0.0034206234849989414,1,0.02
meth:MTVR2,methylation,0.0034205145036685283,50,1.0
expr:MYOM3,expression,0.0034193802963603625,11,0.22
meth:GGN,methylation,0.003413155791349709,4,0.08
meth:BLMH,methylation,0.0034085424932917313,14,0.28
expr:PNLDC1,expression,0.0034075905568897724,2,0.04
meth:PCDHB12,methylation,0.0034065546850407763,28,0.56
expr:FOS,expression,0.0034021676574992215,47,0.94
meth:AKR7A3,methylation,0.0034017801517620683,3,0.06
meth:IL17RC,methylation,0.0033955214312300086,2,0.04
meth:CYP7B1,methylation,0.0033953392412513494,2,0.04
meth:OVGP1,methylation,0.00339123070933761,49,0.98
expr:C6orf163,expression,0.0033881249740564576,12,0.24
expr:F2RL2,expression,0.0033863734731331783,47,0.94
expr:BRINP3,expression,0.0033829000645450185,7,0.14
expr:CXCL14,expression,0.0033817455276019042,18,0.36
meth:MIR383,methylation,0.0033793476011071888,7,0.14
meth:ZNF665,methylation,0.0033717805719269173,7,0.14
expr:ZNF730,expression,0.0033673992729745805,2,0.04
expr:PLA2G4D,expression,0.0033644110336899756,25,0.5
expr:DUSP10,expression,0.0033639927860349417,2,0.04
meth:TP63,methylation,0.0033637836966062744,31,0.62
expr:ALS2CL,expression,0.003362898714840412,1,0.02
expr:RUNDC3A,expression,0.0033599198068259284,30,0.6
meth:IGFL4,methylation,0.0033565700675050416,3,0.06
meth:TSPYL3,methylation,0.003355226945132017,1,0.02
meth:JRKL,methylation,0.003352474266042312,9,0.18
expr:MT-ND4,expression,0.0033482785802334547,2,0.04
meth:ART1,methylation,0.0033479321748018263,5,0.1
expr:ITGA9,expression,0.0033443476204411127,16,0.32
expr:KLK3,expression,0.003340861960572915,18,0.36
meth:F10,methylation,0.0033397214957607948,49,0.98
expr:CLEC17A,expression,0.00333940091135446,50,1.0
meth:HS3ST6,methylation,0.0033364698756486177,1,0.02
meth:C6orf163,methylation,0.003334964315096537,3,0.06
meth:RASGEF1C,methylation,0.0033317760098725557,2,0.04
meth:ITPRIPL2,methylation,0.0033290950469767712,49,0.98
expr:COL9A3,expression,0.003329031591420062,16,0.32
expr:GLUL,expression,0.0033271620619214244,45,0.9
meth:BCO2,methylation,0.003326936521757902,22,0.44
meth:SLC4A8,methylation,0.0033260707996840425,34,0.68
meth:TMEM85,methylation,0.0033205161717804995,11,0.22
meth:JAKMIP2,methylation,0.0033188616771007047,42,0.84
expr:CACNB4,expression,0.003314737631666029,23,0.46
meth:C1orf14,methylation,0.0033110638905782253,6,0.12
meth:CST11,methylation,0.0033107552305235467,47,0.94
meth:PTGIR,methylation,0.0033098474765817323,6,0.12
expr:GKN2,expression,0.0033020465855952354,25,0.5
meth:MIR600,methylation,0.003299347647698596,50,1.0
expr:MT-ATP8,expression,0.0032927174654201067,19,0.38
expr:TNFRSF11B,expression,0.0032884425891097635,23,0.46
expr:ELOVL5,expression,0.003281745968852192,50,1.0
meth:C15orf52,methylation,0.003279067676582296,48,0.96
expr:SLC7A11,expression,0.0032782969065010548,1,0.02
meth:LOC158376,methylation,0.0032782224006950855,2,0.04
meth:SLITRK3,methylation,0.0032752742990851402,1,0.02
meth:PTH2,methylation,0.003272558795288205,2,0.04
expr:CARD9,expression,0.0032694858798225012,7,0.14
expr:BCL2A1,expression,0.003268848804649539,13,0.26
expr:S100A7A,expression,0.0032669150128640466,40,0.8
expr:C4orf48,expression,0.003262230738376578,3,0.06
expr:SPANXB1,expression,0.0032621740829199553,1,0.02
expr:GBP7,expression,0.003258308979483055,35,0.7
meth:SLC7A8,methylation,0.0032535127829760313,1,0.02
meth:GIPC2,methylation,0.0032508704025531188,8,0.16
meth:LOC285045,methylation,0.003250699250493199,50,1.0
meth:MFAP4,methylation,0.0032464061763935854,14,0.28
expr:SP9,expression,0.0032454393804073334,11,0.22
expr:OVGP1,expression,0.0032448266855291358,21,0.42
expr:FGF1,expression,0.0032433741725981236,1,0.02
meth:MC5R,methylation,0.0032431091725205383,12,0.24
expr:ABHD3,expression,0.0032391047570854425,1,0.02
expr:TMEM132C,expression,0.003237989078722118,36,0.72
expr:DRD4,expression,0.0032283889864069912,13,0.26
expr:STEAP1,expression,0.003225456387735903,15,0.3
meth:MAPK8IP2,methylation,0.003224527991260402,50,1.0
expr:SLC51B,expression,0.003221482245235479,29,0.58
meth:C16orf91,methylation,0.0032211979230244952,15,0.3
expr:HLA-DOB,expression,0.0032192415441386403,20,0.4
expr:ERBB2,expression,0.003217884572222829,2,0.04
expr:ZFP28,expression,0.0032163142565299163,11,0.22
meth:MIR147B,methylation,0.003209579281651208,9,0.18
expr:VPREB3,expression,0.003208542000114297,24,0.48
expr:MCMDC2,expression,0.0032077382784336805,2,0.04
meth:RPL29P2,methylation,0.0031969528645277023,1,0.02
meth:TNFSF4,methylation,0.0031943462090566754,16,0.32
expr:FCER1A,expression,0.0031867946903542453,29,0.58
expr:FUZ,expression,0.0031867798161692917,50,1.0
expr:SYT7,expression,0.003184896893799305,3,0.06
meth:SLC15A2,methylation,0.003182144064339809,16,0.32
expr:SPTSSB,expression,0.003182022599503398,4,0.08
expr:NXF3,expression,0.003179817833006382,10,0.2
meth:PLCD4,methylation,0.0031793765723705293,5,0.1
expr:ARMC3,expression,0.003177992633109997,11,0.22
expr:SIX2,expression,0.003165998205885343,36,0.72
meth:GRIK5,methylation,0.003163726651109755,2,0.04
expr:LYZ,expression,0.003162447984019915,9,0.18
meth:TMEM20,methylation,0.003161465562880039,10,0.2
meth:MGC13005,methylation,0.0031582148912156997,43,0.86
expr:RADX,expression,0.0031579167571971598,23,0.46
meth:MIR1297,methylation,0.003153956728056073,1,0.02
expr:AK7,expression,0.003152608678647084,46,0.92
expr:CBSL,expression,0.0031439136946573853,6,0.12
expr:MYBPC2,expression,0.003142771931986014,3,0.06
meth:GALNTL6,methylation,0.00314151358907111,8,0.16
meth:IFITM5,methylation,0.0031385892607171885,35,0.7
meth:AKR1B10,methylation,0.0031344884499797925,34,0.68
expr:SUSD3,expression,0.0031318855506833644,50,1.0
expr:CIBAR2,expression,0.0031227655814621935,11,0.22
meth:PI3,methylation,0.003121980233117938,4,0.08
expr:FAM181A,expression,0.0031199734658002853,7,0.14
meth:RGPD8,methylation,0.003109978342598135,11,0.22
meth:UGT1A5,methylation,0.003106791836520036,6,0.12
meth:SYCN,methylation,0.0031066952722666914,43,0.86
meth:LOC401387,methylation,0.0031039808870991694,50,1.0
expr:CDH26,expression,0.003102871123701334,4,0.08
expr:GPSM2,expression,0.003102578455582261,2,0.04
expr:MT1G,expression,0.003101623777183704,36,0.72
expr:S100A7,expression,0.0031008201595223335,27,0.54
expr:TMEM255A,expression,0.0030915317431518294,47,0.94
expr:PCDHGC4,expression,0.0030879536643624306,3,0.06
expr:MMP27,expression,0.003085448076167414,31,0.62
expr:ARMCX2,expression,0.0030851165065541863,4,0.08
expr:MS4A18,expression,0.003080456042274212,36,0.72
meth:ZNF844,methylation,0.0030789729207754135,2,0.04
expr:CHAD,expression,0.0030763034254778178,50,1.0
expr:LRG1,expression,0.0030754809894670662,26,0.52
expr:TOB1,expression,0.0030725593188483465,19,0.38
expr:HLA-DOA,expression,0.0030712004750967025,5,0.1
meth:DHRS2,methylation,0.0030700555071234703,5,0.1
meth:CLDN5,methylation,0.003068919666111469,5,0.1
meth:PCDH9,methylation,0.003066354227485135,17,0.34
expr:ARHGAP15,expression,0.0030660049989819525,10,0.2
expr:PTPRT,expression,0.00306507064442485,32,0.64
meth:FBXO40,methylation,0.003065031429287046,20,0.4
meth:DNMT3L,methylation,0.0030629846856909545,47,0.94
expr:GDPD4,expression,0.0030610249377787113,2,0.04
meth:EID1,methylation,0.0030530554213328287,12,0.24
meth:TMEM133,methylation,0.0030450939666479826,1,0.02
meth:IFI16,methylation,0.003044825978577137,3,0.06
expr:PTPRN,expression,0.003043556577592556,7,0.14
meth:VWC2L,methylation,0.003038449263840448,16,0.32
meth:GSTM2,methylation,0.003033384680747986,1,0.02
expr:EN1,expression,0.003031115047633648,27,0.54
meth:HPYR1,methylation,0.003025227226316929,1,0.02
expr:UPK1B,expression,0.003017866751179099,1,0.02
expr:ZNF683,expression,0.003017835462322602,26,0.52
expr:RFX4,expression,0.003017365699633956,38,0.76
meth:KCNJ9,methylation,0.003017187351360917,2,0.04
meth:MIR302D,methylation,0.0030159982958469877,11,0.22
meth:TDRD6,methylation,0.0030153734357251474,6,0.12
expr:UTS2B,expression,0.003014409259776585,28,0.56
expr:MUC2,expression,0.0030086073202255648,16,0.32
meth:KPNA7,methylation,0.0030073194964857332,34,0.68
expr:PVR,expression,0.0030033710645511746,12,0.24
meth:ABI3BP,methylation,0.0029917791075802043,23,0.46
meth:TCF4,methylation,0.002989507901171843,3,0.06
expr:CREG2,expression,0.0029894047721217456,39,0.78
expr:ADGRF4,expression,0.0029837305191904306,1,0.02
expr:TRANK1,expression,0.0029806429196873475,36,0.72
expr:ENTPD2,expression,0.0029732281691394746,6,0.12
meth:TM4SF19,methylation,0.002971993233077228,50,1.0
meth:ABCC6P1,methylation,0.002970845717936754,25,0.5
meth:CNTNAP2,methylation,0.002969417255371809,1,0.02
meth:PLA2G2A,methylation,0.002966230735182762,2,0.04
expr:RNF17,expression,0.0029601200173298516,3,0.06
meth:GYS2,methylation,0.0029582771705463527,5,0.1
meth:CFHR5,methylation,0.0029569653037469835,20,0.4
meth:FMN1,methylation,0.0029563021225233873,30,0.6
expr:PTPRH,expression,0.0029515301052015276,20,0.4
expr:CFAP47,expression,0.0029476716687592366,6,0.12
meth:SH3D19,methylation,0.002947016004472971,50,1.0
expr:CFAP100,expression,0.0029467049106541607,9,0.18
meth:RICS,methylation,0.0029466142877936363,2,0.04
expr:TLR5,expression,0.0029451570784052214,3,0.06
meth:BSPRY,methylation,0.0029406988147744222,19,0.38
expr:MYO16,expression,0.002939219222120617,23,0.46
meth:CPT1B,methylation,0.0029390221655679247,3,0.06
expr:RFX3,expression,0.0029360721660354598,33,0.66
meth:RAN,methylation,0.002931923416326754,44,0.88
meth:SIX2,methylation,0.002927982248365879,2,0.04
expr:EBF4,expression,0.0029251491650938988,3,0.06
meth:THEM5,methylation,0.002924647780360076,29,0.58
meth:CCDC86,methylation,0.002923504689850075,46,0.92
meth:SNORA32,methylation,0.0029211152189721665,6,0.12
meth:TMEM72,methylation,0.002920910157263279,20,0.4
meth:CPA5,methylation,0.0029204506427049637,7,0.14
expr:Z82206.1,expression,0.002919027116149664,4,0.08
meth:MAT2B,methylation,0.0029183991719037294,1,0.02
meth:CAV3,methylation,0.0029180378187447786,4,0.08
expr:MPP7,expression,0.002917701981496066,50,1.0
expr:TP53AIP1,expression,0.0029170589431569997,22,0.44
meth:IFIT2,methylation,0.002905731787905097,2,0.04
meth:SPOCD1,methylation,0.00290005374699831,2,0.04
meth:IRAK2,methylation,0.0028997608763650837,12,0.24
expr:PIK3R1,expression,0.0028962658533569553,29,0.58
meth:ICAM2,methylation,0.002888752923657497,15,0.3
expr:LAMP3,expression,0.002887918148189783,20,0.4
expr:RBP7,expression,0.0028841675569613776,3,0.06
meth:CEND1,methylation,0.002880900399759412,1,0.02
meth:RCN1,methylation,0.002880274002494004,26,0.52
meth:SLC5A5,methylation,0.0028800847940146923,1,0.02
expr:HDGFL3,expression,0.002876166021451354,2,0.04
expr:IFNE,expression,0.002876014681532979,1,0.02
meth:COL20A1,methylation,0.0028717269815388136,16,0.32
expr:MAPT,expression,0.0028713054507534252,4,0.08
meth:GPRC5C,methylation,0.002869563720499476,18,0.36
expr:C1S,expression,0.0028695224318653345,1,0.02
expr:AJUBA,expression,0.002866214003006462,4,0.08
expr:NPAS3,expression,0.002865703396743075,42,0.84
meth:NME2,methylation,0.002864105859771371,6,0.12
expr:PLCE1,expression,0.002854192130533712,7,0.14
meth:DOLPP1,methylation,0.0028535823803395033,1,0.02
expr:COL18A1,expression,0.00285291905553701,12,0.24
expr:RAB39B,expression,0.0028517019569075535,14,0.28
meth:OR5M11,methylation,0.0028498864267021418,1,0.02
meth:C17orf46,methylation,0.0028476259851066225,11,0.22
meth:OR9G1,methylation,0.002837981708580628,12,0.24
expr:PRR7,expression,0.0028363728684611443,43,0.86
expr:RTL1,expression,0.002830349840223789,6,0.12
meth:DCAF4,methylation,0.002815194210104112,35,0.7
meth:CSF1R,methylation,0.0028123747714562343,50,1.0
expr:CCDC87,expression,0.002811454546948274,3,0.06
expr:GBP5,expression,0.0028083102079108357,12,0.24
meth:CCDC70,methylation,0.002801867015659809,5,0.1
expr:MYZAP,expression,0.0027984974440187216,4,0.08
expr:DBNDD1,expression,0.0027924831956624985,2,0.04
expr:PPFIA3,expression,0.002789835560612292,42,0.84
meth:MIR624,methylation,0.0027887455420568586,10,0.2
expr:CCDC175,expression,0.0027875855032886776,14,0.28
expr:ACTL8,expression,0.0027874018451257143,4,0.08
expr:ATAD3B,expression,0.0027811466069478127,18,0.36
meth:HSPB3,methylation,0.0027755436953157187,10,0.2
expr:CDHR4,expression,0.002765763448277379,17,0.34
expr:LHX2,expression,0.0027656108140945435,9,0.18
expr:FAM222A,expression,0.0027646644545408585,12,0.24
expr:PAX7,expression,0.002764654718339443,5,0.1
meth:MIR548D1,methylation,0.002759550348855555,4,0.08
meth:GMCL1L,methylation,0.0027546340133994818,1,0.02
meth:FLJ42709,methylation,0.002753995997287954,30,0.6
meth:PIPOX,methylation,0.0027515461635110633,7,0.14
expr:LDHAL6B,expression,0.0027499825228005648,4,0.08
meth:SLC30A8,methylation,0.002746857133590513,18,0.36
expr:UBE2T,expression,0.002745964622590691,8,0.16
expr:IL1RN,expression,0.0027446423191577196,2,0.04
meth:CLDN10,methylation,0.002743677578109782,16,0.32
expr:CES3,expression,0.0027416814627940767,32,0.64
meth:RHAG,methylation,0.002741223427801742,40,0.8
expr:ZNF763,expression,0.002737881615757942,1,0.02
expr:ALOX5,expression,0.002723729610443115,5,0.1
expr:CLIC3,expression,0.00272342748939991,1,0.02
expr:TMEM190,expression,0.0027204842772334814,1,0.02
meth:LHFPL5,methylation,0.002719419077038765,7,0.14
meth:MIR937,methylation,0.0027149464391792812,18,0.36
meth:UGT1A4,methylation,0.002714587259106338,16,0.32
meth:LOC647121,methylation,0.002714432410097548,7,0.14
expr:RAB6B,expression,0.0027119745244272055,50,1.0
expr:RAB30,expression,0.0027074361278209835,8,0.16
expr:RBM11,expression,0.0027023321884545558,47,0.94
meth:HIST1H4B,methylation,0.0027013637591153383,1,0.02
expr:ZNF439,expression,0.0026999503108007567,7,0.14
meth:LAMB3,methylation,0.002695868240261916,50,1.0
expr:APOL6,expression,0.0026952988118864596,12,0.24
meth:ANKRD23,methylation,0.002695098453841638,40,0.8
expr:CYP4A11,expression,0.0026939596864394844,3,0.06
expr:DPP10,expression,0.0026937601558694787,11,0.22
meth:ST6GALNAC1,methylation,0.002691990212042583,11,0.22
expr:SPP1,expression,0.002690086540921281,30,0.6
expr:SLA,expression,0.0026886492967605593,10,0.2
meth:SH3TC2,methylation,0.0026795340633146802,44,0.88
expr:ASCL5,expression,0.0026791739833748173,18,0.36
meth:DLGAP3,methylation,0.0026742524933069944,2,0.04
meth:INHBC,methylation,0.0026737259284250045,19,0.38
expr:RSPH6A,expression,0.0026730647077783942,12,0.24
meth:GP2,methylation,0.0026702954633853948,39,0.78
meth:OR1F1,methylation,0.0026690331287682056,5,0.1
expr:SREBF1,expression,0.0026687893841881305,6,0.12
meth:SLC27A3,methylation,0.0026684143568242065,38,0.76
meth:KLK2,methylation,0.002665027044713497,1,0.02
meth:OR7G3,methylation,0.0026569764595478773,1,0.02
expr:MYRF,expression,0.0026563925101705218,23,0.46
meth:CHADL,methylation,0.0026551611312054866,29,0.58
meth:CNBD1,methylation,0.00265361758118326,11,0.22
expr:KLRD1,expression,0.002652673274278641,25,0.5
meth:MIR1180,methylation,0.0026502691973953256,44,0.88
expr:AMER3,expression,0.0026391686766874044,50,1.0
expr:XCL1,expression,0.002639041173480157,38,0.76
meth:ABR,methylation,0.002636251039803028,6,0.12
expr:TNFRSF17,expression,0.0026347285731592113,45,0.9
expr:DOK6,expression,0.0026250022929161787,2,0.04
meth:DIO3OS,methylation,0.00262098735353599,45,0.9
meth:AMBRA1,methylation,0.0026207854971289635,2,0.04
expr:TMEM31,expression,0.002618475095368922,10,0.2
expr:TRPM5,expression,0.0026156026870012283,7,0.14
expr:AMBP,expression,0.002613122631373699,8,0.16
expr:NEFH,expression,0.0026037360075861216,2,0.04
meth:SNORA40,methylation,0.0026030284218275202,13,0.26
expr:STAT4,expression,0.0026017287746071815,35,0.7
expr:ADHFE1,expression,0.0026016286296494814,44,0.88
expr:RTP4,expression,0.002600484577539776,7,0.14
meth:IL21,methylation,0.0025893589481711388,3,0.06
meth:PRAMEF11,methylation,0.002586699789389968,1,0.02
expr:IRX4,expression,0.002582969143986702,2,0.04
expr:PDIA2,expression,0.0025786292098928243,6,0.12
meth:NRIP2,methylation,0.002578370227088589,43,0.86
expr:MS4A14,expression,0.0025780396535992622,8,0.16
expr:NDUFA4L2,expression,0.0025771136126039843,19,0.38
meth:CYP17A1,methylation,0.0025770252104848623,2,0.04
meth:HSPA5,methylation,0.002575942315161228,2,0.04
expr:ABCD3,expression,0.0025757745482094052,7,0.14
expr:TESK2,expression,0.002575005787695127,31,0.62
meth:RAX,methylation,0.002574619508878742,18,0.36
expr:CYP1B1,expression,0.00257379954887761,9,0.18
meth:SNORD115-30,methylation,0.00257208663970232,1,0.02
meth:CCDC48,methylation,0.002569434519391507,25,0.5
expr:IDO2,expression,0.002569126311498575,39,0.78
expr:HBD,expression,0.002567163435742259,21,0.42
meth:LOC100271831,methylation,0.002566557444099869,21,0.42
meth:SCGBL,methylation,0.0025661912292153353,21,0.42
expr:TVP23A,expression,0.0025562443363014607,10,0.2
expr:CELF2,expression,0.0025554529411773034,17,0.34
meth:CCDC108,methylation,0.0025526948738843203,4,0.08
expr:TMEM272,expression,0.002547202166169882,13,0.26
meth:APOA4,methylation,0.0025455767348365383,43,0.86
expr:GALNT15,expression,0.002544346498325467,1,0.02
expr:MANSC4,expression,0.0025426072534173727,1,0.02
meth:DNAJC6,methylation,0.0025406140749427404,11,0.22
meth:PSG9,methylation,0.0025375043106679288,9,0.18
meth:GSTA3,methylation,0.0025320495733467396,16,0.32
meth:TSPAN16,methylation,0.0025308879092335703,15,0.3
meth:EPHX2,methylation,0.00253070960752666,8,0.16
expr:FAM169A,expression,0.002529545221477747,4,0.08
meth:HMHA1,methylation,0.0025293780490756035,4,0.08
expr:TFF1,expression,0.0025277357548475266,5,0.1
meth:DDAH2,methylation,0.0025273790961364284,4,0.08
meth:TMCO2,methylation,0.002527289849240333,8,0.16
meth:KRTAP12-3,methylation,0.002525233027491985,14,0.28
meth:P2RX6,methylation,0.002525094042842587,3,0.06
expr:LYPD6,expression,0.00252364557236433,10,0.2
expr:NUSAP1,expression,0.002523542265407741,8,0.16
expr:PRRT2,expression,0.002521342132240534,4,0.08
expr:UPB1,expression,0.0025212151332769197,43,0.86
meth:MPP3,methylation,0.002519269802724011,10,0.2
meth:ONECUT1,methylation,0.002516444306820631,2,0.04
meth:SEMG2,methylation,0.002514812536537647,5,0.1
meth:GPR179,methylation,0.00251285289414227,2,0.04
expr:SNAP25,expression,0.002512588957324624,20,0.4
meth:MIR130B,methylation,0.0025122746801935136,50,1.0
expr:GJA1,expression,0.0025118217639498075,33,0.66
expr:EPHA3,expression,0.0025062018539756536,1,0.02
expr:PDYN,expression,0.0025058891624212265,5,0.1
expr:H2AC21,expression,0.0025050615484360607,20,0.4
meth:DLG2,methylation,0.0025041028760218373,6,0.12
expr:L1CAM,expression,0.002492561014757181,48,0.96
meth:SNORA71A,methylation,0.0024919979367405178,50,1.0
expr:ACSM4,expression,0.002491441389013614,7,0.14
meth:RP1,methylation,0.002488126766613939,44,0.88
expr:RTN4R,expression,0.002487791165138685,31,0.62
expr:ZNF853,expression,0.0024871525654037085,7,0.14
expr:ADCY4,expression,0.002483727876096964,2,0.04
meth:C15orf5,methylation,0.002483497286448255,4,0.08
meth:LARP1,methylation,0.0024825578555464746,5,0.1
meth:GPR135,methylation,0.0024812047441418353,13,0.26
expr:MMP15,expression,0.002477994794710813,34,0.68
expr:CDC20B,expression,0.0024776200953056104,4,0.08
expr:ANKRD26,expression,0.002467637797963107,4,0.08
expr:FAH,expression,0.002463928070937982,24,0.48
meth:MIR554,methylation,0.002459086897464371,19,0.38
expr:LRFN4,expression,0.0024563272309023887,8,0.16
expr:ADGRD2,expression,0.0024496742767309222,17,0.34
meth:CD36,methylation,0.002448076257132925,50,1.0
meth:FBXL22,methylation,0.0024472562273821006,26,0.52
expr:LRGUK,expression,0.0024456461150503647,13,0.26
expr:AL135905.2,expression,0.002445608377456665,3,0.06
meth:FGF10,methylation,0.002439955511363223,20,0.4
expr:ATP1A3,expression,0.0024342117016203702,10,0.2
meth:RDH5,methylation,0.0024332666732582516,11,0.22
expr:RPS6KA5,expression,0.0024306174367666245,5,0.1
meth:CEACAM20,methylation,0.002429045969620347,1,0.02
meth:RBP1,methylation,0.0024277885211631657,10,0.2
meth:LPPR5,methylation,0.0024273674935102463,2,0.04
expr:FGF19,expression,0.0024204364139586688,25,0.5
expr:IL17RB,expression,0.0024202069034799933,7,0.14
expr:TNFRSF21,expression,0.0024179797360880505,9,0.18
expr:MTMR7,expression,0.002416977658867836,1,0.02
meth:CYP4F3,methylation,0.0024143075570464134,8,0.16
expr:CSMD2,expression,0.002414004658930935,4,0.08
meth:GJD4,methylation,0.0024123190669342875,8,0.16
meth:NKX3-1,methylation,0.0024107544929446545,17,0.34
meth:CNGB3,methylation,0.00240992078430612,33,0.66
expr:MRO,expression,0.002407602034509182,1,0.02
expr:IFIT1B,expression,0.002405974690595435,9,0.18
meth:C10orf67,methylation,0.00240557067584069,21,0.42
expr:PELI2,expression,0.0024055449757725,1,0.02
expr:COLEC10,expression,0.0024040164789767005,8,0.16
meth:CLRN1,methylation,0.0024007271649315954,50,1.0
expr:FAM155B,expression,0.0023982529334413507,6,0.12
meth:HSD17B3,methylation,0.0023916328500490636,18,0.36
expr:TNFAIP8,expression,0.002388135106726126,22,0.44
meth:ENOSF1,methylation,0.0023870416916906834,3,0.06
meth:PPP1R16A,methylation,0.0023862666732218877,44,0.88
expr:SLC52A1,expression,0.0023845161693835898,7,0.14
meth:PDE11A,methylation,0.0023843965328010004,46,0.92
expr:TMEM30B,expression,0.002382341618861326,11,0.22
expr:IRAK3,expression,0.002382203279994428,25,0.5
expr:PHOX2A,expression,0.0023818793965296615,9,0.18
meth:LOC100131496,methylation,0.002379986192358451,27,0.54
expr:C19orf71,expression,0.002378937089815736,3,0.06
meth:STON1-GTF2A1L,methylation,0.0023757493472658098,4,0.08
expr:LMCD1,expression,0.002375722862780094,1,0.02
meth:TEKT4,methylation,0.0023756216590603194,6,0.12
meth:FOXP2,methylation,0.002372472721617669,8,0.16
meth:CDCP2,methylation,0.0023695587809594476,44,0.88
meth:C6orf154,methylation,0.0023630938085261732,14,0.28
meth:NOV,methylation,0.0023624340343909958,6,0.12
meth:MIR22,methylation,0.0023610747505727254,33,0.66
expr:PLSCR1,expression,0.002360124041193298,7,0.14
expr:APOBEC3G,expression,0.0023599456709438972,49,0.98
expr:TMEM164,expression,0.0023561544803669676,4,0.08
expr:BHMT,expression,0.002354501379438891,13,0.26
meth:SMCR5,methylation,0.0023527774106090267,30,0.6
expr:PFKFB3,expression,0.0023505297722294927,2,0.04
expr:ABCG8,expression,0.002344974782317877,1,0.02
expr:SSTR5,expression,0.002344399406057265,9,0.18
meth:CHI3L1,methylation,0.0023413524154181544,38,0.76
expr:GAPT,expression,0.002338788763154298,42,0.84
meth:APOA5,methylation,0.002334765982455932,13,0.26
expr:ANKRD33,expression,0.002334622402365009,30,0.6
expr:SCRN1,expression,0.002333543343411293,16,0.32
expr:TFPI2,expression,0.0023317049005224058,24,0.48
meth:AMT,methylation,0.002331008196559323,43,0.86
meth:MIR577,methylation,0.0023261862030873695,3,0.06
meth:GPR56,methylation,0.002323563932804973,48,0.96
meth:HTRA1,methylation,0.0023234564810991286,5,0.1
meth:PCDHGA11,methylation,0.0023231504019349813,1,0.02
meth:OTOP3,methylation,0.002321448759175837,8,0.16
expr:CYP8B1,expression,0.0023201924019591196,19,0.38
meth:HTR3B,methylation,0.0023176640582581363,12,0.24
meth:C17orf69,methylation,0.0023175762808501817,38,0.76
expr:MEI1,expression,0.0023172528577001337,39,0.78
meth:MGC16025,methylation,0.0023146222651814156,42,0.84
expr:RAI2,expression,0.0023144512367434798,50,1.0
meth:RTP1,methylation,0.002312883117701858,10,0.2
expr:C17orf113,expression,0.0023127175954869017,2,0.04
meth:CSNK1E,methylation,0.0023088813460885715,39,0.78
meth:GLB1L2,methylation,0.002308483002707362,2,0.04
expr:KCNIP1,expression,0.0023081331587904556,44,0.88
meth:BOLL,methylation,0.0023066953937005666,9,0.18
expr:SLC16A11,expression,0.0023047123104333878,1,0.02
meth:LOXL1,methylation,0.002304429336128613,13,0.26
expr:NOD2,expression,0.0023034944481748554,14,0.28
meth:BMPER,methylation,0.0023029071411916186,7,0.14
expr:POPDC3,expression,0.0023024468755465932,8,0.16
meth:SLC20A2,methylation,0.0022983270367452255,24,0.48
expr:ULBP2,expression,0.002296579342801124,50,1.0
meth:NUPR1,methylation,0.002296353317797184,5,0.1
expr:LRRN4,expression,0.0022960719652473927,1,0.02
meth:SAA2,methylation,0.002293851752931784,35,0.7
expr:AC015802.6,expression,0.002292367001064122,5,0.1
expr:RLN2,expression,0.0022898025755156677,44,0.88
expr:SYTL4,expression,0.0022842376391054133,40,0.8
expr:LMO1,expression,0.0022777967888396233,50,1.0
meth:TREML4,methylation,0.0022756581735872737,37,0.74
expr:ARVCF,expression,0.002266916446387768,2,0.04
expr:TTK,expression,0.0022668156772851942,5,0.1
meth:ELMO3,methylation,0.002266071320168282,19,0.38
meth:C1orf106,methylation,0.0022658823353766994,37,0.74
meth:C14orf182,methylation,0.0022655214922269805,50,1.0
expr:HEPACAM2,expression,0.0022643301635980606,14,0.28
meth:EMR1,methylation,0.0022639160277321936,20,0.4
meth:ALDH7A1,methylation,0.002260566034237854,40,0.8
expr:NR4A1,expression,0.002258932334370911,12,0.24
expr:ZFHX2,expression,0.00225838667829521,5,0.1
meth:LOC100287216,methylation,0.0022573227062821387,5,0.1
meth:ESR2,methylation,0.0022573135793209076,1,0.02
meth:TRAF3IP2,methylation,0.002256841695105488,22,0.44
meth:TSPAN10,methylation,0.002252921049948782,50,1.0
expr:SLC7A3,expression,0.0022507180530188043,43,0.86
expr:AOC2,expression,0.002249436742700213,22,0.44
expr:LRRC37A,expression,0.0022468109699812803,11,0.22
expr:TIPARP,expression,0.0022418816139489956,41,0.82
meth:MYO6,methylation,0.0022407897215868744,7,0.14
expr:KLHDC1,expression,0.002240050362888724,20,0.4
expr:XCR1,expression,0.002237742376261546,48,0.96
expr:DEFB124,expression,0.0022363075986504555,4,0.08
meth:NCRNA00161,methylation,0.0022322619473055492,46,0.92
expr:ELAPOR2,expression,0.002230602855888719,32,0.64
expr:IFITM1,expression,0.0022298284984995113,43,0.86
meth:SEMG1,methylation,0.0022297542018350214,8,0.16
expr:FCMR,expression,0.0022267937504996857,12,0.24
expr:ZNF676,expression,0.002226357493782416,22,0.44
meth:MACC1,methylation,0.0022249082879473767,3,0.06
expr:KLRC1,expression,0.002219324728452362,43,0.86
expr:COL6A5,expression,0.002218605724920053,16,0.32
expr:SIAH2,expression,0.002214158116839826,45,0.9
meth:ARHGAP28,methylation,0.00221173941965736,42,0.84
expr:CLDN34,expression,0.0022114237217465416,10,0.2
meth:RELB,methylation,0.002211406733840704,10,0.2
meth:OR7A17,methylation,0.002211117744445801,5,0.1
meth:NRN1L,methylation,0.002210423813464687,46,0.92
meth:MS4A6E,methylation,0.002209659891724143,42,0.84
expr:ZNF135,expression,0.002209620550274849,1,0.02
meth:NR2E3,methylation,0.0022077006615290884,48,0.96
meth:TRIM16,methylation,0.0022074650960827343,19,0.38
expr:FOSB,expression,0.0022025142837568032,48,0.96
meth:OR7E156P,methylation,0.0022020276616482684,12,0.24
meth:GAPDHS,methylation,0.0021990322006436493,26,0.52
meth:UTS2D,methylation,0.002198476198827848,14,0.28
expr:PHLDA2,expression,0.0021974419174842874,22,0.44
expr:FSTL5,expression,0.0021973028779029846,19,0.38
meth:ISM2,methylation,0.0021915050747338682,6,0.12
meth:SLC44A2,methylation,0.002190409603321718,9,0.18
expr:ADAMTS8,expression,0.0021881339003100393,46,0.92
meth:ASIP,methylation,0.002187782636610791,8,0.16
meth:TCF20,methylation,0.0021869759754432985,48,0.96
expr:GPR15,expression,0.0021838074550032615,5,0.1
expr:DMBX1,expression,0.0021834380265014866,12,0.24
meth:ZCCHC14,methylation,0.002181244781240821,1,0.02
meth:ZNF518A,methylation,0.0021807601343483683,47,0.94
meth:MIR197,methylation,0.0021776510402560234,2,0.04
meth:VTN,methylation,0.0021767740545328707,4,0.08
meth:DSC3,methylation,0.002173092080435405,6,0.12
expr:BPIFC,expression,0.0021704762346214717,9,0.18
expr:TPSAB1,expression,0.002168944346651967,21,0.42
expr:CDKN3,expression,0.0021663736552000046,1,0.02
expr:KRT72,expression,0.0021649195114150643,4,0.08
meth:G6PC2,methylation,0.0021647361759096384,25,0.5
meth:FERMT1,methylation,0.0021628610168894133,3,0.06
meth:CSTA,methylation,0.002162767607155636,49,0.98
meth:LDHAL6B,methylation,0.0021626742091029882,4,0.08
expr:CCDC17,expression,0.002159812730193759,6,0.12
meth:LOC93432,methylation,0.0021588621547128607,47,0.94
expr:NCCRP1,expression,0.002158668590709567,2,0.04
expr:IL33,expression,0.002157640686440889,46,0.92
meth:ZNF389,methylation,0.002154824382159859,8,0.16
expr:ZNF587B,expression,0.0021538622677326202,4,0.08
meth:ATP8A2,methylation,0.002148834988474846,1,0.02
expr:SULT1C4,expression,0.0021481790623884313,39,0.78
expr:GSTO2,expression,0.002148014089605702,27,0.54
meth:SNORD119,methylation,0.002144622808690508,43,0.86
meth:PCDHGA6,methylation,0.0021420268906065477,39,0.78
meth:CBX2,methylation,0.002140638431724669,22,0.44
expr:ACOT6,expression,0.0021397124986502936,33,0.66
meth:MIR301B,methylation,0.0021391640965281646,41,0.82
meth:FAM189A1,methylation,0.002133717993274331,1,0.02
meth:SNORD1A,methylation,0.002132271882146597,6,0.12
meth:HRH4,methylation,0.0021311171038541944,50,1.0
expr:DUSP5,expression,0.002129647716752846,44,0.88
meth:LOC645851,methylation,0.002124946057085401,37,0.74
expr:PARP9,expression,0.0021235333414681788,35,0.7
expr:LGALS7B,expression,0.0021214612124427017,23,0.46
meth:SALL2,methylation,0.0021212312082449594,3,0.06
expr:INSC,expression,0.0021178702202936015,3,0.06
expr:SCRT1,expression,0.0021176282823897707,39,0.78
meth:CASP4,methylation,0.002116310124706832,42,0.84
meth:ARFGAP3,methylation,0.002115205711513562,19,0.38
expr:F2R,expression,0.0021142754948845037,19,0.38
expr:MDFIC,expression,0.0021088101299634823,24,0.48
expr:PROX1,expression,0.002104900466899077,6,0.12
meth:MIR125A,methylation,0.0021027027536183597,25,0.5
meth:ZNF681,methylation,0.0021012431694074503,31,0.62
meth:KIAA1875,methylation,0.002099752179266692,29,0.58
meth:WDR69,methylation,0.0020977966039656447,13,0.26
meth:MIR591,methylation,0.002095527766386465,49,0.98
meth:DHRS9,methylation,0.0020926388814890137,45,0.9
meth:SNORD30,methylation,0.0020925821736454964,1,0.02
expr:GFRA1,expression,0.002092420593656313,26,0.52
expr:ALDH2,expression,0.002089256242393179,47,0.94
meth:MIR1208,methylation,0.002089095115661621,5,0.1
expr:ANGPTL7,expression,0.00208673975430429,1,0.02
meth:C8orf79,methylation,0.0020860330114373937,16,0.32
meth:HAPLN3,methylation,0.0020850750152021646,4,0.08
expr:ATG9B,expression,0.002084985506371595,8,0.16
expr:CENPM,expression,0.002083065209444612,10,0.2
meth:DKK4,methylation,0.0020821269652663674,49,0.98
meth:CPPED1,methylation,0.002080154234135989,32,0.64
meth:MUPCDH,methylation,0.002078897999932191,35,0.7
expr:TMEM229B,expression,0.0020712257198970386,49,0.98
expr:SELENOP,expression,0.0020685439785232858,21,0.42
expr:CYP21A2,expression,0.0020606401449185796,24,0.48
expr:NME8,expression,0.0020605077889437476,15,0.3
expr:ZNF208,expression,0.0020600975637507595,33,0.66
meth:RASA4P,methylation,0.002059665974229574,16,0.32
meth:PCDHGA4,methylation,0.002058096040855162,32,0.64
expr:CCDC107,expression,0.002056763931250316,8,0.16
expr:PLA1A,expression,0.0020565389099323917,9,0.18
meth:PRKD3,methylation,0.0020545459932084973,48,0.96
expr:TUBB3,expression,0.0020539794387596268,31,0.62
meth:CCDC17,methylation,0.0020539437731107077,12,0.24
meth:MAPK12,methylation,0.002050503443266886,12,0.24
expr:KCNF1,expression,0.002049097181297839,25,0.5
meth:GJD2,methylation,0.002048295116625153,13,0.26
meth:USP50,methylation,0.002047429312686132,46,0.92
meth:LOC643008,methylation,0.0020459173154085877,50,1.0
expr:ZNF704,expression,0.002041940111666918,1,0.02
expr:CBX6,expression,0.0020399612840265036,2,0.04
meth:TARP,methylation,0.002039512519591621,21,0.42
meth:VHLL,methylation,0.0020394607757528624,3,0.06
meth:HIGD1B,methylation,0.0020377519313336872,41,0.82
expr:PPP2R2B,expression,0.002037252791134441,28,0.56
meth:NT5DC2,methylation,0.0020344663229325114,47,0.94
expr:CD83,expression,0.0020317371291596266,21,0.42
meth:SNORD117,methylation,0.0020315026961422217,30,0.6
expr:CATSPERG,expression,0.0020268490268129176,11,0.22
meth:FBLN2,methylation,0.0020251231908332556,35,0.7
meth:CEACAM5,methylation,0.002024117690910186,14,0.28
meth:MIR492,methylation,0.0020239080057945103,50,1.0
expr:HCN2,expression,0.0020236196744787905,14,0.28
meth:CYBA,methylation,0.0020214764711757502,3,0.06
meth:MELK,methylation,0.002021414088085294,20,0.4
meth:DMPK,methylation,0.0020170306605804297,9,0.18
expr:TUBB2A,expression,0.0020158919505774975,6,0.12
expr:CCDC152,expression,0.002015581635896524,40,0.8
expr:ZNF729,expression,0.0020139927343864527,7,0.14
meth:HEXA,methylation,0.002013816431696926,7,0.14
expr:TROAP,expression,0.0020119218776623407,3,0.06
expr:SRD5A1,expression,0.0020089827788372836,15,0.3
expr:LCP1,expression,0.0020054732620551742,17,0.34
expr:APOL3,expression,0.002005342902460446,30,0.6
meth:RASIP1,methylation,0.0020045671603995665,29,0.58
meth:PDLIM3,methylation,0.002004113186558243,8,0.16
expr:SEMG2,expression,0.002002319088205695,1,0.02
expr:DLGAP2,expression,0.0020002906676381826,1,0.02
meth:LIPI,methylation,0.0020001871550145247,48,0.96
expr:MBNL3,expression,0.0019992453813114587,17,0.34
meth:PRDM1,methylation,0.001998028432717547,10,0.2
expr:XKR7,expression,0.001997321639518144,34,0.68
expr:IL11,expression,0.001995947057642325,33,0.66
expr:NFATC2,expression,0.001995166906086292,47,0.94
meth:SMC5,methylation,0.00199432869807684,21,0.42
meth:JSRP1,methylation,0.0019942625326802954,50,1.0
expr:ENPP6,expression,0.0019923594469825425,3,0.06
meth:OSR1,methylation,0.0019921816419810057,2,0.04
expr:ABCA3,expression,0.0019906706584151834,8,0.16
meth:FOLR1,methylation,0.0019899073901564574,43,0.86
meth:PCDHGA7,methylation,0.0019897291931556538,12,0.24
expr:SLC24A2,expression,0.001989708747714758,1,0.02
expr:OSBPL1A,expression,0.001985097648170979,23,0.46
meth:CYP26C1,methylation,0.0019845846885194383,6,0.12
meth:SEMA6B,methylation,0.0019829099213606433,38,0.76
expr:C11orf45,expression,0.0019829026813998722,19,0.38
expr:GRK1,expression,0.0019825836144653814,21,0.42
meth:NUPL1,methylation,0.0019798946018601137,31,0.62
meth:AFG3L1,methylation,0.001979323476552963,5,0.1
meth:AGPAT2,methylation,0.0019792902875570176,23,0.46
meth:USP28,methylation,0.0019789142021909355,50,1.0
expr:PCBP3,expression,0.0019757749202350774,6,0.12
meth:PRLH,methylation,0.0019713963043787295,42,0.84
expr:LGALS9,expression,0.001971386062602202,12,0.24
expr:RAC2,expression,0.001970288110896945,8,0.16
meth:C3orf43,methylation,0.001970206154510379,1,0.02
meth:CXCR1,methylation,0.0019652498123268114,29,0.58
meth:LIPH,methylation,0.0019644927233457565,2,0.04
meth:PRHOXNB,methylation,0.0019640788338316875,48,0.96
expr:GTSE1,expression,0.001962867501953786,11,0.22
expr:FAM181B,expression,0.0019596347119659185,1,0.02
expr:PXDNL,expression,0.0019585332600399854,10,0.2
meth:TMEM176A,methylation,0.0019571970915421844,5,0.1
expr:TMEM225B,expression,0.0019567979280786267,46,0.92
meth:LOC645752,methylation,0.0019567700532766488,13,0.26
meth:TRDMT1,methylation,0.0019548419665585716,46,0.92
meth:BMP2,methylation,0.001952033257111907,1,0.02
meth:FNDC4,methylation,0.0019508985902315804,7,0.14
expr:THRB,expression,0.0019506621174514294,2,0.04
meth:RNASE8,methylation,0.00194803722710772,11,0.22
expr:FAM110C,expression,0.0019473291024388302,21,0.42
meth:LOC100292680,methylation,0.0019469360025444378,24,0.48
expr:SH3BP5,expression,0.0019431458415717564,11,0.22
expr:HDGFL1,expression,0.0019414510380011052,50,1.0
expr:ALDH1A2,expression,0.0019412887695943936,50,1.0
expr:RAB5IF,expression,0.0019412397717436154,3,0.06
expr:ACTL6B,expression,0.0019398884018993982,42,0.84
meth:FAM102A,methylation,0.0019377203920157627,50,1.0
meth:CALB1,methylation,0.001932933261351926,7,0.14
meth:PGBD5,methylation,0.001926274533616379,8,0.16
meth:KBTBD10,methylation,0.0019256478699389845,39,0.78
meth:HSP90B3P,methylation,0.0019252677130597558,11,0.22
expr:B3GNT4,expression,0.0019244890665868297,50,1.0
meth:KRT78,methylation,0.0019235354848206043,4,0.08
meth:MOV10,methylation,0.0019219777313992381,8,0.16
expr:PITPNM2,expression,0.001919066715054214,25,0.5
expr:STAC2,expression,0.0019168660510331392,4,0.08
expr:LONRF2,expression,0.0019129323307424783,10,0.2
meth:S1PR1,methylation,0.0019112378358840942,1,0.02
meth:ATG9B,methylation,0.0019092579475707477,36,0.72
meth:GPBAR1,methylation,0.0019041926934733056,32,0.64
expr:PDF,expression,0.0019040131737710908,32,0.64
meth:SCGN,methylation,0.001903472706076822,35,0.7
expr:CITED4,expression,0.0019029695249628276,8,0.16
meth:S100P,methylation,0.0019025096553377807,4,0.08
meth:CYP4B1,methylation,0.0019010140909813344,10,0.2
expr:ADAMTS18,expression,0.0018979271371790674,8,0.16
expr:CYBRD1,expression,0.0018973690942705919,12,0.24
expr:C1orf105,expression,0.001896956845303066,40,0.8
expr:RIMS1,expression,0.00189348089043051,1,0.02
meth:SNORA53,methylation,0.0018931649151611432,29,0.58
expr:ADAT3,expression,0.0018914222174013654,30,0.6
expr:PGLYRP2,expression,0.0018898888333933428,50,1.0
expr:VTN,expression,0.0018882635631598532,12,0.24
expr:ARPP21,expression,0.0018871240220808734,6,0.12
expr:GALR1,expression,0.0018797814846038818,1,0.02
meth:TGM1,methylation,0.0018752744607627393,25,0.5
meth:CTPS,methylation,0.0018730876285449735,14,0.28
meth:KLHL21,methylation,0.0018729550065472722,2,0.04
expr:LHX1,expression,0.0018728308237364723,9,0.18
expr:PRAME,expression,0.0018717258436871426,14,0.28
expr:CELF4,expression,0.0018716069683986938,42,0.84
expr:MAGEB2,expression,0.0018708438922961552,3,0.06
expr:LRIT3,expression,0.0018707527144050057,11,0.22
meth:DRD4,methylation,0.0018705022521317005,1,0.02
expr:PLEKHA4,expression,0.0018694244014720123,15,0.3
expr:NR3C1,expression,0.0018668386823264883,20,0.4
expr:UGT2B11,expression,0.0018655377336674267,9,0.18
meth:FAM13A,methylation,0.0018654586830442505,42,0.84
expr:TACC2,expression,0.001864627469331026,4,0.08
meth:VAMP2,methylation,0.0018642074816549818,6,0.12
expr:PCSK1,expression,0.0018630195852546464,21,0.42
meth:CYP2C18,methylation,0.0018593053204110927,45,0.9
meth:ZNF699,methylation,0.0018583332421258092,1,0.02
meth:SLC13A1,methylation,0.0018582402675140959,48,0.96
meth:C19orf60,methylation,0.0018578649032860994,1,0.02
expr:BCL2,expression,0.0018569912266684697,40,0.8
expr:CPS1,expression,0.001856559443695005,16,0.32
expr:RGPD8,expression,0.0018546610704756209,7,0.14
meth:C9orf24,methylation,0.0018534355258452706,16,0.32
meth:SH2D4B,methylation,0.0018516859660545986,15,0.3
meth:UCA1,methylation,0.0018499284237623215,25,0.5
expr:PKMYT1,expression,0.0018493799596197074,9,0.18
expr:ZNF470,expression,0.0018480670405551791,2,0.04
expr:AC092042.3,expression,0.0018480625003576279,1,0.02
meth:KIF12,methylation,0.0018470123983346499,13,0.26
meth:SNORA63,methylation,0.001846454106271267,2,0.04
expr:BRS3,expression,0.0018461530562490225,2,0.04
expr:PDC,expression,0.0018459920538589358,2,0.04
expr:HES5,expression,0.0018444782846407698,28,0.56
expr:ARHGEF6,expression,0.001843348378315568,42,0.84
meth:IGFN1,methylation,0.001842677258537151,8,0.16
meth:EPHA2,methylation,0.0018394598737359047,6,0.12
expr:LIFR,expression,0.0018379586787583928,12,0.24
expr:ADIPOQ,expression,0.0018374285039802392,18,0.36
expr:SNPH,expression,0.0018370330799371004,1,0.02
expr:GVQW3,expression,0.0018366817384958267,1,0.02
meth:MGC16703,methylation,0.0018362012080615387,10,0.2
expr:SLC23A1,expression,0.001833081421283807,47,0.94
expr:ZNF610,expression,0.001832832973117807,7,0.14
expr:CR2,expression,0.0018277451279573142,20,0.4
meth:LIN7A,methylation,0.0018254093592986465,1,0.02
expr:MMRN1,expression,0.0018225625201868003,17,0.34
expr:ZFP2,expression,0.001819424145982008,11,0.22
meth:TNP1,methylation,0.0018186745932325722,5,0.1
expr:PCDHA2,expression,0.0018178411293774844,5,0.1
meth:LDB3,methylation,0.001817568438127637,6,0.12
meth:WFDC6,methylation,0.0018174537856663977,7,0.14
meth:TRPM6,methylation,0.0018172041513025762,5,0.1
meth:ZNF763,methylation,0.001816493459045887,1,0.02
expr:HOXA11,expression,0.0018160213168646972,22,0.44
meth:SMTNL1,methylation,0.0018152473057853058,41,0.82
expr:RGS8,expression,0.0018152191769331694,5,0.1
meth:PATE4,methylation,0.0018134980152050655,3,0.06
meth:LOC91450,methylation,0.0018126230736795282,28,0.56
meth:MYOM1,methylation,0.0018117277528896618,24,0.48
meth:SLC16A7,methylation,0.0018105568597093225,1,0.02
meth:SERPINF1,methylation,0.0018100215122103692,10,0.2
expr:CLUL1,expression,0.0018098644174945851,15,0.3
meth:ZNF98,methylation,0.0018083660552899042,15,0.3
expr:B3GALT1,expression,0.0018068742846432877,19,0.38
expr:OBSL1,expression,0.0018036692830113072,3,0.06
expr:RGS7,expression,0.001802082173526287,1,0.02
meth:SHC1,methylation,0.0018000798299908638,14,0.28
meth:C10orf91,methylation,0.0017995894304476678,16,0.32
meth:PLAC9,methylation,0.0017958655595206297,13,0.26
meth:CST9L,methylation,0.001794430062485238,30,0.6
expr:MARCO,expression,0.001793592469766736,1,0.02
expr:FEV,expression,0.0017923115451327141,17,0.34
expr:AQP6,expression,0.001792245419122852,13,0.26
expr:PCDH15,expression,0.0017900248885780456,8,0.16
meth:CBLN3,methylation,0.0017851912416517735,6,0.12
expr:MDFI,expression,0.0017836904153227806,3,0.06
expr:KRT15,expression,0.0017814172121385734,3,0.06
expr:SLC6A11,expression,0.0017812035691279632,13,0.26
expr:RAB31,expression,0.0017794386173288028,6,0.12
meth:S100A8,methylation,0.0017793769707325205,29,0.58
meth:STEAP2,methylation,0.001779136378900148,12,0.24
meth:MIR634,methylation,0.0017764540389180183,1,0.02
expr:SLC1A4,expression,0.001776449104399057,41,0.82
meth:MSLN,methylation,0.0017757985647767782,50,1.0
expr:COL20A1,expression,0.0017757711466401815,8,0.16
meth:TMEM88,methylation,0.0017756330867996438,20,0.4
expr:ARL4D,expression,0.001775400131009519,1,0.02
expr:WDR38,expression,0.001769644281012006,8,0.16
meth:SCUBE2,methylation,0.0017691972145043751,34,0.68
meth:KIAA1462,methylation,0.0017688508766392867,6,0.12
expr:LRRC55,expression,0.0017673720325216311,11,0.22
meth:C19orf71,methylation,0.0017669979121516615,36,0.72
meth:HPS1,methylation,0.001766202543097149,35,0.7
meth:IGSF21,methylation,0.0017660063070555527,3,0.06
meth:MYEOV,methylation,0.0017659773584455252,2,0.04
meth:KRTAP2-1,methylation,0.001764574833214283,5,0.1
expr:BICC1,expression,0.001764345564879477,1,0.02
expr:ADRA2A,expression,0.0017637279109164541,14,0.28
expr:HK3,expression,0.0017592922085896134,1,0.02
meth:NDUFB6,methylation,0.0017578797868918628,50,1.0
meth:NCOA4,methylation,0.0017557713901624084,5,0.1
meth:PCDHA11,methylation,0.001753806779363557,23,0.46
expr:SYCP3,expression,0.0017518401982670184,48,0.96
expr:PHACTR1,expression,0.0017516922205686569,5,0.1
expr:SKIL,expression,0.0017514453502371907,2,0.04
expr:NET1,expression,0.0017512900521978736,1,0.02
meth:AGPS,methylation,0.0017482509836554527,5,0.1
meth:EPS8L1,methylation,0.0017469115708464461,19,0.38
meth:NCRNA00113,methylation,0.00174621742189629,8,0.16
expr:LGR5,expression,0.0017460091214161367,10,0.2
meth:GPR77,methylation,0.0017458273796364665,1,0.02
meth:SAMD7,methylation,0.0017442249518353492,26,0.52
expr:PLEKHS1,expression,0.0017416635528206825,6,0.12
meth:FPR3,methylation,0.0017403141024433786,42,0.84
expr:RTP3,expression,0.0017401351360604167,2,0.04
meth:SNORD114-21,methylation,0.0017389573990122269,19,0.38
expr:ARHGDIB,expression,0.0017369364832120482,32,0.64
meth:C11orf94,methylation,0.0017364908758874822,23,0.46
expr:FAM89A,expression,0.001735213144759958,6,0.12
expr:PTPN22,expression,0.0017350598936900496,8,0.16
meth:FOXE1,methylation,0.001733235432766378,18,0.36
meth:TCF23,methylation,0.001731823431327939,4,0.08
expr:FCRLA,expression,0.0017317776518845649,33,0.66
expr:TMEM132A,expression,0.0017313522228505462,20,0.4
expr:LDLRAD3,expression,0.0017302190535701811,22,0.44
meth:TKT,methylation,0.001730087969917804,16,0.32
expr:SLC7A9,expression,0.0017297582235187292,1,0.02
expr:CNKSR3,expression,0.0017267303233633616,28,0.56
meth:TNFRSF17,methylation,0.0017260112799704075,4,0.08
expr:ICAM5,expression,0.0017245948353471856,6,0.12
expr:CYP3A4,expression,0.0017244762449990958,25,0.5
meth:C1orf74,methylation,0.0017231666366569697,25,0.5
meth:CCDC135,methylation,0.0017216616293548473,14,0.28
expr:SLC7A8,expression,0.0017177589470520616,1,0.02
meth:CCIN,methylation,0.0017156543908640742,1,0.02
meth:S100A1,methylation,0.0017151032385299913,40,0.8
meth:STMN4,methylation,0.0017145040546893142,8,0.16
meth:WSCD1,methylation,0.0017132487846538424,1,0.02
meth:MIR548Q,methylation,0.0017093138303607702,27,0.54
meth:GNAT1,methylation,0.0017085089488925102,30,0.6
meth:UCN,methylation,0.0017073968425393104,5,0.1
meth:PRR25,methylation,0.001706933496858586,11,0.22
expr:LRRC8C,expression,0.0017065388750971148,19,0.38
expr:CPA3,expression,0.001705531170591712,10,0.2
expr:PCDHAC1,expression,0.001703734160400927,8,0.16
expr:DRAM1,expression,0.001702723978087306,5,0.1
expr:NCBP2L,expression,0.0017017094660938406,15,0.3
meth:PLEKHG7,methylation,0.0017013410106301308,11,0.22
meth:FUT11,methylation,0.0017010519513860345,1,0.02
expr:SKP2,expression,0.001700018289160322,11,0.22
expr:PTPRZ1,expression,0.001698360196314752,1,0.02
meth:MYO18B,methylation,0.001696754654403776,16,0.32
expr:TRPM6,expression,0.0016962775428380286,7,0.14
meth:STAT4,methylation,0.0016951131480957636,22,0.44
expr:ZNF829,expression,0.0016931993886828423,2,0.04
meth:EMP3,methylation,0.001692417252343148,8,0.16
meth:COPZ2,methylation,0.001692257123067975,2,0.04
meth:RPL31,methylation,0.001691679283145017,28,0.56
expr:SIDT1,expression,0.0016901447554118932,30,0.6
meth:MIR580,methylation,0.0016874439278317074,31,0.62
expr:RNFT2,expression,0.0016872170575273533,6,0.12
meth:CTXN3,methylation,0.001687060543594675,9,0.18
meth:PIWIL2,methylation,0.0016865727745673873,11,0.22
meth:WNT8A,methylation,0.001686355657875538,5,0.1
meth:ZNF750,methylation,0.0016846401267684996,22,0.44
meth:RAB36,methylation,0.0016806921921670437,3,0.06
expr:KLK2,expression,0.0016793154645711184,8,0.16
meth:SLC40A1,methylation,0.0016779240686446428,2,0.04
meth:DIO1,methylation,0.0016703361955781777,6,0.12
meth:FAM131A,methylation,0.0016682100725698876,11,0.22
expr:FCRL1,expression,0.0016675125732417068,31,0.62
expr:INPP4B,expression,0.001667472583420099,47,0.94
meth:NRN1,methylation,0.0016659348038956523,1,0.02
expr:IFI35,expression,0.0016645091448233209,22,0.44
meth:SPON2,methylation,0.0016631257245675302,26,0.52
expr:ADM,expression,0.0016622590996763285,17,0.34
expr:NR4A2,expression,0.001661918173340382,10,0.2
meth:CXCR5,methylation,0.001660204182068507,3,0.06
expr:RRH,expression,0.0016577148344367743,1,0.02
expr:COL6A6,expression,0.0016571454252698459,48,0.96
meth:TNNT2,methylation,0.0016562449326738716,50,1.0
expr:CFB,expression,0.0016560340591240674,4,0.08
meth:PHLDB1,methylation,0.0016550823347643018,16,0.32
meth:SNORA27,methylation,0.001652679967016659,11,0.22
expr:EMX1,expression,0.001652210438762614,42,0.84
meth:NCOR2,methylation,0.0016514166141860186,50,1.0
meth:AMN,methylation,0.0016513981390744448,2,0.04
expr:PIMREG,expression,0.0016498376565453198,35,0.7
meth:PRRT3,methylation,0.0016496425243810965,13,0.26
expr:MAFA,expression,0.0016475580632686615,15,0.3
meth:WDR67,methylation,0.001645712647587061,28,0.56
expr:PKHD1,expression,0.0016436513978987932,1,0.02
expr:PDZD7,expression,0.0016431915150447326,11,0.22
expr:CLDN9,expression,0.0016414749436080456,35,0.7
meth:NEURL3,methylation,0.0016409855352008138,29,0.58
meth:SNORD94,methylation,0.0016406186438292605,22,0.44
meth:CD151,methylation,0.0016381395364399342,17,0.34
meth:ANKS4B,methylation,0.0016369018703699112,6,0.12
meth:ALX1,methylation,0.0016365548499914654,17,0.34
expr:BTG2,expression,0.001635307875694707,50,1.0
meth:SLFNL1,methylation,0.0016351254540495574,50,1.0
meth:PCDHGB2,methylation,0.0016343243834045199,18,0.36
expr:SLC25A35,expression,0.001634118731148661,31,0.62
expr:CADM1,expression,0.0016325181786669418,2,0.04
meth:S100A9,methylation,0.0016311285499897269,9,0.18
meth:NCRUPAR,methylation,0.0016297590840179976,37,0.74
meth:SLMO2,methylation,0.001626805653079198,13,0.26
expr:ASB4,expression,0.0016265809535980225,3,0.06
meth:HPGDS,methylation,0.0016264468198642136,10,0.2
meth:DAB2IP,methylation,0.0016234716257223715,26,0.52
meth:HCCA2,methylation,0.0016196959962447484,6,0.12
expr:CD300LG,expression,0.0016182214776006509,49,0.98
expr:LINC00634,expression,0.001617978501599282,42,0.84
expr:C8orf37,expression,0.001617907179024769,16,0.32
expr:IL21,expression,0.0016150474125011401,33,0.66
meth:PDE10A,methylation,0.0016145005938597023,4,0.08
meth:BEST2,methylation,0.00161419447183355,44,0.88
expr:TTC34,expression,0.0016134389443323016,18,0.36
meth:SELE,methylation,0.0016096079208788676,48,0.96
meth:FERD3L,methylation,0.0016063728059331577,3,0.06
expr:PPP1R1C,expression,0.001605632365681231,1,0.02
expr:AL117339.4,expression,0.0016040646781524022,3,0.06
meth:ATP1B2,methylation,0.0016034005675464869,1,0.02
meth:ACSF2,methylation,0.001603339915163815,1,0.02
expr:PFKFB1,expression,0.0016027563533773928,33,0.66
expr:SLC16A12,expression,0.0016023437364776506,41,0.82
meth:LOC90110,methylation,0.0016022349009290338,2,0.04
meth:OR52B2,methylation,0.0016011070692911744,1,0.02
meth:OR4N5,methylation,0.0015994854038581252,1,0.02
expr:ACSS1,expression,0.0015986494416008806,9,0.18
expr:CORO2A,expression,0.0015985494246706367,2,0.04
expr:KLKB1,expression,0.0015981135657057166,1,0.02
meth:PRM3,methylation,0.0015965029209231336,27,0.54
meth:P2RX2,methylation,0.0015950303757563233,5,0.1
meth:IL31RA,methylation,0.0015929208311717957,42,0.84
expr:HR,expression,0.001591280975844711,33,0.66
meth:ZNF232,methylation,0.0015903577441349626,2,0.04
expr:EPOP,expression,0.0015886364271864295,2,0.04
meth:LOC402377,methylation,0.0015877960249781609,3,0.06
expr:ACOT4,expression,0.0015871325740590692,32,0.64
meth:BAX,methylation,0.0015863371891100542,16,0.32
meth:LOC152225,methylation,0.0015862715437025246,18,0.36
expr:MNS1,expression,0.0015845472837099806,10,0.2
expr:HJURP,expression,0.0015835080994293094,8,0.16
meth:C16orf45,methylation,0.0015833959983223502,34,0.68
meth:TGM7,methylation,0.0015786989242769778,8,0.16
expr:CPNE4,expression,0.001578091992996633,2,0.04
meth:BANK1,methylation,0.0015777937847555482,28,0.56
meth:NDST4,methylation,0.0015775079373270273,6,0.12
meth:C15orf62,methylation,0.0015756855053561075,7,0.14
meth:SCAPER,methylation,0.0015746228432712646,13,0.26
expr:LDHB,expression,0.001573073328472674,2,0.04
meth:KIAA0182,methylation,0.0015728666097857059,30,0.6
expr:WT1,expression,0.0015716589374565764,19,0.38
meth:LEF1,methylation,0.001571555466701587,3,0.06
meth:EMP1,methylation,0.001571494050870609,46,0.92
meth:NUDT16,methylation,0.0015712665626779199,1,0.02
expr:KLHL13,expression,0.0015702470554970205,4,0.08
expr:ZNF367,expression,0.0015698630595579743,1,0.02
meth:GJB3,methylation,0.0015698284176843508,7,0.14
expr:TLR10,expression,0.001568893559742719,50,1.0
expr:VGF,expression,0.0015686930052470416,50,1.0
meth:SCGB3A2,methylation,0.001567857236497932,9,0.18
expr:SNTN,expression,0.0015633928123861551,10,0.2
expr:RBM24,expression,0.0015629936741398914,7,0.14
expr:APOF,expression,0.0015593346822330909,31,0.62
expr:SLC6A8,expression,0.001557257619320548,35,0.7
expr:TLE1,expression,0.0015558816259726882,20,0.4
meth:LEUTX,methylation,0.001555530121549964,1,0.02
expr:WNT1,expression,0.0015510675854914422,28,0.56
meth:AIF1L,methylation,0.0015510150322890176,28,0.56
expr:CACNA1D,expression,0.0015495664477851744,37,0.74
meth:SLC35F1,methylation,0.0015483313472941518,2,0.04
meth:MYBPC3,methylation,0.0015475153340958059,16,0.32
meth:TCP10L,methylation,0.001547213538287906,48,0.96
expr:CD320,expression,0.0015467705837051784,7,0.14
meth:SERPINA3,methylation,0.0015400967095047235,1,0.02
meth:LUC7L,methylation,0.0015383388148620726,35,0.7
meth:RAB6B,methylation,0.001537575270049274,1,0.02
meth:DKFZP686I15217,methylation,0.001537264441139996,5,0.1
meth:RFPL2,methylation,0.0015363736882656148,28,0.56
meth:MBNL2,methylation,0.0015349173918366432,5,0.1
meth:BMP6,methylation,0.001533647533506155,1,0.02
expr:FASLG,expression,0.0015315882001931851,13,0.26
expr:SEMA3E,expression,0.0015309402951970696,11,0.22
expr:ADAMTS9,expression,0.0015299776569008827,2,0.04
meth:LOC100128071,methylation,0.0015280781080946326,2,0.04
meth:GCET2,methylation,0.001528010580740455,36,0.72
expr:GPA33,expression,0.001525461052369792,40,0.8
meth:LOC26102,methylation,0.001524566630832851,50,1.0
meth:RAB12,methylation,0.0015224896164404021,9,0.18
expr:IKZF3,expression,0.0015224296395899728,40,0.8
meth:THRSP,methylation,0.001518102246336639,1,0.02
meth:CETP,methylation,0.001517239617756926,13,0.26
expr:TMEM249,expression,0.0015162698303659756,3,0.06
expr:GREB1L,expression,0.0015149682831878846,13,0.26
expr:VEGFD,expression,0.0015133619929353396,15,0.3
meth:ALDH8A1,methylation,0.0015133615323028775,49,0.98
meth:LCNL1,methylation,0.0015121787796488206,48,0.96
expr:CHIT1,expression,0.0015097081971665223,3,0.06
meth:LRFN4,methylation,0.0015078132855705917,18,0.36
meth:KRT31,methylation,0.001507062652229291,23,0.46
expr:MS4A8,expression,0.001506952478343414,36,0.72
meth:CYTIP,methylation,0.0015068635111674666,1,0.02
meth:SCRT1,methylation,0.001504335685500077,7,0.14
expr:CCNE1,expression,0.001503479016140442,11,0.22
meth:MYL10,methylation,0.0015033460734412073,25,0.5
meth:FUT5,methylation,0.0015028635233258164,28,0.56
meth:RAPSN,methylation,0.0015024726302120446,48,0.96
expr:PRR20G,expression,0.0015019256621599197,15,0.3
meth:MIR455,methylation,0.0015019046460600714,26,0.52
meth:UGT1A3,methylation,0.0014999131672084332,4,0.08
expr:LRRC2,expression,0.0014975195145234465,50,1.0
meth:LRRN4CL,methylation,0.0014971458920317285,47,0.94
expr:ZNF280A,expression,0.0014967696741223335,5,0.1
meth:MGAT5,methylation,0.0014947005973492816,41,0.82
meth:GPR21,methylation,0.0014938856475055218,7,0.14
expr:SYCE1L,expression,0.0014923150495936472,15,0.3
meth:LMAN1L,methylation,0.0014916337316390126,50,1.0
meth:GPR4,methylation,0.0014914112398400903,1,0.02
expr:EPHB3,expression,0.0014895415864884854,10,0.2
expr:FBXO39,expression,0.0014895099448040128,4,0.08
expr:TAF4B,expression,0.0014883880503475666,2,0.04
meth:SLC26A8,methylation,0.0014882914096233436,40,0.8
expr:NLRP12,expression,0.0014876417505244415,3,0.06
expr:TRAF1,expression,0.0014874194748699665,4,0.08
expr:LYPD6B,expression,0.0014869043370708823,1,0.02
expr:SHCBP1,expression,0.0014859489595477023,23,0.46
expr:IL6ST,expression,0.0014855838676157873,50,1.0
meth:UBL4B,methylation,0.0014838752103969455,2,0.04
meth:SPINK5,methylation,0.0014828482526354492,14,0.28
meth:NAT1,methylation,0.0014804532984271646,2,0.04
expr:HLA-DMA,expression,0.001479453407227993,18,0.36
expr:ACSL5,expression,0.0014782102310185341,43,0.86
expr:ZFP36,expression,0.0014770924774280122,43,0.86
expr:KLHL41,expression,0.0014767100113782692,22,0.44
expr:NEK11,expression,0.0014734798044498479,14,0.28
meth:MRVI1,methylation,0.0014709297481559865,46,0.92
meth:LEFTY2,methylation,0.0014700181717570457,18,0.36
meth:BTBD11,methylation,0.0014688341386405932,31,0.62
expr:WWTR1,expression,0.0014636253578249705,11,0.22
expr:TAT,expression,0.0014633483175809185,21,0.42
meth:PRIMA1,methylation,0.0014631178928539157,2,0.04
meth:SNORA62,methylation,0.0014617217594705936,9,0.18
meth:GPR110,methylation,0.0014613594061561993,7,0.14
meth:NR1H4,methylation,0.0014613046690723614,19,0.38
meth:NHLH1,methylation,0.0014609937643399462,8,0.16
meth:NCAM2,methylation,0.0014591701007608709,29,0.58
meth:SGK1,methylation,0.001458616810850799,1,0.02
meth:FGF2,methylation,0.001458583798791681,14,0.28
meth:GPR111,methylation,0.0014582015573978424,10,0.2
meth:BRF2,methylation,0.0014573707291856408,50,1.0
meth:SVOPL,methylation,0.0014555540761821682,42,0.84
meth:LOC84931,methylation,0.0014549509838356503,7,0.14
meth:SNORA2B,methylation,0.0014541122401299487,35,0.7
expr:SMCO4,expression,0.0014521888640177036,28,0.56
expr:ADA2,expression,0.0014516992786021937,28,0.56
expr:C21orf58,expression,0.0014458306444187958,3,0.06
expr:SH2D1B,expression,0.0014440079685300589,8,0.16
meth:CLRN1OS,methylation,0.0014430712297325953,50,1.0
expr:TJP3,expression,0.0014411661541089416,1,0.02
expr:IL2RB,expression,0.0014411569223739206,30,0.6
expr:SLC16A3,expression,0.0014403100940398872,19,0.38
meth:ZG16B,methylation,0.0014388170608851526,35,0.7
meth:CES3,methylation,0.0014387496456038206,40,0.8
meth:INHBA,methylation,0.0014375667725246223,42,0.84
meth:MAEL,methylation,0.0014370836267646933,14,0.28
meth:IL18,methylation,0.001436058757826686,5,0.1
expr:MGAT5B,expression,0.001435666514391249,11,0.22
meth:S100A13,methylation,0.0014356152317486703,50,1.0
meth:CYP2D6,methylation,0.0014354603830724955,5,0.1
expr:NTF4,expression,0.0014353583101183176,2,0.04
meth:TUBAL3,methylation,0.00143451535735618,22,0.44
meth:LOC286238,methylation,0.0014330048882640063,49,0.98
expr:MYOCD,expression,0.0014327426754829028,23,0.46
expr:SERPINA6,expression,0.0014306194963864983,25,0.5
meth:PAQR7,methylation,0.0014236075318573664,42,0.84
meth:TRPM1,methylation,0.001422184780240059,50,1.0
expr:MEF2B,expression,0.0014212588866939768,8,0.16
expr:NTRK3,expression,0.0014211946038593505,29,0.58
meth:NMUR2,methylation,0.0014199274592101574,10,0.2
meth:MIR365-2,methylation,0.001419005770003423,48,0.96
meth:SCG5,methylation,0.0014187493283922474,45,0.9
meth:NEUROD4,methylation,0.0014180558500811458,1,0.02
expr:LYPD1,expression,0.0014156669915084625,27,0.54
expr:EGR2,expression,0.0014138289837746368,49,0.98
meth:CALML4,methylation,0.0014133726758882403,50,1.0
expr:KLRF1,expression,0.0014121790015277393,47,0.94
meth:FAM83B,methylation,0.0014114246936514975,10,0.2
expr:FOXA1,expression,0.001411274983547628,10,0.2
meth:TAL2,methylation,0.0014107015190853013,9,0.18
meth:DSCR4,methylation,0.0014105794252827764,1,0.02
meth:C1orf65,methylation,0.001407952280715108,1,0.02
meth:SYNPO,methylation,0.001407248146715574,50,1.0
expr:IFITM2,expression,0.001403858242646003,13,0.26
meth:FASTK,methylation,0.0014038355514076689,31,0.62
expr:ZIC4,expression,0.0014008841477334498,5,0.1
expr:SPRR2D,expression,0.0014008639845997095,4,0.08
meth:GNRH2,methylation,0.0014008511131143441,23,0.46
meth:LYZ,methylation,0.0014008140465843358,14,0.28
meth:GIGYF1,methylation,0.0014004081687224762,7,0.14
meth:EGFLAM,methylation,0.0014001703045020502,18,0.36
expr:MAP2K6,expression,0.001399128388318165,41,0.82
meth:EGOT,methylation,0.001399018011094692,36,0.72
meth:DUSP27,methylation,0.0013979021516147881,31,0.62
meth:PCDHB5,methylation,0.0013963038412233193,21,0.42
expr:TRIM36,expression,0.0013942931545898318,2,0.04
expr:MEOX2,expression,0.0013933515874668956,10,0.2
expr:SHROOM3,expression,0.0013930036220699549,1,0.02
meth:PSMB4,methylation,0.001392859381157905,25,0.5
expr:GPD1L,expression,0.0013924794250421903,11,0.22
expr:YES1,expression,0.0013919028453528882,5,0.1
meth:SPATA16,methylation,0.0013917589762165923,34,0.68
expr:PREX2,expression,0.0013915147813219977,28,0.56
meth:OLFML2A,methylation,0.0013905054656788707,2,0.04
meth:VWA3A,methylation,0.0013902660444258682,31,0.62
meth:SNORA71B,methylation,0.0013870879332534968,50,1.0
meth:HSD17B2,methylation,0.0013855334923223214,27,0.54
expr:ZSCAN23,expression,0.0013844181085005403,4,0.08
expr:LRRC37A2,expression,0.0013832362176169856,26,0.52
expr:SH3RF2,expression,0.001382751646451652,5,0.1
expr:OGDHL,expression,0.0013818876759614795,22,0.44
meth:SPERT,methylation,0.0013818548371394475,3,0.06
meth:SFTA2,methylation,0.0013807160779833795,20,0.4
expr:LGALS2,expression,0.0013806998197521483,7,0.14
expr:SPRR1B,expression,0.0013806010441233714,9,0.18
meth:EAPP,methylation,0.0013802861054848998,47,0.94
meth:DEF8,methylation,0.001379513256251812,50,1.0
meth:SEC31B,methylation,0.0013792145618936047,8,0.16
expr:AC013470.2,expression,0.0013758145578322,16,0.32
meth:CD1D,methylation,0.0013742910232394934,2,0.04
expr:ROS1,expression,0.001373854066032971,34,0.68
meth:CDK14,methylation,0.0013723638246063978,49,0.98
expr:APLP1,expression,0.0013719428271643766,36,0.72
meth:LOC100130872,methylation,0.0013714363614437044,37,0.74
expr:SMARCE1,expression,0.0013712378002108177,9,0.18
expr:MCTP1,expression,0.0013711168042694528,27,0.54
expr:EMB,expression,0.0013705783704709676,9,0.18
meth:C11orf16,methylation,0.0013699895183848173,43,0.86
meth:C9orf117,methylation,0.0013688716500503371,49,0.98
meth:COL1A1,methylation,0.0013682745629921556,8,0.16
expr:MATN2,expression,0.0013674154606026908,30,0.6
meth:BMPR1B,methylation,0.0013670056747893493,3,0.06
meth:TRIM63,methylation,0.0013662009732797742,9,0.18
meth:ANK3,methylation,0.0013653014118035296,33,0.66
expr:ZNF382,expression,0.001360884285531938,1,0.02
expr:PEBP4,expression,0.0013601313029149814,14,0.28
meth:SREBF1,methylation,0.0013599537478219117,31,0.62
meth:KRTDAP,methylation,0.001359685164061375,8,0.16
meth:COLEC11,methylation,0.001358272391371429,1,0.02
meth:PABPN1L,methylation,0.0013564019877537106,19,0.38
expr:IFNLR1,expression,0.001355629024328664,15,0.3
expr:N4BP2L1,expression,0.0013536082012499471,44,0.88
expr:AMPH,expression,0.0013529251030247127,14,0.28
meth:LDLRAD1,methylation,0.0013525093604317483,34,0.68
meth:POLR2L,methylation,0.0013509922040005524,6,0.12
meth:RNASEH2C,methylation,0.0013509030686691403,2,0.04
meth:OR8K5,methylation,0.0013507409391670742,11,0.22
expr:GSTM4,expression,0.0013503728958312422,50,1.0
meth:AZU1,methylation,0.001349977466290713,45,0.9
meth:FBLL1,methylation,0.0013497122563421726,3,0.06
meth:ABCC13,methylation,0.0013494414912808377,48,0.96
meth:SHD,methylation,0.0013475194573402405,1,0.02
meth:MIR1246,methylation,0.0013467965472955257,8,0.16
meth:MIR944,methylation,0.001346545487952729,6,0.12
meth:AS3MT,methylation,0.0013458719310749853,14,0.28
meth:C5orf48,methylation,0.0013451360719045624,36,0.72
meth:GLIPR1L1,methylation,0.0013444835785776377,1,0.02
expr:CH25H,expression,0.0013387542816677264,14,0.28
meth:CLIC6,methylation,0.0013382655015448108,8,0.16
expr:PIFO,expression,0.001335899599573829,11,0.22
expr:MYB,expression,0.0013353492416042303,21,0.42
expr:UGCG,expression,0.0013341955874660394,41,0.82
expr:HCN4,expression,0.0013339492536033504,20,0.4
expr:PDCD1LG2,expression,0.0013336023005346457,15,0.3
expr:PRSS27,expression,0.0013331048463250657,38,0.76
meth:GPHA2,methylation,0.0013325026059257132,35,0.7
expr:LCN1,expression,0.001332376166828908,48,0.96
meth:SSNA1,methylation,0.0013320348275426242,35,0.7
meth:ARL4C,methylation,0.0013281297705058628,30,0.6
expr:KIR3DL1,expression,0.0013278207431236904,3,0.06
meth:TMEM213,methylation,0.0013269873850323185,49,0.98
expr:UBA7,expression,0.0013262155169451778,22,0.44
expr:SEMA5B,expression,0.0013261524616513941,38,0.76
meth:LPAR5,methylation,0.0013237053697759454,33,0.66
expr:PROX2,expression,0.001322900884891472,48,0.96
meth:MIR657,methylation,0.001318144283822163,47,0.94
expr:PDE6A,expression,0.0013173810206353665,5,0.1
expr:ECSCR,expression,0.0013162040850147605,1,0.02
expr:NDUFC2,expression,0.0013149192091077566,2,0.04
meth:HTR1F,methylation,0.0013130677952652885,21,0.42
expr:LSAMP,expression,0.0013103491861222532,34,0.68
meth:ANKRD50,methylation,0.001309631619063255,38,0.76
expr:GCSAML,expression,0.0013095491772724523,18,0.36
expr:MBOAT1,expression,0.0013095334276279553,47,0.94
meth:STAB2,methylation,0.0013094694752778327,7,0.14
expr:CENPN,expression,0.00130858228550534,27,0.54
meth:HIST3H2A,methylation,0.0013082258713742096,3,0.06
expr:IGSF10,expression,0.001307063565556226,42,0.84
expr:AMPD1,expression,0.001306896727764979,50,1.0
meth:LOC151300,methylation,0.0013068568077869713,3,0.06
meth:MMP13,methylation,0.0013043576920474017,27,0.54
meth:PCDHGB6,methylation,0.0013027825675505612,35,0.7
expr:GJC3,expression,0.0013025099760852754,13,0.26
expr:PDCD4,expression,0.001301185169722885,47,0.94
meth:MANEAL,methylation,0.001299314021016471,50,1.0
expr:MINDY4,expression,0.0012977225487702526,16,0.32
expr:NT5DC2,expression,0.0012971961308115472,42,0.84
meth:FFAR1,methylation,0.001294317865708413,13,0.26
expr:CASS4,expression,0.0012943103259506945,21,0.42
meth:ACTN2,methylation,0.0012916119303554296,1,0.02
expr:GTSF1L,expression,0.001289998268475756,12,0.24
meth:FAM179A,methylation,0.0012888852409863223,3,0.06
meth:CAPN13,methylation,0.0012888650223612786,50,1.0
meth:KIF25,methylation,0.0012865478421972935,43,0.86
expr:ADH1B,expression,0.001286320482558083,21,0.42
meth:ERRFI1,methylation,0.0012852948469420273,30,0.6
expr:SLC7A5,expression,0.0012839459464885294,35,0.7
expr:ITGA10,expression,0.0012791568657294626,21,0.42
expr:C20orf144,expression,0.0012782099656760693,3,0.06
meth:DNLZ,methylation,0.0012772585838460005,26,0.52
meth:MAPK4,methylation,0.0012769709574058652,1,0.02
expr:PLIN5,expression,0.0012757502320199841,41,0.82
meth:PPY,methylation,0.001275163062888643,23,0.46
meth:HES6,methylation,0.0012745482169769027,11,0.22
expr:CES5A,expression,0.001274319673289678,14,0.28
meth:LOC149620,methylation,0.0012738704681396484,2,0.04
expr:BUB1B,expression,0.0012727988651022315,2,0.04
expr:ADGRE3,expression,0.001272784398966714,19,0.38
expr:PTGDR2,expression,0.0012719642836600542,1,0.02
meth:ZNF829,methylation,0.0012717937034639444,11,0.22
meth:SH3BP4,methylation,0.0012714779242036902,49,0.98
expr:CFAP54,expression,0.0012709720719916125,15,0.3
expr:DIO3,expression,0.0012700305253799473,14,0.28
expr:FCRL2,expression,0.0012679940721552288,35,0.7
meth:MYLK,methylation,0.0012671665247199276,31,0.62
expr:CYP27A1,expression,0.0012642606078380986,7,0.14
meth:SNORA20,methylation,0.0012601908956033489,30,0.6
meth:C1orf125,methylation,0.0012600476620718837,12,0.24
meth:SNORA74A,methylation,0.0012594948937298684,41,0.82
expr:SERPINF1,expression,0.0012592999264597893,1,0.02
expr:PLK1,expression,0.0012580255556496837,42,0.84
expr:C1orf127,expression,0.0012576455483213067,1,0.02
expr:MAK,expression,0.0012562583111790254,19,0.38
meth:CA13,methylation,0.0012559068768664642,27,0.54
meth:PRNP,methylation,0.0012558698155251996,28,0.56
expr:PIF1,expression,0.001251706387847662,4,0.08
expr:MS4A15,expression,0.0012512449674042208,7,0.14
meth:PADI6,methylation,0.0012511350036294637,49,0.98
expr:DHH,expression,0.0012504052137956023,8,0.16
expr:ECI2,expression,0.0012500156881287694,3,0.06
meth:RNF133,methylation,0.0012497413787059485,50,1.0
meth:CDH5,methylation,0.0012484091249379244,11,0.22
expr:C12orf40,expression,0.0012482181694146923,11,0.22
expr:ACRV1,expression,0.001246845595435136,18,0.36
meth:DNAJA4,methylation,0.0012456864351406693,4,0.08
expr:THEMIS,expression,0.0012449686892068712,48,0.96
expr:DMKN,expression,0.0012445957399904728,2,0.04
meth:TMIE,methylation,0.001243258433532901,4,0.08
meth:NCRNA00219,methylation,0.0012431114909657258,49,0.98
meth:GPR115,methylation,0.0012430296977981926,20,0.4
expr:ARG1,expression,0.0012426921166479588,1,0.02
meth:KEL,methylation,0.001241273091485103,3,0.06
meth:SLC35C1,methylation,0.0012411481683375315,50,1.0
expr:COL22A1,expression,0.0012403935460107668,7,0.14
meth:CDK3,methylation,0.0012374233741026658,13,0.26
expr:RNASE6,expression,0.0012356784875289751,13,0.26
meth:HGC6.3,methylation,0.0012355735156367102,41,0.82
meth:USHBP1,methylation,0.0012348375843599612,43,0.86
meth:LRRTM3,methylation,0.0012335318839177488,5,0.1
expr:ANGPTL1,expression,0.001231645745395905,22,0.44
expr:SLC4A7,expression,0.0012312342412769794,15,0.3
meth:BRD4,methylation,0.001230309922248125,50,1.0
expr:TMC5,expression,0.0012297298526391387,1,0.02
expr:AGBL2,expression,0.0012288125633459436,41,0.82
meth:GAL3ST1,methylation,0.0012281851206974285,41,0.82
meth:RPS15AP10,methylation,0.0012277194327907637,4,0.08
meth:KRTAP17-1,methylation,0.001226177638662713,35,0.7
meth:LRRC17,methylation,0.001225472223583837,49,0.98
meth:WSB1,methylation,0.0012226242563753789,49,0.98
meth:FAM180B,methylation,0.00122210021122712,29,0.58
expr:SYT5,expression,0.0012183995473802694,37,0.74
expr:EGR3,expression,0.0012179808964363622,49,0.98
expr:TREML2,expression,0.0012172441735553245,24,0.48
meth:MDFI,methylation,0.0012166359229013324,2,0.04
meth:SYNPO2,methylation,0.0012165233492851257,2,0.04
expr:RGS17,expression,0.0012155291624367237,2,0.04
meth:NECAB2,methylation,0.0012143995554652065,4,0.08
meth:KRTAP5-9,methylation,0.0012141971831927851,48,0.96
expr:PTPRR,expression,0.0012136045843362808,5,0.1
meth:FADD,methylation,0.001212702299069081,28,0.56
expr:LRRC70,expression,0.0012113896511053962,38,0.76
expr:OLFML3,expression,0.0012108985320082866,8,0.16
meth:KRTAP2-4,methylation,0.0012102568936016825,9,0.18
meth:TG,methylation,0.0012095874851144365,46,0.92
expr:MLLT11,expression,0.001207914434662844,37,0.74
meth:ZNF44,methylation,0.0012072358513250947,1,0.02
expr:ZFPM2,expression,0.0012043409806210548,2,0.04
expr:BEND3,expression,0.0012039374038255934,29,0.58
meth:CTNND1,methylation,0.0012037056718406309,46,0.92
expr:FYB2,expression,0.0012026632201227853,17,0.34
expr:CPEB2,expression,0.0012012024235446006,7,0.14
meth:PLA2G4E,methylation,0.001198722000576948,19,0.38
meth:PKD1L3,methylation,0.0011939732383729684,45,0.9
expr:SCUBE2,expression,0.0011934208404272796,50,1.0
meth:C1orf204,methylation,0.0011931929437975798,35,0.7
meth:IL18BP,methylation,0.0011899119171385581,26,0.52
expr:SMOC1,expression,0.001189864706248045,14,0.28
expr:C7,expression,0.0011896202839644892,14,0.28
meth:FABP2,methylation,0.001189186703413725,1,0.02
expr:MARCHF8,expression,0.001188610317926346,11,0.22
expr:ASPHD1,expression,0.0011881514688462226,36,0.72
meth:FBXO41,methylation,0.001186712870063881,30,0.6
meth:MIR874,methylation,0.0011862127514457544,13,0.26
meth:OR13F1,methylation,0.0011848259717226028,5,0.1
meth:HSPB8,methylation,0.0011839835735207255,11,0.22
expr:NACAD,expression,0.0011825489345937967,3,0.06
expr:AC022415.2,expression,0.0011815304460469633,6,0.12
meth:RNF208,methylation,0.0011805846588686109,4,0.08
expr:RHCG,expression,0.001180557006071987,28,0.56
expr:FZD1,expression,0.0011804830812087114,11,0.22
expr:DYNC1I1,expression,0.0011795569444075227,3,0.06
meth:CYTL1,methylation,0.001178537611849606,2,0.04
expr:ECT2,expression,0.001178453559987247,1,0.02
meth:LGALS12,methylation,0.001177098220934914,42,0.84
meth:XIRP1,methylation,0.00117700860242952,11,0.22
expr:PARP14,expression,0.0011770011100452394,30,0.6
meth:MIRLET7G,methylation,0.0011740081298691955,38,0.76
meth:SLC26A3,methylation,0.0011738431712728925,16,0.32
meth:IL17REL,methylation,0.001173614455619827,50,1.0
meth:MFAP2,methylation,0.001173159180698582,39,0.78
meth:ZNF264,methylation,0.0011730139803451797,15,0.3
meth:GNRH1,methylation,0.0011727939243428409,20,0.4
expr:TRIML2,expression,0.0011726814743785842,37,0.74
meth:C1orf59,methylation,0.0011702973861247301,11,0.22
expr:VWA5B2,expression,0.0011678410752210765,10,0.2
meth:ARC,methylation,0.001166930734567965,30,0.6
meth:BCL2L2,methylation,0.0011653429828584194,12,0.24
meth:CRIM1,methylation,0.0011650482139719481,22,0.44
expr:LGALS9B,expression,0.0011637771635183267,7,0.14
meth:HBZ,methylation,0.001163185500031845,11,0.22
meth:C3orf63,methylation,0.0011631629895418882,2,0.04
meth:MIR24-1,methylation,0.0011610613208066559,33,0.66
meth:KRTAP5-5,methylation,0.0011609295615926385,2,0.04
expr:AR,expression,0.001160460989922285,4,0.08
meth:C7orf53,methylation,0.0011592832344927285,38,0.76
expr:IL1RL2,expression,0.0011584996245801449,1,0.02
expr:RASSF9,expression,0.0011528721168780555,13,0.26
meth:C17orf93,methylation,0.0011508949655329897,21,0.42
expr:MROH8,expression,0.0011503892716119121,33,0.66
meth:C5orf4,methylation,0.001150138277028288,7,0.14
expr:SLURP1,expression,0.0011488251108676196,50,1.0
meth:SPINK7,methylation,0.0011482234089635313,50,1.0
expr:GJB5,expression,0.0011464195180451498,20,0.4
meth:CACNG6,methylation,0.001145013840869069,1,0.02
expr:CCR6,expression,0.0011435233531561348,28,0.56
meth:CMYA5,methylation,0.001143277680967003,16,0.32
expr:FCGRT,expression,0.001141411904245615,5,0.1
expr:CCL21,expression,0.0011371162159330382,49,0.98
meth:WHAMM,methylation,0.0011367112760328583,45,0.9
expr:RSPH4A,expression,0.0011351348591908332,31,0.62
meth:ZNF532,methylation,0.0011350757512263955,50,1.0
meth:SNORA52,methylation,0.0011342568988246577,7,0.14
expr:SLC9A5,expression,0.001134035352151841,10,0.2
expr:IGSF6,expression,0.0011328705586493015,4,0.08
meth:SNORD1B,methylation,0.0011316551826894283,2,0.04
meth:KRT13,methylation,0.0011305982140280928,36,0.72
expr:ZNF175,expression,0.0011302142744310773,13,0.26
expr:AGXT2,expression,0.0011301182676106691,8,0.16
meth:C21orf129,methylation,0.001129375726722696,47,0.94
meth:CACNG8,methylation,0.0011292176463434265,18,0.36
meth:SACS,methylation,0.0011286574105421703,3,0.06
meth:UPP1,methylation,0.0011247825407190248,50,1.0
meth:GZF1,methylation,0.0011236105230636895,10,0.2
expr:A4GALT,expression,0.0011233849024089675,3,0.06
expr:RAB38,expression,0.0011224561021663249,2,0.04
expr:CFAP161,expression,0.001120676396217627,13,0.26
expr:PCK1,expression,0.0011200553271919489,4,0.08
expr:TCEAL1,expression,0.0011199364671483636,1,0.02
expr:TMEM156,expression,0.0011184074191987747,48,0.96
expr:NDUFV2,expression,0.001116635658862916,11,0.22
expr:OTX1,expression,0.0011164716561324894,8,0.16
expr:SPTBN2,expression,0.001116241635331376,11,0.22
expr:CLIP3,expression,0.0011161925503984094,1,0.02
meth:KLHL30,methylation,0.0011144629356244372,18,0.36
meth:C4BPA,methylation,0.0011137289790591847,24,0.48
expr:FOXD1,expression,0.0011133865220472217,25,0.5
expr:ANKH,expression,0.0011132871233192937,7,0.14
meth:LCN12,methylation,0.001113259233534336,1,0.02
expr:ACADL,expression,0.0011113806561167752,7,0.14
meth:CRLF3,methylation,0.0011098750454204326,44,0.88
expr:PTCH2,expression,0.0011098095814564399,14,0.28
expr:KRT37,expression,0.0011096257775863433,47,0.94
expr:NPAS4,expression,0.0011082441778853536,2,0.04
expr:TOX3,expression,0.0011081131330380838,3,0.06
expr:SLC14A1,expression,0.0011060775240308584,47,0.94
meth:PODNL1,methylation,0.0011040795475199092,41,0.82
meth:SLC22A14,methylation,0.0011038086059587922,22,0.44
expr:MZB1,expression,0.001103762397542596,10,0.2
meth:ANTXRL,methylation,0.0011036401106552644,22,0.44
meth:CACNA2D4,methylation,0.0011035195795837073,26,0.52
meth:DSG1,methylation,0.001103120340202521,36,0.72
meth:KRT34,methylation,0.0011030007099179784,16,0.32
expr:REX1BD,expression,0.0011027210857719183,1,0.02
meth:PYGM,methylation,0.00110013695404632,50,1.0
expr:CPED1,expression,0.0011000590748153627,20,0.4
meth:SLC5A12,methylation,0.0010988694848492742,2,0.04
expr:NEK10,expression,0.0010984079112859035,32,0.64
expr:APOD,expression,0.0010980683038252646,27,0.54
expr:ENPP2,expression,0.0010979350656270981,15,0.3
meth:PRSSL1,methylation,0.0010949833085760474,2,0.04
meth:TFPI2,methylation,0.001094886991527996,14,0.28
meth:LOC285847,methylation,0.001094122503504709,27,0.54
expr:NXPH4,expression,0.0010938350729142816,39,0.78
expr:LAD1,expression,0.0010936487941881237,23,0.46
meth:LCK,methylation,0.0010918456759742077,17,0.34
expr:IL17B,expression,0.0010915567787985008,3,0.06
expr:TNS1,expression,0.0010914096783380955,8,0.16
expr:TEX52,expression,0.001089917728677392,2,0.04
expr:TNN,expression,0.0010889010451501236,50,1.0
expr:DHCR24,expression,0.0010888385752748167,7,0.14
expr:NPR3,expression,0.0010884884589662154,6,0.12
expr:ITIH1,expression,0.001086864247918129,30,0.6
meth:SLC25A34,methylation,0.0010867479234753597,31,0.62
expr:ANKRD35,expression,0.0010864220093935728,4,0.08
meth:NFAM1,methylation,0.0010859779111342504,20,0.4
meth:SH3BGRL3,methylation,0.0010848767069546739,32,0.64
meth:RPL13AP17,methylation,0.0010847063143349562,24,0.48
meth:PCDHGA5,methylation,0.0010846882543869708,19,0.38
expr:MYO1A,expression,0.0010844540083780885,1,0.02
meth:GLYATL1,methylation,0.001084046399531265,12,0.24
meth:PLEKHB1,methylation,0.0010832019615918398,7,0.14
meth:SNORD59B,methylation,0.001081237060457675,45,0.9
meth:MS4A12,methylation,0.0010796049027703702,16,0.32
meth:PAX2,methylation,0.0010790040250867605,4,0.08
meth:FXYD1,methylation,0.0010774072725325823,23,0.46
meth:TMEM95,methylation,0.0010771906708140632,37,0.74
meth:ADH1A,methylation,0.001077102617100103,42,0.84
meth:ZFP14,methylation,0.0010769736507664556,23,0.46
expr:HLA-DPB1,expression,0.0010761621408164502,10,0.2
meth:TNFSF13,methylation,0.0010750168751526093,28,0.56
expr:GPR173,expression,0.0010739460121840239,2,0.04
expr:RIPOR3,expression,0.0010722502394436072,26,0.52
meth:CA9,methylation,0.001072208493259614,46,0.92
meth:CRYGS,methylation,0.0010720965679195758,19,0.38
meth:HDC,methylation,0.0010719282547646063,47,0.94
meth:LOC100190938,methylation,0.001071637211781409,9,0.18
expr:MED1,expression,0.0010700805578380823,1,0.02
meth:KCTD4,methylation,0.0010696453362470492,20,0.4
meth:CARD9,methylation,0.001068584593012929,50,1.0
meth:C13orf26,methylation,0.0010685551510606374,45,0.9
expr:CHAC1,expression,0.0010679676595732178,38,0.76
meth:KRTAP20-4,methylation,0.0010674238825837772,12,0.24
meth:NFATC1,methylation,0.0010666921971278498,16,0.32
meth:KCNJ13,methylation,0.001066487398929894,8,0.16
meth:CLDN8,methylation,0.0010664555940162787,47,0.94
expr:FLT3LG,expression,0.0010662174059285058,9,0.18
meth:PLEKHA6,methylation,0.00106428961874411,46,0.92
expr:C2orf50,expression,0.0010626224466250278,35,0.7
meth:FAM193B,methylation,0.0010608539273759918,46,0.92
expr:NIBAN1,expression,0.0010581464390270411,35,0.7
expr:TRIM66,expression,0.0010578818619251251,3,0.06
meth:MGST1,methylation,0.0010575124062597752,20,0.4
meth:C6orf122,methylation,0.001057375882131358,15,0.3
meth:RNU86,methylation,0.001056757199788286,31,0.62
meth:C10orf26,methylation,0.0010564407627833517,19,0.38
meth:HOXD13,methylation,0.001056067335108916,3,0.06
expr:HSD11B1,expression,0.00105593993794173,21,0.42
expr:CIDEA,expression,0.001055473112501204,1,0.02
meth:CAPN12,methylation,0.0010549754605980943,37,0.74
expr:TTC28,expression,0.001054485677741468,8,0.16
meth:UGT3A1,methylation,0.001054279855452478,8,0.16
expr:TEX26,expression,0.0010538395864913535,19,0.38
meth:FBXO44,methylation,0.0010537832888076082,40,0.8
meth:DNAJC11,methylation,0.0010523661547538607,47,0.94
meth:GNAT2,methylation,0.0010519171324135227,44,0.88
expr:ARHGEF15,expression,0.001051729933048288,6,0.12
expr:TGFA,expression,0.0010495330207049847,1,0.02
meth:ASS1,methylation,0.001047728272775809,3,0.06
expr:EBLN2,expression,0.0010475605571021636,6,0.12
expr:GNMT,expression,0.0010473512632485766,13,0.26
meth:ARL14,methylation,0.0010459698038175701,10,0.2
expr:ILDR1,expression,0.0010434738360345364,1,0.02
meth:IZUMO1,methylation,0.001042653460325183,38,0.76
meth:ZNF280D,methylation,0.001042434785340447,50,1.0
expr:SEMA3D,expression,0.0010421990882605314,2,0.04
meth:C3orf64,methylation,0.0010414694831706584,50,1.0
expr:SLC22A11,expression,0.0010411614615198535,48,0.96
meth:PRKAG3,methylation,0.0010400976534583606,48,0.96
expr:IL16,expression,0.0010393256126272103,31,0.62
meth:PROC,methylation,0.0010386616922914982,2,0.04
meth:UTRN,methylation,0.0010381479982502892,28,0.56
expr:HHEX,expression,0.00103739884798415,30,0.6
expr:TM4SF19,expression,0.001037007459672168,8,0.16
meth:LOC440957,methylation,0.0010367742903933201,48,0.96
meth:JRK,methylation,0.0010367643414065243,25,0.5
expr:SERPINB3,expression,0.0010340837354306132,20,0.4
meth:MIR135B,methylation,0.0010335885121354035,7,0.14
expr:FUT3,expression,0.0010333726822864264,4,0.08
meth:HYALP1,methylation,0.0010331036308063911,13,0.26
meth:GFPT1,methylation,0.0010330154385883362,50,1.0
expr:MYH11,expression,0.0010314929168089293,16,0.32
meth:BSCL2,methylation,0.001030079205520451,4,0.08
expr:SOX5,expression,0.0010275323517047442,26,0.52
meth:ANKRD7,methylation,0.0010272137199838955,6,0.12
meth:STRN4,methylation,0.0010271846549585462,1,0.02
expr:SKAP1,expression,0.0010269930644426495,12,0.24
expr:BTN3A3,expression,0.0010262141182061492,36,0.72
expr:MCCC2,expression,0.0010261511042093238,15,0.3
meth:CBWD2,methylation,0.0010257418034598231,1,0.02
expr:SP140,expression,0.001025726615737837,13,0.26
expr:SLC26A1,expression,0.0010250899940729141,10,0.2
expr:UBE2S,expression,0.0010247536998940633,25,0.5
meth:BZW1L1,methylation,0.001023800386826986,37,0.74
meth:CX3CR1,methylation,0.0010229201288893819,3,0.06
meth:OR9G9,methylation,0.001021818626516809,12,0.24
expr:FYB1,expression,0.0010204477532004769,11,0.22
expr:ANKRD13B,expression,0.0010190836153924465,5,0.1
expr:NDRG2,expression,0.0010188922053202987,5,0.1
expr:DBX2,expression,0.0010180012019797384,48,0.96
expr:ASTN1,expression,0.0010174339598355193,9,0.18
meth:SIGLEC1,methylation,0.0010171416108686552,49,0.98
expr:RESF1,expression,0.001017027465614343,38,0.76
meth:ALOX5AP,methylation,0.0010164533305214718,8,0.16
expr:SCARA5,expression,0.0010155039703155437,41,0.82
meth:CSF3,methylation,0.0010138877900317312,50,1.0
expr:SERPINB9,expression,0.0010126881388714537,32,0.64
meth:LOC100131551,methylation,0.0010124468438637753,45,0.9
meth:C2orf78,methylation,0.0010093700717940617,24,0.48
meth:NHLRC1,methylation,0.0010088503560317414,14,0.28
expr:CHL1,expression,0.0010085423153055751,23,0.46
expr:PAX5,expression,0.001005744596477598,30,0.6
meth:INSL4,methylation,0.0010044655413366855,10,0.2
expr:STAB2,expression,0.00100445661739672,33,0.66
meth:NEXN,methylation,0.0010038483887910843,1,0.02
expr:RSF1,expression,0.001003784011118114,1,0.02
expr:CD74,expression,0.0010019041862841206,38,0.76
meth:TMEM204,methylation,0.0010003851493820548,4,0.08
expr:TLR3,expression,0.0010001273031876837,36,0.72
expr:ABCB1,expression,0.0010001139779342338,50,1.0
expr:KRTAP5-8,expression,0.0009989251921069808,4,0.08
expr:CD1B,expression,0.0009986692455640877,40,0.8
meth:FIP1L1,methylation,0.0009978487117526431,24,0.48
meth:POPDC2,methylation,0.0009974422282539308,12,0.24
meth:ASPRV1,methylation,0.000997251629596576,50,1.0
meth:PCDHB13,methylation,0.0009971768013201654,34,0.68
meth:NCRNA00052,methylation,0.0009966449373785186,17,0.34
meth:KIRREL2,methylation,0.000996583141386509,1,0.02
meth:SMAP2,methylation,0.0009965471224859356,15,0.3
meth:C12orf77,methylation,0.0009962687938835245,49,0.98
meth:IFITM3,methylation,0.000995620063108885,34,0.68
expr:GPC3,expression,0.0009949726060897643,14,0.28
expr:CCDC160,expression,0.0009944247182883212,34,0.68
meth:SLC5A11,methylation,0.0009920896893386177,49,0.98
meth:CTXN1,methylation,0.0009916944998419946,36,0.72
meth:GALM,methylation,0.0009905965151523965,45,0.9
meth:SNORD10,methylation,0.0009899758733808994,24,0.48
meth:SNORD111B,methylation,0.0009898931194255328,47,0.94
meth:COL16A1,methylation,0.0009894882013889938,39,0.78
meth:CLEC3A,methylation,0.0009887805342889177,26,0.52
meth:MAN2A2,methylation,0.000987855072778005,13,0.26
expr:SLC8A3,expression,0.0009856941178441048,7,0.14
meth:LRRN2,methylation,0.0009837988975711844,11,0.22
expr:SFXN2,expression,0.0009834650121686027,41,0.82
meth:KIAA1644,methylation,0.0009826732769041605,23,0.46
meth:DHDPSL,methylation,0.000982660586790492,6,0.12
expr:OMG,expression,0.000981756896180741,16,0.32
expr:CAPN8,expression,0.0009799988086645801,3,0.06
meth:EIF4G1,methylation,0.00097929114010185,50,1.0
meth:PARP1,methylation,0.0009769628336653113,50,1.0
meth:APOBEC3G,methylation,0.0009762913303835908,41,0.82
meth:LOC100131193,methylation,0.0009760754182934761,12,0.24
expr:GSTM5,expression,0.0009759550172786572,38,0.76
expr:SERPINI2,expression,0.0009759181200272658,11,0.22
expr:PTTG1,expression,0.0009757982033047954,29,0.58
meth:GJB5,methylation,0.0009757529405760579,24,0.48
meth:GPR97,methylation,0.0009752557314789797,49,0.98
expr:RSPO3,expression,0.0009746080613695085,8,0.16
meth:NUDT17,methylation,0.0009733182523632422,16,0.32
meth:C2orf48,methylation,0.0009711601255137635,23,0.46
expr:DTHD1,expression,0.0009688715546634858,46,0.92
expr:NAT8,expression,0.0009685395334599889,48,0.96
expr:TSLP,expression,0.0009683075283343593,30,0.6
meth:ALDH3A1,methylation,0.0009681357781949413,46,0.92
expr:MATN4,expression,0.0009663254201698762,13,0.26
meth:MIR548J,methylation,0.0009657320654790463,29,0.58
expr:CFAP70,expression,0.0009643719567975495,8,0.16
expr:PSTPIP2,expression,0.0009637852975477775,3,0.06
meth:MOBP,methylation,0.0009628116604289971,8,0.16
expr:ARHGAP11A,expression,0.0009615108535702651,15,0.3
expr:CFAP46,expression,0.0009612302611848074,7,0.14
meth:UBQLNL,methylation,0.0009608707041479647,16,0.32
meth:LGALS7,methylation,0.0009602591395378113,5,0.1
expr:ASB2,expression,0.0009584312932565808,25,0.5
expr:CACNG2,expression,0.0009583687060512602,4,0.08
expr:EFNA3,expression,0.0009583347127772868,21,0.42
meth:IMP5,methylation,0.0009571257493613908,12,0.24
meth:SMOC2,methylation,0.0009565983138710374,33,0.66
meth:PAPL,methylation,0.000955543655436486,1,0.02
meth:COL8A2,methylation,0.0009551470076465714,21,0.42
meth:TUBA4B,methylation,0.0009550934773869812,2,0.04
meth:MIR338,methylation,0.0009533252171478329,49,0.98
expr:GBP4,expression,0.0009516919343150221,50,1.0
meth:ABCB5,methylation,0.0009514682414010167,25,0.5
meth:SLC35E4,methylation,0.0009511126592124422,31,0.62
meth:SNORA41,methylation,0.0009507685317657888,2,0.04
meth:HSPB7,methylation,0.0009501995635218918,50,1.0
meth:OR51B2,methylation,0.0009491164819337428,4,0.08
expr:KLRF2,expression,0.0009474452895422776,15,0.3
meth:SULT1C3,methylation,0.0009461588924750686,1,0.02
expr:GLI1,expression,0.0009456193902426296,45,0.9
expr:CD8A,expression,0.000944060649696136,48,0.96
expr:CYP4F12,expression,0.0009427343431161716,50,1.0
meth:AADACL4,methylation,0.0009402895274643714,13,0.26
meth:ADIG,methylation,0.0009382830699905753,45,0.9
expr:KIFC3,expression,0.0009382428252138197,1,0.02
meth:ITIH4,methylation,0.0009378626709803939,4,0.08
expr:HOXD12,expression,0.0009366045155532091,23,0.46
expr:PAX9,expression,0.0009366019056304484,37,0.74
meth:ME3,methylation,0.0009363476031770309,3,0.06
meth:SLC39A4,methylation,0.0009362995624542236,20,0.4
meth:AMZ1,methylation,0.0009361455510467446,48,0.96
meth:SLA,methylation,0.0009355491351787791,33,0.66
meth:LOC285735,methylation,0.0009355234797112644,4,0.08
meth:AQP8,methylation,0.0009344158142561181,21,0.42
meth:ESR1,methylation,0.000934226525714621,12,0.24
meth:OXGR1,methylation,0.000933803035877645,1,0.02
expr:DNAH11,expression,0.0009329965803772211,5,0.1
meth:SLC7A9,methylation,0.0009290002373745665,50,1.0
meth:HYAL1,methylation,0.0009272218481378837,36,0.72
meth:AKR1C2,methylation,0.0009264039220467496,26,0.52
meth:NANOS3,methylation,0.0009255080221919343,8,0.16
meth:MRPS14,methylation,0.000921368773560971,2,0.04
meth:C11orf92,methylation,0.0009201064110837049,18,0.36
meth:SUGT1L1,methylation,0.0009179425396723673,12,0.24
meth:GRWD1,methylation,0.00091748550767079,2,0.04
expr:STEAP2,expression,0.0009160939978597605,46,0.92
meth:C15orf38,methylation,0.0009150450932793319,26,0.52
expr:FAM162B,expression,0.0009145633666776121,1,0.02
expr:PARD6B,expression,0.0009136256721279951,33,0.66
meth:FXYD4,methylation,0.0009123890176061136,46,0.92
expr:ZNF92,expression,0.0009117976900328089,27,0.54
meth:ZNF415,methylation,0.0009117809552049567,43,0.86
expr:CA9,expression,0.0009114871514611878,40,0.8
expr:CX3CR1,expression,0.000911408569663763,5,0.1
expr:RAD51B,expression,0.0009108129306696355,1,0.02
meth:OTOS,methylation,0.000910481262124247,45,0.9
meth:COL11A1,methylation,0.0009103102408851938,38,0.76
expr:KRTAP29-1,expression,0.0009101651987293736,40,0.8
meth:C10orf53,methylation,0.0009096776900280799,14,0.28
meth:PPP3R2,methylation,0.000907843466848135,1,0.02
meth:PCBP3,methylation,0.0009070276981219649,5,0.1
meth:FLJ22536,methylation,0.000906938745174557,2,0.04
meth:SERPING1,methylation,0.000906835056164048,11,0.22
expr:KSR2,expression,0.0009058566647581756,2,0.04
expr:WDR76,expression,0.000903631909750402,2,0.04
meth:IL19,methylation,0.000903477509772139,28,0.56
meth:WBP2NL,methylation,0.0009032411500811577,5,0.1
expr:GPAT3,expression,0.0009031220979522914,12,0.24
meth:ADAM11,methylation,0.0009030611642325918,6,0.12
expr:APOLD1,expression,0.0009029180029123697,23,0.46
meth:FRMD4B,methylation,0.0009026420884765685,1,0.02
meth:ARL6IP4,methylation,0.0009022740996442735,2,0.04
expr:SPRED2,expression,0.0009019967740944897,6,0.12
meth:HSPA6,methylation,0.000901773916494504,37,0.74
expr:NDRG1,expression,0.0009016275206314665,7,0.14
expr:KRBOX1,expression,0.0009002407702306906,3,0.06
expr:DIO2,expression,0.000898141801978151,3,0.06
meth:HOXA7,methylation,0.000897723405311505,3,0.06
expr:CD1E,expression,0.0008965558691460711,39,0.78
meth:CAPS,methylation,0.0008962792879901826,25,0.5
meth:PRO0611,methylation,0.0008953370852395892,4,0.08
meth:BRCA1,methylation,0.0008951823083618872,43,0.86
meth:HOXD11,methylation,0.000894424674863165,11,0.22
meth:TNFAIP2,methylation,0.0008943306027157675,21,0.42
meth:PLAC2,methylation,0.0008942882996052504,1,0.02
expr:CD8B2,expression,0.0008942002197727561,20,0.4
expr:CFAP61,expression,0.0008939279526072953,7,0.14
expr:MTHFD1L,expression,0.0008937607053667307,22,0.44
expr:GBP2,expression,0.0008934008982032538,50,1.0
expr:IL1RL1,expression,0.0008928311534316069,31,0.62
expr:SYP,expression,0.0008926896178828818,7,0.14
meth:NACAD,methylation,0.0008924566791392863,2,0.04
meth:ATP10B,methylation,0.0008906189468689263,1,0.02
expr:COL17A1,expression,0.0008902144901286294,18,0.36
expr:CERS1,expression,0.0008881824905984104,1,0.02
meth:EFNA3,methylation,0.0008851423238714536,3,0.06
expr:ACSM6,expression,0.0008850719314068556,2,0.04
expr:THNSL2,expression,0.0008850164012983441,15,0.3
expr:SYT17,expression,0.0008836992201395333,1,0.02
meth:OR8S1,methylation,0.0008834692822812601,43,0.86
meth:CCR1,methylation,0.0008829944106702018,29,0.58
meth:TMEM176B,methylation,0.0008829848957248032,2,0.04
meth:PTPRH,methylation,0.0008823884490993805,16,0.32
expr:PLIN1,expression,0.0008816008867142955,16,0.32
meth:LRRIQ4,methylation,0.0008815224608406425,25,0.5
meth:LOC145663,methylation,0.0008806926780380309,4,0.08
meth:DNAJB13,methylation,0.0008799963627208137,33,0.66
meth:PARP6,methylation,0.0008799463394097984,2,0.04
meth:SPINK6,methylation,0.0008772820848124949,11,0.22
meth:HAR1A,methylation,0.0008761323406361043,1,0.02
expr:FAM209A,expression,0.000875429657753557,2,0.04
meth:WFIKKN2,methylation,0.0008745987433940172,2,0.04
meth:TFR2,methylation,0.0008743416771970012,11,0.22
meth:COL17A1,methylation,0.0008739458262425615,48,0.96
meth:MARVELD1,methylation,0.000872335721006883,35,0.7
expr:FMO1,expression,0.0008722928469069302,8,0.16
meth:GNA13,methylation,0.0008715905646300491,17,0.34
expr:MAP1B,expression,0.0008713849238120019,2,0.04
expr:CAVIN2,expression,0.0008706534212442899,38,0.76
expr:CYP4F22,expression,0.0008703142353624571,40,0.8
expr:TAS2R43,expression,0.000867839262355119,1,0.02
expr:C17orf58,expression,0.0008675798162585124,8,0.16
meth:EXTL3,methylation,0.0008669512961725039,49,0.98
meth:IGFL1,methylation,0.0008665593146967391,3,0.06
meth:APOBEC3A,methylation,0.0008660762531993289,30,0.6
expr:PLA2G1B,expression,0.0008648461286308399,12,0.24
meth:TNNI3,methylation,0.0008647006936371327,10,0.2
meth:METTL7B,methylation,0.0008643344679678029,22,0.44
meth:LOXL3,methylation,0.0008635384230209249,7,0.14
meth:LCTL,methylation,0.0008634529499845071,22,0.44
meth:PRTN3,methylation,0.0008630048749702317,14,0.28
meth:CCL28,methylation,0.0008609848446212709,1,0.02
meth:SNORA80B,methylation,0.0008573994744524715,42,0.84
expr:PLPP2,expression,0.0008548941308011612,12,0.24
expr:ANO1,expression,0.0008539347687647456,21,0.42
meth:ENPP2,methylation,0.0008520328232811557,18,0.36
expr:LARGE1,expression,0.0008520007407544957,6,0.12
meth:SIPA1L1,methylation,0.0008519791185592666,46,0.92
expr:TGFBI,expression,0.000850669385319383,29,0.58
meth:PSCA,methylation,0.0008502483057479063,9,0.18
expr:TNFRSF13B,expression,0.0008496699128521695,42,0.84
expr:ARR3,expression,0.0008489891513497295,17,0.34
expr:CDCA8,expression,0.0008487904560752213,2,0.04
meth:NPR2,methylation,0.0008486422710120678,10,0.2
expr:CHRNA6,expression,0.0008484406749747934,31,0.62
meth:C20orf107,methylation,0.0008482894304001497,9,0.18
expr:ARL14,expression,0.0008479420352598716,29,0.58
expr:BRSK2,expression,0.0008472084009554237,36,0.72
meth:FMO2,methylation,0.0008468033192912117,16,0.32
meth:LMO7,methylation,0.0008461367106065154,8,0.16
expr:PAPLN,expression,0.0008455384185684746,38,0.76
meth:KRTAP1-5,methylation,0.000844145001610741,35,0.7
expr:C2CD4D,expression,0.0008441229412496529,17,0.34
meth:LOC285375,methylation,0.000843302398506138,9,0.18
expr:CIITA,expression,0.000843039044411853,19,0.38
meth:SLC9A10,methylation,0.0008429367659593244,46,0.92
meth:GTF3C5,methylation,0.0008429132655940273,11,0.22
expr:APBA2,expression,0.0008423761731440512,6,0.12
expr:TSHR,expression,0.0008419842342846096,18,0.36
meth:TDRD1,methylation,0.0008411432893755024,34,0.68
meth:ACOT11,methylation,0.0008403594485051664,28,0.56
expr:PRNP,expression,0.0008400336373597383,2,0.04
expr:CNTD1,expression,0.0008399295127637,49,0.98
meth:MIR548B,methylation,0.0008390358998440206,44,0.88
expr:ABCB4,expression,0.0008376861369470134,10,0.2
expr:GP2,expression,0.0008372577212867327,8,0.16
expr:STOML3,expression,0.0008370462982427506,21,0.42
expr:COL15A1,expression,0.0008369357154671368,14,0.28
meth:SGK2,methylation,0.0008346582245495585,18,0.36
expr:PDZD3,expression,0.00083447706917165,24,0.48
meth:ZNF484,methylation,0.000833905394317518,29,0.58
expr:PIR,expression,0.0008330466225743294,3,0.06
expr:RBMS3,expression,0.0008330357571442922,9,0.18
expr:CYSLTR1,expression,0.0008327131231670224,21,0.42
meth:MIR130A,methylation,0.0008326178002688619,9,0.18
expr:MSLN,expression,0.0008323362774469636,11,0.22
meth:TGM5,methylation,0.0008317807650916833,47,0.94
meth:EPX,methylation,0.0008315541781485081,1,0.02
expr:IGDCC3,expression,0.0008306037879696017,19,0.38
expr:KIF2C,expression,0.0008305293507874012,5,0.1
meth:OR2F2,methylation,0.000828435922610677,27,0.54
expr:PTPRB,expression,0.0008281473006354644,25,0.5
expr:INSM2,expression,0.0008265539769733247,48,0.96
meth:MIR193A,methylation,0.0008262036115348596,29,0.58
meth:LTBR,methylation,0.0008253752864126502,29,0.58
expr:TMEM221,expression,0.000824968011301914,33,0.66
meth:BSND,methylation,0.0008247848821892625,21,0.42
expr:RFTN2,expression,0.0008245193815897577,26,0.52
meth:SPDYC,methylation,0.0008239437480700541,44,0.88
meth:FYB,methylation,0.0008239033783826491,23,0.46
expr:CCDC196,expression,0.0008236706641037017,25,0.5
meth:BEST1,methylation,0.0008202025977273782,6,0.12
meth:ARG1,methylation,0.0008201844336346109,47,0.94
meth:KSR1,methylation,0.0008188019582659615,49,0.98
expr:CMTM8,expression,0.0008183720832069715,3,0.06
meth:ZACN,methylation,0.000817574120535538,41,0.82
meth:C3orf77,methylation,0.0008168847610553106,3,0.06
meth:CRISP1,methylation,0.0008167795992145935,3,0.06
expr:MAGEB17,expression,0.000816710444782168,39,0.78
meth:TEKT2,methylation,0.0008152495561675592,11,0.22
expr:ANXA10,expression,0.0008152184378732706,21,0.42
expr:RTL8B,expression,0.000813933516231676,3,0.06
expr:LIN7A,expression,0.0008113917467805246,45,0.9
meth:PCDHGB3,methylation,0.0008102730576259394,30,0.6
meth:EPHA6,methylation,0.0008101311783927182,3,0.06
meth:NKX2-1,methylation,0.0008097948157228529,1,0.02
expr:CBX2,expression,0.0008087514822060863,3,0.06
meth:BTNL3,methylation,0.0008075516088865697,2,0.04
meth:INSL6,methylation,0.0008075450168689713,20,0.4
meth:DPEP1,methylation,0.0008064269489841536,50,1.0
expr:CLEC4C,expression,0.000806236562008659,3,0.06
expr:STARD13,expression,0.0008059358790180542,36,0.72
expr:CACNG4,expression,0.0008048794112428801,42,0.84
meth:KIAA1257,methylation,0.0008030381868593395,8,0.16
expr:KIF5C,expression,0.0008026289993162769,13,0.26
meth:KRTAP5-8,methylation,0.0008025951683521271,10,0.2
meth:ADAM18,methylation,0.0008023444097489119,2,0.04
meth:MIA,methylation,0.0008022213028743863,25,0.5
meth:BHLHA15,methylation,0.0008018885933173199,30,0.6
meth:RASL10B,methylation,0.0008004488772712648,4,0.08
meth:CACNG4,methylation,0.0007998487635632046,8,0.16
expr:SLC25A41,expression,0.000799450647806929,31,0.62
expr:WNK2,expression,0.0007989020086824894,5,0.1
expr:BEX1,expression,0.0007986597483977675,1,0.02
expr:KLRG1,expression,0.0007986048909111156,36,0.72
meth:FAM125B,methylation,0.0007982668890194459,11,0.22
expr:SIGLEC6,expression,0.0007976619725501756,41,0.82
meth:ZFR,methylation,0.0007976515940390527,25,0.5
meth:TMEM132C,methylation,0.0007958640344440937,7,0.14
expr:MYO3A,expression,0.0007946134428493679,4,0.08
meth:C9orf131,methylation,0.0007946066558361054,50,1.0
meth:FFAR2,methylation,0.0007944481193964533,34,0.68
expr:KLHL14,expression,0.0007941709482111037,1,0.02
meth:C1orf189,methylation,0.0007930645976254406,12,0.24
meth:TMEM220,methylation,0.0007915844352365556,11,0.22
meth:LCE1D,methylation,0.0007906345999799669,2,0.04
meth:USP46,methylation,0.0007903606731959275,38,0.76
meth:TMC5,methylation,0.0007901674252934754,1,0.02
meth:LDLRAD2,methylation,0.000787919904605192,46,0.92
meth:SHROOM3,methylation,0.0007860483158202399,21,0.42
meth:FGD4,methylation,0.0007857488041433195,42,0.84
expr:ABCG2,expression,0.0007855142547010347,29,0.58
meth:C10orf110,methylation,0.000785440965549416,47,0.94
expr:MAGEE2,expression,0.0007842441887727805,7,0.14
meth:MCM5,methylation,0.000783970252974186,41,0.82
meth:CRYBB2,methylation,0.0007829822535859421,50,1.0
meth:CHST3,methylation,0.0007827005659540495,3,0.06
expr:GSTM2,expression,0.000782387931617357,49,0.98
expr:OIP5,expression,0.0007819589841852172,9,0.18
meth:SNORD37,methylation,0.0007792778710341629,34,0.68
meth:SSTR4,methylation,0.0007787243812344968,1,0.02
expr:SCART1,expression,0.0007783334076520987,16,0.32
expr:UNC80,expression,0.0007783043198287487,5,0.1
meth:FAM129A,methylation,0.0007778567305649631,4,0.08
meth:PBXIP1,methylation,0.0007757234267774038,50,1.0
meth:RXFP4,methylation,0.0007751007098704577,30,0.6
expr:TACC3,expression,0.0007749333599349484,4,0.08
meth:GDF9,methylation,0.0007739316788502038,2,0.04
meth:RBM24,methylation,0.0007728912945215901,15,0.3
expr:AC011498.4,expression,0.0007723107128379312,47,0.94
expr:LHX5,expression,0.0007716033479664475,50,1.0
expr:TSC22D3,expression,0.0007713647792115808,4,0.08
expr:ABCA6,expression,0.0007707687473157421,14,0.28
expr:ERVW-1,expression,0.0007704980421944388,7,0.14
expr:F7,expression,0.0007698527304455637,5,0.1
expr:HRH3,expression,0.0007682347980638345,3,0.06
meth:CDRT4,methylation,0.0007677194630928539,37,0.74
meth:GTF2IRD1,methylation,0.0007665963729526451,47,0.94
meth:KRT38,methylation,0.0007655948103437649,29,0.58
expr:KCNQ2,expression,0.0007644807860159721,39,0.78
meth:GRIK4,methylation,0.0007637123271706514,32,0.64
expr:BMPR1B,expression,0.0007637041659715275,18,0.36
meth:NRG3,methylation,0.0007631501648575068,2,0.04
meth:C14orf72,methylation,0.0007628807021925846,12,0.24
meth:PCDHB7,methylation,0.0007627644435836909,39,0.78
expr:NR5A2,expression,0.0007606422799047626,48,0.96
meth:MIR661,methylation,0.0007584931328892708,20,0.4
meth:GTSF1L,methylation,0.0007580192759633064,10,0.2
meth:DKFZp761E198,methylation,0.0007579059650500616,3,0.06
meth:LNX1,methylation,0.0007578007585834712,50,1.0
meth:CPA6,methylation,0.0007571043563075364,35,0.7
expr:KCNN3,expression,0.0007568237709347159,25,0.5
expr:NDRG4,expression,0.0007567217970941344,29,0.58
expr:CYTIP,expression,0.0007532361778430641,16,0.32
expr:ZMYND12,expression,0.0007522248197346926,6,0.12
expr:CCL19,expression,0.0007517583237495273,50,1.0
expr:CDH22,expression,0.000751753473499169,18,0.36
expr:FBXO36,expression,0.0007508851810019802,11,0.22
meth:ODC1,methylation,0.0007507503928186802,13,0.26
meth:LOC553137,methylation,0.0007500270680200471,46,0.92
expr:PARP8,expression,0.0007496537485470375,3,0.06
expr:OR7D2,expression,0.0007485695980274334,13,0.26
meth:CATSPER4,methylation,0.0007475243764929473,4,0.08
expr:IFITM3,expression,0.0007470701821148396,3,0.06
meth:PGLYRP1,methylation,0.0007461974905295806,11,0.22
meth:VSIG8,methylation,0.000745354757676724,43,0.86
expr:KCNA6,expression,0.0007448488225539526,3,0.06
meth:MIR653,methylation,0.0007445968803949654,24,0.48
expr:FBXO15,expression,0.0007441746420226991,1,0.02
meth:MIOX,methylation,0.0007438412954797968,40,0.8
meth:ADORA3,methylation,0.0007429709172962854,36,0.72
expr:GNG2,expression,0.0007428785506635904,25,0.5
meth:NUP210L,methylation,0.0007421161740479109,19,0.38
meth:HDGFRP3,methylation,0.0007417827728204429,4,0.08
expr:STX11,expression,0.0007414892534143291,50,1.0
expr:FCRL4,expression,0.0007399420137517154,24,0.48
meth:SCRG1,methylation,0.0007390492783290231,45,0.9
meth:GLT1D1,methylation,0.0007383649300953203,22,0.44
expr:ABRACL,expression,0.0007380133361688682,7,0.14
expr:DTD2,expression,0.0007379906500528494,13,0.26
expr:LRP8,expression,0.0007377822572986285,3,0.06
expr:DEUP1,expression,0.0007373985834419727,5,0.1
meth:ELF5,methylation,0.0007366578269284218,40,0.8
meth:NGDN,methylation,0.0007356953557224615,34,0.68
expr:GLYAT,expression,0.0007348391068675978,33,0.66
expr:P2RY4,expression,0.0007330368049830819,33,0.66
expr:SELL,expression,0.0007324844924733043,50,1.0
meth:SLC22A18AS,methylation,0.0007317874174660597,39,0.78
expr:RAB4B,expression,0.000731523691986998,6,0.12
meth:LRRN3,methylation,0.0007311650343971061,14,0.28
meth:TREM1,methylation,0.0007304202597217889,44,0.88
expr:EIF4EBP1,expression,0.0007302213445022378,46,0.92
expr:NOTCH2NLC,expression,0.0007293478702194989,1,0.02
meth:DDR2,methylation,0.0007289741188287735,16,0.32
meth:IL11,methylation,0.0007246433199534929,43,0.86
expr:ARHGAP20,expression,0.0007242968912530495,19,0.38
expr:TCL1A,expression,0.0007239568745717406,15,0.3
expr:CDO1,expression,0.000723393983207643,2,0.04
expr:SLC6A17,expression,0.0007233930608400932,13,0.26
expr:ARL17A,expression,0.0007224340486573055,10,0.2
meth:APOC2,methylation,0.0007220561965368688,2,0.04
meth:GLYCAM1,methylation,0.0007216507415714845,49,0.98
meth:MICAL2,methylation,0.0007201396051095799,50,1.0
expr:ST8SIA5,expression,0.0007195610863467058,3,0.06
meth:TRIM29,methylation,0.0007194924738111073,38,0.76
meth:NANOS1,methylation,0.0007192925550043583,8,0.16
meth:CD52,methylation,0.0007192893826868385,8,0.16
expr:CLDN11,expression,0.0007189975864700197,48,0.96
expr:KIF14,expression,0.0007188905728980899,2,0.04
expr:CADM2,expression,0.0007188464369392022,22,0.44
meth:USP4,methylation,0.0007187094840143496,12,0.24
expr:CD200,expression,0.0007178093681273901,23,0.46
expr:SLCO2A1,expression,0.000717697651399409,17,0.34
expr:MEIG1,expression,0.0007171497806363428,12,0.24
expr:TOX,expression,0.000717024194697539,30,0.6
meth:RTDR1,methylation,0.0007163667469285429,6,0.12
expr:PCDHB3,expression,0.0007156264618970454,2,0.04
expr:ZNF582,expression,0.0007144139730371535,10,0.2
meth:SEPT9,methylation,0.0007142515573650599,50,1.0
meth:RNF145,methylation,0.0007122155899802843,3,0.06
expr:SPDYC,expression,0.0007120139032070126,28,0.56
meth:UNKL,methylation,0.0007109627179086728,43,0.86
expr:EHD2,expression,0.0007090618918565186,22,0.44
expr:FRMD6,expression,0.0007088079786626622,10,0.2
meth:KIAA0240,methylation,0.0007079732914765676,15,0.3
meth:XYLT1,methylation,0.0007066890830174088,2,0.04
expr:CCKAR,expression,0.0007039414097865423,3,0.06
meth:TRPS1,methylation,0.0007032218854874372,4,0.08
meth:GJA4,methylation,0.000702314139171331,27,0.54
meth:RTP2,methylation,0.0007013063626925878,29,0.58
meth:TAS2R1,methylation,0.0007003974169492722,2,0.04
meth:MYO15A,methylation,0.0006998229079687482,46,0.92
expr:NCKAP5,expression,0.0006993819843046367,1,0.02
meth:MIR647,methylation,0.0006989926102840783,38,0.76
meth:GRIN3A,methylation,0.0006978424673434347,5,0.1
meth:C1orf52,methylation,0.000697704001573757,42,0.84
meth:SFT2D3,methylation,0.0006970237092381078,42,0.84
expr:MYOM2,expression,0.0006958950931827227,15,0.3
meth:SNORD123,methylation,0.0006955936514714267,32,0.64
meth:PLTP,methylation,0.0006953147239983082,3,0.06
meth:NCRNA00085,methylation,0.0006944436766207218,25,0.5
expr:RHOB,expression,0.0006942895706743002,12,0.24
meth:ADRB3,methylation,0.0006937716971151531,1,0.02
expr:ANXA9,expression,0.0006936471909284592,6,0.12
meth:PCDHB4,methylation,0.0006928201764822006,5,0.1
meth:ADRA2C,methylation,0.0006926374626345932,1,0.02
meth:SULT4A1,methylation,0.0006923925830051303,2,0.04
expr:VSTM5,expression,0.000692230265806703,17,0.34
expr:CTSG,expression,0.0006904712742349753,24,0.48
meth:LPAL2,methylation,0.0006894410471431911,2,0.04
expr:ANKRD55,expression,0.0006893800795660355,50,1.0
meth:C21orf82,methylation,0.0006892042620165739,32,0.64
expr:CAP2,expression,0.0006882294244132936,25,0.5
expr:CFAP94,expression,0.0006882240496841925,7,0.14
expr:BST2,expression,0.0006871713337966719,37,0.74
expr:WDR64,expression,0.0006859150822632588,13,0.26
expr:ADRB1,expression,0.0006851690289165292,14,0.28
meth:TJAP1,methylation,0.0006838732414231029,46,0.92
meth:TMEM194B,methylation,0.0006837736852126332,41,0.82
expr:SYS1-DBNDD2,expression,0.0006835183749596278,30,0.6
meth:SERPINC1,methylation,0.0006825499425461629,49,0.98
meth:PAPSS2,methylation,0.000682285358197987,10,0.2
expr:PCLO,expression,0.0006820322014391422,5,0.1
expr:ABCG4,expression,0.0006809010083088651,16,0.32
meth:MIR126,methylation,0.0006805335363605991,50,1.0
expr:KIR3DL2,expression,0.0006799659542074161,28,0.56
expr:IGF2BP1,expression,0.0006791490845249168,28,0.56
meth:PUM2,methylation,0.0006786934948953179,48,0.96
meth:GSTM3,methylation,0.0006771007602131276,33,0.66
meth:C1orf94,methylation,0.0006769740827924883,30,0.6
expr:PSG4,expression,0.000674306123983115,2,0.04
meth:USP47,methylation,0.0006739060199648446,49,0.98
expr:WIPF1,expression,0.0006737368026127418,30,0.6
expr:CD44,expression,0.0006736558862030506,3,0.06
meth:LRP2BP,methylation,0.0006736163614194232,49,0.98
expr:CPEB1,expression,0.000673373811878264,1,0.02
meth:C1QTNF9,methylation,0.0006728366327782472,3,0.06
meth:NDRG1,methylation,0.0006724250334728924,36,0.72
expr:DOC2B,expression,0.0006722911609264476,29,0.58
meth:SLC10A6,methylation,0.0006697226042003447,37,0.74
expr:PLA2G2D,expression,0.000669450948609867,36,0.72
expr:KRT19,expression,0.0006690088969965776,12,0.24
expr:TNRC6C,expression,0.0006689962627004004,36,0.72
meth:MT4,methylation,0.0006677843190522658,45,0.9
meth:FZD1,methylation,0.0006676327071285673,35,0.7
expr:SLC26A5,expression,0.0006675608456134796,2,0.04
expr:GPR158,expression,0.0006675027155627807,3,0.06
expr:DSG2,expression,0.0006668661371804774,1,0.02
expr:ANKRD29,expression,0.0006665830867579923,26,0.52
expr:TTC39C,expression,0.0006660671125347209,36,0.72
expr:HHIP,expression,0.0006651008152402937,2,0.04
meth:LAMA3,methylation,0.0006650618382263929,50,1.0
meth:PCDHGA8,methylation,0.000664138444699347,15,0.3
meth:IL1F5,methylation,0.0006627849665968571,43,0.86
meth:MYO7A,methylation,0.0006608705152757466,4,0.08
expr:TMEM232,expression,0.0006607502000406384,6,0.12
expr:ACAN,expression,0.0006600091915710696,14,0.28
meth:C6orf191,methylation,0.0006597885976032335,49,0.98
expr:BHMT2,expression,0.0006584850738623313,7,0.14
meth:SLC23A3,methylation,0.0006584520624191673,27,0.54
expr:PGM5,expression,0.0006565865050480865,34,0.68
expr:NEK5,expression,0.0006564362186261199,11,0.22
expr:CD22,expression,0.0006553027893925562,43,0.86
expr:LRIG1,expression,0.00065475633972609,36,0.72
expr:CCDC40,expression,0.0006538259137111405,3,0.06
expr:SLC1A6,expression,0.0006532315492222551,32,0.64
meth:TBX5,methylation,0.0006521025788970292,4,0.08
meth:FURIN,methylation,0.0006516097904144166,48,0.96
expr:MITF,expression,0.0006511626415885985,1,0.02
meth:KCNK7,methylation,0.0006511167079831163,30,0.6
meth:SRC,methylation,0.000650680145352251,18,0.36
meth:TMEM40,methylation,0.0006500902934931218,40,0.8
expr:FAM171A2,expression,0.0006480167606188094,34,0.68
meth:LOC339674,methylation,0.0006476914568338543,17,0.34
meth:PPP4R2,methylation,0.0006474680688778131,29,0.58
meth:PILRA,methylation,0.000647307602399639,29,0.58
meth:MIR184,methylation,0.0006467245024396106,10,0.2
expr:FAM110D,expression,0.0006463167568047842,9,0.18
expr:VSX2,expression,0.0006453409441746771,1,0.02
meth:C11orf66,methylation,0.0006448915260585232,18,0.36
meth:SUSD4,methylation,0.0006445674225687981,8,0.16
meth:SNAR-G2,methylation,0.0006444082934070717,11,0.22
expr:TEKT2,expression,0.0006436660963421067,6,0.12
expr:TRPC7,expression,0.0006434119099544154,18,0.36
expr:NUDT12,expression,0.0006431646179407835,1,0.02
meth:APOC1P1,methylation,0.0006392449722625315,8,0.16
meth:LTBP4,methylation,0.000639168402323356,26,0.52
expr:CD69,expression,0.0006390791141893715,50,1.0
meth:SNORD124,methylation,0.0006387921651670089,12,0.24
meth:OPN1SW,methylation,0.0006387775543973677,45,0.9
meth:MMADHC,methylation,0.000637435603615207,45,0.9
expr:TTC36,expression,0.0006372283211627897,48,0.96
meth:OR5P2,methylation,0.000637071051945289,3,0.06
expr:GALNT14,expression,0.0006368937902152538,7,0.14
meth:ZYG11A,methylation,0.0006361672421917319,4,0.08
meth:SFTA3,methylation,0.0006356957989434401,3,0.06
expr:DPYS,expression,0.0006352121476083994,5,0.1
expr:CNKSR2,expression,0.0006346970330923796,3,0.06
meth:NKX2-8,methylation,0.0006338890176266432,5,0.1
meth:FAM65C,methylation,0.0006334264129263294,34,0.68
meth:UCN3,methylation,0.0006332694261800498,20,0.4
expr:GAL,expression,0.0006329128984361887,5,0.1
meth:S100A3,methylation,0.0006317894345240505,46,0.92
expr:DUXB,expression,0.0006309696473181248,14,0.28
meth:FUZ,methylation,0.0006307675844847994,46,0.92
expr:CYP2E1,expression,0.00063037482323125,9,0.18
expr:BHLHE40,expression,0.0006297510151350078,47,0.94
expr:BLK,expression,0.0006283205905977715,48,0.96
meth:DOK3,methylation,0.0006282095874970158,15,0.3
expr:CD300LB,expression,0.0006280078669078648,16,0.32
meth:ARHGAP23,methylation,0.0006277095252538429,17,0.34
expr:CCDC122,expression,0.0006273181061260402,2,0.04
expr:NKAIN1,expression,0.0006266640266403556,2,0.04
expr:SPARCL1,expression,0.0006259654752082295,45,0.9
expr:IFI44L,expression,0.0006258908348778883,3,0.06
meth:TIMP3,methylation,0.0006248447477716852,37,0.74
meth:CCDC110,methylation,0.0006241205846890807,1,0.02
meth:ADNP,methylation,0.0006239998287388257,49,0.98
expr:CIB3,expression,0.0006236024980898946,50,1.0
meth:FBXL21,methylation,0.0006235289038158953,4,0.08
expr:ANKDD1B,expression,0.000621490238700062,2,0.04
expr:SBK2,expression,0.0006213312056691697,12,0.24
meth:RNASE7,methylation,0.0006206393315821786,37,0.74
meth:TMEFF2,methylation,0.000620007369434461,2,0.04
meth:TM4SF1,methylation,0.0006199703086167574,20,0.4
expr:ZNF670-ZNF695,expression,0.0006190956337377429,4,0.08
expr:PRRT3,expression,0.0006188727372015516,3,0.06
meth:GBP6,methylation,0.0006181121363104987,28,0.56
expr:USP53,expression,0.0006180251172433296,3,0.06
expr:SLC34A1,expression,0.000617954065091908,2,0.04
expr:SPIB,expression,0.0006171935125284137,31,0.62
expr:EOMES,expression,0.000616691607449736,7,0.14
expr:TACC1,expression,0.00061645821457909,31,0.62
expr:RNF31,expression,0.0006155982846394181,2,0.04
expr:MAP3K19,expression,0.0006149806431494653,1,0.02
meth:TERT,methylation,0.000613469904398217,17,0.34
meth:AQP10,methylation,0.0006132809328846633,20,0.4
meth:RFTN2,methylation,0.0006129625676707788,11,0.22
meth:ZFP82,methylation,0.0006111425464041531,2,0.04
expr:ELOVL2,expression,0.0006094266192078413,42,0.84
meth:GSN,methylation,0.0006078417327011092,42,0.84
expr:ACSM3,expression,0.0006073780241422355,4,0.08
expr:TGFBR2,expression,0.0006070074159651995,2,0.04
expr:BIRC3,expression,0.0006067423780153219,26,0.52
expr:OAS2,expression,0.0006065757604249354,21,0.42
expr:ULBP1,expression,0.0006056954787874764,22,0.44
expr:DLGAP3,expression,0.0006048458744771779,16,0.32
meth:CALY,methylation,0.0006045271293260157,2,0.04
meth:SMAD5OS,methylation,0.0006036467384546995,18,0.36
meth:FAM12B,methylation,0.0006031140188458673,47,0.94
meth:C10orf82,methylation,0.0006022488232702017,4,0.08
expr:CST4,expression,0.000601864801461084,9,0.18
expr:AKR7A3,expression,0.0006009888602420688,1,0.02
meth:LOC441046,methylation,0.0006009471447517475,3,0.06
meth:ARNT2,methylation,0.0005990463774651289,5,0.1
expr:CCR9,expression,0.0005989319295622408,5,0.1
expr:RTN1,expression,0.00059818231455063,37,0.74
expr:ITGA8,expression,0.0005978314535847554,3,0.06
expr:ITK,expression,0.0005973450300332747,38,0.76
meth:C9orf98,methylation,0.0005972778070083058,44,0.88
meth:NNT,methylation,0.0005966014884363272,19,0.38
expr:KIRREL3,expression,0.0005958233494311571,5,0.1
expr:ACKR1,expression,0.0005955819215159863,38,0.76
meth:CYB5R3,methylation,0.000594321102835238,50,1.0
expr:ZNF410,expression,0.0005941898562014103,1,0.02
meth:FBP2,methylation,0.0005936361186944976,29,0.58
expr:MYH2,expression,0.0005930044765894612,3,0.06
meth:KIFC3,methylation,0.0005918215028941631,5,0.1
meth:MIR320B1,methylation,0.0005905524065548724,11,0.22
expr:NPHS1,expression,0.000590382085647434,1,0.02
meth:ZNF169,methylation,0.0005902889450745923,14,0.28
expr:MGP,expression,0.0005879089779530963,3,0.06
meth:MIR1251,methylation,0.0005878804241428556,46,0.92
expr:ALKAL2,expression,0.0005872222827747464,2,0.04
meth:C1orf157,methylation,0.0005871651952879297,45,0.9
meth:SERINC4,methylation,0.0005864639533683658,4,0.08
meth:CAPSL,methylation,0.0005852227099239826,20,0.4
meth:APOL2,methylation,0.0005842265168515344,15,0.3
expr:GAS7,expression,0.0005837367498315871,2,0.04
meth:MARCO,methylation,0.0005834976667150235,24,0.48
expr:CHGA,expression,0.0005832967959577218,5,0.1
meth:CRYGB,methylation,0.0005830215050082188,8,0.16
expr:GPR171,expression,0.0005822232602727844,38,0.76
expr:MYLK2,expression,0.0005820564110763371,2,0.04
meth:VPS29,methylation,0.0005815459492926797,3,0.06
meth:SNORD36B,methylation,0.000581042275631002,21,0.42
meth:LOC84740,methylation,0.0005810380310074172,11,0.22
meth:SH2D7,methylation,0.0005801537108314021,46,0.92
expr:CA12,expression,0.0005801473847430655,43,0.86
expr:S100A2,expression,0.000579662269592518,20,0.4
meth:CDC42EP1,methylation,0.0005787456633918213,33,0.66
meth:ZNF208,methylation,0.000578263793916752,15,0.3
meth:BDKRB1,methylation,0.0005775916349823371,13,0.26
expr:AC004076.1,expression,0.0005765695124864579,5,0.1
meth:AIM1,methylation,0.000576304696733132,10,0.2
meth:CLDN9,methylation,0.0005710701838865675,37,0.74
expr:TXLNB,expression,0.0005700269215075033,35,0.7
expr:BEND5,expression,0.000569130151739551,9,0.18
expr:TBC1D10C,expression,0.0005672089755535126,11,0.22
meth:C9orf9,methylation,0.0005670822092464991,35,0.7
expr:ABLIM1,expression,0.0005670652608387172,2,0.04
expr:CRB1,expression,0.0005664336087647826,5,0.1
expr:EN2,expression,0.0005660441262686314,27,0.54
meth:CYP2E1,methylation,0.0005634256328145663,6,0.12
expr:TUBA3C,expression,0.00056330854487088,9,0.18
meth:LOC144776,methylation,0.0005630263476632535,2,0.04
expr:SLC47A1,expression,0.0005630205431953072,25,0.5
meth:RRP7A,methylation,0.0005629327215226085,33,0.66
meth:OPRL1,methylation,0.0005621020682156086,4,0.08
meth:LAX1,methylation,0.0005613625592862567,6,0.12
meth:HGF,methylation,0.0005605900660157204,49,0.98
expr:WDR93,expression,0.0005588651983998716,4,0.08
expr:KRT32,expression,0.0005585907201748341,38,0.76
meth:RAET1E,methylation,0.000558159314095974,1,0.02
expr:CTSW,expression,0.0005577663563329865,27,0.54
meth:SH2B2,methylation,0.00055664935364173,13,0.26
meth:USH2A,methylation,0.0005555892024527897,11,0.22
meth:FOXB2,methylation,0.0005552594860394796,3,0.06
meth:PCDHA9,methylation,0.000554937869310379,24,0.48
meth:GP1BA,methylation,0.0005533989460673183,4,0.08
expr:CYP4F8,expression,0.0005533566582016647,1,0.02
meth:SCRN1,methylation,0.0005528316454729065,40,0.8
expr:SYNE2,expression,0.0005517881363630295,7,0.14
expr:CYYR1,expression,0.0005512637698331908,31,0.62
meth:LTBP1,methylation,0.0005499930379705296,45,0.9
expr:RNF125,expression,0.0005493475105233338,49,0.98
expr:C2orf66,expression,0.0005487968349674096,6,0.12
expr:SLC19A2,expression,0.0005487710295710713,18,0.36
meth:C21orf70,methylation,0.0005476222280412912,25,0.5
meth:EFHB,methylation,0.000545429764315486,14,0.28
expr:CROT,expression,0.0005452091076963201,27,0.54
meth:ABAT,methylation,0.0005446668103104458,50,1.0
meth:MIR877,methylation,0.0005442314397762803,34,0.68
expr:SPRR3,expression,0.0005441938294097782,10,0.2
meth:MIR1282,methylation,0.0005440797285700683,44,0.88
meth:ABLIM1,methylation,0.0005435607714676543,38,0.76
meth:MIR187,methylation,0.0005426697122553984,12,0.24
expr:PSMB8,expression,0.0005415113678631874,13,0.26
meth:C8orf12,methylation,0.0005413459846749901,15,0.3
meth:GOT1L1,methylation,0.0005412171012721956,8,0.16
meth:UBASH3B,methylation,0.0005406951032845038,14,0.28
expr:APCDD1L,expression,0.0005404063433940921,7,0.14
expr:KERA,expression,0.0005403197719715536,8,0.16
expr:IQCA1,expression,0.0005384207802957722,7,0.14
expr:HFE,expression,0.0005379091599024832,1,0.02
expr:STK39,expression,0.0005373000167310238,7,0.14
meth:MIR589,methylation,0.0005369552507710813,44,0.88
expr:SAMD9L,expression,0.0005345285739522519,41,0.82
meth:LIMS1,methylation,0.0005342396459757135,26,0.52
meth:ACTRT2,methylation,0.0005340971983969212,2,0.04
expr:SLC18A2,expression,0.0005334370871423744,16,0.32
expr:PLAC8,expression,0.0005333239753400126,31,0.62
expr:SBSN,expression,0.0005329924922613106,29,0.58
expr:IFIT2,expression,0.0005324506866080421,7,0.14
expr:CDK5R2,expression,0.0005321868240851193,26,0.52
meth:FMO6P,methylation,0.0005321135659786788,11,0.22
expr:ERICH3,expression,0.0005319700845015737,39,0.78
meth:FAM12A,methylation,0.0005314570385962725,10,0.2
meth:CNTD2,methylation,0.0005312536876382572,14,0.28
meth:PRAP1,methylation,0.0005308666732162237,32,0.64
expr:SLC7A4,expression,0.0005308193309853474,9,0.18
expr:CMA1,expression,0.0005306488531641663,25,0.5
expr:SAMD9,expression,0.0005303648649714887,4,0.08
meth:IL6,methylation,0.000530144257209031,40,0.8
expr:WDR17,expression,0.0005293008289299905,2,0.04
meth:SLC6A12,methylation,0.0005291210802491097,17,0.34
expr:A2ML1,expression,0.000528951627904248,34,0.68
expr:FXYD4,expression,0.000528779675197952,17,0.34
meth:KLHL38,methylation,0.0005287688358553819,7,0.14
meth:LOC284837,methylation,0.0005287405829221825,32,0.64
meth:BRUNOL6,methylation,0.0005282033137821903,3,0.06
meth:FILIP1,methylation,0.00052811565262306,23,0.46
expr:EFCAB10,expression,0.0005280598998069763,3,0.06
meth:ZNF280A,methylation,0.0005275075737800864,9,0.18
meth:B4GALT2,methylation,0.0005274036763391147,36,0.72
expr:WDR62,expression,0.0005273797303541667,9,0.18
expr:C15orf48,expression,0.0005265559884719551,17,0.34
meth:SNORD114-22,methylation,0.000526453380620009,19,0.38
expr:TBX18,expression,0.0005263916682451963,2,0.04
expr:GAB2,expression,0.0005262271900262151,7,0.14
expr:CCDC194,expression,0.0005260415491648018,7,0.14
expr:TMEM26,expression,0.0005257187844512777,27,0.54
expr:EEF1AKMT4,expression,0.0005255440046312287,16,0.32
meth:PLK5P,methylation,0.0005253664761160811,6,0.12
meth:SNX18,methylation,0.000524967210367322,8,0.16
expr:AMDHD1,expression,0.0005246484338735732,26,0.52
meth:IL22RA1,methylation,0.0005245091044344008,20,0.4
meth:SNORA67,methylation,0.0005244411473658176,31,0.62
meth:EPYC,methylation,0.0005244070939211683,22,0.44
expr:SCX,expression,0.0005243275809334591,4,0.08
expr:EZH2,expression,0.000523629249073565,2,0.04
meth:ALDH1A1,methylation,0.000521933427080512,1,0.02
expr:ENO4,expression,0.0005203307017735723,9,0.18
meth:FAM26E,methylation,0.0005199205376104348,45,0.9
expr:TSPAN7,expression,0.0005198892889127723,38,0.76
meth:PTPRE,methylation,0.0005198834398283791,39,0.78
meth:FUT3,methylation,0.0005196859326679259,50,1.0
expr:FGR,expression,0.0005178765568416566,8,0.16
meth:SLC46A2,methylation,0.0005173880040687932,22,0.44
meth:DNAH8,methylation,0.0005171537050046027,32,0.64
expr:NGFR,expression,0.0005170507656951104,31,0.62
meth:SNORA71C,methylation,0.00051632170167674,48,0.96
meth:TIPIN,methylation,0.0005153986221557716,32,0.64
expr:HSD17B13,expression,0.0005152853205800057,5,0.1
meth:FREQ,methylation,0.0005152688355883583,50,1.0
expr:ELOA2,expression,0.0005151375662535429,3,0.06
meth:WDR45L,methylation,0.000515105202794075,14,0.28
meth:C17orf107,methylation,0.0005141024594195187,2,0.04
meth:AKR1E2,methylation,0.0005139751204599937,24,0.48
expr:KIF4A,expression,0.0005125758238136768,5,0.1
expr:PRR5-ARHGAP8,expression,0.0005122657416255347,7,0.14
meth:PTGES,methylation,0.000511880653599898,3,0.06
expr:DSCC1,expression,0.0005115492385812104,2,0.04
expr:ENOX1,expression,0.0005108529585413635,1,0.02
meth:TMEM201,methylation,0.0005095629264057303,24,0.48
expr:SNCB,expression,0.0005083955231032544,31,0.62
meth:PCDHB18,methylation,0.0005077728578312831,11,0.22
meth:FLJ37307,methylation,0.0005070741255102414,7,0.14
expr:VRTN,expression,0.0005067795515060425,10,0.2
expr:TRPS1,expression,0.0005058126892739286,6,0.12
expr:FAM161B,expression,0.0005050420295447111,2,0.04
expr:KNL1,expression,0.0005023868547545539,9,0.18
meth:LOC285401,methylation,0.0005011529901821632,16,0.32
expr:EGR1,expression,0.0005007021310221818,27,0.54
expr:GPSM3,expression,0.0005005648574576928,13,0.26
expr:BFSP1,expression,0.0004997872812156049,36,0.72
meth:ASRGL1,methylation,0.0004995969789368766,35,0.7
expr:SHROOM4,expression,0.0004993112524971366,6,0.12
expr:LRRC3B,expression,0.0004982641432434321,5,0.1
expr:SLC46A3,expression,0.0004981327219866216,1,0.02
meth:CDKN1A,methylation,0.0004979993077890518,39,0.78
meth:PCDHB11,methylation,0.0004977568751201034,3,0.06
expr:GPR37L1,expression,0.0004952241951185796,9,0.18
meth:TMEM200B,methylation,0.0004943303980066308,14,0.28
meth:CATSPERB,methylation,0.0004942808157707355,49,0.98
meth:UPK3B,methylation,0.0004928765931364262,33,0.66
expr:PRDM1,expression,0.000492708229770263,15,0.3
expr:TBC1D4,expression,0.0004921777872368693,6,0.12
expr:SRL,expression,0.000491934762660252,23,0.46
expr:RECQL4,expression,0.0004898200859315693,2,0.04
meth:DISC2,methylation,0.0004896918399026617,16,0.32
meth:C10orf125,methylation,0.0004890899872407317,1,0.02
meth:MX2,methylation,0.0004890473210252821,8,0.16
meth:COL7A1,methylation,0.00048758674529381096,2,0.04
meth:TMEM88B,methylation,0.00048628472723066807,19,0.38
meth:C20orf3,methylation,0.00048614389197609853,32,0.64
expr:UPP1,expression,0.0004850440891459584,3,0.06
meth:NHLRC4,methylation,0.0004848757234867662,4,0.08
meth:OR6Q1,methylation,0.00048261829651892186,5,0.1
meth:ZFP57,methylation,0.0004825037661551808,24,0.48
meth:HRASLS2,methylation,0.0004823788508979811,9,0.18
expr:GP1BA,expression,0.000481987445566215,19,0.38
expr:DNALI1,expression,0.0004817697664965754,23,0.46
meth:DNAJC5B,methylation,0.00048173247892974,33,0.66
expr:SEMA4A,expression,0.0004804201889783144,9,0.18
expr:FSD1,expression,0.0004803231277037412,1,0.02
meth:KRT9,methylation,0.00047823077605651886,29,0.58
expr:RGL4,expression,0.00047699104794042394,18,0.36
meth:IL7R,methylation,0.000476846587844193,3,0.06
expr:CA13,expression,0.00047681384603492916,4,0.08
expr:APH1B,expression,0.00047579756937921047,4,0.08
meth:MIR199B,methylation,0.00047543641994707286,16,0.32
meth:SNORD86,methylation,0.0004752796739921905,16,0.32
meth:CMTM5,methylation,0.0004748430103063583,5,0.1
expr:NRSN1,expression,0.00047436912011887344,7,0.14
expr:GCSAM,expression,0.00047425190300250857,26,0.52
expr:CDH10,expression,0.0004729368956759572,1,0.02
expr:VWC2L,expression,0.0004729027471815546,15,0.3
meth:ALKBH7,methylation,0.0004721818713733228,32,0.64
meth:TRIM72,methylation,0.0004720583092421293,24,0.48
expr:IGDCC4,expression,0.0004715749140207966,6,0.12
meth:PUF60,methylation,0.00047056380814562243,3,0.06
meth:PRKACA,methylation,0.00047033117707109167,21,0.42
expr:C3orf70,expression,0.0004692514865802458,13,0.26
meth:CPA4,methylation,0.00046855017043104984,41,0.82
meth:CD164L2,methylation,0.00046808255137875676,12,0.24
meth:MMP3,methylation,0.000467851924875741,46,0.92
meth:GPR183,methylation,0.00046766995122501004,36,0.72
expr:HTR6,expression,0.00046748728072998347,16,0.32
meth:ANKRD1,methylation,0.0004668948998631433,43,0.86
meth:ADNP2,methylation,0.0004654587944969535,10,0.2
meth:GHRH,methylation,0.0004651778338787456,48,0.96
meth:KRT33B,methylation,0.00046349857439054176,8,0.16
expr:P2RY13,expression,0.0004630383427866036,32,0.64
meth:CAMKK1,methylation,0.0004629218856280204,44,0.88
expr:LCP2,expression,0.0004627020300730415,23,0.46
expr:CD247,expression,0.00046266279079847864,18,0.36
meth:SPATA12,methylation,0.0004622352592247937,14,0.28
meth:ITGAE,methylation,0.0004621313388557418,38,0.76
meth:MIR33B,methylation,0.0004618272068910301,4,0.08
expr:FAM81B,expression,0.0004612610209733248,3,0.06
expr:PDK4,expression,0.0004603456500262837,16,0.32
expr:CD1C,expression,0.00046012573780583057,46,0.92
meth:SPON1,methylation,0.00045991553148875636,6,0.12
expr:SCN4A,expression,0.00045926403607044256,33,0.66
meth:IQCK,methylation,0.0004591291304677725,5,0.1
meth:GPR68,methylation,0.00045909810190399486,6,0.12
expr:SLC5A4,expression,0.0004582181281875819,4,0.08
meth:HEYL,methylation,0.0004564151167869568,12,0.24
meth:C1orf110,methylation,0.00045632338151335716,3,0.06
expr:PI16,expression,0.00045540894974361765,11,0.22
expr:DRD2,expression,0.00045516064745329673,21,0.42
meth:CYP2F1,methylation,0.0004549041508913173,42,0.84
expr:SCN7A,expression,0.0004543762018632454,48,0.96
meth:ANGPTL2,methylation,0.0004541708637445577,38,0.76
expr:IRF9,expression,0.0004536250957955971,23,0.46
expr:TEK,expression,0.0004531586530140123,37,0.74
meth:NCOA1,methylation,0.0004527499253044323,49,0.98
expr:RAD21L1,expression,0.0004526051925495267,3,0.06
expr:CYP2B6,expression,0.0004524575901756945,19,0.38
expr:DOK7,expression,0.0004515851614996791,2,0.04
meth:ASXL3,methylation,0.0004514595881725351,3,0.06
meth:BAIAP2L2,methylation,0.0004511254114913754,50,1.0
expr:NPW,expression,0.00045057638424388585,31,0.62
meth:ENTHD1,methylation,0.0004504074630163172,17,0.34
expr:PLEKHH1,expression,0.0004491891886573285,2,0.04
meth:PLA2G4C,methylation,0.00044913974679296924,21,0.42
expr:KL,expression,0.00044826961166108956,40,0.8
meth:GDPD4,methylation,0.00044777258764952424,50,1.0
meth:AUH,methylation,0.00044674521747143254,38,0.76
meth:STK19,methylation,0.0004465734576418375,36,0.72
meth:UNC93B1,methylation,0.00044621934522064805,46,0.92
expr:NSG2,expression,0.0004453116950268547,6,0.12
meth:OMP,methylation,0.00044507193379104135,5,0.1
meth:C1QA,methylation,0.0004449072494653278,29,0.58
meth:RABGAP1L,methylation,0.00044439706834964454,1,0.02
expr:CENPE,expression,0.0004443719517439604,2,0.04
meth:CAND2,methylation,0.0004436497110873461,9,0.18
meth:GNG13,methylation,0.00044362928019836545,22,0.44
meth:UNC13A,methylation,0.0004434709437191486,5,0.1
expr:GUCY2D,expression,0.00044231971592775414,7,0.14
meth:MYO1A,methylation,0.00044212612780169223,13,0.26
meth:ASZ1,methylation,0.00044190383969659085,19,0.38
expr:RFLNA,expression,0.0004416089504957199,8,0.16
meth:SLC14A1,methylation,0.00044113176920438637,37,0.74
expr:APOH,expression,0.000439658605804046,3,0.06
meth:RPL23,methylation,0.0004375917953439057,45,0.9
meth:PPP1R13B,methylation,0.0004374051466584206,5,0.1
meth:MIR1276,methylation,0.0004373240517452359,48,0.96
meth:LRIT3,methylation,0.00043593239194403093,30,0.6
meth:OR2AE1,methylation,0.00043540400656638667,40,0.8
expr:SAMD12,expression,0.00043509061409470934,9,0.18
expr:CDCA2,expression,0.0004340029554441571,6,0.12
meth:MTMR11,methylation,0.00043330705639990896,11,0.22
expr:CCDC38,expression,0.00043330496731053654,29,0.58
expr:KLRB1,expression,0.0004331512318458408,48,0.96
meth:LOC284805,methylation,0.0004326243818338428,14,0.28
expr:LY9,expression,0.0004319636047714286,36,0.72
expr:RAPGEFL1,expression,0.00043134321458637714,4,0.08
expr:CDC25B,expression,0.0004308427160140127,4,0.08
expr:ACSM1,expression,0.00043075759895145894,5,0.1
expr:CXCL12,expression,0.0004307542667014613,21,0.42
expr:HPGDS,expression,0.00043009070941479877,8,0.16
expr:VWA2,expression,0.00042983587676038347,15,0.3
meth:TBCB,methylation,0.00042898423719004943,13,0.26
meth:AGAP11,methylation,0.00042839732486754656,2,0.04
expr:CLEC2D,expression,0.0004280355067241417,43,0.86
meth:PRKACB,methylation,0.0004279187705833465,4,0.08
meth:TREML1,methylation,0.00042682670755311847,26,0.52
expr:ZNF442,expression,0.00042635350837372243,2,0.04
expr:MYOF,expression,0.00042631584972910145,17,0.34
expr:RBM20,expression,0.00042623424087651074,1,0.02
expr:TCEAL5,expression,0.00042488196465585915,21,0.42
expr:ODAM,expression,0.00042470506741665304,8,0.16
meth:APOE,methylation,0.0004245283672827537,27,0.54
meth:C7orf29,methylation,0.0004245114850345999,50,1.0
meth:FUT4,methylation,0.0004244900377903213,47,0.94
expr:HLA-DRB1,expression,0.00042367893426368636,6,0.12
expr:DDAH1,expression,0.000423552977736108,4,0.08
expr:RAMP3,expression,0.0004230441870810143,29,0.58
meth:EXOSC2,methylation,0.0004224197647999972,10,0.2
expr:TMC3,expression,0.0004215488540163885,6,0.12
meth:NSMAF,methylation,0.00042143682367168367,1,0.02
meth:DDC,methylation,0.0004206450927692155,12,0.24
meth:MTPAP,methylation,0.00042056613056821394,47,0.94
meth:C5AR1,methylation,0.0004203010374974263,19,0.38
expr:UNC93A,expression,0.00041980472482503096,47,0.94
meth:MIR1266,methylation,0.0004197959527212741,29,0.58
expr:MROH2A,expression,0.0004195517424541788,39,0.78
meth:SCARNA12,methylation,0.00041948336487015087,12,0.24
expr:SLC12A3,expression,0.00041898738973858684,44,0.88
expr:ANO5,expression,0.0004188353583837549,3,0.06
meth:ENTPD8,methylation,0.0004187996871769428,50,1.0
meth:C1QL4,methylation,0.0004183970740996301,4,0.08
expr:RIPPLY1,expression,0.0004182595999516321,33,0.66
expr:ZNF552,expression,0.00041812911946722804,47,0.94
expr:CD226,expression,0.00041790366515709576,46,0.92
meth:LAIR1,methylation,0.0004177748289128596,22,0.44
meth:MUC20,methylation,0.00041750331663272596,11,0.22
expr:RXFP3,expression,0.000416193506680429,3,0.06
expr:OR2I1P,expression,0.00041561629623174665,15,0.3
expr:AASS,expression,0.0004156120467087021,8,0.16
expr:UBXN10,expression,0.0004153145710006356,2,0.04
expr:PWWP3B,expression,0.00041422457434237003,2,0.04
meth:ST7OT2,methylation,0.0004140730792035659,12,0.24
expr:PARP15,expression,0.0004125964894358601,28,0.56
expr:MFAP4,expression,0.00041179256871915783,13,0.26
meth:PLIN4,methylation,0.0004109177398001493,33,0.66
expr:C1QTNF9,expression,0.00040991163446700996,35,0.7
expr:AOAH,expression,0.0004090190923307091,2,0.04
expr:GASK1B,expression,0.0004074079333804548,1,0.02
expr:FREM1,expression,0.00040730936420596813,43,0.86
meth:F11R,methylation,0.00040581760307153064,3,0.06
meth:TFF2,methylation,0.00040575667756060377,39,0.78
expr:CD274,expression,0.00040556394602530275,26,0.52
meth:C14orf49,methylation,0.0004055351670831442,50,1.0
expr:SOWAHA,expression,0.0004051530101735677,7,0.14
meth:BDH2,methylation,0.0004050008523652492,46,0.92
meth:NRTN,methylation,0.00040496635968641687,24,0.48
meth:SLC31A2,methylation,0.0004045230646928151,9,0.18
meth:FAM178B,methylation,0.0004043512949342462,37,0.74
meth:C15orf50,methylation,0.00040304257709067315,44,0.88
meth:TNS1,methylation,0.00040298522799275815,4,0.08
expr:STAT1,expression,0.00040265377740272216,18,0.36
meth:GGT6,methylation,0.0004019782490407427,30,0.6
meth:NCRNA00189,methylation,0.0004019022308057174,40,0.8
expr:RORA,expression,0.0004012639595506092,6,0.12
meth:SCARNA4,methylation,0.0004002774211888512,30,0.6
expr:ABCC8,expression,0.0003997525740747473,7,0.14
meth:C16orf11,methylation,0.00039951912874944116,38,0.76
meth:OTX2OS1,methylation,0.0003994975462167834,3,0.06
expr:THSD7B,expression,0.0003983524671639316,50,1.0
expr:FGD6,expression,0.0003972476042690687,12,0.24
meth:TRIM17,methylation,0.0003966994894047578,3,0.06
meth:RABL5,methylation,0.000396396208088845,38,0.76
meth:C6orf15,methylation,0.0003961136820726097,50,1.0
meth:TGFBR1,methylation,0.0003957967706290739,35,0.7
meth:ZBTB47,methylation,0.0003956763084249523,39,0.78
expr:ECRG4,expression,0.0003956465057294386,26,0.52
meth:FAM92B,methylation,0.00039544058381579816,16,0.32
meth:STOM,methylation,0.00039454730382810035,45,0.9
meth:RHBDL2,methylation,0.0003940972965210676,11,0.22
expr:NEURL1,expression,0.0003937437636691525,27,0.54
expr:TRPC3,expression,0.0003934042470064014,2,0.04
expr:GPR27,expression,0.0003924776230835252,9,0.18
expr:KCTD3,expression,0.0003922129253624007,22,0.44
expr:FMOD,expression,0.0003921643365174532,2,0.04
meth:DAND5,methylation,0.00039203595370054247,20,0.4
meth:PRSS8,methylation,0.0003919337410479784,5,0.1
meth:ARPP-21,methylation,0.00039182789623737335,5,0.1
meth:LOC100130872-SPON2,methylation,0.00039144127213424355,33,0.66
expr:CPD,expression,0.00039109700204183656,3,0.06
expr:UTRN,expression,0.0003909206795717844,22,0.44
expr:SIGLEC8,expression,0.00039039474601546925,3,0.06
expr:ZPLD1,expression,0.0003900750355872636,3,0.06
expr:RHOH,expression,0.0003899731117681685,22,0.44
expr:CD40LG,expression,0.00038969909038507575,33,0.66
expr:ADGRL4,expression,0.00038901984122016335,28,0.56
meth:MIR23A,methylation,0.00038862659527115863,44,0.88
meth:CNTNAP4,methylation,0.00038862616444627446,6,0.12
expr:ZNF652,expression,0.00038824478486696113,13,0.26
meth:TLR9,methylation,0.0003874879330396652,4,0.08
meth:GAL3ST2,methylation,0.00038741501190756657,49,0.98
expr:CKS2,expression,0.00038724264595657587,4,0.08
expr:MT3,expression,0.0003871498241399725,6,0.12
expr:ALOX15B,expression,0.00038588701785114164,37,0.74
meth:LHX5,methylation,0.0003848259511869401,4,0.08
meth:MGC12982,methylation,0.00038474535569548606,25,0.5
meth:CD68,methylation,0.000383720579768785,22,0.44
meth:C14orf139,methylation,0.00038354570977389813,50,1.0
expr:FSCN1,expression,0.00038331803620960086,39,0.78
meth:VWA5B1,methylation,0.0003830967138388327,7,0.14
meth:IFITM1,methylation,0.0003829602792393416,2,0.04
expr:ABCD2,expression,0.00038291640964377183,46,0.92
meth:CTSK,methylation,0.00038278746069408953,24,0.48
meth:MIR346,methylation,0.0003827702486887574,5,0.1
expr:KCNJ11,expression,0.00038166477414150094,37,0.74
expr:ABI3BP,expression,0.00038157094218149723,48,0.96
meth:P2RY6,methylation,0.00037982692528102134,18,0.36
meth:KRT39,methylation,0.00037772639743274166,42,0.84
expr:NAALADL2,expression,0.00037732868804596364,2,0.04
meth:SNORD21,methylation,0.00037685086529047504,37,0.74
meth:GRAMD4,methylation,0.00037423104679744156,14,0.28
meth:C18orf16,methylation,0.0003741591547926267,21,0.42
meth:TRIM34,methylation,0.0003730652586252998,36,0.72
meth:CCDC83,methylation,0.0003725553746335208,10,0.2
expr:GBP1,expression,0.00037170448036783415,23,0.46
expr:KITLG,expression,0.0003708682026412776,34,0.68
meth:SCT,methylation,0.00036995973921595857,13,0.26
meth:TBXA2R,methylation,0.00036979301578619265,11,0.22
expr:CCNG2,expression,0.0003697903247233084,47,0.94
expr:SLC16A1,expression,0.0003693413026140709,19,0.38
meth:PNLDC1,methylation,0.00036835462027550516,29,0.58
expr:MAP3K1,expression,0.0003680083230420044,33,0.66
expr:MOB3B,expression,0.0003677613567560911,10,0.2
meth:NPEPL1,methylation,0.0003676861679802338,30,0.6
meth:BNIP3,methylation,0.00036702933721244335,5,0.1
meth:ACTG2,methylation,0.00036683009723977494,24,0.48
meth:C3orf74,methylation,0.0003652345575392246,50,1.0
meth:PCDHGB8P,methylation,0.00036521171568892896,4,0.08
expr:OSR2,expression,0.00036489220801740887,5,0.1
meth:VENTX,methylation,0.00036479163100011647,1,0.02
expr:KLRC3,expression,0.00036472801002673805,16,0.32
meth:EIF3IP1,methylation,0.00036457387371531996,24,0.48
meth:C18orf45,methylation,0.00036425529267742403,36,0.72
meth:MIR1914,methylation,0.00036373830932591645,28,0.56
expr:CPEB3,expression,0.0003635938744992018,10,0.2
meth:MIR19B1,methylation,0.00036254590460365374,14,0.28
meth:ZNF585B,methylation,0.00036221304647054297,49,0.98
meth:CST8,methylation,0.00036039242695551366,10,0.2
expr:FCRL3,expression,0.00036033873102101296,46,0.92
meth:LRRC26,methylation,0.00036021191044710577,16,0.32
meth:DCST2,methylation,0.00035974628884683955,11,0.22
meth:GORASP2,methylation,0.000359239171181495,45,0.9
meth:LUZP1,methylation,0.0003589977510273457,15,0.3
meth:SLC6A11,methylation,0.00035828721593134105,4,0.08
expr:LRRN1,expression,0.0003571238412405364,16,0.32
meth:RGS12,methylation,0.0003566087024020297,7,0.14
expr:SRRM5,expression,0.00035645218870033405,18,0.36
expr:EXOC6,expression,0.00035635289750644004,40,0.8
expr:RPRML,expression,0.0003562199417501688,7,0.14
expr:HID1,expression,0.00035592381027527153,2,0.04
meth:SLC6A6,methylation,0.00035577725526420587,49,0.98
meth:PRAME,methylation,0.00035424623948006713,47,0.94
expr:UBE2U,expression,0.00035392681491516883,42,0.84
expr:ALDH6A1,expression,0.00035312205242613953,6,0.12
expr:MEOX1,expression,0.00035260657212980414,46,0.92
expr:CCL5,expression,0.00035186282845891333,22,0.44
expr:CYSLTR2,expression,0.00035166471819760963,38,0.76
meth:LOC100271832,methylation,0.0003511006112343499,49,0.98
expr:PHYHD1,expression,0.0003508822327213628,7,0.14
expr:KCNA1,expression,0.0003508028393197391,36,0.72
expr:CNDP1,expression,0.00035055768482076627,15,0.3
expr:KRT20,expression,0.0003494992076108853,18,0.36
expr:HRK,expression,0.0003490990784484893,2,0.04
expr:CCDC173,expression,0.0003489919879939407,15,0.3
meth:TSPAN4,methylation,0.0003481122465538127,7,0.14
meth:C1orf70,methylation,0.00034771807258948684,1,0.02
meth:PCDHGB7,methylation,0.0003475535486359149,4,0.08
expr:LPXN,expression,0.0003465261300637697,24,0.48
expr:OR52N4,expression,0.0003465054517922302,30,0.6
expr:AP001931.2,expression,0.000346292405285769,9,0.18
meth:ELMO1,methylation,0.00034554110607132316,7,0.14
expr:CLDN19,expression,0.00034510370379494916,18,0.36
meth:CCNJ,methylation,0.0003445574418745107,18,0.36
meth:KRT24,methylation,0.00034408855398872955,42,0.84
expr:MARCHF4,expression,0.00034319632686674595,8,0.16
meth:VASN,methylation,0.0003430043491817108,33,0.66
expr:SPINK1,expression,0.00034288128760332864,15,0.3
expr:P2RY14,expression,0.00034233449667226524,50,1.0
meth:TRAM1,methylation,0.00034208077704533935,2,0.04
meth:FAM84A,methylation,0.000341383449267596,10,0.2
meth:CHN2,methylation,0.00034128042170777917,2,0.04
expr:ORC6,expression,0.0003412390554634233,6,0.12
meth:FAM180A,methylation,0.000341015191055661,43,0.86
expr:IL26,expression,0.0003409841525493763,26,0.52
meth:C17orf44,methylation,0.0003409721688259133,43,0.86
expr:CWH43,expression,0.0003402834059670568,15,0.3
expr:MPV17L,expression,0.0003393655933905393,8,0.16
expr:SEMA3G,expression,0.00033919393354153726,32,0.64
expr:ZNF132,expression,0.0003389281816506649,17,0.34
meth:NOX3,methylation,0.0003387252218089998,4,0.08
meth:CDK2AP1,methylation,0.00033850538857223,40,0.8
meth:MT1G,methylation,0.00033824658021330833,3,0.06
expr:PBK,expression,0.0003380514681339264,4,0.08
meth:KIAA0922,methylation,0.0003378913485600303,18,0.36
meth:SCN5A,methylation,0.0003369366459082812,2,0.04
expr:SCRT2,expression,0.00033625002418245586,14,0.28
meth:PNMT,methylation,0.0003357589594088495,4,0.08
expr:TSSK4,expression,0.0003356737600240324,7,0.14
expr:ACOT11,expression,0.0003351605555508286,1,0.02
meth:BBS5,methylation,0.00033360105589963496,2,0.04
meth:MIR27A,methylation,0.0003335329807748127,46,0.92
meth:MIR557,methylation,0.0003330771578475833,4,0.08
meth:AIPL1,methylation,0.00033303604926913975,25,0.5
meth:MGC26647,methylation,0.0003327977950296675,24,0.48
meth:ST6GALNAC4,methylation,0.0003325961297377944,3,0.06
meth:C1orf200,methylation,0.00033245046506635845,4,0.08
expr:APOBEC2,expression,0.0003321850090287626,2,0.04
expr:IVL,expression,0.00033144685713683855,17,0.34
meth:LOC648691,methylation,0.00033115500302397107,38,0.76
meth:RAB4A,methylation,0.00033066382664921027,28,0.56
expr:TMPPE,expression,0.00033062160946428776,6,0.12
expr:ABHD12B,expression,0.000329643115401268,5,0.1
expr:ARL9,expression,0.0003293612336909229,22,0.44
meth:PLIN2,methylation,0.00032875800124284894,11,0.22
expr:TRAF5,expression,0.0003265927662141621,4,0.08
meth:AGER,methylation,0.0003250358277000487,4,0.08
meth:NLRP6,methylation,0.0003247863043927484,9,0.18
expr:SGK3,expression,0.00032448164420202376,20,0.4
meth:ACTA1,methylation,0.00032370818371418864,3,0.06
expr:DERL3,expression,0.00032346970207678777,6,0.12
expr:SP140L,expression,0.0003233127639827284,27,0.54
expr:PROS1,expression,0.0003229790405991177,6,0.12
meth:C2orf81,methylation,0.0003224247315972063,38,0.76
expr:SH2D1A,expression,0.0003204611697938384,41,0.82
meth:HDHD3,methylation,0.0003204197564627975,38,0.76
expr:KCNK13,expression,0.00032037824857980015,10,0.2
expr:CLRN1,expression,0.00032034491026855034,23,0.46
meth:FSCN3,methylation,0.00032010645715191085,34,0.68
meth:GPIHBP1,methylation,0.0003195558092556894,16,0.32
meth:ZNF474,methylation,0.0003190471907146275,6,0.12
expr:CCDC170,expression,0.00031887303589428484,32,0.64
meth:METAP1,methylation,0.0003180608774224917,15,0.3
expr:KIF20A,expression,0.00031801633303985,4,0.08
expr:HS6ST2,expression,0.00031767099992268614,9,0.18
expr:JUN,expression,0.0003174686280544847,2,0.04
expr:LRRN4CL,expression,0.0003166191454511136,4,0.08
meth:ZNF586,methylation,0.00031619236688129604,8,0.16
meth:CD300LG,methylation,0.0003159098559990525,10,0.2
expr:NTN4,expression,0.000315046733400474,6,0.12
expr:ABCA8,expression,0.00031396722892838483,38,0.76
expr:TRPV6,expression,0.00031391681510616434,11,0.22
expr:P2RX7,expression,0.0003138192530189242,7,0.14
expr:KRT78,expression,0.00031380690883712044,42,0.84
expr:PABPC1L,expression,0.00031333861988969147,1,0.02
meth:CYP27A1,methylation,0.00031267767190001905,1,0.02
meth:C1orf210,methylation,0.0003123875940218568,3,0.06
meth:ZNF556,methylation,0.0003114777896553278,25,0.5
meth:MIR1224,methylation,0.00031142677845699446,35,0.7
expr:ZNF655,expression,0.0003113958186336926,7,0.14
meth:C1orf111,methylation,0.0003110511461272836,4,0.08
expr:PPP1R16B,expression,0.0003109509649220854,40,0.8
expr:CCDC141,expression,0.00031078088767781784,26,0.52
expr:P2RY12,expression,0.0003105659169134099,43,0.86
meth:MSL3L2,methylation,0.00031014720055585104,6,0.12
meth:ALS2CR11,methylation,0.0003097409091424197,10,0.2
expr:NTSR2,expression,0.000309424358420074,24,0.48
meth:GPR171,methylation,0.0003091360267717391,1,0.02
meth:C13orf29,methylation,0.0003091096645221114,15,0.3
expr:RELN,expression,0.00030811470933258536,10,0.2
expr:CAMK4,expression,0.00030810865940690167,44,0.88
meth:GCNT3,methylation,0.0003075143644348421,47,0.94
expr:ANKRD33B,expression,0.0003073523597170909,6,0.12
expr:PRKAG3,expression,0.00030715378622213997,30,0.6
meth:HAO2,methylation,0.0003069986272842074,39,0.78
meth:PALM3,methylation,0.0003066019226725285,13,0.26
expr:DPYSL4,expression,0.0003063819526384274,15,0.3
meth:LCN15,methylation,0.0003056983870919794,20,0.4
meth:ZSCAN23,methylation,0.00030542527868722874,6,0.12
expr:IRF1,expression,0.00030509186153476303,37,0.74
expr:TNFAIP3,expression,0.0003038478422571312,11,0.22
expr:KIAA0040,expression,0.0003033247855910304,32,0.64
expr:S100A8,expression,0.00030328161083161833,15,0.3
meth:ZDHHC11,methylation,0.0003004421014338732,8,0.16
expr:ISM1,expression,0.0003001785720698535,20,0.4
meth:QRFP,methylation,0.00029995468736160547,50,1.0
expr:MRGPRX2,expression,0.00029926100636229794,17,0.34
meth:GHDC,methylation,0.0002987816308935483,18,0.36
expr:LCA5,expression,0.00029876021047433216,3,0.06
meth:RPL13AP20,methylation,0.00029800423011504886,29,0.58
expr:ZFAND4,expression,0.0002974407107103616,1,0.02
meth:FAM107B,methylation,0.00029663878958672283,5,0.1
meth:FAM38B,methylation,0.0002966335123346653,8,0.16
meth:KLHL36,methylation,0.00029647176464398705,30,0.6
meth:ADPRHL1,methylation,0.00029582709438450957,46,0.92
meth:DISP1,methylation,0.000294602955026286,35,0.7
meth:FGFBP1,methylation,0.000294501893222332,4,0.08
meth:SLCO4A1,methylation,0.0002938811434432864,10,0.2
meth:ADH4,methylation,0.00029368276591412723,27,0.54
expr:ZNF528,expression,0.0002923164477882286,6,0.12
expr:TRARG1,expression,0.00029220833029184077,9,0.18
expr:AFF3,expression,0.00029163011957933073,39,0.78
meth:PLA2G4F,methylation,0.00029118292565856663,14,0.28
meth:PCDHGA3,methylation,0.00029106724001134614,7,0.14
expr:RUFY4,expression,0.0002908961323555559,4,0.08
meth:RSAD1,methylation,0.0002906344598159194,1,0.02
meth:DHRS3,methylation,0.00029023922979831696,3,0.06
expr:IQGAP2,expression,0.00028922856409037705,43,0.86
meth:OR1E2,methylation,0.00028910885642593104,3,0.06
expr:FLNB,expression,0.00028849171940237284,4,0.08
meth:C2orf68,methylation,0.00028787442385113206,44,0.88
expr:SHISAL2A,expression,0.00028766006491625577,36,0.72
expr:AMTN,expression,0.00028744720427008964,15,0.3
expr:CCDC117,expression,0.0002854980295524001,5,0.1
meth:RNF123,methylation,0.0002852571714255545,18,0.36
expr:ENTPD5,expression,0.000285211339360103,1,0.02
expr:SYT4,expression,0.00028516585007309914,27,0.54
expr:SMIM33,expression,0.00028486795296582085,12,0.24
meth:TMEM105,methylation,0.00028469054494053127,50,1.0
meth:SOX1,methylation,0.0002843725378625095,4,0.08
expr:SERPING1,expression,0.00028424497312781483,22,0.44
meth:GABRP,methylation,0.0002835735504049808,24,0.48
expr:TRAT1,expression,0.00028342276875099,44,0.88
meth:VPS18,methylation,0.00028335326351225376,16,0.32
meth:SPTBN2,methylation,0.0002830181214393991,33,0.66
meth:HGFAC,methylation,0.0002829504237339205,49,0.98
meth:PVRL4,methylation,0.0002827407954486482,33,0.66
expr:SCN3A,expression,0.0002822209995322149,34,0.68
expr:OR2H2,expression,0.0002819353190716356,10,0.2
meth:KIAA1026,methylation,0.000281714739488765,37,0.74
expr:LIN28A,expression,0.0002810756753509243,15,0.3
expr:RAMP2,expression,0.0002807251488169034,15,0.3
meth:PROZ,methylation,0.00027979654259979725,8,0.16
meth:UPK2,methylation,0.0002786896548905345,43,0.86
meth:CASQ1,methylation,0.0002774132179703364,42,0.84
expr:PLAAT3,expression,0.0002763927060489853,15,0.3
meth:LOC121952,methylation,0.0002759266977331468,14,0.28
expr:RNASE4,expression,0.00027589074852585327,32,0.64
meth:PHKG1,methylation,0.000274036981863901,8,0.16
meth:CST7,methylation,0.0002739337699798246,15,0.3
meth:RHPN2,methylation,0.0002739061832161075,41,0.82
expr:ARHGAP8,expression,0.00027319954824633896,6,0.12
expr:SCEL,expression,0.00027295819018036127,10,0.2
expr:CCDC30,expression,0.00027174879020700854,3,0.06
expr:EDNRB,expression,0.0002713876310735941,5,0.1
expr:CDH2,expression,0.00027087447233498096,3,0.06
meth:KIAA0513,methylation,0.00027078107523266227,50,1.0
expr:FCER2,expression,0.0002702446363400668,8,0.16
expr:CCL1,expression,0.00026999638580224095,17,0.34
expr:SLC5A12,expression,0.00026949949096888304,5,0.1
expr:ACADSB,expression,0.00026695163680228573,39,0.78
meth:MIR938,methylation,0.00026630593691317534,44,0.88
meth:LRRN4,methylation,0.000266109624676205,37,0.74
meth:SERPINA9,methylation,0.0002649923204444349,10,0.2
meth:KRTAP1-3,methylation,0.00026494475443743996,18,0.36
meth:KRTAP4-5,methylation,0.0002645615038798294,36,0.72
expr:ATP13A5,expression,0.00026432099402882157,10,0.2
expr:CAPN11,expression,0.0002640953753143549,5,0.1
expr:TPRG1,expression,0.0002639290178194642,5,0.1
expr:AMN1,expression,0.00026376539608463645,4,0.08
meth:TOMM20L,methylation,0.0002636348584201187,25,0.5
expr:BPIFA2,expression,0.0002621715733160575,18,0.36
meth:FFAR3,methylation,0.00026066725504712113,42,0.84
expr:ZNF620,expression,0.0002595441004696993,31,0.62
meth:MIR623,methylation,0.0002590896866699357,46,0.92
expr:EHHADH,expression,0.000259070482570678,1,0.02
meth:C12orf71,methylation,0.00025842427159659563,25,0.5
meth:MIR365-1,methylation,0.0002583094756118953,22,0.44
meth:GNE,methylation,0.0002580812433734536,2,0.04
expr:ZNF728,expression,0.000256743387715822,27,0.54
expr:ANKRD2,expression,0.00025663431733846664,2,0.04
expr:CCDC69,expression,0.00025647429213153595,33,0.66
expr:GREB1,expression,0.0002564293600153178,25,0.5
expr:CCND2,expression,0.0002562565296622259,35,0.7
expr:CDKN1B,expression,0.0002554720655704538,12,0.24
meth:NHP2,methylation,0.0002553466916212748,29,0.58
meth:SLURP1,methylation,0.000255332568057758,34,0.68
meth:SCNN1D,methylation,0.0002550950480831994,9,0.18
meth:S100A2,methylation,0.00025402350234799087,50,1.0
expr:KLF2,expression,0.00025395710933177423,27,0.54
meth:TNRC6C,methylation,0.00025392426177859304,10,0.2
meth:H2AFY,methylation,0.00025384407490491867,16,0.32
expr:MAN1C1,expression,0.0002529358025640249,1,0.02
expr:FOXE1,expression,0.00025291011358300847,9,0.18
meth:VHL,methylation,0.00025169502022554695,46,0.92
meth:LINGO4,methylation,0.00025135496564741643,7,0.14
meth:PRICKLE1,methylation,0.00025105371605604887,14,0.28
meth:CCDC30,methylation,0.00025063090259209276,50,1.0
expr:CACNA1E,expression,0.0002500753034837544,2,0.04
meth:NLRP5,methylation,0.00024990789825096726,14,0.28
expr:ADGRF2,expression,0.00024870661686041525,14,0.28
meth:GPA33,methylation,0.0002486767092098792,6,0.12
expr:ZNF675,expression,0.0002481679897755384,5,0.1
meth:SLC4A9,methylation,0.0002477997283373649,24,0.48
expr:TRIM22,expression,0.00024698457647381086,21,0.42
expr:LHX8,expression,0.0002466569421812892,2,0.04
expr:CLIC2,expression,0.0002456863952355216,46,0.92
expr:CLEC10A,expression,0.00024568033404648304,23,0.46
expr:NLGN3,expression,0.00024567388463765384,5,0.1
expr:RAP1GAP2,expression,0.00024540331214666365,10,0.2
expr:TESPA1,expression,0.0002454024636083179,45,0.9
meth:SERPINE3,methylation,0.000245043956157234,18,0.36
expr:GMFG,expression,0.00024471688084304333,4,0.08
meth:IFNGR2,methylation,0.0002446627568133408,32,0.64
meth:SNORD4B,methylation,0.0002444787782483867,7,0.14
expr:GATA3,expression,0.00024409677333584647,41,0.82
expr:PZP,expression,0.00024407351156696677,6,0.12
expr:SCG3,expression,0.0002435093920212239,2,0.04
expr:DLC1,expression,0.0002425097019030628,22,0.44
meth:MUC13,methylation,0.00024249643320217729,6,0.12
expr:SCML4,expression,0.00024240461311170032,35,0.7
meth:PLEC1,methylation,0.00024200760868980605,17,0.34
meth:PCDHB19P,methylation,0.0002398470076858192,37,0.74
meth:DLK1,methylation,0.00023973656061571091,1,0.02
meth:SRRM2,methylation,0.00023865641560405493,3,0.06
expr:GRAP2,expression,0.00023763598874211312,30,0.6
expr:LGALS3BP,expression,0.00023751203843858093,2,0.04
expr:PDE6G,expression,0.0002372707628334562,30,0.6
meth:DUPD1,methylation,0.00023641259758733213,8,0.16
meth:C16orf79,methylation,0.00023581804998684675,15,0.3
expr:LPCAT3,expression,0.00023530545877292752,6,0.12
meth:PXDNL,methylation,0.0002348207953301343,11,0.22
meth:NOS2,methylation,0.00023471925407648087,25,0.5
expr:RNF157,expression,0.0002346300888651361,15,0.3
expr:GABRA4,expression,0.00023431802401319146,4,0.08
expr:PARD3B,expression,0.00023400949118825207,42,0.84
expr:GPR18,expression,0.00023369428659365937,44,0.88
meth:FAM18A,methylation,0.0002333657272780935,3,0.06
meth:MAFA,methylation,0.00023295250139199197,8,0.16
expr:FCRL6,expression,0.00023166103410008162,23,0.46
expr:CCNB1,expression,0.0002315807156264782,5,0.1
expr:ADCY5,expression,0.00023157647994690036,19,0.38
meth:SNORD18C,methylation,0.00023135522496886551,4,0.08
meth:SNORA48,methylation,0.0002308904998547708,12,0.24
meth:DYRK2,methylation,0.0002306530867437167,42,0.84
expr:BTN3A2,expression,0.0002297967905178666,5,0.1
expr:AC005041.1,expression,0.00022888730745762587,3,0.06
expr:ITIH6,expression,0.00022856387882851638,13,0.26
meth:LOC648740,methylation,0.00022855494171380997,2,0.04
expr:VAV3,expression,0.00022813814575783908,8,0.16
meth:VKORC1,methylation,0.00022804264638883373,39,0.78
expr:SPINK4,expression,0.0002275402075611055,2,0.04
meth:SLC5A1,methylation,0.00022693643404636532,8,0.16
expr:CENPW,expression,0.0002268337358889932,11,0.22
meth:C1orf168,methylation,0.0002264013234525919,25,0.5
expr:ARMH1,expression,0.00022627649013884366,2,0.04
expr:C5AR2,expression,0.00022621822427026927,14,0.28
expr:KCNRG,expression,0.00022593209869228303,5,0.1
meth:AP2A2,methylation,0.00022592658125278022,27,0.54
meth:HIGD1A,methylation,0.00022592525541161498,3,0.06
meth:ITPRIP,methylation,0.0002258502521571961,47,0.94
meth:GPRIN3,methylation,0.000225702635361813,2,0.04
expr:TCHHL1,expression,0.00022548691450371123,49,0.98
expr:STMND1,expression,0.0002250200981507078,40,0.8
expr:CELA1,expression,0.00022481336331804327,42,0.84
expr:XBP1,expression,0.0002246582880616188,37,0.74
expr:PLAAT5,expression,0.0002244527951750735,22,0.44
meth:S100A5,methylation,0.0002241636005540689,6,0.12
expr:GYPE,expression,0.00022349440647910038,15,0.3
meth:LOC143188,methylation,0.00022345751390925476,14,0.28
expr:NOSTRIN,expression,0.00022339839233609382,8,0.16
meth:SNORA25,methylation,0.00022308311114708582,6,0.12
meth:RD3,methylation,0.00022123363795595205,49,0.98
meth:GCM1,methylation,0.00022100717845804444,41,0.82
expr:KIR2DL3,expression,0.00022067634078363577,9,0.18
meth:CCKAR,methylation,0.00022053022661970722,9,0.18
meth:NPTN,methylation,0.0002204905779633139,14,0.28
meth:RGS11,methylation,0.0002200377098883369,28,0.56
meth:SOD3,methylation,0.00021991032796601454,12,0.24
expr:NCR1,expression,0.00021986931001858625,23,0.46
meth:CNKSR1,methylation,0.0002190885425079614,8,0.16
expr:CD5,expression,0.00021840954412192363,29,0.58
expr:CEP290,expression,0.0002182326279580593,3,0.06
expr:GJD3,expression,0.0002181263430079875,26,0.52
expr:CD38,expression,0.00021805138038914827,21,0.42
meth:C14orf184,methylation,0.0002180473238695413,10,0.2
meth:LY6D,methylation,0.00021803857419978488,22,0.44
meth:GPR20,methylation,0.0002176911075366661,24,0.48
meth:XDH,methylation,0.00021688040578737855,3,0.06
expr:PDXP,expression,0.00021666358225047588,24,0.48
expr:MB,expression,0.00021640384511556476,4,0.08
expr:ANKRD31,expression,0.00021569811797235162,5,0.1
meth:MIR216A,methylation,0.00021513134318714341,6,0.12
meth:HEPHL1,methylation,0.0002149919600924477,2,0.04
meth:GAL3ST3,methylation,0.00021444926969707012,5,0.1
expr:FGL2,expression,0.00021439946722239255,40,0.8
meth:LOC441601,methylation,0.0002142035955330357,2,0.04
expr:ATP1A2,expression,0.00021356499991784602,46,0.92
expr:FOXI2,expression,0.00021350179583980487,13,0.26
expr:BBOF1,expression,0.00021328795701265336,5,0.1
meth:HOXC13,methylation,0.00021232096204424605,34,0.68
expr:BLVRA,expression,0.00021199081939729777,11,0.22
meth:PLA2G5,methylation,0.00021164837991818786,25,0.5
meth:NPSR1,methylation,0.0002106667886470893,27,0.54
meth:RASL10A,methylation,0.00020999797561671585,4,0.08
meth:CDT1,methylation,0.00020938886490722114,13,0.26
meth:OR1J4,methylation,0.00020937561930622905,2,0.04
expr:NXN,expression,0.0002092249269480817,24,0.48
expr:CDK15,expression,0.00020921599498251452,10,0.2
meth:COQ3,methylation,0.00020915775559842586,25,0.5
expr:SYNPO2,expression,0.00020878586090273329,45,0.9
meth:KISS1,methylation,0.00020866683716404028,29,0.58
expr:SLC25A32,expression,0.0002084301959257573,2,0.04
expr:PDZK1,expression,0.0002078982870443724,14,0.28
expr:BAIAP2L2,expression,0.00020761686998109022,6,0.12
meth:COLQ,methylation,0.0002075731708349562,38,0.76
expr:SAG,expression,0.00020732037955895066,8,0.16
expr:FGF16,expression,0.00020727682567667216,1,0.02
expr:SOX11,expression,0.00020725262241766732,17,0.34
meth:MET,methylation,0.00020721336893205131,28,0.56
meth:PCDHA4,methylation,0.00020647637401929213,21,0.42
expr:TNFSF14,expression,0.0002059897407889366,15,0.3
meth:CACNG1,methylation,0.00020596108931515898,21,0.42
meth:GLIS1,methylation,0.00020476592180784792,16,0.32
expr:AKR1E2,expression,0.0002046933476170428,24,0.48
expr:HLA-DMB,expression,0.00020445808947372896,13,0.26
expr:SFXN5,expression,0.00020416619372554123,2,0.04
expr:BEST3,expression,0.00020370949641801417,1,0.02
expr:TNNT3,expression,0.0002035434008575976,6,0.12
expr:SFN,expression,0.00020335945818159316,9,0.18
meth:C22orf31,methylation,0.00020296053944862094,29,0.58
meth:GHSR,methylation,0.00020291978338112435,9,0.18
meth:FSD1L,methylation,0.00020278913143556565,4,0.08
meth:MIR802,methylation,0.00020274358879153928,3,0.06
meth:SORBS2,methylation,0.00020260668779056604,44,0.88
meth:C11orf49,methylation,0.00020232965023471758,13,0.26
meth:PACSIN2,methylation,0.0002019631998229991,34,0.68
expr:NR3C2,expression,0.0002017281102863225,33,0.66
expr:ZNF155,expression,0.00020128475236041204,7,0.14
expr:FLI1,expression,0.00020064263824476965,18,0.36
expr:PAK5,expression,0.00019984371465398,32,0.64
meth:KIF3C,methylation,0.00019943339672560492,6,0.12
meth:PLA2G4D,methylation,0.00019852352703978517,49,0.98
expr:CCR5,expression,0.00019781989976763725,14,0.28
expr:CYP2C8,expression,0.0001976784988073632,2,0.04
expr:CMYA5,expression,0.0001969498880498577,16,0.32
expr:TTLL7,expression,0.00019694373218549622,9,0.18
meth:TRAPPC3,methylation,0.00019660263954262647,35,0.7
expr:TP63,expression,0.00019622253409276407,30,0.6
expr:SYBU,expression,0.00019530018713946143,6,0.12
expr:CXCR2,expression,0.00019522203671696939,19,0.38
meth:AGXT,methylation,0.00019488083161113242,31,0.62
expr:RGS13,expression,0.00019482282100637493,38,0.76
expr:ALKAL1,expression,0.00019469860743618372,33,0.66
meth:EML4,methylation,0.00019445212092250586,8,0.16
expr:AHR,expression,0.0001934004895803001,9,0.18
expr:ITGAL,expression,0.0001933091689158786,47,0.94
expr:CD3D,expression,0.00019318192677858932,26,0.52
meth:MAPK8,methylation,0.00019299134146422148,35,0.7
meth:NCRNA00112,methylation,0.0001925006278421885,48,0.96
meth:CRISP3,methylation,0.00019176774990877936,42,0.84
meth:PPP1CC,methylation,0.00019172314469787207,11,0.22
meth:CLCF1,methylation,0.0001914786068179334,24,0.48
expr:GIMAP6,expression,0.00019137666707760408,19,0.38
meth:RBM47,methylation,0.00019100414938293396,45,0.9
meth:LGALS7B,methylation,0.00019086266603643217,26,0.52
meth:MORC2,methylation,0.00019057950703427196,17,0.34
expr:RIPK3,expression,0.0001902914316261835,46,0.92
meth:TAGLN,methylation,0.0001899035026629766,33,0.66
expr:SCGB2B2,expression,0.00018953155570973954,3,0.06
meth:SFRS13A,methylation,0.00018924758653156458,25,0.5
meth:CTF1,methylation,0.00018890040076297262,23,0.46
expr:TTLL9,expression,0.00018872549990192055,5,0.1
expr:DOCK10,expression,0.00018817920863511972,16,0.32
expr:H2BC11,expression,0.00018802503473125398,4,0.08
expr:SRARP,expression,0.00018758927035378292,32,0.64
expr:KCNA3,expression,0.00018725901221235594,24,0.48
meth:CYP2W1,methylation,0.00018713696876407733,28,0.56
meth:KRTAP10-4,methylation,0.00018702169957881173,3,0.06
expr:ST3GAL5,expression,0.0001869564992375672,5,0.1
meth:ANKRD39,methylation,0.00018580965710994363,44,0.88
expr:TRIM43,expression,0.0001857315981760621,25,0.5
expr:GIMAP2,expression,0.0001854757805738379,34,0.68
expr:NCAM2,expression,0.00018543082265311787,29,0.58
expr:GRAMD1C,expression,0.0001854061433139419,23,0.46
meth:MIR1185-1,methylation,0.0001845453807618469,4,0.08
meth:CCDC85C,methylation,0.0001842921289304892,42,0.84
expr:TRERF1,expression,0.00018415337544865906,10,0.2
meth:KIAA1683,methylation,0.00018388152950339848,45,0.9
meth:MIR30E,methylation,0.00018372474238276482,25,0.5
expr:MNDA,expression,0.00018347209940354028,9,0.18
expr:H2AC11,expression,0.0001832648671956526,9,0.18
meth:NWD1,methylation,0.00018302781973034143,9,0.18
expr:LDB3,expression,0.00018200904596596957,5,0.1
meth:SBSN,methylation,0.00018193441527810964,11,0.22
expr:CKMT2,expression,0.0001817530719563365,4,0.08
meth:CD74,methylation,0.00018129777163267136,9,0.18
meth:C8ORFK29,methylation,0.00018108978838426992,16,0.32
expr:KIAA0825,expression,0.00018083250324707478,4,0.08
expr:CDH15,expression,0.0001797529044919289,13,0.26
meth:C1QB,methylation,0.00017972084848831096,6,0.12
meth:EPR1,methylation,0.0001794216805137694,13,0.26
expr:XAF1,expression,0.0001793015024824334,28,0.56
meth:TMPRSS12,methylation,0.00017907632448311363,35,0.7
meth:CALML6,methylation,0.00017895869677886367,8,0.16
expr:LRCH2,expression,0.00017888143858207122,14,0.28
meth:C11orf31,methylation,0.00017887744535174634,18,0.36
expr:IGF1,expression,0.0001788679976016283,10,0.2
meth:NRAS,methylation,0.00017869974752621992,7,0.14
meth:STK32A,methylation,0.000178656909459581,3,0.06
meth:CYP4F8,methylation,0.0001780175417661667,25,0.5
meth:TMPRSS3,methylation,0.00017775645336279503,13,0.26
expr:DNAH5,expression,0.00017773489526007324,2,0.04
meth:TUG1,methylation,0.00017720377517809326,17,0.34
expr:LIF,expression,0.00017679839705427489,3,0.06
meth:RLBP1,methylation,0.00017659326032218005,9,0.18
expr:CCDC65,expression,0.00017538816124821702,3,0.06
meth:CAPN11,methylation,0.00017497577105781862,7,0.14
meth:CA1,methylation,0.00017493675113655627,4,0.08
meth:SPINK5L3,methylation,0.00017485817689673916,31,0.62
expr:ACSM5,expression,0.00017414196857619876,12,0.24
meth:PRSS27,methylation,0.0001738465119463702,12,0.24
meth:GALNT8,methylation,0.00017371267035958313,21,0.42
expr:AHSG,expression,0.00017350187408737838,30,0.6
meth:CHST6,methylation,0.00017218835169582495,28,0.56
meth:C8orf45,methylation,0.00017185703784759556,7,0.14
expr:NAT16,expression,0.000171502462940336,41,0.82
expr:SLN,expression,0.00017120724078267813,6,0.12
expr:CFAP57,expression,0.00017116124799940736,5,0.1
meth:FOLH1,methylation,0.0001707581541268155,4,0.08
expr:DRC3,expression,0.0001704818105281447,16,0.32
expr:PEX11A,expression,0.0001703714563821753,3,0.06
meth:GRTP1,methylation,0.00016943796756951248,17,0.34
expr:GLUD2,expression,0.00016886359662748873,2,0.04
meth:EXOC8,methylation,0.00016834771987505074,41,0.82
expr:BTN3A1,expression,0.00016804452110698228,17,0.34
expr:LAX1,expression,0.00016752304841897316,35,0.7
expr:DAGLA,expression,0.00016733659008009866,11,0.22
meth:C2orf58,methylation,0.00016702585170328942,46,0.92
meth:ZFATAS,methylation,0.00016689761921915474,49,0.98
meth:LTA,methylation,0.0001665333693381399,8,0.16
expr:F8,expression,0.00016590409116664281,12,0.24
expr:BTLA,expression,0.00016483160335213897,47,0.94
meth:SLC16A8,methylation,0.00016402235487475992,20,0.4
meth:FAM181A,methylation,0.00016379422352959713,6,0.12
expr:CHRNA9,expression,0.00016264310106635095,10,0.2
expr:EBI3,expression,0.0001625739096198231,8,0.16
expr:SLAMF1,expression,0.0001625055188520087,9,0.18
meth:GDF5,methylation,0.00016133373719640076,16,0.32
expr:OLIG2,expression,0.00016125112597364932,4,0.08
expr:CLEC1A,expression,0.00016087119897397666,13,0.26
meth:SNORA7B,methylation,0.00016082740621641277,10,0.2
meth:MIR1304,methylation,0.00016063491348177194,5,0.1
meth:FOLR2,methylation,0.00015963324720201933,46,0.92
expr:PVRIG,expression,0.00015958007001741365,11,0.22
meth:TAS2R40,methylation,0.0001587581510345141,30,0.6
meth:ESPNL,methylation,0.00015558729089958513,46,0.92
meth:LRTM2,methylation,0.0001551991153974086,2,0.04
expr:P2RY10,expression,0.00015488430042751134,25,0.5
expr:AQP11,expression,0.00015470877406187356,4,0.08
meth:SNORD36A,methylation,0.0001545971483990018,42,0.84
expr:CCL23,expression,0.00015459669521078467,8,0.16
meth:DYRK4,methylation,0.000154550326988101,5,0.1
expr:HIPK4,expression,0.00015450037317350508,20,0.4
expr:CCR2,expression,0.00015329330044826776,33,0.66
meth:PARK2,methylation,0.00015321765386033803,8,0.16
expr:DCAF10,expression,0.00015276635011624812,14,0.28
meth:SLC5A10,methylation,0.00015244922939349306,11,0.22
expr:EFHD1,expression,0.00015205190616792867,14,0.28
meth:IL28B,methylation,0.0001518753900503119,3,0.06
expr:ZKSCAN7,expression,0.00015162780376461646,3,0.06
expr:TIGIT,expression,0.0001515476033091545,7,0.14
expr:EVI2A,expression,0.00015093900987671482,9,0.18
meth:GNPDA2,methylation,0.00015083167553794655,22,0.44
meth:IDO2,methylation,0.0001501455470653517,7,0.14
meth:TNFSF12,methylation,0.0001501024526078254,8,0.16
meth:KRTAP5-6,methylation,0.0001499569189036265,4,0.08
meth:SOX30,methylation,0.0001498419195950891,13,0.26
expr:NPFFR2,expression,0.000149813936635231,3,0.06
meth:EPHA8,methylation,0.00014972734425100498,16,0.32
expr:CRTAM,expression,0.00014959953841753304,8,0.16
expr:SLC26A3,expression,0.00014955420512706042,25,0.5
meth:PEX19,methylation,0.00014926989723999912,26,0.52
expr:CELA2B,expression,0.00014888572040945293,40,0.8
expr:PLSCR4,expression,0.00014880607738053766,22,0.44
expr:SCUBE1,expression,0.0001484529445103059,9,0.18
expr:RAB37,expression,0.00014828025119971824,11,0.22
expr:DOCK8,expression,0.00014799045782317133,17,0.34
meth:CRYBB3,methylation,0.00014734216143979747,17,0.34
meth:TMEM139,methylation,0.00014671198801980133,21,0.42
meth:HMP19,methylation,0.00014658228141225635,31,0.62
expr:CBX7,expression,0.0001461356529034674,5,0.1
expr:AHNAK2,expression,0.00014603183288792415,7,0.14
expr:FASN,expression,0.00014596243272535503,1,0.02
expr:GZMK,expression,0.00014498734490189235,40,0.8
meth:SLC7A7,methylation,0.00014495081268250942,10,0.2
expr:CHEK1,expression,0.00014396111311560327,11,0.22
meth:SNORA51,methylation,0.00014362272817048836,11,0.22
expr:MFGE8,expression,0.00014339174958877265,2,0.04
expr:MAGEB4,expression,0.00014332856517285109,8,0.16
meth:LPCAT2,methylation,0.00014313634407396117,6,0.12
expr:TMEM196,expression,0.00014285179984537845,47,0.94
meth:MUC21,methylation,0.00014240083983168005,10,0.2
expr:TTC39A,expression,0.0001422767927579116,16,0.32
meth:ZDHHC8,methylation,0.00014208635548129678,4,0.08
meth:FLJ41941,methylation,0.00014151266077533364,4,0.08
expr:RGS22,expression,0.00014135680976323783,4,0.08
expr:MPP6,expression,0.00014077945379540325,10,0.2
expr:CD3G,expression,0.00014072170426302096,17,0.34
meth:SPSB1,methylation,0.00013985542333399764,49,0.98
meth:ACSM5,methylation,0.00013937962810612388,36,0.72
expr:CATIP,expression,0.00013875627191737295,10,0.2
expr:ASZ1,expression,0.00013822506921964565,14,0.28
meth:SLC4A11,methylation,0.00013818526690072836,47,0.94
expr:MAGI2,expression,0.00013816433784086257,2,0.04
expr:SELP,expression,0.0001378679188201204,50,1.0
meth:FAM124B,methylation,0.00013690901344970744,34,0.68
expr:NPIPB3,expression,0.00013685127487406135,25,0.5
expr:POTEI,expression,0.00013632248737849295,4,0.08
meth:LOC100130331,methylation,0.0001359084756889691,6,0.12
expr:PRRG4,expression,0.0001358088144722084,3,0.06
expr:CLECL1,expression,0.000135708589699458,11,0.22
expr:ODF3,expression,0.00013569139991886914,3,0.06
expr:S100A9,expression,0.00013526820491634956,23,0.46
expr:STARD5,expression,0.00013512698448418328,12,0.24
meth:TMEM30C,methylation,0.00013501414180021077,17,0.34
expr:ICAM3,expression,0.00013472836161422175,43,0.86
expr:RPP25,expression,0.0001346529861621093,8,0.16
expr:KLHL6,expression,0.00013435654303369424,3,0.06
expr:EVI2B,expression,0.00013365616010000499,26,0.52
expr:TPSB2,expression,0.00013333379320101812,16,0.32
expr:WDR49,expression,0.0001324638185906224,10,0.2
expr:GPR174,expression,0.0001323462655658231,17,0.34
expr:ZNF831,expression,0.0001318864815402776,32,0.64
meth:TNFAIP8L2,methylation,0.00013128590459624925,3,0.06
meth:TAS2R41,methylation,0.00013126981211826206,5,0.1
expr:NEDD9,expression,0.00013123903449417817,18,0.36
expr:REM2,expression,0.00013123458484187722,10,0.2
meth:ANKRD22,methylation,0.00013075162617800137,12,0.24
expr:SLFN12,expression,0.00013051739993638227,7,0.14
expr:SLC49A3,expression,0.00013016687500147292,13,0.26
expr:XCL2,expression,0.0001298757629496429,17,0.34
expr:C5orf58,expression,0.00012981075355235268,17,0.34
expr:ZNF396,expression,0.0001291741808766828,17,0.34
expr:SPRY1,expression,0.00012902583901969983,14,0.28
expr:OPN1SW,expression,0.0001283222227357328,8,0.16
expr:CCDC191,expression,0.0001282662075633804,12,0.24
expr:KRT3,expression,0.0001279836844490922,23,0.46
meth:KRT40,methylation,0.00012720964150503278,12,0.24
meth:CMA1,methylation,0.00012683118499505022,3,0.06
meth:CCDC158,methylation,0.000126617553178221,2,0.04
meth:ZP4,methylation,0.00012621216592378914,3,0.06
expr:MYOT,expression,0.0001261133501040084,7,0.14
expr:NME5,expression,0.00012525451893452555,2,0.04
meth:SLC25A18,methylation,0.0001251792683350769,22,0.44
expr:RGS18,expression,0.00012501603923738004,15,0.3
expr:PGLYRP4,expression,0.00012435168100637383,40,0.8
expr:FITM1,expression,0.0001240000274265185,12,0.24
expr:DPYD,expression,0.00012257128671210792,35,0.7
expr:ABCB9,expression,0.00012223268277011812,6,0.12
meth:MS4A13,methylation,0.00012204633821966127,4,0.08
meth:BTN1A1,methylation,0.00012144589666551088,34,0.68
expr:CD96,expression,0.0001213420888013912,33,0.66
expr:LY6D,expression,0.0001212612260133028,24,0.48
expr:ABAT,expression,0.00012108464168546641,46,0.92
expr:ASS1,expression,0.00012097838155638713,13,0.26
expr:RNF213,expression,0.00012087893749897678,15,0.3
meth:MIR1228,methylation,0.00012070894133233066,7,0.14
expr:UMOD,expression,0.00012056878040311858,8,0.16
expr:TGFBR3,expression,0.00012037285099116464,6,0.12
expr:SLC16A6,expression,0.00011994901433354244,8,0.16
expr:MSI2,expression,0.000119843686115928,5,0.1
meth:KRBA2,methylation,0.00011950511751430375,21,0.42
expr:KCNN4,expression,0.00011885497951880097,3,0.06
meth:SPARCL1,methylation,0.00011869919295090117,14,0.28
expr:DNAAF6,expression,0.00011824152898043394,2,0.04
expr:USP35,expression,0.00011823113709397148,8,0.16
expr:UGT3A2,expression,0.00011818006169050932,13,0.26
expr:KLHL33,expression,0.00011786829402789157,47,0.94
meth:BARHL1,methylation,0.00011662939505185932,2,0.04
meth:ICMT,methylation,0.00011514543610460619,17,0.34
meth:RAB11FIP3,methylation,0.00011512734151134889,12,0.24
expr:TCP10L,expression,0.00011480381627651778,11,0.22
meth:MSI1,methylation,0.0001145388960139826,2,0.04
meth:SEC16B,methylation,0.0001140912831760943,50,1.0
expr:ILK,expression,0.0001140329914051108,2,0.04
meth:C1QTNF1,methylation,0.00011393181048333645,20,0.4
expr:OLIG1,expression,0.00011377233419228683,11,0.22
meth:MIR489,methylation,0.00011144853197038173,20,0.4
meth:ARHGEF19,methylation,0.00011020538763010077,14,0.28
meth:TRIM65,methylation,0.00011013999270896117,6,0.12
expr:ATP10B,expression,0.00010987306207728882,3,0.06
expr:SMIM14,expression,0.00010960801349331935,15,0.3
meth:HLA-A,methylation,0.00010958686470985413,6,0.12
expr:NGB,expression,0.00010950233942518632,30,0.6
expr:SIRPG,expression,0.00010948397381150204,23,0.46
meth:KCNA7,methylation,0.00010841391243351002,6,0.12
expr:IMPG2,expression,0.00010814980487339199,4,0.08
expr:HSH2D,expression,0.00010702192472914855,3,0.06
expr:NFIA,expression,0.00010692643312116464,15,0.3
expr:HLA-DPA1,expression,0.00010690618174798463,23,0.46
meth:GRB10,methylation,0.0001063621183315855,43,0.86
meth:BTBD6,methylation,0.00010592542659853482,18,0.36
meth:GBP3,methylation,0.00010492772244932976,11,0.22
expr:CFAP43,expression,0.00010485200564963398,27,0.54
meth:PLCH1,methylation,0.00010460604292651017,15,0.3
expr:ST8SIA6,expression,0.0001039534637873823,11,0.22
meth:SCG3,methylation,0.0001036559187923558,4,0.08
meth:C20orf141,methylation,0.00010333684056402287,36,0.72
expr:KCTD6,expression,0.00010303517531914015,6,0.12
meth:HLTF,methylation,0.00010275323117195174,43,0.86
expr:S1PR1,expression,0.00010264433512929827,26,0.52
expr:ARHGAP22,expression,0.00010218235871030224,9,0.18
meth:GRAMD2,methylation,0.0001021042103982634,45,0.9
meth:P2RY13,methylation,0.00010180492688010892,23,0.46
meth:ENTPD2,methylation,0.00010155305704649757,17,0.34
meth:LEPREL2,methylation,0.00010134265176020563,12,0.24
expr:ATP10A,expression,0.0001006072634481825,2,0.04
expr:ABCA9,expression,0.0001001977185036854,42,0.84
expr:OMD,expression,9.901910088956356e-05,5,0.1
expr:PIK3CG,expression,9.889019009492854e-05,17,0.34
meth:PITPNM3,methylation,9.88734609563835e-05,4,0.08
expr:RARA,expression,9.885459439828992e-05,6,0.12
expr:CALN1,expression,9.853744995780289e-05,2,0.04
meth:NACAP1,methylation,9.834086005058553e-05,45,0.9
expr:GIMAP8,expression,9.827777976170182e-05,10,0.2
expr:BANK1,expression,9.739946108311415e-05,15,0.3
meth:LOC285629,methylation,9.727951692184433e-05,8,0.16
expr:EMCN,expression,9.725675226945896e-05,48,0.96
meth:TMEM37,methylation,9.723031276685966e-05,37,0.74
expr:S100A5,expression,9.686037083156407e-05,8,0.16
expr:GIMAP1,expression,9.681332287275129e-05,9,0.18
expr:PATJ,expression,9.677317159782563e-05,14,0.28
expr:DUOXA1,expression,9.675470775821143e-05,18,0.36
expr:CSF2RB,expression,9.658249715964e-05,15,0.3
expr:CFAP99,expression,9.636460030874746e-05,22,0.44
meth:SNORD73A,methylation,9.590802489713366e-05,28,0.56
meth:C1orf96,methylation,9.577025360028659e-05,28,0.56
expr:MRPS24,expression,9.535427670925856e-05,9,0.18
expr:SPATA4,expression,9.522361298357802e-05,14,0.28
meth:KANK1,methylation,9.49762761592865e-05,4,0.08
expr:AP001931.1,expression,9.430635691387579e-05,4,0.08
meth:ZNF804B,methylation,9.413409861736e-05,6,0.12
meth:CSTT,methylation,9.395978468958111e-05,21,0.42
meth:MIR518C,methylation,9.366236806202393e-05,13,0.26
expr:PLXNC1,expression,9.348613821202889e-05,4,0.08
expr:NCR3,expression,9.327053299380673e-05,18,0.36
expr:SKA1,expression,9.315586648881436e-05,5,0.1
expr:NLRP6,expression,9.265994158340618e-05,10,0.2
expr:ALG10B,expression,9.238209410492952e-05,6,0.12
expr:FRS2,expression,9.200432881092031e-05,6,0.12
meth:LOC284023,methylation,9.181473287753761e-05,5,0.1
meth:TIGD2,methylation,9.178609490908426e-05,29,0.58
expr:CDCA5,expression,9.14921013948818e-05,3,0.06
expr:ATP8B2,expression,9.115090506384149e-05,1,0.02
expr:HPN,expression,9.107963082247547e-05,7,0.14
meth:C11orf93,methylation,9.095029842380124e-05,24,0.48
meth:WNT9A,methylation,9.092319455436048e-05,17,0.34
meth:MAFB,methylation,9.066167986020446e-05,10,0.2
meth:ULK3,methylation,9.048521418922714e-05,14,0.28
expr:WNT6,expression,9.048163192346693e-05,10,0.2
meth:SMO,methylation,9.015392112944807e-05,7,0.14
meth:CCDC105,methylation,8.885274707738842e-05,7,0.14
expr:KIF18B,expression,8.851948465841512e-05,3,0.06
meth:AHCTF1,methylation,8.850439917296171e-05,9,0.18
meth:ADCYAP1R1,methylation,8.84771639796193e-05,17,0.34
expr:SLAMF7,expression,8.766779311649178e-05,23,0.46
expr:GDAP1,expression,8.76349804457277e-05,1,0.02
meth:EIF5A2,methylation,8.696005679666995e-05,10,0.2
meth:PDZK1IP1,methylation,8.643575263424561e-05,26,0.52
expr:SYNE1,expression,8.590283687226474e-05,4,0.08
expr:TRIP13,expression,8.573970262659714e-05,16,0.32
expr:CDC20,expression,8.556532481199373e-05,23,0.46
meth:GLIPR1,methylation,8.54486133903265e-05,13,0.26
meth:NOXO1,methylation,8.497092564920745e-05,31,0.62
expr:LMTK3,expression,8.491568587487563e-05,2,0.04
meth:RETN,methylation,8.488989934870383e-05,41,0.82
expr:ZMYND10,expression,8.45931289303634e-05,9,0.18
meth:NAPG,methylation,8.323324228903013e-05,14,0.28
expr:MCCD1,expression,8.24433157686144e-05,25,0.5
expr:TMEM151A,expression,8.201231741203138e-05,13,0.26
meth:SERPINA12,methylation,8.169049397110939e-05,27,0.54
meth:ADAMTS20,methylation,8.15574370790273e-05,5,0.1
expr:MYO15B,expression,8.118546351657383e-05,7,0.14
meth:BEST3,methylation,8.097122837271955e-05,18,0.36
meth:C17orf72,methylation,8.079895516857505e-05,25,0.5
meth:RWDD2B,methylation,8.058953244471923e-05,50,1.0
expr:SLC6A19,expression,7.998671208042651e-05,32,0.64
expr:RAB19,expression,7.987840746698731e-05,11,0.22
expr:KRTAP3-1,expression,7.929017883725464e-05,10,0.2
meth:RAD51AP2,methylation,7.868628987732033e-05,6,0.12
expr:ETNK2,expression,7.840119360480458e-05,6,0.12
expr:ASMT,expression,7.814819109626114e-05,5,0.1
meth:MEOX2,methylation,7.811107207089663e-05,6,0.12
expr:TMEM252,expression,7.81070745741839e-05,34,0.68
expr:ALDH1A1,expression,7.784800254739821e-05,20,0.4
meth:RCN3,methylation,7.739506448463847e-05,6,0.12
expr:RXFP1,expression,7.738295826129616e-05,5,0.1
meth:MSGN1,methylation,7.706249792439242e-05,45,0.9
expr:CLIC5,expression,7.655123833198256e-05,48,0.96
expr:CPLX2,expression,7.633787823752278e-05,21,0.42
expr:CDT1,expression,7.633037684071396e-05,9,0.18
expr:NUTM2D,expression,7.632814314482468e-05,35,0.7
expr:DEFB132,expression,7.567171373271517e-05,7,0.14
meth:TP73,methylation,7.543725789421135e-05,18,0.36
expr:CNGB1,expression,7.421528321823903e-05,14,0.28
expr:MMP1,expression,7.36066510646858e-05,11,0.22
meth:CCDC140,methylation,7.275117968674749e-05,8,0.16
expr:FAM25A,expression,7.22054807868387e-05,14,0.28
meth:CHST4,methylation,7.207083260817897e-05,21,0.42
expr:ABTB2,expression,7.177430476682882e-05,6,0.12
meth:ATXN7L1,methylation,7.088262354955077e-05,5,0.1
expr:CALCRL,expression,6.98458356782794e-05,25,0.5
expr:CAVIN4,expression,6.956359235725056e-05,12,0.24
expr:GPR33,expression,6.946589980673577e-05,14,0.28
meth:GSTM4,methylation,6.91673009317707e-05,11,0.22
expr:IL5RA,expression,6.812421322268034e-05,14,0.28
meth:ELANE,methylation,6.802148786128352e-05,38,0.76
meth:ANGEL2,methylation,6.70102253068416e-05,21,0.42
expr:ZNF80,expression,6.683901973211995e-05,13,0.26
meth:S100A7L2,methylation,6.672126861910026e-05,18,0.36
meth:COLEC10,methylation,6.668921935582353e-05,31,0.62
expr:PAGE4,expression,6.543770561822587e-05,9,0.18
expr:CA1,expression,6.532880797749385e-05,8,0.16
expr:FAM241A,expression,6.480492884293198e-05,5,0.1
expr:EFCAB12,expression,6.466774876961219e-05,28,0.56
meth:PRR15L,methylation,6.402000806040384e-05,11,0.22
meth:C12orf27,methylation,6.392495169375952e-05,13,0.26
expr:HMX1,expression,6.36791082797572e-05,8,0.16
expr:SPN,expression,6.274331050614516e-05,30,0.6
meth:OR4E2,methylation,6.268392838858839e-05,29,0.58
meth:TRIP10,methylation,6.208864942891523e-05,16,0.32
meth:SELENBP1,methylation,6.192897684698882e-05,43,0.86
expr:DDX60,expression,6.091384487014941e-05,22,0.44
meth:MAG,methylation,6.0488998756877014e-05,35,0.7
expr:KPRP,expression,6.0310135162327176e-05,43,0.86
expr:FAM71E2,expression,6.0088656027801335e-05,4,0.08
expr:DHX58,expression,6.000547218718566e-05,20,0.4
expr:MTFR2,expression,5.995017030121138e-05,6,0.12
meth:KIAA0195,methylation,5.981208394385046e-05,9,0.18
expr:NAT1,expression,5.877532142524918e-05,12,0.24
expr:PRR15,expression,5.81407337449491e-05,5,0.1
meth:LAMC1,methylation,5.8101183226840064e-05,11,0.22
meth:AFAP1L1,methylation,5.788060661870986e-05,2,0.04
expr:FTCD,expression,5.6107871626552784e-05,19,0.38
meth:COL6A3,methylation,5.6094888927097e-05,41,0.82
expr:INPP5J,expression,5.609271708332623e-05,24,0.48
expr:AC008758.6,expression,5.5984375147341656e-05,29,0.58
meth:PTPN22,methylation,5.5901046531895794e-05,12,0.24
meth:HUS1,methylation,5.5181252879693225e-05,17,0.34
meth:AMPD3,methylation,5.447528674267233e-05,5,0.1
meth:MALL,methylation,5.44118374818936e-05,42,0.84
expr:HSD17B8,expression,5.441048415377736e-05,11,0.22
expr:AC114490.3,expression,5.411614386373133e-05,28,0.56
meth:C12orf40,methylation,5.36135739821475e-05,4,0.08
meth:ETNK1,methylation,5.3078026685398075e-05,25,0.5
meth:MIR124-2,methylation,5.2715690496067204e-05,6,0.12
meth:TNFAIP8L3,methylation,5.242825930260799e-05,11,0.22
expr:ARHGAP25,expression,5.229636371950619e-05,4,0.08
expr:TNXB,expression,5.192325140039126e-05,21,0.42
meth:PMEPA1,methylation,5.181886488571763e-05,50,1.0
expr:MEF2C,expression,5.106503914038722e-05,26,0.52
expr:GIMAP5,expression,5.090758038152542e-05,14,0.28
meth:ARNTL2,methylation,5.07623269434341e-05,33,0.66
expr:SLC22A9,expression,5.073535430710763e-05,8,0.16
expr:ATP1B2,expression,5.0709796293328203e-05,6,0.12
expr:HLA-DRA,expression,5.063220487500075e-05,32,0.64
expr:C16orf54,expression,5.039322616842886e-05,30,0.6
expr:PGR,expression,4.952485464708579e-05,31,0.62
expr:CDC45,expression,4.951175166449199e-05,6,0.12
expr:ANLN,expression,4.939498224606117e-05,6,0.12
expr:RAB6C,expression,4.9281419099618993e-05,30,0.6
expr:MASP2,expression,4.869327434183409e-05,6,0.12
expr:TUBA3D,expression,4.864185272405545e-05,24,0.48
expr:EPS8L3,expression,4.854399818353928e-05,39,0.78
meth:HRH1,methylation,4.7895058135812484e-05,18,0.36
meth:PPP1R1B,methylation,4.779867207010587e-05,15,0.3
expr:USP50,expression,4.768005913190011e-05,14,0.28
meth:RNF186,methylation,4.7659335765414515e-05,39,0.78
expr:ZCCHC24,expression,4.75648072703431e-05,12,0.24
meth:HSP90AB2P,methylation,4.752363579777571e-05,13,0.26
expr:RASL10B,expression,4.750478346350378e-05,29,0.58
meth:LGALS4,methylation,4.730699077734481e-05,23,0.46
meth:MIR548F2,methylation,4.729322487643609e-05,12,0.24
expr:CXCL9,expression,4.711085681005248e-05,35,0.7
meth:SLC25A10,methylation,4.685712046921253e-05,15,0.3
expr:FOXJ1,expression,4.665749812764781e-05,7,0.14
meth:MYBL2,methylation,4.621551165150272e-05,9,0.18
meth:CCDC106,methylation,4.586874274536967e-05,3,0.06
expr:PRB2,expression,4.557208578464472e-05,36,0.72
expr:SRGN,expression,4.536292346363718e-05,22,0.44
expr:CFHR4,expression,4.5223106794497545e-05,17,0.34
expr:AGR3,expression,4.505569300176028e-05,17,0.34
meth:ETS1,methylation,4.443673727413019e-05,6,0.12
expr:VPS13C,expression,4.440837074071169e-05,6,0.12
meth:ITGAD,methylation,4.438862246884541e-05,11,0.22
expr:PLEKHA6,expression,4.398672317620367e-05,15,0.3
expr:AL160272.2,expression,4.376969837511961e-05,26,0.52
expr:AC118553.2,expression,4.292966332286596e-05,6,0.12
expr:CRLF2,expression,4.27387235686183e-05,25,0.5
expr:SCIMP,expression,4.227566468115482e-05,9,0.18
meth:MIR24-2,methylation,4.2046646338475996e-05,43,0.86
expr:CCR4,expression,4.1565738086189544e-05,35,0.7
expr:ITM2A,expression,4.127548361959105e-05,44,0.88
meth:HAMP,methylation,4.083297855686396e-05,50,1.0
meth:CHMP4C,methylation,4.048160841002276e-05,19,0.38
expr:GABRQ,expression,4.0381141783048706e-05,15,0.3
meth:KRTAP12-2,methylation,3.882429490868862e-05,26,0.52
meth:C2orf55,methylation,3.869661547165985e-05,12,0.24
expr:CLEC9A,expression,3.843356389552355e-05,50,1.0
expr:RAET1L,expression,3.7425553962362535e-05,33,0.66
meth:TCL1B,methylation,3.7345982326025314e-05,22,0.44
meth:ATP6V1C1,methylation,3.6057257183039416e-05,13,0.26
meth:CALHM3,methylation,3.5812591834525976e-05,28,0.56
expr:FGD3,expression,3.567863521831376e-05,14,0.28
meth:SDK2,methylation,3.556858791853301e-05,8,0.16
expr:TAC1,expression,3.507755657968422e-05,9,0.18
expr:RBP4,expression,3.383616502914164e-05,18,0.36
expr:CASP14,expression,3.281343114477667e-05,11,0.22
meth:RUNDC2C,methylation,3.252207281310921e-05,23,0.46
meth:SNORA70C,methylation,3.0737186139247015e-05,23,0.46
expr:PTPRC,expression,3.060258902786743e-05,21,0.42
expr:DNASE1L3,expression,3.0010615856471386e-05,22,0.44
meth:GPR180,methylation,2.9500402888515964e-05,16,0.32
expr:HECTD2,expression,2.9424451948965297e-05,17,0.34
expr:CCDC148,expression,2.92227603495121e-05,25,0.5
expr:ZNF366,expression,2.8765623402946137e-05,17,0.34
expr:SERPINA5,expression,2.843916687803964e-05,12,0.24
expr:UGT1A1,expression,2.8284600314994653e-05,15,0.3
expr:CKLF,expression,2.6452752146204667e-05,7,0.14
expr:SLA2,expression,2.559598830815118e-05,13,0.26
expr:ADAMTSL5,expression,2.5147097767330705e-05,5,0.1
expr:CRACR2A,expression,2.5019390575055566e-05,7,0.14
expr:TTC6,expression,2.3602690568871118e-05,11,0.22
expr:AL049697.1,expression,2.2205657885587287e-05,21,0.42
expr:VWA3A,expression,2.1837662312794816e-05,11,0.22
meth:RNF144A,methylation,2.179504219001453e-05,19,0.38
expr:PARP11,expression,2.1747096616309138e-05,10,0.2
meth:SNORD36C,methylation,2.1463027223944664e-05,47,0.94
meth:NOL3,methylation,2.1391325281001626e-05,50,1.0
expr:FAM9C,expression,2.1264522729325108e-05,8,0.16
meth:MGMT,methylation,2.0796168510886755e-05,44,0.88
expr:TM6SF1,expression,2.0635159065326054e-05,15,0.3
expr:NUP210,expression,2.0634955338512857e-05,21,0.42
expr:CEMIP,expression,2.0179219843287554e-05,14,0.28
expr:CD52,expression,2.0015256391284435e-05,37,0.74
expr:ULBP3,expression,1.9361305749043823e-05,20,0.4
expr:CCKBR,expression,1.8210614143754356e-05,8,0.16
meth:FCN2,methylation,1.817657279648951e-05,7,0.14
expr:PYHIN1,expression,1.810629413846661e-05,34,0.68
expr:GABRG2,expression,1.7463184821491057e-05,26,0.52
expr:UGT1A6,expression,1.7275403661187738e-05,10,0.2
meth:SNORD17,methylation,1.721272201393731e-05,16,0.32
expr:CNR2,expression,1.706876274612215e-05,36,0.72
expr:ZP1,expression,1.6326477634720504e-05,9,0.18
expr:CLDN25,expression,1.6312370765566204e-05,12,0.24
expr:CCR7,expression,1.593056503076886e-05,43,0.86
expr:CYP4F2,expression,1.5624829261055723e-05,11,0.22
expr:CXCR5,expression,1.5346255774299305e-05,9,0.18
meth:RFFL,methylation,1.4688992738037518e-05,19,0.38
expr:IKZF1,expression,1.4134647244645748e-05,32,0.64
expr:LRFN5,expression,1.3454652313763896e-05,21,0.42
meth:UNC5CL,methylation,1.2968648470153934e-05,19,0.38
expr:MYCT1,expression,1.294133747278741e-05,33,0.66
expr:GIMAP7,expression,1.2474477747067189e-05,48,0.96
expr:AC119396.1,expression,1.2343536416830664e-05,11,0.22
expr:PREX1,expression,1.1804727546405047e-05,40,0.8
expr:IL2RG,expression,1.165289659579487e-05,23,0.46
meth:DPH3B,methylation,1.0071376487354024e-05,18,0.36
meth:NIPSNAP3B,methylation,9.473077625443693e-06,32,0.64
meth:MIR92A1,methylation,9.012265114246734e-06,14,0.28
meth:CSTL1,methylation,7.394453198437325e-06,44,0.88
expr:IGFLR1,expression,7.366922363871708e-06,10,0.2
meth:CILP,methylation,6.851665804990464e-06,36,0.72
meth:ZP1,methylation,6.735549201645578e-06,48,0.96
expr:NXNL2,expression,6.232918663458391e-06,33,0.66
expr:GPM6A,expression,5.802832311019301e-06,15,0.3
expr:PGLYRP3,expression,5.297859101311157e-06,38,0.76
expr:ERBB4,expression,4.1299947617134374e-06,19,0.38
expr:SLCO6A1,expression,4.08346081272729e-06,31,0.62
expr:ANGPTL8,expression,3.2734897104091942e-06,18,0.36
expr:CDC14B,expression,0.0,0,0.0
meth:LRRC20,methylation,0.0,0,0.0
meth:LOC255167,methylation,0.0,0,0.0
meth:LRRK2,methylation,0.0,0,0.0
meth:LOC153684,methylation,0.0,0,0.0
meth:LRRTM1,methylation,0.0,0,0.0
meth:LOC254559,methylation,0.0,12,0.24
meth:LY6G6D,methylation,0.0,1,0.02
meth:LOC149837,methylation,0.0,0,0.0
meth:LVRN,methylation,0.0,0,0.0
meth:LOC200726,methylation,0.0,0,0.0
meth:LOC285740,methylation,0.0,0,0.0
meth:LOC285780,methylation,0.0,0,0.0
meth:LOC150185,methylation,0.0,0,0.0
meth:LRRTM4,methylation,0.0,0,0.0
meth:LRRC18,methylation,0.0,0,0.0
expr:CDC42BPB,expression,0.0,0,0.0
meth:LOC152024,methylation,0.0,0,0.0
meth:LOC153910,methylation,0.0,0,0.0
expr:CD8B,expression,0.0,3,0.06
expr:CD86,expression,0.0,1,0.02
expr:CDC6,expression,0.0,0,0.0
meth:LOC255025,methylation,0.0,1,0.02
meth:LOC154449,methylation,0.0,0,0.0
expr:CDA,expression,0.0,0,0.0
expr:CDC42EP5,expression,0.0,0,0.0
meth:LY6H,methylation,0.0,0,0.0
meth:LOC154822,methylation,0.0,0,0.0
meth:LY6G6E,methylation,0.0,1,0.02
meth:LSP1,methylation,0.0,0,0.0
expr:CDC14A,expression,0.0,0,0.0
meth:LOC157381,methylation,0.0,0,0.0
meth:LRRC28,methylation,0.0,0,0.0
meth:LOC220429,methylation,0.0,0,0.0
meth:LRRN1,methylation,0.0,0,0.0
expr:CDC42EP3,expression,0.0,0,0.0
expr:CD93,expression,0.0,0,0.0
meth:LOC153328,methylation,0.0,0,0.0
meth:LOC157627,methylation,0.0,0,0.0
meth:LSM12,methylation,0.0,0,0.0
meth:LOC285205,methylation,0.0,0,0.0
meth:LOC283761,methylation,0.0,0,0.0
meth:LOC285370,methylation,0.0,0,0.0
meth:LOC283856,methylation,0.0,0,0.0
meth:LOC283867,methylation,0.0,0,0.0
meth:LOC283999,methylation,0.0,2,0.04
meth:LOC284009,methylation,0.0,6,0.12
meth:LOC285796,methylation,0.0,0,0.0
meth:LRRIQ1,methylation,0.0,0,0.0
meth:LOC148824,methylation,0.0,0,0.0
meth:LOC284276,methylation,0.0,0,0.0
meth:LRRK1,methylation,0.0,0,0.0
meth:LOC284379,methylation,0.0,0,0.0
meth:LOC148709,methylation,0.0,1,0.02
meth:LOC255411,methylation,0.0,0,0.0
meth:LOC257358,methylation,0.0,3,0.06
meth:LOC254312,methylation,0.0,2,0.04
meth:LTB4R2,methylation,0.0,0,0.0
meth:LOC285696,methylation,0.0,0,0.0
meth:LOC285733,methylation,0.0,0,0.0
meth:LOC284578,methylation,0.0,0,0.0
meth:LOC285627,methylation,0.0,0,0.0
meth:LOC284661,methylation,0.0,0,0.0
meth:LOC284688,methylation,0.0,1,0.02
meth:LOC285194,methylation,0.0,0,0.0
meth:LOC285501,methylation,0.0,0,0.0
meth:LOC285419,methylation,0.0,1,0.02
meth:LTBP2,methylation,0.0,0,0.0
meth:LOC284749,methylation,0.0,0,0.0
meth:LOC284788,methylation,0.0,0,0.0
meth:LTB4R,methylation,0.0,0,0.0
meth:LOC284798,methylation,0.0,0,0.0
meth:LTBP3,methylation,0.0,0,0.0
meth:LOC285548,methylation,0.0,0,0.0
expr:CDC7,expression,0.0,0,0.0
expr:CDCA3,expression,0.0,0,0.0
meth:LRRC3,methylation,0.0,0,0.0
expr:CDCA7,expression,0.0,1,0.02
expr:CDCA7L,expression,0.0,0,0.0
meth:LOC151174,methylation,0.0,0,0.0
meth:LOC221122,methylation,0.0,0,0.0
meth:LOC283070,methylation,0.0,1,0.02
meth:LOC151162,methylation,0.0,0,0.0
expr:CDH1,expression,0.0,0,0.0
meth:LOC150622,methylation,0.0,15,0.3
meth:LOC286359,methylation,0.0,0,0.0
expr:CDC25A,expression,0.0,1,0.02
meth:LOC150197,methylation,0.0,0,0.0
expr:CDC25C,expression,0.0,0,0.0
expr:CDC42BPA,expression,0.0,0,0.0
expr:CDCP1,expression,0.0,0,0.0
meth:LOC148696,methylation,0.0,1,0.02
meth:LOC283314,methylation,0.0,0,0.0
meth:LRRC25,methylation,0.0,1,0.02
meth:LOC148189,methylation,0.0,0,0.0
meth:LOC148145,methylation,0.0,0,0.0
meth:LRRC24,methylation,0.0,0,0.0
meth:LOC283332,methylation,0.0,0,0.0
meth:LOC151534,methylation,0.0,0,0.0
meth:LTB,methylation,0.0,0,0.0
meth:LOC146880,methylation,0.0,0,0.0
meth:LOC283404,methylation,0.0,2,0.04
meth:LOC283663,methylation,0.0,0,0.0
meth:LOC146336,methylation,0.0,0,0.0
meth:LST1,methylation,0.0,0,0.0
meth:LOC151658,methylation,0.0,0,0.0
meth:LOC283731,methylation,0.0,0,0.0
meth:LOC147804,methylation,0.0,0,0.0
meth:LOC91149,methylation,0.0,0,0.0
meth:LOC91948,methylation,0.0,0,0.0
meth:LRG1,methylation,0.0,0,0.0
meth:LOC92973,methylation,0.0,0,0.0
meth:LOR,methylation,0.0,0,0.0
meth:LPO,methylation,0.0,0,0.0
meth:LRFN5,methylation,0.0,0,0.0
meth:LOX,methylation,0.0,2,0.04
meth:LRFN2,methylation,0.0,0,0.0
meth:LOXHD1,methylation,0.0,0,0.0
meth:LOXL4,methylation,0.0,0,0.0
meth:LSAMP,methylation,0.0,0,0.0
meth:LOC729991-MEF2B,methylation,0.0,0,0.0
meth:LOC731779,methylation,0.0,5,0.1
meth:LOC731789,methylation,0.0,0,0.0
meth:LRRC14B,methylation,0.0,0,0.0
meth:LOC732275,methylation,0.0,1,0.02
meth:LOC84856,methylation,0.0,1,0.02
meth:LOC84989,methylation,0.0,0,0.0
meth:LOC90246,methylation,0.0,0,0.0
meth:LOC728606,methylation,0.0,0,0.0
meth:LOC728613,methylation,0.0,0,0.0
meth:LOC728640,methylation,0.0,2,0.04
meth:LOC729668,methylation,0.0,0,0.0
expr:CD5L,expression,0.0,0,0.0
expr:CD6,expression,0.0,2,0.04
meth:LRRC33,methylation,0.0,0,0.0
expr:CD68,expression,0.0,0,0.0
meth:LOC651250,methylation,0.0,0,0.0
expr:CD300LF,expression,0.0,0,0.0
expr:CD302,expression,0.0,2,0.04
expr:CD33,expression,0.0,0,0.0
expr:CD36,expression,0.0,0,0.0
expr:CD37,expression,0.0,12,0.24
expr:CD3E,expression,0.0,35,0.7
meth:LPPR1,methylation,0.0,0,0.0
meth:LOC646214,methylation,0.0,0,0.0
meth:LOC646498,methylation,0.0,11,0.22
meth:LOC646627,methylation,0.0,0,0.0
meth:LRRC32,methylation,0.0,1,0.02
meth:LOC646982,methylation,0.0,0,0.0
meth:LRGUK,methylation,0.0,0,0.0
meth:LOC646999,methylation,0.0,0,0.0
meth:LOC647309,methylation,0.0,0,0.0
meth:LOC647946,methylation,0.0,0,0.0
meth:LRRC31,methylation,0.0,0,0.0
meth:LOC650226,methylation,0.0,0,0.0
meth:LOC90586,methylation,0.0,0,0.0
expr:CD4,expression,0.0,0,0.0
expr:CD1D,expression,0.0,12,0.24
expr:CD2,expression,0.0,34,0.68
expr:CD200R1,expression,0.0,20,0.4
expr:CD207,expression,0.0,10,0.2
expr:CD209,expression,0.0,0,0.0
expr:CD24,expression,0.0,6,0.12
meth:LPIN2,methylation,0.0,0,0.0
meth:LPPR3,methylation,0.0,0,0.0
meth:LRP8,methylation,0.0,0,0.0
meth:LRP5,methylation,0.0,0,0.0
meth:LPPR4,methylation,0.0,0,0.0
meth:LOC728661,methylation,0.0,0,0.0
expr:CD109,expression,0.0,0,0.0
expr:CD160,expression,0.0,1,0.02
expr:CD163,expression,0.0,0,0.0
expr:CD164L2,expression,0.0,0,0.0
expr:CD177,expression,0.0,0,0.0
meth:LPA,methylation,0.0,0,0.0
meth:LPAR1,methylation,0.0,0,0.0
meth:LPHN2,methylation,0.0,0,0.0
meth:LRP4,methylation,0.0,0,0.0
meth:LRP2,methylation,0.0,0,0.0
meth:LPAR3,methylation,0.0,0,0.0
meth:LRAT,methylation,0.0,0,0.0
meth:LOC728743,methylation,0.0,0,0.0
meth:LOC728819,methylation,0.0,0,0.0
meth:LOC729176,methylation,0.0,0,0.0
meth:LOC729467,methylation,0.0,0,0.0
meth:LOC723809,methylation,0.0,0,0.0
meth:LOC723972,methylation,0.0,0,0.0
meth:LOC727677,methylation,0.0,0,0.0
meth:LOC728024,methylation,0.0,0,0.0
meth:LOC728264,methylation,0.0,0,0.0
meth:LRRC10B,methylation,0.0,0,0.0
meth:LOC728276,methylation,0.0,1,0.02
expr:CD1A,expression,0.0,0,0.0
meth:LPL,methylation,0.0,0,0.0
meth:LOC728448,methylation,0.0,0,0.0
meth:LRRC10,methylation,0.0,5,0.1
expr:CD244,expression,0.0,4,0.08
expr:CD248,expression,0.0,0,0.0
expr:CD27,expression,0.0,29,0.58
expr:CD28,expression,0.0,8,0.16
expr:CD300A,expression,0.0,0,0.0
expr:CD300C,expression,0.0,0,0.0
expr:CD300E,expression,0.0,0,0.0
meth:LRCH1,methylation,0.0,1,0.02
expr:CD180,expression,0.0,0,0.0
meth:LOC728392,methylation,0.0,0,0.0
meth:LTK,methylation,0.0,0,0.0
meth:LOC342346,methylation,0.0,3,0.06
meth:LOC348840,methylation,0.0,4,0.08
meth:LTF,methylation,0.0,0,0.0
meth:LRRC30,methylation,0.0,0,0.0
meth:LOC360030,methylation,0.0,0,0.0
meth:LOC375196,methylation,0.0,0,0.0
meth:LOC387646,methylation,0.0,0,0.0
meth:LOC387647,methylation,0.0,0,0.0
meth:LOC387763,methylation,0.0,0,0.0
meth:LOC388387,methylation,0.0,0,0.0
expr:CD55,expression,0.0,0,0.0
meth:LRP12,methylation,0.0,0,0.0
meth:LOC338588,methylation,0.0,0,0.0
meth:LOC339290,methylation,0.0,0,0.0
meth:LOC339524,methylation,0.0,0,0.0
meth:LOC339568,methylation,0.0,0,0.0
meth:LRMP,methylation,0.0,0,0.0
meth:LOC340074,methylation,0.0,1,0.02
meth:LOC340094,methylation,0.0,0,0.0
meth:LOC340357,methylation,0.0,2,0.04
meth:LOC341056,methylation,0.0,0,0.0
meth:LOC643406,methylation,0.0,0,0.0
meth:LTC4S,methylation,0.0,1,0.02
meth:LOC285830,methylation,0.0,0,0.0
meth:LRRC15,methylation,0.0,0,0.0
meth:LOC285954,methylation,0.0,0,0.0
meth:LOC286002,methylation,0.0,0,0.0
meth:LOC286094,methylation,0.0,0,0.0
expr:CD84,expression,0.0,0,0.0
meth:LOC390594,methylation,0.0,0,0.0
meth:LOC399744,methylation,0.0,0,0.0
meth:LOC400696,methylation,0.0,0,0.0
meth:LOC400804,methylation,0.0,0,0.0
meth:LOC400891,methylation,0.0,2,0.04
meth:LUZP2,methylation,0.0,0,0.0
meth:LOC401010,methylation,0.0,0,0.0
meth:LOC401097,methylation,0.0,0,0.0
meth:LOC388428,methylation,0.0,0,0.0
meth:LOC388946,methylation,0.0,3,0.06
meth:LRRC43,methylation,0.0,0,0.0
meth:LOC388965,methylation,0.0,0,0.0
meth:LOC389332,methylation,0.0,0,0.0
meth:LOC389333,methylation,0.0,0,0.0
meth:LOC389458,methylation,0.0,0,0.0
meth:LOC389493,methylation,0.0,3,0.06
meth:LRRC4,methylation,0.0,0,0.0
meth:LOC389705,methylation,0.0,0,0.0
meth:LOC400940,methylation,0.0,0,0.0
meth:LOC168474,methylation,0.0,1,0.02
meth:LOC402644,methylation,0.0,1,0.02
meth:LRIT2,methylation,0.0,0,0.0
meth:LOC402778,methylation,0.0,0,0.0
meth:LRIT1,methylation,0.0,3,0.06
meth:LOC404266,methylation,0.0,0,0.0
meth:LOC407835,methylation,0.0,0,0.0
meth:LOC440335,methylation,0.0,1,0.02
meth:LOC440461,methylation,0.0,0,0.0
meth:LOC441089,methylation,0.0,0,0.0
expr:CD7,expression,0.0,0,0.0
meth:LRRC3B,methylation,0.0,1,0.02
expr:CD70,expression,0.0,0,0.0
expr:CD72,expression,0.0,0,0.0
expr:CD79B,expression,0.0,4,0.08
expr:CD80,expression,0.0,0,0.0
expr:CD82,expression,0.0,0,0.0
meth:LOC653566,methylation,0.0,0,0.0
meth:LOC654433,methylation,0.0,0,0.0
expr:CD40,expression,0.0,0,0.0
expr:CD48,expression,0.0,31,0.62
meth:LRP1B,methylation,0.0,0,0.0
expr:CD53,expression,0.0,3,0.06
meth:LRRC34,methylation,0.0,0,0.0
meth:LOC643677,methylation,0.0,0,0.0
meth:LOC643719,methylation,0.0,0,0.0
meth:LOC643923,methylation,0.0,4,0.08
meth:LOC644145,methylation,0.0,1,0.02
meth:LOC644165,methylation,0.0,0,0.0
meth:LOC644649,methylation,0.0,0,0.0
meth:LOC645676,methylation,0.0,0,0.0
meth:LOC606724,methylation,0.0,0,0.0
meth:LOC641518,methylation,0.0,7,0.14
meth:LOC642006,methylation,0.0,0,0.0
meth:LOC642587,methylation,0.0,0,0.0
meth:LOC401463,methylation,0.0,0,0.0
meth:LOC642826,methylation,0.0,5,0.1
meth:LOC642852,methylation,0.0,0,0.0
meth:LRRC36,methylation,0.0,0,0.0
meth:LOC643387,methylation,0.0,0,0.0
meth:LOC441177,methylation,0.0,0,0.0
meth:LOC441204,methylation,0.0,0,0.0
meth:LOC441666,methylation,0.0,0,0.0
meth:LOC441897,methylation,0.0,1,0.02
meth:LOC442245,methylation,0.0,0,0.0
meth:LOC442308,methylation,0.0,0,0.0
meth:LOC494141,methylation,0.0,1,0.02
meth:LOC554202,methylation,0.0,0,0.0
meth:LOC642597,methylation,0.0,0,0.0
meth:KRTAP19-4,methylation,0.0,3,0.06
meth:KRTAP10-3,methylation,0.0,0,0.0
meth:KRTAP10-5,methylation,0.0,0,0.0
meth:KRTAP10-6,methylation,0.0,0,0.0
meth:KRTAP10-7,methylation,0.0,0,0.0
meth:KRTAP10-8,methylation,0.0,0,0.0
meth:KRTAP11-1,methylation,0.0,0,0.0
meth:KRTAP12-1,methylation,0.0,0,0.0
meth:KRT83,methylation,0.0,0,0.0
meth:KRT84,methylation,0.0,0,0.0
meth:KRT85,methylation,0.0,0,0.0
meth:KRT86,methylation,0.0,0,0.0
meth:LRTM1,methylation,0.0,0,0.0
meth:KRTAP10-11,methylation,0.0,0,0.0
meth:KRTAP10-12,methylation,0.0,0,0.0
meth:KRTAP10-2,methylation,0.0,0,0.0
meth:L3MBTL4,methylation,0.0,0,0.0
meth:LACRT,methylation,0.0,0,0.0
meth:LACTB,methylation,0.0,0,0.0
meth:LAD1,methylation,0.0,1,0.02
meth:LAG3,methylation,0.0,0,0.0
meth:LAIR2,methylation,0.0,0,0.0
meth:LALBA,methylation,0.0,3,0.06
meth:LAMA1,methylation,0.0,0,0.0
meth:KRTAP8-1,methylation,0.0,0,0.0
meth:KRTAP9-2,methylation,0.0,0,0.0
meth:KRTAP10-10,methylation,0.0,0,0.0
expr:CFAP58,expression,0.0,0,0.0
expr:CFAP73,expression,0.0,0,0.0
expr:CFAP74,expression,0.0,0,0.0
expr:CFAP77,expression,0.0,0,0.0
meth:KRT72,methylation,0.0,0,0.0
meth:KRT73,methylation,0.0,0,0.0
meth:KRT74,methylation,0.0,0,0.0
meth:KRT75,methylation,0.0,0,0.0
meth:KRT76,methylation,0.0,0,0.0
meth:KRT79,methylation,0.0,0,0.0
meth:KRT8,methylation,0.0,1,0.02
meth:KRT80,methylation,0.0,3,0.06
meth:KRTAP19-3,methylation,0.0,0,0.0
meth:KRTAP19-6,methylation,0.0,0,0.0
meth:KRTAP19-8,methylation,0.0,0,0.0
meth:KRTAP2-2,methylation,0.0,0,0.0
meth:KRTAP20-1,methylation,0.0,0,0.0
meth:KRTAP20-3,methylation,0.0,0,0.0
meth:KRTAP21-1,methylation,0.0,0,0.0
meth:KRTAP22-1,methylation,0.0,0,0.0
meth:KRTAP13-1,methylation,0.0,0,0.0
meth:KRTAP13-2,methylation,0.0,0,0.0
meth:KRTAP13-3,methylation,0.0,0,0.0
meth:KRTAP13-4,methylation,0.0,0,0.0
meth:KRTAP15-1,methylation,0.0,0,0.0
meth:KRTAP19-1,methylation,0.0,1,0.02
meth:KRTAP19-5,methylation,0.0,0,0.0
meth:LCE3D,methylation,0.0,0,0.0
meth:LCE3E,methylation,0.0,0,0.0
meth:LBP,methylation,0.0,0,0.0
meth:LBX1,methylation,0.0,0,0.0
meth:LBX2,methylation,0.0,0,0.0
meth:LBXCOR1,methylation,0.0,0,0.0
meth:LCAT,methylation,0.0,0,0.0
meth:LCE1A,methylation,0.0,0,0.0
meth:LCE1B,methylation,0.0,0,0.0
meth:LCE1C,methylation,0.0,0,0.0
meth:LAPTM5,methylation,0.0,0,0.0
meth:LARP6,methylation,0.0,0,0.0
meth:KRTAP9-4,methylation,0.0,0,0.0
meth:LASS3,methylation,0.0,0,0.0
meth:LAT,methylation,0.0,0,0.0
meth:LAT2,methylation,0.0,0,0.0
meth:LAYN,methylation,0.0,0,0.0
meth:LBH,methylation,0.0,0,0.0
meth:LAMA2,methylation,0.0,0,0.0
meth:LAMA4,methylation,0.0,0,0.0
meth:LAMB1,methylation,0.0,0,0.0
meth:LAMB2,methylation,0.0,3,0.06
meth:LAMB4,methylation,0.0,3,0.06
meth:LAMC3,methylation,0.0,0,0.0
meth:LAMP3,methylation,0.0,0,0.0
expr:CFAP300,expression,0.0,0,0.0
meth:LASS1,methylation,0.0,1,0.02
meth:KRTCAP3,methylation,0.0,0,0.0
meth:KY,methylation,0.0,0,0.0
meth:L1TD1,methylation,0.0,0,0.0
meth:L3MBTL,methylation,0.0,0,0.0
meth:L3MBTL3,methylation,0.0,0,0.0
meth:KRTAP4-12,methylation,0.0,2,0.04
meth:KRTAP4-3,methylation,0.0,1,0.02
meth:KRTAP5-1,methylation,0.0,0,0.0
meth:KRTAP5-11,methylation,0.0,0,0.0
meth:KRTAP5-4,methylation,0.0,0,0.0
meth:KRTAP6-2,methylation,0.0,0,0.0
meth:KRTAP6-3,methylation,0.0,0,0.0
meth:LCE3A,methylation,0.0,0,0.0
meth:KRTAP23-1,methylation,0.0,0,0.0
meth:KRTAP24-1,methylation,0.0,0,0.0
meth:KRTAP25-1,methylation,0.0,0,0.0
meth:KRTAP26-1,methylation,0.0,0,0.0
meth:KRTAP27-1,methylation,0.0,0,0.0
meth:KRTAP3-1,methylation,0.0,0,0.0
meth:KRTAP3-3,methylation,0.0,0,0.0
meth:KRTAP4-1,methylation,0.0,0,0.0
meth:LCE1E,methylation,0.0,0,0.0
meth:LCE1F,methylation,0.0,0,0.0
meth:LCE2A,methylation,0.0,0,0.0
meth:LCE2B,methylation,0.0,0,0.0
meth:LCE2D,methylation,0.0,0,0.0
meth:KRTAP7-1,methylation,0.0,0,0.0
expr:CGN,expression,0.0,0,0.0
meth:KLK6,methylation,0.0,0,0.0
meth:KLK7,methylation,0.0,0,0.0
meth:KLK9,methylation,0.0,0,0.0
meth:KLKB1,methylation,0.0,0,0.0
meth:KLKBL4,methylation,0.0,0,0.0
meth:KLKP1,methylation,0.0,0,0.0
meth:KLRC1,methylation,0.0,0,0.0
meth:KLRD1,methylation,0.0,0,0.0
meth:KLK11,methylation,0.0,0,0.0
meth:KLK12,methylation,0.0,0,0.0
meth:KLK13,methylation,0.0,0,0.0
expr:CFAP53,expression,0.0,0,0.0
meth:KLK15,methylation,0.0,4,0.08
meth:KLK3,methylation,0.0,0,0.0
meth:KLK4,methylation,0.0,1,0.02
meth:KLK5,methylation,0.0,0,0.0
meth:KLHL29,methylation,0.0,0,0.0
meth:KLHL3,methylation,0.0,3,0.06
meth:KLHL31,methylation,0.0,0,0.0
meth:KLHL32,methylation,0.0,0,0.0
meth:KLHL33,methylation,0.0,0,0.0
meth:KLHL6,methylation,0.0,2,0.04
meth:KLK1,methylation,0.0,0,0.0
meth:KLK10,methylation,0.0,0,0.0
meth:KLHDC5,methylation,0.0,2,0.04
meth:KLK14,methylation,0.0,0,0.0
meth:KLF11,methylation,0.0,2,0.04
meth:KLF14,methylation,0.0,0,0.0
meth:KLF17,methylation,0.0,0,0.0
meth:KLF7,methylation,0.0,1,0.02
expr:CHD7,expression,0.0,0,0.0
expr:CHD9,expression,0.0,0,0.0
expr:CHDH,expression,0.0,0,0.0
expr:CHI3L1,expression,0.0,0,0.0
expr:CHI3L2,expression,0.0,0,0.0
expr:CHIA,expression,0.0,2,0.04
expr:CHIC1,expression,0.0,0,0.0
expr:CHKB,expression,0.0,0,0.0
expr:CGB7,expression,0.0,0,0.0
expr:CGREF1,expression,0.0,0,0.0
expr:CHAC2,expression,0.0,0,0.0
expr:CHAT,expression,0.0,0,0.0
expr:CHCHD10,expression,0.0,0,0.0
expr:CHD1,expression,0.0,4,0.08
expr:CHD1L,expression,0.0,0,0.0
expr:CHD5,expression,0.0,3,0.06
meth:KIR3DX1,methylation,0.0,0,0.0
meth:KIRREL,methylation,0.0,0,0.0
meth:KIRREL3,methylation,0.0,0,0.0
meth:KIT,methylation,0.0,0,0.0
meth:KL,methylation,0.0,1,0.02
expr:CGAS,expression,0.0,0,0.0
expr:CGNL1,expression,0.0,0,0.0
meth:KRT19,methylation,0.0,0,0.0
meth:KRT2,methylation,0.0,0,0.0
meth:KLRG1,methylation,0.0,0,0.0
meth:KLRG2,methylation,0.0,0,0.0
meth:KNCN,methylation,0.0,0,0.0
meth:KNDC1,methylation,0.0,0,0.0
meth:KNG1,methylation,0.0,0,0.0
meth:KPRP,methylation,0.0,0,0.0
meth:KRR1,methylation,0.0,3,0.06
expr:CFHR3,expression,0.0,0,0.0
expr:CFHR5,expression,0.0,0,0.0
expr:CFI,expression,0.0,0,0.0
meth:KLHDC7A,methylation,0.0,0,0.0
expr:CFTR,expression,0.0,0,0.0
expr:CGA,expression,0.0,1,0.02
meth:KRT82,methylation,0.0,1,0.02
expr:CFAP91,expression,0.0,1,0.02
expr:CFAP92,expression,0.0,0,0.0
expr:CFAP97D1,expression,0.0,0,0.0
expr:CFAP97D2,expression,0.0,0,0.0
expr:CFD,expression,0.0,0,0.0
expr:CFH,expression,0.0,0,0.0
expr:CFHR1,expression,0.0,0,0.0
meth:KRT81,methylation,0.0,0,0.0
expr:CFAP45,expression,0.0,0,0.0
expr:CFAP52,expression,0.0,1,0.02
expr:CFP,expression,0.0,1,0.02
meth:KLHDC7B,methylation,0.0,0,0.0
meth:KLHDC8A,methylation,0.0,0,0.0
meth:KLHDC9,methylation,0.0,0,0.0
meth:KLHL1,methylation,0.0,0,0.0
meth:KLHL14,methylation,0.0,0,0.0
meth:KLHL2,methylation,0.0,0,0.0
meth:KRT32,methylation,0.0,0,0.0
meth:KRT4,methylation,0.0,0,0.0
meth:KRT5,methylation,0.0,0,0.0
meth:KRT6A,methylation,0.0,0,0.0
meth:KRT6B,methylation,0.0,0,0.0
meth:KRT6C,methylation,0.0,0,0.0
meth:KRT7,methylation,0.0,0,0.0
meth:KRT16,methylation,0.0,0,0.0
meth:KRT20,methylation,0.0,19,0.38
meth:KRT222,methylation,0.0,1,0.02
meth:KRT23,methylation,0.0,0,0.0
meth:KRT25,methylation,0.0,0,0.0
meth:KRT26,methylation,0.0,0,0.0
meth:KRT27,methylation,0.0,0,0.0
meth:KRT28,methylation,0.0,0,0.0
meth:KRT3,methylation,0.0,2,0.04
meth:KRT1,methylation,0.0,1,0.02
meth:KRT10,methylation,0.0,0,0.0
meth:KRT12,methylation,0.0,0,0.0
meth:KRT14,methylation,0.0,0,0.0
meth:KRT15,methylation,0.0,0,0.0
meth:KRT71,methylation,0.0,0,0.0
expr:CDSN,expression,0.0,0,0.0
expr:CDKL2,expression,0.0,0,0.0
expr:CDKL4,expression,0.0,0,0.0
expr:CDKL5,expression,0.0,0,0.0
expr:CDKN1A,expression,0.0,0,0.0
expr:CDKN1C,expression,0.0,0,0.0
expr:CDKN2A,expression,0.0,0,0.0
expr:CDKN2B,expression,0.0,0,0.0
expr:CDKN2C,expression,0.0,0,0.0
meth:LOC100128288,methylation,0.0,0,0.0
meth:LOC100128542,methylation,0.0,0,0.0
meth:LOC100128554,methylation,0.0,0,0.0
expr:CFAP44,expression,0.0,0,0.0
meth:LOC100128811,methylation,0.0,0,0.0
meth:LOC100129066,methylation,0.0,20,0.4
expr:CDK5RAP3,expression,0.0,0,0.0
expr:CDK6,expression,0.0,1,0.02
meth:LOC100189589,methylation,0.0,0,0.0
meth:LOC100190940,methylation,0.0,0,0.0
meth:LOC100192378,methylation,0.0,0,0.0
meth:LOC100192379,methylation,0.0,0,0.0
meth:LOC100192426,methylation,0.0,0,0.0
meth:LOC100233209,methylation,0.0,0,0.0
meth:LOC100240726,methylation,0.0,1,0.02
meth:LOC100270710,methylation,0.0,5,0.1
meth:LOC100133308,methylation,0.0,0,0.0
meth:LOC100128788,methylation,0.0,0,0.0
meth:LIN28B,methylation,0.0,0,0.0
meth:LINGO2,methylation,0.0,0,0.0
meth:LINGO3,methylation,0.0,0,0.0
meth:LIPC,methylation,0.0,0,0.0
meth:LIPE,methylation,0.0,0,0.0
meth:LILRA4,methylation,0.0,0,0.0
meth:LILRA5,methylation,0.0,0,0.0
meth:LILRB1,methylation,0.0,0,0.0
meth:LILRB2,methylation,0.0,0,0.0
meth:LILRB4,methylation,0.0,0,0.0
meth:LILRB5,methylation,0.0,0,0.0
meth:LIM2,methylation,0.0,0,0.0
expr:CDS1,expression,0.0,0,0.0
expr:CDX1,expression,0.0,0,0.0
expr:CDX2,expression,0.0,0,0.0
expr:CDYL2,expression,0.0,0,0.0
expr:CEACAM1,expression,0.0,0,0.0
expr:CEACAM16,expression,0.0,0,0.0
expr:CEACAM19,expression,0.0,1,0.02
expr:CEACAM20,expression,0.0,0,0.0
expr:CEACAM21,expression,0.0,0,0.0
expr:CDNF,expression,0.0,0,0.0
expr:CDON,expression,0.0,0,0.0
expr:CDRT1,expression,0.0,0,0.0
expr:CDRT15,expression,0.0,0,0.0
expr:CDRT4,expression,0.0,0,0.0
meth:LIMD2,methylation,0.0,2,0.04
meth:LOC145837,methylation,0.0,0,0.0
meth:LOC145845,methylation,0.0,0,0.0
expr:CDH16,expression,0.0,0,0.0
expr:CDH17,expression,0.0,0,0.0
expr:CDH18,expression,0.0,0,0.0
expr:CDH19,expression,0.0,0,0.0
expr:CDH3,expression,0.0,0,0.0
expr:CDH4,expression,0.0,0,0.0
expr:CDH5,expression,0.0,15,0.3
expr:CDH6,expression,0.0,0,0.0
meth:LOC113230,methylation,0.0,0,0.0
meth:LOC116437,methylation,0.0,0,0.0
meth:LOC100133545,methylation,0.0,1,0.02
meth:LOC134466,methylation,0.0,1,0.02
meth:LOC144571,methylation,0.0,2,0.04
meth:LOC144742,methylation,0.0,0,0.0
expr:CDH11,expression,0.0,0,0.0
expr:CDH12,expression,0.0,0,0.0
meth:LOC100270804,methylation,0.0,4,0.08
meth:LOC100271715,methylation,0.0,0,0.0
meth:LOC100286948,methylation,0.0,0,0.0
meth:LOC100287718,methylation,0.0,1,0.02
meth:LOC100289511,methylation,0.0,0,0.0
meth:LOC100302650,methylation,0.0,0,0.0
meth:LOC100302652,methylation,0.0,0,0.0
meth:LOC100310782,methylation,0.0,0,0.0
meth:LOC121838,methylation,0.0,13,0.26
meth:LOC100133893,methylation,0.0,0,0.0
meth:LOC100134259,methylation,0.0,3,0.06
meth:LOC100144604,methylation,0.0,2,0.04
meth:LOC100169752,methylation,0.0,20,0.4
meth:LOC100188947,methylation,0.0,2,0.04
meth:LOC100188949,methylation,0.0,0,0.0
meth:LOC100130238,methylation,0.0,0,0.0
meth:LOC100130264,methylation,0.0,1,0.02
meth:LOC100130274,methylation,0.0,0,0.0
meth:LOC100130522,methylation,0.0,0,0.0
meth:LOC100130776,methylation,0.0,4,0.08
meth:LOC100131726,methylation,0.0,0,0.0
meth:LOC100132111,methylation,0.0,0,0.0
meth:LOC145814,methylation,0.0,7,0.14
expr:CEACAM3,expression,0.0,0,0.0
expr:CEACAM4,expression,0.0,0,0.0
meth:LOC100129083,methylation,0.0,1,0.02
meth:LOC100129354,methylation,0.0,0,0.0
meth:LOC100129550,methylation,0.0,0,0.0
meth:LOC100129637,methylation,0.0,0,0.0
meth:LOC100130015,methylation,0.0,1,0.02
meth:LOC100130017,methylation,0.0,0,0.0
expr:CDH8,expression,0.0,0,0.0
expr:CDK1,expression,0.0,0,0.0
expr:CDK14,expression,0.0,0,0.0
expr:CDK18,expression,0.0,0,0.0
expr:CDK3,expression,0.0,0,0.0
meth:LOC100132215,methylation,0.0,0,0.0
expr:CEP295NL,expression,0.0,0,0.0
expr:CEP55,expression,0.0,0,0.0
meth:LGI1,methylation,0.0,0,0.0
meth:LGI2,methylation,0.0,0,0.0
meth:LGR5,methylation,0.0,1,0.02
meth:LGR6,methylation,0.0,0,0.0
meth:LGSN,methylation,0.0,0,0.0
meth:LGTN,methylation,0.0,0,0.0
meth:LHCGR,methylation,0.0,0,0.0
meth:LHFP,methylation,0.0,0,0.0
meth:LGALS1,methylation,0.0,0,0.0
meth:LGALS14,methylation,0.0,0,0.0
meth:LIN28,methylation,0.0,0,0.0
meth:LGALS3,methylation,0.0,0,0.0
meth:LGALS3BP,methylation,0.0,0,0.0
meth:LGALS8,methylation,0.0,1,0.02
meth:LEAP2,methylation,0.0,4,0.08
meth:LEFTY1,methylation,0.0,3,0.06
meth:LELP1,methylation,0.0,0,0.0
meth:LEMD1,methylation,0.0,0,0.0
meth:LENG9,methylation,0.0,0,0.0
meth:LEP,methylation,0.0,2,0.04
meth:LEPR,methylation,0.0,0,0.0
meth:LEPREL1,methylation,0.0,0,0.0
meth:LCP2,methylation,0.0,0,0.0
meth:LCT,methylation,0.0,0,0.0
meth:LGALS2,methylation,0.0,1,0.02
meth:LCN2,methylation,0.0,0,0.0
meth:LCN6,methylation,0.0,1,0.02
meth:LCN8,methylation,0.0,0,0.0
meth:LCN9,methylation,0.0,0,0.0
meth:LCP1,methylation,0.0,0,0.0
expr:CFAP126,expression,0.0,0,0.0
expr:CFAP157,expression,0.0,0,0.0
expr:CFAP206,expression,0.0,0,0.0
expr:CFAP20DC,expression,0.0,0,0.0
expr:CFAP221,expression,0.0,0,0.0
expr:CFAP251,expression,0.0,0,0.0
expr:CFAP298-TCP10L,expression,0.0,0,0.0
expr:CEP295,expression,0.0,0,0.0
expr:CERKL,expression,0.0,9,0.18
expr:CERS2,expression,0.0,0,0.0
expr:CERS3,expression,0.0,0,0.0
expr:CERS4,expression,0.0,0,0.0
expr:CERS6,expression,0.0,3,0.06
expr:CES1,expression,0.0,0,0.0
expr:CES4A,expression,0.0,0,0.0
expr:CETP,expression,0.0,0,0.0
meth:LCE4A,methylation,0.0,0,0.0
meth:LCE5A,methylation,0.0,2,0.04
meth:LCE6A,methylation,0.0,0,0.0
expr:CEP112,expression,0.0,0,0.0
expr:CEP126,expression,0.0,0,0.0
expr:CFAP299,expression,0.0,0,0.0
meth:LHFPL3,methylation,0.0,0,0.0
meth:LHFPL4,methylation,0.0,0,0.0
meth:LHX1,methylation,0.0,2,0.04
meth:LHX2,methylation,0.0,0,0.0
meth:LHX3,methylation,0.0,0,0.0
expr:CEACAM5,expression,0.0,0,0.0
expr:CEACAM6,expression,0.0,0,0.0
expr:CEACAM7,expression,0.0,0,0.0
meth:LMOD2,methylation,0.0,2,0.04
meth:LMOD3,methylation,0.0,0,0.0
meth:LMX1A,methylation,0.0,1,0.02
meth:LOC100124692,methylation,0.0,1,0.02
meth:LDB2,methylation,0.0,0,0.0
meth:LOC100127888,methylation,0.0,0,0.0
meth:LOC100128003,methylation,0.0,0,0.0
meth:LOC100128239,methylation,0.0,0,0.0
meth:LIPG,methylation,0.0,0,0.0
meth:LIPJ,methylation,0.0,0,0.0
meth:LIPM,methylation,0.0,0,0.0
meth:LIPN,methylation,0.0,0,0.0
meth:LIX1,methylation,0.0,0,0.0
meth:LMF1,methylation,0.0,0,0.0
meth:LMO3,methylation,0.0,0,0.0
meth:LMOD1,methylation,0.0,0,0.0
meth:LIME1,methylation,0.0,0,0.0
meth:LIMS2,methylation,0.0,0,0.0
meth:LOC100126784,methylation,0.0,0,0.0
meth:LDHAL6A,methylation,0.0,0,0.0
meth:LDHB,methylation,0.0,0,0.0
meth:LDHC,methylation,0.0,0,0.0
meth:LDHD,methylation,0.0,0,0.0
meth:LDLRAD3,methylation,0.0,0,0.0
expr:CENPP,expression,0.0,0,0.0
expr:CENPU,expression,0.0,0,0.0
expr:CENPV,expression,0.0,0,0.0
expr:CENPVL3,expression,0.0,0,0.0
meth:LHX8,methylation,0.0,2,0.04
meth:LHX9,methylation,0.0,0,0.0
meth:LIF,methylation,0.0,0,0.0
meth:LILRA2,methylation,0.0,0,0.0
expr:CELSR2,expression,0.0,0,0.0
expr:CEMIP2,expression,0.0,0,0.0
expr:CEND1,expression,0.0,0,0.0
expr:CENPA,expression,0.0,1,0.02
expr:CENPF,expression,0.0,2,0.04
expr:CENPI,expression,0.0,2,0.04
expr:CENPK,expression,0.0,0,0.0
expr:CEBPA,expression,0.0,0,0.0
expr:CEBPB,expression,0.0,0,0.0
expr:CEBPD,expression,0.0,0,0.0
expr:CEBPE,expression,0.0,0,0.0
expr:CELF3,expression,0.0,0,0.0
expr:CELF5,expression,0.0,0,0.0
expr:CELSR1,expression,0.0,0,0.0
expr:CELSR3,expression,0.0,0,0.0
expr:CASKIN1,expression,0.0,0,0.0
meth:MIR770,methylation,0.0,0,0.0
meth:MIR885,methylation,0.0,0,0.0
meth:MIR886,methylation,0.0,0,0.0
meth:MIR889,methylation,0.0,0,0.0
meth:MIR9-1,methylation,0.0,0,0.0
meth:MORF4,methylation,0.0,0,0.0
meth:MORF4L1,methylation,0.0,0,0.0
meth:MORN3,methylation,0.0,15,0.3
meth:MOS,methylation,0.0,0,0.0
meth:MOSC2,methylation,0.0,0,0.0
meth:MOV10L1,methylation,0.0,1,0.02
meth:MOXD1,methylation,0.0,0,0.0
meth:LYPD5,methylation,0.0,0,0.0
meth:MOBKL2A,methylation,0.0,0,0.0
meth:MOBKL2B,methylation,0.0,0,0.0
meth:MOG,methylation,0.0,0,0.0
meth:MOGAT1,methylation,0.0,0,0.0
meth:MOGAT2,methylation,0.0,2,0.04
meth:MOGAT3,methylation,0.0,0,0.0
meth:MON1A,methylation,0.0,0,0.0
meth:MORC1,methylation,0.0,0,0.0
meth:MMP27,methylation,0.0,1,0.02
meth:MMP7,methylation,0.0,14,0.28
meth:MMP9,methylation,0.0,0,0.0
meth:MMRN1,methylation,0.0,0,0.0
meth:MN1,methylation,0.0,3,0.06
meth:MOXD2,methylation,0.0,0,0.0
meth:MIR708,methylation,0.0,0,0.0
meth:MIR711,methylation,0.0,0,0.0
meth:MIR744,methylation,0.0,0,0.0
meth:MLPH,methylation,0.0,1,0.02
meth:MMD,methylation,0.0,0,0.0
meth:MME,methylation,0.0,0,0.0
meth:MMEL1,methylation,0.0,0,0.0
meth:MMP1,methylation,0.0,2,0.04
meth:MMP12,methylation,0.0,0,0.0
meth:MMP14,methylation,0.0,0,0.0
meth:MMP17,methylation,0.0,4,0.08
meth:MITF,methylation,0.0,0,0.0
meth:MIXL1,methylation,0.0,0,0.0
expr:CASD1,expression,0.0,0,0.0
meth:MKX,methylation,0.0,0,0.0
meth:MLC1,methylation,0.0,0,0.0
meth:MLL2,methylation,0.0,0,0.0
meth:MLN,methylation,0.0,0,0.0
meth:MLNR,methylation,0.0,6,0.12
meth:MIR9-3,methylation,0.0,0,0.0
meth:MIR921,methylation,0.0,2,0.04
meth:MIR93,methylation,0.0,0,0.0
meth:MIR935,methylation,0.0,0,0.0
meth:MIRLET7A2,methylation,0.0,0,0.0
meth:MIRLET7A3,methylation,0.0,5,0.1
meth:MIRLET7C,methylation,0.0,0,0.0
expr:CASC3,expression,0.0,0,0.0
meth:MKRN3,methylation,0.0,0,0.0
expr:CAGE1,expression,0.0,1,0.02
expr:CALB1,expression,0.0,0,0.0
expr:CALB2,expression,0.0,0,0.0
expr:CALCA,expression,0.0,0,0.0
meth:MPDU1,methylation,0.0,7,0.14
meth:MPEG1,methylation,0.0,0,0.0
meth:MPL,methylation,0.0,0,0.0
meth:MPO,methylation,0.0,0,0.0
meth:MPP2,methylation,0.0,2,0.04
meth:MPP4,methylation,0.0,2,0.04
meth:MPP6,methylation,0.0,0,0.0
meth:MPP7,methylation,0.0,1,0.02
meth:MS4A6A,methylation,0.0,0,0.0
meth:MNAT1,methylation,0.0,0,0.0
meth:MSC,methylation,0.0,0,0.0
meth:MSH4,methylation,0.0,2,0.04
meth:MSLNL,methylation,0.0,0,0.0
meth:MSMB,methylation,0.0,0,0.0
meth:MRPL28,methylation,0.0,1,0.02
meth:MRPL36,methylation,0.0,0,0.0
meth:MRPL48,methylation,0.0,0,0.0
meth:MS4A1,methylation,0.0,0,0.0
meth:MS4A2,methylation,0.0,0,0.0
meth:MS4A3,methylation,0.0,0,0.0
meth:MS4A4A,methylation,0.0,0,0.0
meth:MRAP2,methylation,0.0,0,0.0
meth:MRC2,methylation,0.0,0,0.0
meth:MS4A7,methylation,0.0,0,0.0
meth:MNDA,methylation,0.0,0,0.0
meth:MNX1,methylation,0.0,0,0.0
meth:MMP19,methylation,0.0,0,0.0
meth:MMP2,methylation,0.0,0,0.0
meth:MMP21,methylation,0.0,0,0.0
meth:MMP23A,methylation,0.0,0,0.0
meth:MMP23B,methylation,0.0,0,0.0
meth:MMP24,methylation,0.0,0,0.0
meth:MMP25,methylation,0.0,0,0.0
meth:MMP26,methylation,0.0,0,0.0
expr:CALML3,expression,0.0,0,0.0
expr:CALML4,expression,0.0,0,0.0
expr:CALML6,expression,0.0,0,0.0
expr:CADPS2,expression,0.0,0,0.0
expr:CAMK1D,expression,0.0,0,0.0
expr:CAMK1G,expression,0.0,0,0.0
expr:CAMK2A,expression,0.0,0,0.0
expr:CALCB,expression,0.0,3,0.06
expr:CALCR,expression,0.0,0,0.0
expr:CALD1,expression,0.0,0,0.0
expr:CALHM1,expression,0.0,0,0.0
expr:CALHM3,expression,0.0,0,0.0
expr:CALHM5,expression,0.0,0,0.0
expr:CALHM6,expression,0.0,0,0.0
meth:MPPED1,methylation,0.0,0,0.0
meth:MPPED2,methylation,0.0,0,0.0
expr:CADM4,expression,0.0,0,0.0
expr:CALY,expression,0.0,0,0.0
meth:MIR551A,methylation,0.0,0,0.0
expr:CATSPER2,expression,0.0,0,0.0
expr:CATSPER4,expression,0.0,0,0.0
expr:CATSPERB,expression,0.0,0,0.0
expr:CATSPERD,expression,0.0,0,0.0
expr:CATSPERE,expression,0.0,1,0.02
expr:CAV1,expression,0.0,1,0.02
expr:CAV2,expression,0.0,0,0.0
expr:CAV3,expression,0.0,0,0.0
expr:CASP5,expression,0.0,0,0.0
expr:CASP8AP2,expression,0.0,0,0.0
expr:CASQ1,expression,0.0,0,0.0
expr:CASQ2,expression,0.0,10,0.2
meth:MIR7-3,methylation,0.0,0,0.0
expr:CASZ1,expression,0.0,0,0.0
expr:CATSPER1,expression,0.0,0,0.0
meth:MIR548F5,methylation,0.0,0,0.0
meth:MIR548H3,methylation,0.0,0,0.0
meth:MIR548I2,methylation,0.0,1,0.02
meth:MIR548I4,methylation,0.0,0,0.0
meth:MIR548N,methylation,0.0,0,0.0
meth:MIR549,methylation,0.0,0,0.0
expr:CASP1,expression,0.0,0,0.0
expr:CASP10,expression,0.0,3,0.06
meth:MIR645,methylation,0.0,0,0.0
meth:MIR654,methylation,0.0,0,0.0
meth:MIR655,methylation,0.0,0,0.0
expr:CASTOR1,expression,0.0,0,0.0
meth:MIR523,methylation,0.0,0,0.0
meth:MIR524,methylation,0.0,0,0.0
meth:MIR525,methylation,0.0,1,0.02
meth:MIR526A1,methylation,0.0,0,0.0
meth:MIR526A2,methylation,0.0,0,0.0
meth:MIR526B,methylation,0.0,0,0.0
meth:MIR527,methylation,0.0,0,0.0
meth:MIR518F,methylation,0.0,0,0.0
meth:MIR519B,methylation,0.0,0,0.0
meth:MIR519C,methylation,0.0,0,0.0
meth:MIR519D,methylation,0.0,0,0.0
meth:MIR520A,methylation,0.0,0,0.0
meth:MIR520C,methylation,0.0,0,0.0
expr:CBLN3,expression,0.0,0,0.0
meth:MIR520G,methylation,0.0,0,0.0
meth:MIR516B2,methylation,0.0,0,0.0
meth:MIR517A,methylation,0.0,0,0.0
meth:MIR518A1,methylation,0.0,2,0.04
meth:MIR518A2,methylation,0.0,0,0.0
meth:MIR518B,methylation,0.0,0,0.0
meth:MIR518D,methylation,0.0,0,0.0
meth:MIR518E,methylation,0.0,0,0.0
expr:CAVIN1,expression,0.0,0,0.0
expr:CBFA2T3,expression,0.0,0,0.0
expr:CBLC,expression,0.0,0,0.0
expr:CBLN1,expression,0.0,0,0.0
expr:CBLN2,expression,0.0,0,0.0
meth:MIR520E,methylation,0.0,0,0.0
expr:CARD16,expression,0.0,0,0.0
expr:CARD17,expression,0.0,0,0.0
expr:CARD18,expression,0.0,0,0.0
expr:CARD6,expression,0.0,0,0.0
expr:CARMIL2,expression,0.0,0,0.0
expr:CARMIL3,expression,0.0,1,0.02
expr:CARTPT,expression,0.0,0,0.0
expr:CAPN5,expression,0.0,0,0.0
expr:CAPN6,expression,0.0,0,0.0
expr:CAPN9,expression,0.0,1,0.02
expr:CAPNS2,expression,0.0,3,0.06
expr:CAPS2,expression,0.0,7,0.14
expr:CAPSL,expression,0.0,0,0.0
meth:MIR656,methylation,0.0,0,0.0
expr:CARD10,expression,0.0,0,0.0
meth:MIR758,methylation,0.0,0,0.0
meth:MIR765,methylation,0.0,0,0.0
expr:CAND2,expression,0.0,0,0.0
expr:CAPN12,expression,0.0,0,0.0
expr:CAPN13,expression,0.0,3,0.06
expr:CAPN14,expression,0.0,0,0.0
expr:CAPN2,expression,0.0,0,0.0
expr:CAPN3,expression,0.0,1,0.02
meth:MIR670,methylation,0.0,0,0.0
meth:MIR671,methylation,0.0,0,0.0
meth:MIR675,methylation,0.0,0,0.0
meth:MIR7-2,methylation,0.0,0,0.0
expr:CAPZA3,expression,0.0,0,0.0
meth:MIR659,methylation,0.0,0,0.0
meth:MIR663,methylation,0.0,0,0.0
meth:MIR665,methylation,0.0,0,0.0
meth:MIR668,methylation,0.0,0,0.0
meth:MIR605,methylation,0.0,0,0.0
meth:MIR609,methylation,0.0,0,0.0
meth:MIR613,methylation,0.0,2,0.04
meth:MIR617,methylation,0.0,0,0.0
meth:MIR620,methylation,0.0,0,0.0
meth:MIR626,methylation,0.0,0,0.0
meth:MIR635,methylation,0.0,1,0.02
meth:MIR641,methylation,0.0,0,0.0
meth:MIR578,methylation,0.0,0,0.0
expr:CARD14,expression,0.0,0,0.0
meth:MIR592,methylation,0.0,0,0.0
meth:MIR595,methylation,0.0,0,0.0
meth:MIR596,methylation,0.0,0,0.0
meth:MIR598,methylation,0.0,0,0.0
meth:MIR603,methylation,0.0,0,0.0
meth:MIR604,methylation,0.0,0,0.0
meth:MIR551B,methylation,0.0,0,0.0
meth:MIR555,methylation,0.0,0,0.0
meth:MIR559,methylation,0.0,1,0.02
meth:MIR563,methylation,0.0,0,0.0
meth:MIR564,methylation,0.0,0,0.0
meth:MIR568,methylation,0.0,0,0.0
meth:MIR572,methylation,0.0,0,0.0
meth:MIR575,methylation,0.0,7,0.14
meth:MIR581,methylation,0.0,0,0.0
meth:NCR1,methylation,0.0,0,0.0
meth:NCR2,methylation,0.0,0,0.0
meth:NCR3,methylation,0.0,0,0.0
meth:NCRNA00028,methylation,0.0,0,0.0
meth:NCRNA00029,methylation,0.0,0,0.0
meth:NCRNA00051,methylation,0.0,0,0.0
meth:NCRNA00092,methylation,0.0,0,0.0
meth:NBPF7,methylation,0.0,0,0.0
meth:NBR2,methylation,0.0,0,0.0
meth:NCAM1,methylation,0.0,1,0.02
meth:NCAN,methylation,0.0,0,0.0
meth:NCF2,methylation,0.0,0,0.0
meth:NCF4,methylation,0.0,2,0.04
meth:MRGPRD,methylation,0.0,0,0.0
meth:NCKAP5,methylation,0.0,0,0.0
meth:NAPSA,methylation,0.0,0,0.0
meth:NAPSB,methylation,0.0,1,0.02
meth:NAT8L,methylation,0.0,0,0.0
meth:NAV1,methylation,0.0,0,0.0
meth:NAV2,methylation,0.0,0,0.0
meth:NAV3,methylation,0.0,0,0.0
meth:NBL1,methylation,0.0,0,0.0
meth:NBLA00301,methylation,0.0,0,0.0
meth:NAGS,methylation,0.0,6,0.12
meth:NAIF1,methylation,0.0,9,0.18
meth:NALCN,methylation,0.0,0,0.0
meth:NANOG,methylation,0.0,9,0.18
meth:NCKAP1L,methylation,0.0,0,0.0
meth:NAALAD2,methylation,0.0,0,0.0
meth:NAALADL1,methylation,0.0,0,0.0
meth:NACA2,methylation,0.0,0,0.0
meth:MYOM2,methylation,0.0,0,0.0
meth:MYOM3,methylation,0.0,8,0.16
meth:MYOT,methylation,0.0,0,0.0
meth:MYOZ1,methylation,0.0,2,0.04
meth:MYOZ2,methylation,0.0,1,0.02
meth:MYOZ3,methylation,0.0,2,0.04
meth:MYPN,methylation,0.0,0,0.0
meth:MYRIP,methylation,0.0,0,0.0
meth:MYO1H,methylation,0.0,0,0.0
meth:MYO3A,methylation,0.0,0,0.0
meth:NCOR1,methylation,0.0,0,0.0
meth:MYO7B,methylation,0.0,0,0.0
meth:MYOC,methylation,0.0,0,0.0
meth:MYOCD,methylation,0.0,0,0.0
meth:MYOD1,methylation,0.0,0,0.0
meth:MYOG,methylation,0.0,0,0.0
meth:MYLK2,methylation,0.0,11,0.22
meth:MYLK3,methylation,0.0,10,0.2
meth:MYLK4,methylation,0.0,0,0.0
meth:MYLPF,methylation,0.0,0,0.0
meth:MYO15B,methylation,0.0,0,0.0
meth:MYO16,methylation,0.0,5,0.1
meth:MYO1F,methylation,0.0,0,0.0
meth:MYO1G,methylation,0.0,0,0.0
meth:MYO3B,methylation,0.0,0,0.0
expr:C8B,expression,0.0,0,0.0
expr:C8G,expression,0.0,0,0.0
expr:C8orf34,expression,0.0,0,0.0
meth:NELL1,methylation,0.0,0,0.0
meth:NES,methylation,0.0,5,0.1
meth:NET1,methylation,0.0,1,0.02
meth:NETO1,methylation,0.0,0,0.0
meth:NETO2,methylation,0.0,0,0.0
meth:NEU1,methylation,0.0,0,0.0
meth:NEU2,methylation,0.0,0,0.0
meth:NEU4,methylation,0.0,0,0.0
meth:NEDD4L,methylation,0.0,0,0.0
meth:NEFH,methylation,0.0,0,0.0
meth:NANOS2,methylation,0.0,0,0.0
meth:NEFM,methylation,0.0,0,0.0
meth:NEGR1,methylation,0.0,0,0.0
meth:NEIL1,methylation,0.0,3,0.06
meth:NEK10,methylation,0.0,0,0.0
meth:NEK9,methylation,0.0,0,0.0
meth:NDRG2,methylation,0.0,0,0.0
meth:NDRG4,methylation,0.0,0,0.0
meth:NDST1,methylation,0.0,0,0.0
meth:NDUFA4L2,methylation,0.0,1,0.02
meth:NDUFS6,methylation,0.0,0,0.0
meth:NDUFV1,methylation,0.0,0,0.0
meth:NEB,methylation,0.0,0,0.0
meth:NECAB1,methylation,0.0,0,0.0
meth:NEFL,methylation,0.0,0,0.0
meth:NAPRT1,methylation,0.0,0,0.0
expr:CA4,expression,0.0,1,0.02
expr:CA6,expression,0.0,0,0.0
expr:CA7,expression,0.0,0,0.0
expr:CA8,expression,0.0,1,0.02
expr:CAB39L,expression,0.0,0,0.0
expr:CABLES1,expression,0.0,0,0.0
meth:NCRNA00157,methylation,0.0,0,0.0
meth:NCRNA00159,methylation,0.0,0,0.0
expr:C9orf153,expression,0.0,0,0.0
expr:C9orf24,expression,0.0,0,0.0
expr:C9orf43,expression,0.0,0,0.0
expr:C9orf50,expression,0.0,0,0.0
meth:NCRNA00114,methylation,0.0,0,0.0
expr:CA2,expression,0.0,0,0.0
expr:CA3,expression,0.0,0,0.0
expr:C8orf48,expression,0.0,0,0.0
expr:C8orf88,expression,0.0,0,0.0
expr:C8orf89,expression,0.0,0,0.0
expr:C9,expression,0.0,1,0.02
expr:C9orf116,expression,0.0,0,0.0
expr:C9orf131,expression,0.0,0,0.0
expr:C9orf135,expression,0.0,0,0.0
expr:C9orf152,expression,0.0,0,0.0
meth:NCRNA00093,methylation,0.0,0,0.0
meth:NCRNA00094,methylation,0.0,0,0.0
meth:NCRNA00099,methylation,0.0,0,0.0
meth:NCRNA00111,methylation,0.0,2,0.04
expr:CA11,expression,0.0,0,0.0
meth:MTSS1,methylation,0.0,0,0.0
meth:MT1B,methylation,0.0,0,0.0
meth:MT1DP,methylation,0.0,0,0.0
meth:MT1E,methylation,0.0,1,0.02
meth:MT1H,methylation,0.0,1,0.02
meth:MT1IP,methylation,0.0,0,0.0
meth:MT1L,methylation,0.0,0,0.0
meth:MT1M,methylation,0.0,0,0.0
meth:MT2A,methylation,0.0,1,0.02
meth:MSMP,methylation,0.0,3,0.06
meth:MSR1,methylation,0.0,0,0.0
meth:MSRB2,methylation,0.0,0,0.0
meth:MSRB3,methylation,0.0,0,0.0
meth:NAA11,methylation,0.0,0,0.0
meth:MSX1,methylation,0.0,0,0.0
meth:MSX2,methylation,0.0,0,0.0
meth:MSX2P1,methylation,0.0,0,0.0
meth:MYH11,methylation,0.0,0,0.0
meth:MYH13,methylation,0.0,0,0.0
meth:MYH14,methylation,0.0,0,0.0
meth:MYH15,methylation,0.0,0,0.0
meth:MYH16,methylation,0.0,0,0.0
meth:MYH2,methylation,0.0,0,0.0
meth:MYH3,methylation,0.0,4,0.08
meth:MYH4,methylation,0.0,0,0.0
meth:MYBPHL,methylation,0.0,0,0.0
meth:MYCBPAP,methylation,0.0,0,0.0
meth:MST1R,methylation,0.0,1,0.02
meth:MRGPRE,methylation,0.0,8,0.16
meth:MRGPRF,methylation,0.0,0,0.0
meth:MRGPRG,methylation,0.0,0,0.0
meth:MRGPRX3,methylation,0.0,2,0.04
meth:MRGPRX4,methylation,0.0,0,0.0
expr:CAMK2B,expression,0.0,0,0.0
expr:CAMK2D,expression,0.0,1,0.02
expr:CAMK2N1,expression,0.0,0,0.0
expr:CAMKV,expression,0.0,1,0.02
expr:CAMP,expression,0.0,0,0.0
meth:MPZ,methylation,0.0,0,0.0
meth:MPZL2,methylation,0.0,0,0.0
meth:MRAP,methylation,0.0,0,0.0
meth:MTNR1B,methylation,0.0,0,0.0
meth:MTX3,methylation,0.0,0,0.0
meth:MUC12,methylation,0.0,0,0.0
meth:MUC15,methylation,0.0,2,0.04
meth:MUC16,methylation,0.0,0,0.0
meth:MUC17,methylation,0.0,0,0.0
meth:MUC2,methylation,0.0,0,0.0
meth:MUC4,methylation,0.0,2,0.04
meth:MT3,methylation,0.0,0,0.0
meth:MTA3,methylation,0.0,1,0.02
meth:MTMR7,methylation,0.0,0,0.0
meth:MTMR9,methylation,0.0,0,0.0
meth:MTMR9L,methylation,0.0,0,0.0
meth:MTNR1A,methylation,0.0,0,0.0
meth:MTUS2,methylation,0.0,0,0.0
expr:CACNA2D2,expression,0.0,0,0.0
expr:CACNA2D3,expression,0.0,0,0.0
expr:CACNA2D4,expression,0.0,0,0.0
expr:CACNB1,expression,0.0,0,0.0
expr:CACNB2,expression,0.0,0,0.0
expr:CACNG5,expression,0.0,0,0.0
expr:CACNG6,expression,0.0,0,0.0
expr:CACHD1,expression,0.0,0,0.0
expr:CACNA1A,expression,0.0,0,0.0
expr:CACNA1B,expression,0.0,0,0.0
expr:CACNA1C,expression,0.0,0,0.0
expr:CACNA1F,expression,0.0,0,0.0
expr:CACNA1G,expression,0.0,0,0.0
meth:MYCN,methylation,0.0,0,0.0
expr:CACNA1S,expression,0.0,0,0.0
meth:MYH6,methylation,0.0,0,0.0
meth:MYH7,methylation,0.0,0,0.0
meth:MYH7B,methylation,0.0,1,0.02
meth:MYH8,methylation,0.0,0,0.0
meth:MYL1,methylation,0.0,0,0.0
expr:CABP1,expression,0.0,0,0.0
expr:CABP4,expression,0.0,0,0.0
expr:CABYR,expression,0.0,0,0.0
meth:MYST1,methylation,0.0,0,0.0
meth:MYT1,methylation,0.0,0,0.0
meth:MYT1L,methylation,0.0,0,0.0
meth:N4BP2L1,methylation,0.0,1,0.02
expr:CACNA1I,expression,0.0,0,0.0
meth:MYEF2,methylation,0.0,0,0.0
meth:MYEOV2,methylation,0.0,0,0.0
meth:MYF5,methylation,0.0,0,0.0
meth:MYF6,methylation,0.0,0,0.0
meth:MYH1,methylation,0.0,0,0.0
meth:MXRA8,methylation,0.0,3,0.06
meth:MYADM,methylation,0.0,1,0.02
meth:MYADML,methylation,0.0,0,0.0
meth:MYADML2,methylation,0.0,0,0.0
meth:MYBPC1,methylation,0.0,0,0.0
meth:MYBPC2,methylation,0.0,3,0.06
meth:MYBPH,methylation,0.0,0,0.0
meth:MUC5B,methylation,0.0,1,0.02
expr:CACNA2D1,expression,0.0,0,0.0
meth:MUC7,methylation,0.0,0,0.0
meth:MUM1,methylation,0.0,2,0.04
meth:MURC,methylation,0.0,0,0.0
meth:MUSK,methylation,0.0,0,0.0
meth:MVP,methylation,0.0,2,0.04
meth:MX1,methylation,0.0,0,0.0
expr:CACNG7,expression,0.0,0,0.0
expr:CACNG8,expression,0.0,0,0.0
expr:CADM3,expression,0.0,4,0.08
meth:MYL2,methylation,0.0,0,0.0
meth:MYL4,methylation,0.0,0,0.0
meth:MYL5,methylation,0.0,0,0.0
meth:MYL7,methylation,0.0,0,0.0
meth:MYL9,methylation,0.0,0,0.0
meth:MUC6,methylation,0.0,4,0.08
meth:MEI1,methylation,0.0,0,0.0
meth:MEIS2,methylation,0.0,0,0.0
meth:MEIS3,methylation,0.0,0,0.0
meth:MEOX1,methylation,0.0,0,0.0
meth:MDS2,methylation,0.0,1,0.02
meth:ME1,methylation,0.0,0,0.0
meth:MECOM,methylation,0.0,0,0.0
meth:MED13L,methylation,0.0,3,0.06
meth:MEF2B,methylation,0.0,0,0.0
meth:MEF2C,methylation,0.0,0,0.0
meth:MEFV,methylation,0.0,0,0.0
meth:MEG3,methylation,0.0,0,0.0
meth:MCHR1,methylation,0.0,0,0.0
meth:MIR521-2,methylation,0.0,0,0.0
meth:MCM2,methylation,0.0,0,0.0
meth:MCOLN2,methylation,0.0,0,0.0
meth:MCTP1,methylation,0.0,0,0.0
meth:MCTP2,methylation,0.0,0,0.0
meth:MDFIC,methylation,0.0,1,0.02
meth:MDGA2,methylation,0.0,0,0.0
meth:MGC27382,methylation,0.0,0,0.0
meth:MGC2889,methylation,0.0,0,0.0
meth:MGC29506,methylation,0.0,0,0.0
meth:MGC34034,methylation,0.0,0,0.0
meth:MGC42105,methylation,0.0,0,0.0
meth:MGC4473,methylation,0.0,0,0.0
meth:MGC45800,methylation,0.0,0,0.0
meth:MCHR2,methylation,0.0,0,0.0
expr:CCL4,expression,0.0,0,0.0
expr:CCL4L2,expression,0.0,0,0.0
expr:CCK,expression,0.0,0,0.0
expr:CCL13,expression,0.0,0,0.0
expr:CCL14,expression,0.0,1,0.02
expr:CCL16,expression,0.0,0,0.0
expr:CCL17,expression,0.0,2,0.04
expr:CCL18,expression,0.0,0,0.0
expr:CCL2,expression,0.0,0,0.0
meth:MBOAT4,methylation,0.0,0,0.0
meth:MBP,methylation,0.0,4,0.08
meth:MC1R,methylation,0.0,0,0.0
meth:MC2R,methylation,0.0,1,0.02
meth:MEGF6,methylation,0.0,0,0.0
meth:MC4R,methylation,0.0,0,0.0
expr:CCER2,expression,0.0,0,0.0
expr:CCIN,expression,0.0,0,0.0
meth:MEP1A,methylation,0.0,0,0.0
meth:MEP1B,methylation,0.0,1,0.02
meth:MEPE,methylation,0.0,1,0.02
meth:MERTK,methylation,0.0,0,0.0
meth:MESP1,methylation,0.0,0,0.0
meth:MESP2,methylation,0.0,1,0.02
meth:MEST,methylation,0.0,0,0.0
meth:MEG8,methylation,0.0,0,0.0
meth:MEGF10,methylation,0.0,0,0.0
meth:MEGF11,methylation,0.0,0,0.0
meth:MC3R,methylation,0.0,0,0.0
expr:CCDC88B,expression,0.0,0,0.0
expr:CCDC96,expression,0.0,1,0.02
meth:MIMT1,methylation,0.0,0,0.0
meth:MINPP1,methylation,0.0,0,0.0
expr:CCDC62,expression,0.0,0,0.0
expr:CCDC68,expression,0.0,1,0.02
expr:CCDC73,expression,0.0,0,0.0
expr:CCDC74A,expression,0.0,3,0.06
expr:CCDC74B,expression,0.0,3,0.06
expr:CCDC78,expression,0.0,0,0.0
expr:CCDC8,expression,0.0,0,0.0
expr:CCDC80,expression,0.0,1,0.02
expr:CCDC24,expression,0.0,0,0.0
meth:MGC87042,methylation,0.0,0,0.0
expr:CCDC3,expression,0.0,0,0.0
expr:CCDC33,expression,0.0,0,0.0
expr:CCDC39,expression,0.0,0,0.0
expr:CCDC42,expression,0.0,0,0.0
expr:CCDC54,expression,0.0,0,0.0
expr:CCDC60,expression,0.0,0,0.0
meth:MGP,methylation,0.0,0,0.0
meth:MGST2,methylation,0.0,1,0.02
meth:MIA2,methylation,0.0,0,0.0
meth:MIAT,methylation,0.0,0,0.0
meth:MICAL1,methylation,0.0,2,0.04
meth:MIER2,methylation,0.0,0,0.0
expr:CCDC201,expression,0.0,0,0.0
expr:CCDC27,expression,0.0,0,0.0
meth:MGAT4C,methylation,0.0,0,0.0
meth:MGAT5B,methylation,0.0,14,0.28
meth:MGC12916,methylation,0.0,1,0.02
meth:MGC14436,methylation,0.0,0,0.0
meth:MGC15885,methylation,0.0,1,0.02
meth:MGC16275,methylation,0.0,1,0.02
meth:MGC23270,methylation,0.0,0,0.0
meth:MGC26597,methylation,0.0,0,0.0
meth:MFRP,methylation,0.0,0,0.0
meth:MFSD2B,methylation,0.0,0,0.0
meth:MFSD4,methylation,0.0,0,0.0
meth:MFSD6L,methylation,0.0,2,0.04
meth:MFSD7,methylation,0.0,0,0.0
expr:CCDC88A,expression,0.0,0,0.0
meth:MGAM,methylation,0.0,0,0.0
meth:MGAT3,methylation,0.0,6,0.12
meth:MESTIT1,methylation,0.0,2,0.04
meth:METRN,methylation,0.0,0,0.0
meth:METTL11A,methylation,0.0,0,0.0
meth:METTL11B,methylation,0.0,1,0.02
meth:MFAP3L,methylation,0.0,0,0.0
meth:MFAP5,methylation,0.0,0,0.0
meth:MFI2,methylation,0.0,1,0.02
meth:MFNG,methylation,0.0,0,0.0
expr:CCDC82,expression,0.0,0,0.0
expr:CCDC85A,expression,0.0,1,0.02
expr:CCDC85B,expression,0.0,0,0.0
meth:MGA,methylation,0.0,0,0.0
expr:CCNI2,expression,0.0,0,0.0
expr:CCNJL,expression,0.0,0,0.0
meth:LY6K,methylation,0.0,0,0.0
meth:LY86,methylation,0.0,0,0.0
meth:LY9,methylation,0.0,0,0.0
meth:LYG1,methylation,0.0,0,0.0
meth:LYL1,methylation,0.0,0,0.0
expr:CCN4,expression,0.0,0,0.0
expr:CCN5,expression,0.0,0,0.0
expr:CCN6,expression,0.0,0,0.0
meth:MAP1B,methylation,0.0,0,0.0
meth:MAP1D,methylation,0.0,0,0.0
meth:MAP1LC3A,methylation,0.0,0,0.0
expr:CCL3L3,expression,0.0,0,0.0
meth:MAP1LC3C,methylation,0.0,0,0.0
meth:MAP2,methylation,0.0,0,0.0
meth:MAP2K6,methylation,0.0,0,0.0
meth:MAP3K13,methylation,0.0,0,0.0
meth:MAGOH,methylation,0.0,4,0.08
meth:MAL,methylation,0.0,0,0.0
meth:MAL2,methylation,0.0,0,0.0
meth:MAMDC2,methylation,0.0,0,0.0
meth:MAMSTR,methylation,0.0,8,0.16
meth:MAN1C1,methylation,0.0,0,0.0
meth:MAP1A,methylation,0.0,0,0.0
meth:LYZL6,methylation,0.0,0,0.0
meth:LZTS1,methylation,0.0,0,0.0
meth:MAP1LC3B2,methylation,0.0,1,0.02
meth:LRRC4B,methylation,0.0,0,0.0
meth:LRRC4C,methylation,0.0,0,0.0
meth:LRRC52,methylation,0.0,1,0.02
meth:LRRC6,methylation,0.0,6,0.12
meth:LRRC7,methylation,0.0,0,0.0
meth:LRRC8C,methylation,0.0,0,0.0
meth:LRRC8E,methylation,0.0,0,0.0
meth:LRRFIP1,methylation,0.0,0,0.0
expr:CCR8,expression,0.0,3,0.06
expr:CCRL2,expression,0.0,0,0.0
expr:CCSER1,expression,0.0,0,0.0
expr:CCT6B,expression,0.0,0,0.0
expr:CD101,expression,0.0,0,0.0
expr:CCNE2,expression,0.0,0,0.0
meth:LYNX1,methylation,0.0,0,0.0
meth:LYPD1,methylation,0.0,2,0.04
expr:CCNK,expression,0.0,0,0.0
expr:CCNO,expression,0.0,0,0.0
expr:CCNP,expression,0.0,2,0.04
expr:CCR1,expression,0.0,0,0.0
expr:CCR10,expression,0.0,0,0.0
expr:CCR3,expression,0.0,0,0.0
expr:CCNA1,expression,0.0,0,0.0
expr:CCNA2,expression,0.0,7,0.14
expr:CCNB2,expression,0.0,7,0.14
expr:CCNB3,expression,0.0,0,0.0
expr:CCND1,expression,0.0,0,0.0
meth:LYN,methylation,0.0,0,0.0
meth:MARCH1,methylation,0.0,0,0.0
meth:MARCH10,methylation,0.0,0,0.0
meth:MARCH11,methylation,0.0,0,0.0
meth:MARCH4,methylation,0.0,1,0.02
meth:MARCKS,methylation,0.0,0,0.0
meth:MARCKSL1,methylation,0.0,0,0.0
meth:MAP3K2,methylation,0.0,0,0.0
meth:MAP4K1,methylation,0.0,0,0.0
meth:MAP6,methylation,0.0,0,0.0
meth:MAP6D1,methylation,0.0,3,0.06
meth:MAP9,methylation,0.0,0,0.0
meth:MAPK10,methylation,0.0,0,0.0
meth:MAPK13,methylation,0.0,0,0.0
meth:MACF1,methylation,0.0,0,0.0
expr:CCL7,expression,0.0,0,0.0
expr:CCL8,expression,0.0,0,0.0
expr:CCN2,expression,0.0,0,0.0
expr:CCN3,expression,0.0,0,0.0
meth:MCAM,methylation,0.0,6,0.12
meth:MCART3P,methylation,0.0,0,0.0
meth:MCCD1,methylation,0.0,0,0.0
meth:MCF2L2,methylation,0.0,0,0.0
expr:CCL20,expression,0.0,1,0.02
expr:CCL24,expression,0.0,0,0.0
expr:CCL26,expression,0.0,0,0.0
expr:CCL28,expression,0.0,0,0.0
expr:CCL3,expression,0.0,0,0.0
meth:MAPK15,methylation,0.0,1,0.02
meth:MADCAM1,methylation,0.0,0,0.0
meth:MAGEL2,methylation,0.0,0,0.0
meth:MAGI2,methylation,0.0,0,0.0
meth:LYPD2,methylation,0.0,1,0.02
meth:LYPD3,methylation,0.0,0,0.0
meth:LYPD4,methylation,0.0,0,0.0
expr:CHN1,expression,0.0,0,0.0
meth:LYPLA2P1,methylation,0.0,0,0.0
meth:LYSMD4,methylation,0.0,0,0.0
meth:LYVE1,methylation,0.0,0,0.0
meth:LYZL4,methylation,0.0,0,0.0
meth:MATK,methylation,0.0,0,0.0
meth:MATN2,methylation,0.0,0,0.0
meth:MAPT,methylation,0.0,0,0.0
meth:MBD3L1,methylation,0.0,0,0.0
meth:MBD6,methylation,0.0,2,0.04
meth:MBIP,methylation,0.0,0,0.0
meth:MBL1P,methylation,0.0,0,0.0
meth:MBL2,methylation,0.0,0,0.0
meth:MARK1,methylation,0.0,0,0.0
meth:MARK4,methylation,0.0,0,0.0
meth:MARVELD2,methylation,0.0,0,0.0
meth:MAS1,methylation,0.0,1,0.02
meth:MAS1L,methylation,0.0,0,0.0
meth:MASP1,methylation,0.0,0,0.0
meth:MASP2,methylation,0.0,0,0.0
meth:MAST3,methylation,0.0,0,0.0
meth:MAPK3,methylation,0.0,3,0.06
meth:MATN4,methylation,0.0,0,0.0
expr:CBWD3,expression,0.0,0,0.0
expr:CBWD5,expression,0.0,0,0.0
expr:CBY2,expression,0.0,0,0.0
expr:CBY3,expression,0.0,0,0.0
expr:CCBE1,expression,0.0,0,0.0
expr:CCDC102A,expression,0.0,1,0.02
meth:MIR2113,methylation,0.0,0,0.0
meth:MIR2117,methylation,0.0,0,0.0
meth:MIR218-1,methylation,0.0,0,0.0
meth:MIR219-1,methylation,0.0,2,0.04
meth:MIR2276,methylation,0.0,1,0.02
meth:MIR2277,methylation,0.0,0,0.0
expr:CBLN4,expression,0.0,1,0.02
meth:MIR1253,methylation,0.0,2,0.04
meth:MIR373,methylation,0.0,0,0.0
meth:MIR376A1,methylation,0.0,1,0.02
meth:MIR376A2,methylation,0.0,0,0.0
meth:MIR376B,methylation,0.0,0,0.0
meth:MIR376C,methylation,0.0,1,0.02
meth:MIR377,methylation,0.0,0,0.0
meth:MIR379,methylation,0.0,0,0.0
meth:MIR380,methylation,0.0,0,0.0
meth:MIR339,methylation,0.0,0,0.0
meth:MIR340,methylation,0.0,1,0.02
meth:MIR34A,methylation,0.0,1,0.02
meth:MIR34B,methylation,0.0,0,0.0
meth:MIR34C,methylation,0.0,0,0.0
expr:CBR1,expression,0.0,0,0.0
meth:MIR1976,methylation,0.0,0,0.0
meth:MIR1979,methylation,0.0,0,0.0
meth:MIR198,methylation,0.0,0,0.0
meth:MIR199A2,methylation,0.0,0,0.0
meth:MIR185,methylation,0.0,1,0.02
meth:MIR18A,methylation,0.0,0,0.0
meth:MIR1908,methylation,0.0,0,0.0
meth:MIR190B,methylation,0.0,0,0.0
meth:MIR1910,methylation,0.0,0,0.0
meth:MIR1913,methylation,0.0,0,0.0
meth:MIR193B,methylation,0.0,0,0.0
meth:MIR195,methylation,0.0,0,0.0
expr:CCDC136,expression,0.0,0,0.0
expr:CBS,expression,0.0,0,0.0
expr:CCDC15,expression,0.0,0,0.0
expr:CCDC150,expression,0.0,0,0.0
meth:MIR23B,methylation,0.0,2,0.04
meth:MIR25,methylation,0.0,0,0.0
expr:CCDC106,expression,0.0,0,0.0
expr:CCDC110,expression,0.0,0,0.0
expr:CCDC113,expression,0.0,0,0.0
expr:CCDC114,expression,0.0,0,0.0
expr:CCDC116,expression,0.0,0,0.0
expr:CCDC125,expression,0.0,0,0.0
expr:CCDC126,expression,0.0,0,0.0
expr:CCDC13,expression,0.0,1,0.02
expr:CBR3,expression,0.0,0,0.0
expr:CCDC144A,expression,0.0,0,0.0
meth:MIR493,methylation,0.0,0,0.0
meth:MIR494,methylation,0.0,2,0.04
meth:MIR495,methylation,0.0,0,0.0
meth:MIR496,methylation,0.0,0,0.0
meth:MIR432,methylation,0.0,0,0.0
meth:MIR433,methylation,0.0,0,0.0
meth:MIR449A,methylation,0.0,0,0.0
meth:MIR449B,methylation,0.0,0,0.0
meth:MIR453,methylation,0.0,0,0.0
meth:MIR483,methylation,0.0,0,0.0
meth:MIR485,methylation,0.0,0,0.0
meth:MIR486,methylation,0.0,0,0.0
meth:MIR381,methylation,0.0,0,0.0
meth:MIR369,methylation,0.0,0,0.0
meth:MIR409,methylation,0.0,0,0.0
meth:MIR410,methylation,0.0,0,0.0
meth:MIR411,methylation,0.0,0,0.0
meth:MIR412,methylation,0.0,0,0.0
meth:MIR429,methylation,0.0,0,0.0
meth:MIR431,methylation,0.0,0,0.0
meth:MIR539,methylation,0.0,0,0.0
meth:MIR541,methylation,0.0,0,0.0
meth:MIR543,methylation,0.0,1,0.02
meth:MIR548A1,methylation,0.0,5,0.1
meth:MIR548D2,methylation,0.0,0,0.0
meth:MIR548F1,methylation,0.0,0,0.0
meth:MIR548F3,methylation,0.0,0,0.0
meth:MIR382,methylation,0.0,0,0.0
meth:MIR371,methylation,0.0,0,0.0
meth:MIR372,methylation,0.0,0,0.0
meth:MIR32,methylation,0.0,0,0.0
meth:MIR320C1,methylation,0.0,0,0.0
meth:MIR323,methylation,0.0,0,0.0
meth:MIR324,methylation,0.0,0,0.0
meth:MIR326,methylation,0.0,19,0.38
meth:MIR329-1,methylation,0.0,0,0.0
meth:MIR329-2,methylation,0.0,0,0.0
meth:MIR335,methylation,0.0,0,0.0
meth:MIR26B,methylation,0.0,0,0.0
meth:MIR296,methylation,0.0,0,0.0
meth:MIR298,methylation,0.0,0,0.0
meth:MIR488,methylation,0.0,0,0.0
meth:MIR300,methylation,0.0,0,0.0
meth:MIR30A,methylation,0.0,0,0.0
meth:MIR30B,methylation,0.0,0,0.0
meth:MIR30C2,methylation,0.0,0,0.0
meth:MIR497,methylation,0.0,0,0.0
meth:MIR498,methylation,0.0,0,0.0
meth:MIR512-1,methylation,0.0,0,0.0
meth:MIR512-2,methylation,0.0,0,0.0
meth:MIR515-1,methylation,0.0,0,0.0
meth:MIR515-2,methylation,0.0,0,0.0
meth:MIR516A2,methylation,0.0,0,0.0
meth:MIR516B1,methylation,0.0,0,0.0
meth:MIR487A,methylation,0.0,0,0.0
meth:MIR487B,methylation,0.0,0,0.0
meth:MIR299,methylation,0.0,0,0.0
meth:MIR1197,methylation,0.0,0,0.0
expr:CCDC185,expression,0.0,0,0.0
expr:CCDC187,expression,0.0,2,0.04
expr:CCDC188,expression,0.0,0,0.0
expr:CCDC189,expression,0.0,0,0.0
expr:CCDC190,expression,0.0,0,0.0
expr:CCDC192,expression,0.0,0,0.0
expr:CCDC198,expression,0.0,0,0.0
expr:CCDC200,expression,0.0,0,0.0
expr:CCDC168,expression,0.0,0,0.0
expr:CCDC169,expression,0.0,0,0.0
expr:CCDC177,expression,0.0,0,0.0
expr:CCDC178,expression,0.0,2,0.04
meth:MIR1975,methylation,0.0,0,0.0
expr:CCDC180,expression,0.0,0,0.0
expr:CCDC183,expression,0.0,0,0.0
expr:CCDC184,expression,0.0,0,0.0
meth:MIR129-1,methylation,0.0,0,0.0
meth:MIR129-2,methylation,0.0,0,0.0
expr:CCDC151,expression,0.0,0,0.0
expr:CCDC153,expression,0.0,0,0.0
expr:CCDC154,expression,0.0,0,0.0
expr:CCDC158,expression,0.0,3,0.06
expr:CCDC163,expression,0.0,0,0.0
expr:CCDC166,expression,0.0,2,0.04
meth:MIR127,methylation,0.0,0,0.0
meth:MIR1275,methylation,0.0,1,0.02
expr:CCDC18,expression,0.0,0,0.0
meth:MIR1257,methylation,0.0,0,0.0
meth:MIR1258,methylation,0.0,0,0.0
meth:MIR1259,methylation,0.0,0,0.0
meth:MIR125B1,methylation,0.0,0,0.0
meth:MIR125B2,methylation,0.0,0,0.0
meth:MIR1262,methylation,0.0,0,0.0
meth:MIR1265,methylation,0.0,0,0.0
meth:MIR1231,methylation,0.0,0,0.0
meth:MIR1236,methylation,0.0,0,0.0
meth:MIR124-1,methylation,0.0,0,0.0
meth:MIR124-3,methylation,0.0,0,0.0
meth:MIR1247,methylation,0.0,0,0.0
meth:MIR1249,methylation,0.0,0,0.0
meth:MIR1185-2,methylation,0.0,0,0.0
meth:MIR1200,methylation,0.0,0,0.0
meth:MIR1203,methylation,0.0,0,0.0
meth:MIR1205,methylation,0.0,0,0.0
meth:MIR1206,methylation,0.0,0,0.0
meth:MIR1207,methylation,0.0,0,0.0
meth:MIR122,methylation,0.0,0,0.0
meth:MIR1227,methylation,0.0,0,0.0
meth:MIP,methylation,0.0,0,0.0
meth:MIR1-1,methylation,0.0,0,0.0
meth:MIR106B,methylation,0.0,0,0.0
meth:MIR10B,methylation,0.0,0,0.0
meth:MIR1178,methylation,0.0,1,0.02
meth:MIR1179,methylation,0.0,0,0.0
meth:MIR1250,methylation,0.0,1,0.02
meth:MIR1305,methylation,0.0,2,0.04
meth:MIR1323,methylation,0.0,0,0.0
meth:MIR133A2,methylation,0.0,2,0.04
meth:MIR133B,methylation,0.0,0,0.0
meth:MIR134,methylation,0.0,0,0.0
meth:MIR135A2,methylation,0.0,0,0.0
meth:MIR136,methylation,0.0,0,0.0
meth:MIR138-1,methylation,0.0,0,0.0
meth:MIR2052,methylation,0.0,1,0.02
meth:MIR2054,methylation,0.0,0,0.0
meth:MIR206,methylation,0.0,0,0.0
meth:MIR208A,methylation,0.0,0,0.0
meth:MIR208B,methylation,0.0,0,0.0
meth:MIR128-2,methylation,0.0,0,0.0
meth:MIR21,methylation,0.0,0,0.0
meth:MIR211,methylation,0.0,0,0.0
meth:MIR19A,methylation,0.0,0,0.0
meth:MIR200A,methylation,0.0,0,0.0
meth:MIR200B,methylation,0.0,0,0.0
meth:MIR200C,methylation,0.0,0,0.0
meth:MIR202,methylation,0.0,0,0.0
meth:MIR203,methylation,0.0,0,0.0
meth:MIR204,methylation,0.0,0,0.0
meth:MIR205,methylation,0.0,0,0.0
meth:MIR196A1,methylation,0.0,3,0.06
meth:MIR196A2,methylation,0.0,0,0.0
meth:MIR196B,methylation,0.0,1,0.02
meth:MIR20A,methylation,0.0,5,0.1
meth:MIR1280,methylation,0.0,0,0.0
meth:MIR1283-2,methylation,0.0,0,0.0
meth:MIR1286,methylation,0.0,0,0.0
meth:MIR1287,methylation,0.0,0,0.0
meth:MIR1289-2,methylation,0.0,1,0.02
meth:MIR155,methylation,0.0,0,0.0
meth:MIR155HG,methylation,0.0,0,0.0
meth:MIR15B,methylation,0.0,0,0.0
meth:MIR16-2,methylation,0.0,0,0.0
meth:MIR181B1,methylation,0.0,0,0.0
meth:MIR181B2,methylation,0.0,1,0.02
meth:MIR181C,methylation,0.0,0,0.0
meth:MIR181D,methylation,0.0,0,0.0
meth:MIR146B,methylation,0.0,0,0.0
meth:MIR1471,methylation,0.0,0,0.0
meth:MIR148A,methylation,0.0,4,0.08
meth:MIR149,methylation,0.0,0,0.0
meth:MIR150,methylation,0.0,4,0.08
meth:MIR152,methylation,0.0,0,0.0
meth:MIR153-2,methylation,0.0,0,0.0
meth:MIR154,methylation,0.0,0,0.0
meth:MIR138-2,methylation,0.0,1,0.02
meth:MIR139,methylation,0.0,0,0.0
meth:MIR141,methylation,0.0,0,0.0
meth:MIR142,methylation,0.0,0,0.0
meth:MIR143,methylation,0.0,0,0.0
meth:MIR145,methylation,0.0,0,0.0
meth:MIR1469,methylation,0.0,1,0.02
meth:MIR147,methylation,0.0,0,0.0
expr:CSAG3,expression,0.0,0,0.0
expr:CSDC2,expression,0.0,0,0.0
expr:CSF1,expression,0.0,0,0.0
expr:CSF1R,expression,0.0,0,0.0
expr:CSF2,expression,0.0,1,0.02
expr:CRYBA4,expression,0.0,0,0.0
expr:CRYBB2,expression,0.0,0,0.0
expr:CRYBB3,expression,0.0,0,0.0
expr:CRYBG1,expression,0.0,0,0.0
expr:CRYBG2,expression,0.0,0,0.0
expr:CRYBG3,expression,0.0,1,0.02
expr:CRYGN,expression,0.0,0,0.0
expr:CRYM,expression,0.0,1,0.02
meth:KCNQ1,methylation,0.0,0,0.0
meth:FOXG1,methylation,0.0,0,0.0
meth:FOXI3,methylation,0.0,0,0.0
meth:FOXL2,methylation,0.0,0,0.0
meth:FOXN3,methylation,0.0,0,0.0
expr:CRTAC1,expression,0.0,0,0.0
expr:CRYAB,expression,0.0,0,0.0
expr:CRYBA1,expression,0.0,0,0.0
meth:FST,methylation,0.0,0,0.0
meth:FSTL1,methylation,0.0,0,0.0
meth:FSTL3,methylation,0.0,0,0.0
meth:FSTL5,methylation,0.0,0,0.0
meth:FTL,methylation,0.0,0,0.0
meth:FTMT,methylation,0.0,0,0.0
meth:FOXF2,methylation,0.0,0,0.0
meth:FOLR3,methylation,0.0,0,0.0
meth:FOXA2,methylation,0.0,0,0.0
meth:FLJ45079,methylation,0.0,0,0.0
meth:FLJ46111,methylation,0.0,2,0.04
meth:FLJ46361,methylation,0.0,0,0.0
meth:FLNC,methylation,0.0,0,0.0
meth:FLRT2,methylation,0.0,0,0.0
meth:FLT1,methylation,0.0,0,0.0
meth:FLT4,methylation,0.0,0,0.0
meth:FMN2,methylation,0.0,1,0.02
meth:FLJ40292,methylation,0.0,0,0.0
meth:FLJ40434,methylation,0.0,0,0.0
meth:FLJ41350,methylation,0.0,0,0.0
expr:CSAG2,expression,0.0,0,0.0
meth:FLJ42875,methylation,0.0,0,0.0
meth:FLJ43390,methylation,0.0,0,0.0
meth:FLJ43860,methylation,0.0,0,0.0
meth:FLJ43950,methylation,0.0,0,0.0
expr:CSF2RA,expression,0.0,2,0.04
expr:CSF3,expression,0.0,0,0.0
expr:CSGALNACT1,expression,0.0,0,0.0
expr:CSMD1,expression,0.0,0,0.0
expr:CSN1S1,expression,0.0,0,0.0
expr:CSN2,expression,0.0,0,0.0
expr:CSN3,expression,0.0,0,0.0
expr:CSAD,expression,0.0,0,0.0
expr:CSAG1,expression,0.0,0,0.0
meth:FLJ42393,methylation,0.0,0,0.0
meth:GABRG2,methylation,0.0,0,0.0
meth:GABRG3,methylation,0.0,0,0.0
meth:GABRR1,methylation,0.0,0,0.0
meth:GABRR3,methylation,0.0,0,0.0
meth:GAB4,methylation,0.0,0,0.0
meth:GABBR2,methylation,0.0,0,0.0
meth:GABRA1,methylation,0.0,0,0.0
meth:GABRA2,methylation,0.0,5,0.1
meth:GABRA4,methylation,0.0,0,0.0
meth:GABRA5,methylation,0.0,0,0.0
meth:GABRA6,methylation,0.0,0,0.0
meth:GABRB1,methylation,0.0,0,0.0
meth:FYN,methylation,0.0,0,0.0
meth:FUT1,methylation,0.0,0,0.0
meth:FZD6,methylation,0.0,0,0.0
meth:FZD7,methylation,0.0,5,0.1
meth:FZD8,methylation,0.0,0,0.0
meth:FZD9,methylation,0.0,0,0.0
meth:G0S2,methylation,0.0,0,0.0
meth:G6PC,methylation,0.0,0,0.0
meth:FUT6,methylation,0.0,9,0.18
meth:FUT7,methylation,0.0,0,0.0
meth:FUT9,methylation,0.0,0,0.0
meth:FXYD2,methylation,0.0,0,0.0
meth:FXYD3,methylation,0.0,0,0.0
meth:FXYD5,methylation,0.0,0,0.0
meth:FXYD6,methylation,0.0,1,0.02
meth:FZD10,methylation,0.0,0,0.0
meth:FUT2,methylation,0.0,0,0.0
meth:FSCB,methylation,0.0,6,0.12
meth:FSCN1,methylation,0.0,0,0.0
meth:FSCN2,methylation,0.0,10,0.2
meth:FSD1,methylation,0.0,0,0.0
meth:FSD2,methylation,0.0,0,0.0
meth:FSHB,methylation,0.0,0,0.0
meth:FSHR,methylation,0.0,0,0.0
meth:FSIP1,methylation,0.0,0,0.0
meth:FREM1,methylation,0.0,0,0.0
meth:FREM2,methylation,0.0,0,0.0
meth:FREM3,methylation,0.0,0,0.0
meth:FRK,methylation,0.0,1,0.02
meth:GABRG1,methylation,0.0,0,0.0
meth:FRMD5,methylation,0.0,0,0.0
meth:FRMPD2,methylation,0.0,6,0.12
meth:FRZB,methylation,0.0,0,0.0
meth:FOXN4,methylation,0.0,1,0.02
meth:FOXQ1,methylation,0.0,0,0.0
meth:FOXR1,methylation,0.0,0,0.0
meth:FOXS1,methylation,0.0,0,0.0
meth:FPGS,methylation,0.0,1,0.02
meth:FPR1,methylation,0.0,0,0.0
meth:FPR2,methylation,0.0,0,0.0
meth:FRAS1,methylation,0.0,0,0.0
meth:GABRB2,methylation,0.0,0,0.0
meth:GABRB3,methylation,0.0,0,0.0
meth:GABRD,methylation,0.0,1,0.02
meth:FRMD4A,methylation,0.0,8,0.16
meth:FES,methylation,0.0,0,0.0
meth:FETUB,methylation,0.0,0,0.0
meth:FEV,methylation,0.0,0,0.0
meth:FEZ1,methylation,0.0,0,0.0
meth:FEZF1,methylation,0.0,1,0.02
meth:FEZF2,methylation,0.0,0,0.0
meth:FGA,methylation,0.0,0,0.0
expr:CTAGE15,expression,0.0,0,0.0
expr:CTAGE4,expression,0.0,0,0.0
expr:CTAGE8,expression,0.0,0,0.0
expr:CTAGE9,expression,0.0,1,0.02
expr:CTCFL,expression,0.0,1,0.02
expr:CTF1,expression,0.0,0,0.0
meth:FNDC7,methylation,0.0,0,0.0
expr:CTHRC1,expression,0.0,0,0.0
expr:CST9L,expression,0.0,2,0.04
expr:CSTA,expression,0.0,0,0.0
expr:CSTL1,expression,0.0,0,0.0
expr:CT45A1,expression,0.0,0,0.0
expr:CT45A10,expression,0.0,0,0.0
expr:CT55,expression,0.0,0,0.0
expr:CT83,expression,0.0,0,0.0
expr:CTAG2,expression,0.0,3,0.06
expr:CSRP3,expression,0.0,0,0.0
expr:CST11,expression,0.0,4,0.08
expr:CST2,expression,0.0,0,0.0
expr:CST5,expression,0.0,0,0.0
expr:CTH,expression,0.0,2,0.04
meth:FBXO21,methylation,0.0,0,0.0
meth:FBXO25,methylation,0.0,0,0.0
meth:FBXO27,methylation,0.0,0,0.0
meth:FGF7,methylation,0.0,2,0.04
meth:FGF8,methylation,0.0,1,0.02
meth:FGF9,methylation,0.0,0,0.0
meth:FGFBP2,methylation,0.0,0,0.0
meth:FGFR1,methylation,0.0,1,0.02
meth:FGFR2,methylation,0.0,0,0.0
meth:FGG,methylation,0.0,0,0.0
meth:FGL1,methylation,0.0,7,0.14
meth:FGF19,methylation,0.0,0,0.0
meth:FGF20,methylation,0.0,1,0.02
meth:FERMT3,methylation,0.0,0,0.0
meth:FGF23,methylation,0.0,0,0.0
meth:FGF3,methylation,0.0,0,0.0
meth:FGF4,methylation,0.0,0,0.0
meth:FGF5,methylation,0.0,0,0.0
meth:FGF6,methylation,0.0,0,0.0
meth:FGB,methylation,0.0,0,0.0
meth:FGD2,methylation,0.0,0,0.0
meth:FGD5,methylation,0.0,0,0.0
meth:FGF1,methylation,0.0,1,0.02
meth:FGF11,methylation,0.0,0,0.0
meth:FGF12,methylation,0.0,1,0.02
meth:FGF17,methylation,0.0,0,0.0
meth:FGF18,methylation,0.0,1,0.02
meth:FGF21,methylation,0.0,1,0.02
meth:FLG,methylation,0.0,0,0.0
meth:FLG2,methylation,0.0,0,0.0
meth:FLI1,methylation,0.0,0,0.0
meth:FLJ10357,methylation,0.0,0,0.0
meth:FLJ12825,methylation,0.0,0,0.0
meth:FLJ13224,methylation,0.0,0,0.0
meth:FHL5,methylation,0.0,0,0.0
meth:FIBCD1,methylation,0.0,0,0.0
meth:FIBIN,methylation,0.0,0,0.0
meth:FIGLA,methylation,0.0,0,0.0
meth:FIGN,methylation,0.0,0,0.0
meth:FIGNL2,methylation,0.0,0,0.0
meth:FILIP1L,methylation,0.0,0,0.0
expr:CST6,expression,0.0,0,0.0
meth:FOXA3,methylation,0.0,0,0.0
meth:FOXB1,methylation,0.0,0,0.0
meth:FOXC1,methylation,0.0,0,0.0
meth:FOXC2,methylation,0.0,0,0.0
meth:FOXD1,methylation,0.0,3,0.06
meth:FOXD3,methylation,0.0,0,0.0
meth:FOXE3,methylation,0.0,0,0.0
meth:FOXF1,methylation,0.0,0,0.0
meth:FMO1,methylation,0.0,0,0.0
meth:FMO3,methylation,0.0,0,0.0
meth:FMOD,methylation,0.0,0,0.0
meth:FN3K,methylation,0.0,0,0.0
meth:FNDC1,methylation,0.0,0,0.0
meth:FJX1,methylation,0.0,0,0.0
expr:CST7,expression,0.0,8,0.16
expr:CST8,expression,0.0,1,0.02
expr:CST9,expression,0.0,8,0.16
meth:FGL2,methylation,0.0,0,0.0
meth:FGR,methylation,0.0,10,0.2
meth:FHL2,methylation,0.0,3,0.06
meth:FHL3,methylation,0.0,0,0.0
expr:CSNK2A3,expression,0.0,0,0.0
expr:CSPG5,expression,0.0,0,0.0
expr:CSRNP3,expression,0.0,0,0.0
expr:CSRP2,expression,0.0,0,0.0
meth:FLJ26850,methylation,0.0,1,0.02
meth:FLJ32063,methylation,0.0,0,0.0
meth:FKSG83,methylation,0.0,0,0.0
meth:FLJ33360,methylation,0.0,0,0.0
meth:FLJ34503,methylation,0.0,0,0.0
meth:FLJ35024,methylation,0.0,10,0.2
meth:FLJ39609,methylation,0.0,15,0.3
meth:FLJ40125,methylation,0.0,0,0.0
meth:FLJ14107,methylation,0.0,0,0.0
meth:FLJ16779,methylation,0.0,0,0.0
meth:FLJ20184,methylation,0.0,0,0.0
meth:FLJ23834,methylation,0.0,0,0.0
meth:FLJ25006,methylation,0.0,0,0.0
meth:FLJ25328,methylation,0.0,0,0.0
meth:FLJ25363,methylation,0.0,1,0.02
meth:FLJ25758,methylation,0.0,0,0.0
meth:FKBP11,methylation,0.0,0,0.0
meth:FLJ32810,methylation,0.0,0,0.0
expr:CPNE6,expression,0.0,0,0.0
expr:CPNE7,expression,0.0,0,0.0
expr:CPNE8,expression,0.0,0,0.0
expr:CPO,expression,0.0,0,0.0
expr:CPPED1,expression,0.0,0,0.0
expr:CPSF4L,expression,0.0,0,0.0
expr:CPT1A,expression,0.0,0,0.0
expr:CPT1B,expression,0.0,0,0.0
meth:GLI3,methylation,0.0,0,0.0
expr:CPLX1,expression,0.0,0,0.0
expr:CPM,expression,0.0,0,0.0
expr:CPN2,expression,0.0,0,0.0
expr:CPNE3,expression,0.0,0,0.0
meth:FXYD7,methylation,0.0,1,0.02
meth:GNG8,methylation,0.0,0,0.0
meth:GNGT1,methylation,0.0,0,0.0
meth:GNGT2,methylation,0.0,0,0.0
meth:GNLY,methylation,0.0,0,0.0
meth:GNPNAT1,methylation,0.0,0,0.0
meth:GNPTAB,methylation,0.0,0,0.0
meth:GNRHR,methylation,0.0,0,0.0
meth:GOLGA2L1,methylation,0.0,0,0.0
meth:GNAS,methylation,0.0,0,0.0
meth:GNASAS,methylation,0.0,0,0.0
meth:GNAT3,methylation,0.0,0,0.0
meth:GNB4,methylation,0.0,0,0.0
meth:GNG11,methylation,0.0,0,0.0
expr:CPNE5,expression,0.0,1,0.02
meth:GIMAP8,methylation,0.0,0,0.0
meth:GINS2,methylation,0.0,0,0.0
meth:GIP,methylation,0.0,0,0.0
meth:GIPC3,methylation,0.0,0,0.0
meth:GIPR,methylation,0.0,0,0.0
meth:GGH,methylation,0.0,0,0.0
meth:GGT5,methylation,0.0,0,0.0
meth:GGTA1,methylation,0.0,0,0.0
meth:GHRHR,methylation,0.0,0,0.0
meth:GHRLOS,methylation,0.0,0,0.0
meth:GIF,methylation,0.0,0,0.0
meth:GIMAP1,methylation,0.0,0,0.0
meth:GIMAP2,methylation,0.0,0,0.0
expr:CRABP1,expression,0.0,0,0.0
expr:CRACDL,expression,0.0,0,0.0
meth:GLIPR1L2,methylation,0.0,0,0.0
meth:GLIPR2,methylation,0.0,0,0.0
meth:GLIS2,methylation,0.0,0,0.0
meth:GLIS3,methylation,0.0,0,0.0
meth:GLP2R,methylation,0.0,0,0.0
expr:CPT1C,expression,0.0,0,0.0
expr:CPVL,expression,0.0,1,0.02
expr:CPXM1,expression,0.0,0,0.0
expr:CPXM2,expression,0.0,0,0.0
expr:CR1,expression,0.0,0,0.0
expr:CR1L,expression,0.0,0,0.0
expr:CR589904.2,expression,0.0,1,0.02
expr:CRACD,expression,0.0,0,0.0
expr:CPA2,expression,0.0,0,0.0
expr:CPA4,expression,0.0,0,0.0
expr:CPA5,expression,0.0,0,0.0
expr:CPAMD8,expression,0.0,0,0.0
expr:CPB1,expression,0.0,0,0.0
expr:COTL1,expression,0.0,0,0.0
expr:COX20,expression,0.0,0,0.0
expr:COX4I2,expression,0.0,0,0.0
expr:COX6A2,expression,0.0,1,0.02
expr:COX6B2,expression,0.0,0,0.0
expr:COX6C,expression,0.0,0,0.0
expr:COX7A1,expression,0.0,0,0.0
expr:COX7B2,expression,0.0,3,0.06
meth:GNG2,methylation,0.0,0,0.0
meth:GOLIM4,methylation,0.0,0,0.0
meth:GOLM1,methylation,0.0,1,0.02
meth:GOLPH3L,methylation,0.0,0,0.0
meth:GOLT1A,methylation,0.0,1,0.02
expr:CORO2B,expression,0.0,0,0.0
expr:CORO6,expression,0.0,0,0.0
expr:CORT,expression,0.0,0,0.0
meth:GPR152,methylation,0.0,14,0.28
meth:GPR156,methylation,0.0,0,0.0
meth:GPR158,methylation,0.0,0,0.0
meth:GPR17,methylation,0.0,4,0.08
meth:GPR176,methylation,0.0,0,0.0
meth:GPR18,methylation,0.0,0,0.0
meth:GOLGA8B,methylation,0.0,0,0.0
meth:GNG3,methylation,0.0,0,0.0
meth:GNG4,methylation,0.0,0,0.0
meth:GLTPD2,methylation,0.0,0,0.0
meth:GLYAT,methylation,0.0,0,0.0
meth:GLYATL2,methylation,0.0,0,0.0
meth:GMFG,methylation,0.0,1,0.02
meth:GNA14,methylation,0.0,0,0.0
meth:GNAI1,methylation,0.0,0,0.0
meth:GNAL,methylation,0.0,1,0.02
meth:GNAO1,methylation,0.0,0,0.0
meth:GLRA1,methylation,0.0,8,0.16
meth:GLRA3,methylation,0.0,0,0.0
meth:GLRB,methylation,0.0,0,0.0
expr:CPA1,expression,0.0,0,0.0
meth:GLS2,methylation,0.0,0,0.0
meth:GLT25D2,methylation,0.0,0,0.0
meth:GLT6D1,methylation,0.0,0,0.0
meth:GLT8D2,methylation,0.0,0,0.0
expr:CPB2,expression,0.0,3,0.06
expr:CPE,expression,0.0,0,0.0
expr:CPEB4,expression,0.0,3,0.06
expr:CPHXL,expression,0.0,0,0.0
expr:CPLANE1,expression,0.0,0,0.0
meth:GP1BB,methylation,0.0,0,0.0
meth:GP5,methylation,0.0,0,0.0
meth:GPC2,methylation,0.0,0,0.0
expr:COX8C,expression,0.0,1,0.02
expr:CP,expression,0.0,0,0.0
meth:GLRX,methylation,0.0,3,0.06
meth:GAL,methylation,0.0,0,0.0
meth:GAL3ST4,methylation,0.0,0,0.0
meth:GALNT1,methylation,0.0,0,0.0
meth:GALNT12,methylation,0.0,0,0.0
expr:CRMP1,expression,0.0,2,0.04
expr:CRNN,expression,0.0,0,0.0
expr:CRP,expression,0.0,0,0.0
expr:CRPPA,expression,0.0,0,0.0
meth:GBX1,methylation,0.0,0,0.0
meth:GBX2,methylation,0.0,2,0.04
meth:GC,methylation,0.0,0,0.0
expr:CRIP1,expression,0.0,0,0.0
expr:CRIP2,expression,0.0,0,0.0
meth:GIMAP7,methylation,0.0,0,0.0
expr:CRISP1,expression,0.0,0,0.0
expr:CRISP2,expression,0.0,0,0.0
expr:CRISP3,expression,0.0,0,0.0
expr:CRISPLD1,expression,0.0,0,0.0
expr:CRISPLD2,expression,0.0,1,0.02
expr:CREB3L3,expression,0.0,7,0.14
expr:CREB3L4,expression,0.0,1,0.02
expr:CREB5,expression,0.0,0,0.0
expr:CRH,expression,0.0,0,0.0
expr:CRHBP,expression,0.0,2,0.04
expr:CRHR1,expression,0.0,0,0.0
expr:CRHR2,expression,0.0,0,0.0
expr:CRIM1,expression,0.0,0,0.0
expr:CRIP3,expression,0.0,0,0.0
meth:GAS2,methylation,0.0,0,0.0
meth:GAS2L2,methylation,0.0,0,0.0
meth:GAS7,methylation,0.0,0,0.0
meth:GATA2,methylation,0.0,0,0.0
meth:GATA4,methylation,0.0,0,0.0
meth:GATA5,methylation,0.0,0,0.0
meth:GATM,methylation,0.0,0,0.0
meth:GBA3,methylation,0.0,0,0.0
meth:GALR1,methylation,0.0,0,0.0
meth:GALR2,methylation,0.0,0,0.0
meth:GALR3,methylation,0.0,1,0.02
meth:GAMT,methylation,0.0,0,0.0
meth:GAP43,methylation,0.0,0,0.0
meth:GADL1,methylation,0.0,0,0.0
meth:GARNL3,methylation,0.0,2,0.04
meth:GAS1,methylation,0.0,0,0.0
meth:GALNT13,methylation,0.0,0,0.0
meth:GALNT14,methylation,0.0,2,0.04
meth:GALNT5,methylation,0.0,0,0.0
meth:GALNT9,methylation,0.0,0,0.0
meth:GALNTL1,methylation,0.0,0,0.0
meth:GALNTL2,methylation,0.0,1,0.02
meth:GALNTL5,methylation,0.0,0,0.0
meth:GALP,methylation,0.0,0,0.0
meth:GAD1,methylation,0.0,0,0.0
meth:GAD2,methylation,0.0,0,0.0
meth:GADD45A,methylation,0.0,0,0.0
meth:GAPT,methylation,0.0,0,0.0
meth:GDF2,methylation,0.0,0,0.0
meth:GCA,methylation,0.0,0,0.0
meth:GCC1,methylation,0.0,0,0.0
meth:GCG,methylation,0.0,0,0.0
meth:GCK,methylation,0.0,0,0.0
meth:GCKR,methylation,0.0,1,0.02
meth:GCM2,methylation,0.0,0,0.0
meth:GCNT4,methylation,0.0,0,0.0
meth:GCOM1,methylation,0.0,0,0.0
meth:GJB4,methylation,0.0,0,0.0
meth:GJB6,methylation,0.0,0,0.0
meth:GJC1,methylation,0.0,0,0.0
meth:GK2,methylation,0.0,0,0.0
meth:GBGT1,methylation,0.0,0,0.0
meth:GLB1L3,methylation,0.0,0,0.0
meth:GLDN,methylation,0.0,7,0.14
meth:GLI2,methylation,0.0,0,0.0
meth:GIT1,methylation,0.0,5,0.1
meth:GJA1,methylation,0.0,0,0.0
meth:GJA10,methylation,0.0,0,0.0
meth:GJA3,methylation,0.0,0,0.0
meth:GJA5,methylation,0.0,0,0.0
meth:GJA8,methylation,0.0,0,0.0
meth:GJA9,methylation,0.0,0,0.0
meth:GJB2,methylation,0.0,0,0.0
meth:GIMAP4,methylation,0.0,0,0.0
meth:GIMAP6,methylation,0.0,2,0.04
meth:GKN1,methylation,0.0,1,0.02
expr:CRACR2B,expression,0.0,0,0.0
expr:CRAT,expression,0.0,0,0.0
expr:CRB2,expression,0.0,0,0.0
expr:CRCT1,expression,0.0,9,0.18
expr:CREB3L1,expression,0.0,0,0.0
expr:CREB3L2,expression,0.0,0,0.0
meth:GFI1,methylation,0.0,0,0.0
meth:GFI1B,methylation,0.0,0,0.0
meth:GFPT2,methylation,0.0,0,0.0
meth:GFRA1,methylation,0.0,1,0.02
meth:GFRA2,methylation,0.0,0,0.0
meth:GFRA3,methylation,0.0,0,0.0
meth:GFRA4,methylation,0.0,0,0.0
meth:GDF15,methylation,0.0,2,0.04
meth:GDF3,methylation,0.0,0,0.0
meth:GDF6,methylation,0.0,0,0.0
meth:GDF7,methylation,0.0,0,0.0
meth:GDNF,methylation,0.0,0,0.0
meth:GDPD5,methylation,0.0,1,0.02
meth:GEFT,methylation,0.0,1,0.02
meth:GEM,methylation,0.0,0,0.0
meth:GFAP,methylation,0.0,0,0.0
meth:GDA,methylation,0.0,0,0.0
meth:GDAP1,methylation,0.0,0,0.0
meth:GDAP1L1,methylation,0.0,0,0.0
meth:GDEP,methylation,0.0,0,0.0
meth:GDF1,methylation,0.0,10,0.2
meth:GDF10,methylation,0.0,0,0.0
meth:GFRAL,methylation,0.0,0,0.0
meth:EPGN,methylation,0.0,0,0.0
meth:EPHA1,methylation,0.0,0,0.0
meth:EPHA3,methylation,0.0,0,0.0
meth:EPHA4,methylation,0.0,0,0.0
meth:EPHA5,methylation,0.0,0,0.0
meth:EPHA7,methylation,0.0,0,0.0
meth:EPHB1,methylation,0.0,0,0.0
meth:EPHB2,methylation,0.0,0,0.0
meth:ENTPD3,methylation,0.0,0,0.0
meth:EOMES,methylation,0.0,0,0.0
meth:EPB41L1,methylation,0.0,3,0.06
meth:EPB41L3,methylation,0.0,0,0.0
meth:EPB42,methylation,0.0,0,0.0
meth:FBXO17,methylation,0.0,0,0.0
meth:EPDR1,methylation,0.0,0,0.0
meth:ENDOD1,methylation,0.0,0,0.0
meth:ENDOG,methylation,0.0,32,0.64
meth:ENG,methylation,0.0,0,0.0
meth:ENPEP,methylation,0.0,0,0.0
meth:ENPP3,methylation,0.0,3,0.06
meth:ENPP6,methylation,0.0,0,0.0
meth:ENPP7,methylation,0.0,0,0.0
meth:ENTPD1,methylation,0.0,0,0.0
meth:EMR2,methylation,0.0,0,0.0
meth:EMR3,methylation,0.0,0,0.0
meth:EMR4P,methylation,0.0,1,0.02
meth:EMX1,methylation,0.0,0,0.0
meth:EPB49,methylation,0.0,15,0.3
meth:EMB,methylation,0.0,1,0.02
meth:EMID2,methylation,0.0,0,0.0
meth:EMILIN1,methylation,0.0,0,0.0
meth:EMILIN2,methylation,0.0,0,0.0
meth:EMILIN3,methylation,0.0,0,0.0
meth:EML1,methylation,0.0,0,0.0
meth:ELFN1,methylation,0.0,0,0.0
meth:ELFN2,methylation,0.0,0,0.0
meth:ELL2,methylation,0.0,0,0.0
meth:ELMOD1,methylation,0.0,0,0.0
meth:ELN,methylation,0.0,0,0.0
meth:ELOVL2,methylation,0.0,0,0.0
meth:ELOVL3,methylation,0.0,0,0.0
meth:EIF4E1B,methylation,0.0,0,0.0
meth:EIF4E3,methylation,0.0,3,0.06
meth:ELAC1,methylation,0.0,0,0.0
meth:ELAVL2,methylation,0.0,0,0.0
meth:ELAVL3,methylation,0.0,0,0.0
meth:ELF1,methylation,0.0,0,0.0
meth:ELF3,methylation,0.0,0,0.0
meth:EHHADH,methylation,0.0,0,0.0
meth:EID3,methylation,0.0,0,0.0
meth:EIF1B,methylation,0.0,0,0.0
meth:EIF3E,methylation,0.0,0,0.0
meth:EIF3K,methylation,0.0,0,0.0
meth:EIF3L,methylation,0.0,0,0.0
meth:EIF4B,methylation,0.0,6,0.12
meth:ELOVL4,methylation,0.0,0,0.0
meth:EPHX4,methylation,0.0,0,0.0
meth:EPM2AIP1,methylation,0.0,1,0.02
meth:EPN3,methylation,0.0,0,0.0
expr:CYP26A1,expression,0.0,0,0.0
expr:CYP26C1,expression,0.0,0,0.0
expr:CYP27B1,expression,0.0,0,0.0
meth:EVPL,methylation,0.0,4,0.08
meth:EVPLL,methylation,0.0,0,0.0
meth:EVX1,methylation,0.0,0,0.0
meth:EVX2,methylation,0.0,0,0.0
meth:EXOC2,methylation,0.0,0,0.0
meth:EXOC3L,methylation,0.0,0,0.0
meth:EXOC3L2,methylation,0.0,0,0.0
meth:EMX2,methylation,0.0,0,0.0
meth:ETV3,methylation,0.0,0,0.0
meth:ETV3L,methylation,0.0,8,0.16
meth:ETV5,methylation,0.0,0,0.0
meth:ETV7,methylation,0.0,0,0.0
meth:EVC,methylation,0.0,1,0.02
meth:EVC2,methylation,0.0,0,0.0
meth:EVI2A,methylation,0.0,0,0.0
meth:EVL,methylation,0.0,0,0.0
meth:ESRRG,methylation,0.0,0,0.0
meth:ESYT3,methylation,0.0,0,0.0
meth:ETFA,methylation,0.0,1,0.02
meth:ETFB,methylation,0.0,1,0.02
meth:ETV1,methylation,0.0,0,0.0
meth:EXTL1,methylation,0.0,0,0.0
meth:EMX2OS,methylation,0.0,0,0.0
meth:EN1,methylation,0.0,0,0.0
meth:EN2,methylation,0.0,5,0.1
expr:CYP4A22,expression,0.0,0,0.0
expr:CYP4B1,expression,0.0,0,0.0
expr:CYP4F11,expression,0.0,1,0.02
meth:EPO,methylation,0.0,1,0.02
meth:EPOR,methylation,0.0,0,0.0
meth:EPSTI1,methylation,0.0,0,0.0
meth:EREG,methylation,0.0,1,0.02
meth:ERG,methylation,0.0,0,0.0
expr:CYP2J2,expression,0.0,0,0.0
expr:CYP2S1,expression,0.0,0,0.0
meth:EPHX3,methylation,0.0,0,0.0
expr:CYP2W1,expression,0.0,0,0.0
expr:CYP39A1,expression,0.0,0,0.0
expr:CYP3A43,expression,0.0,3,0.06
expr:CYP3A7,expression,0.0,0,0.0
expr:CYP46A1,expression,0.0,0,0.0
expr:CYP27C1,expression,0.0,2,0.04
expr:CYP2A13,expression,0.0,2,0.04
expr:CYP2A6,expression,0.0,1,0.02
expr:CYP2A7,expression,0.0,0,0.0
expr:CYP2C18,expression,0.0,0,0.0
expr:CYP2C9,expression,0.0,0,0.0
expr:CYP2D6,expression,0.0,0,0.0
expr:CYP2F1,expression,0.0,0,0.0
meth:EPHB6,methylation,0.0,0,0.0
expr:CYP2U1,expression,0.0,0,0.0
meth:DSPP,methylation,0.0,0,0.0
meth:DST,methylation,0.0,0,0.0
meth:DTHD1,methylation,0.0,0,0.0
meth:DTNA,methylation,0.0,0,0.0
meth:DRD1,methylation,0.0,0,0.0
meth:DRD2,methylation,0.0,0,0.0
meth:DSC1,methylation,0.0,2,0.04
meth:DSC2,methylation,0.0,0,0.0
meth:DSCAM,methylation,0.0,0,0.0
meth:DSCAML1,methylation,0.0,0,0.0
meth:DSCR10,methylation,0.0,0,0.0
meth:DSCR6,methylation,0.0,1,0.02
meth:DPPA5,methylation,0.0,0,0.0
meth:ELTD1,methylation,0.0,10,0.2
meth:DPT,methylation,0.0,3,0.06
meth:DPYS,methylation,0.0,0,0.0
meth:DPYSL3,methylation,0.0,0,0.0
meth:DPYSL4,methylation,0.0,0,0.0
meth:DPYSL5,methylation,0.0,0,0.0
meth:DQX1,methylation,0.0,0,0.0
meth:EDNRA,methylation,0.0,0,0.0
meth:EDNRB,methylation,0.0,0,0.0
meth:EEF1AL7,methylation,0.0,0,0.0
meth:EFCAB1,methylation,0.0,0,0.0
meth:EFCAB10,methylation,0.0,3,0.06
meth:EFCAB2,methylation,0.0,0,0.0
meth:EFCAB3,methylation,0.0,0,0.0
meth:DPRX,methylation,0.0,0,0.0
expr:DAZL,expression,0.0,2,0.04
expr:DBH,expression,0.0,2,0.04
expr:DBNDD2,expression,0.0,0,0.0
expr:DBP,expression,0.0,0,0.0
expr:DCAF12L1,expression,0.0,0,0.0
expr:DCAF12L2,expression,0.0,0,0.0
expr:DCAF4L1,expression,0.0,0,0.0
expr:DCAF4L2,expression,0.0,0,0.0
meth:DPP6,methylation,0.0,0,0.0
meth:DPPA2,methylation,0.0,0,0.0
meth:DPPA3,methylation,0.0,0,0.0
meth:DPPA4,methylation,0.0,0,0.0
expr:DAPK1,expression,0.0,0,0.0
meth:DSP,methylation,0.0,3,0.06
expr:DAPP1,expression,0.0,0,0.0
expr:DAW1,expression,0.0,0,0.0
meth:DTX1,methylation,0.0,0,0.0
meth:DUOX1,methylation,0.0,0,0.0
meth:DUOX2,methylation,0.0,0,0.0
meth:DUOXA1,methylation,0.0,0,0.0
meth:DUOXA2,methylation,0.0,0,0.0
meth:DUSP13,methylation,0.0,0,0.0
meth:DUSP2,methylation,0.0,1,0.02
meth:DUSP22,methylation,0.0,0,0.0
meth:DSCR8,methylation,0.0,0,0.0
meth:DSCR9,methylation,0.0,0,0.0
meth:DSG3,methylation,0.0,9,0.18
expr:DAPK2,expression,0.0,0,0.0
expr:DAND5,expression,0.0,0,0.0
meth:EGR4,methylation,0.0,0,0.0
meth:EHF,methylation,0.0,3,0.06
expr:CYRIA,expression,0.0,0,0.0
expr:CYS1,expression,0.0,0,0.0
expr:CYSRT1,expression,0.0,0,0.0
expr:CYTH3,expression,0.0,2,0.04
expr:CYTH4,expression,0.0,0,0.0
expr:CYTL1,expression,0.0,0,0.0
expr:DAAM2,expression,0.0,0,0.0
expr:DAB1,expression,0.0,0,0.0
meth:EGFR,methylation,0.0,0,0.0
meth:EGLN2,methylation,0.0,0,0.0
meth:EFCAB4B,methylation,0.0,0,0.0
expr:CYP4X1,expression,0.0,0,0.0
expr:CYP4Z1,expression,0.0,0,0.0
expr:CYP51A1,expression,0.0,0,0.0
expr:CYP7B1,expression,0.0,0,0.0
meth:EFCAB8,methylation,0.0,0,0.0
meth:EFEMP1,methylation,0.0,1,0.02
meth:EFEMP2,methylation,0.0,0,0.0
meth:EFHA2,methylation,0.0,0,0.0
meth:EFNA2,methylation,0.0,6,0.12
meth:EFNA4,methylation,0.0,0,0.0
meth:EFNB3,methylation,0.0,0,0.0
meth:EGFL7,methylation,0.0,0,0.0
meth:ELSPBP1,methylation,0.0,0,0.0
expr:CYP4V2,expression,0.0,0,0.0
meth:ECHDC1,methylation,0.0,0,0.0
meth:ECHDC3,methylation,0.0,1,0.02
meth:ECM2,methylation,0.0,0,0.0
meth:EDAR,methylation,0.0,0,0.0
meth:EDARADD,methylation,0.0,0,0.0
meth:EDIL3,methylation,0.0,1,0.02
meth:EDN2,methylation,0.0,28,0.56
meth:EDN3,methylation,0.0,0,0.0
meth:DZIP1,methylation,0.0,0,0.0
meth:EBF1,methylation,0.0,0,0.0
meth:EBF2,methylation,0.0,0,0.0
meth:EBF3,methylation,0.0,0,0.0
meth:EBF4,methylation,0.0,0,0.0
expr:DACT3,expression,0.0,0,0.0
meth:ECE2,methylation,0.0,0,0.0
meth:ECEL1,methylation,0.0,0,0.0
meth:DUSP26,methylation,0.0,0,0.0
meth:DUXA,methylation,0.0,0,0.0
meth:DYDC1,methylation,0.0,0,0.0
meth:DYDC2,methylation,0.0,0,0.0
meth:DYNC1I1,methylation,0.0,0,0.0
meth:DYNLRB2,methylation,0.0,0,0.0
meth:DYRK3,methylation,0.0,0,0.0
meth:DYSF,methylation,0.0,3,0.06
expr:DAB2,expression,0.0,1,0.02
expr:DACH1,expression,0.0,0,0.0
expr:DACH2,expression,0.0,0,0.0
expr:DACT1,expression,0.0,0,0.0
meth:EBI3,methylation,0.0,0,0.0
meth:FAM71A,methylation,0.0,0,0.0
expr:CTSF,expression,0.0,0,0.0
expr:CTSK,expression,0.0,0,0.0
expr:CTSS,expression,0.0,7,0.14
expr:CTTNBP2,expression,0.0,0,0.0
expr:CTXN1,expression,0.0,0,0.0
expr:CTXN3,expression,0.0,0,0.0
expr:CTXND1,expression,0.0,0,0.0
expr:CTXND2,expression,0.0,0,0.0
expr:CTNNA2,expression,0.0,0,0.0
expr:CTNNA3,expression,0.0,11,0.22
expr:CTNND2,expression,0.0,0,0.0
expr:CTRB1,expression,0.0,0,0.0
meth:ETV2,methylation,0.0,0,0.0
expr:CTSC,expression,0.0,0,0.0
expr:CTSD,expression,0.0,0,0.0
expr:CTSE,expression,0.0,0,0.0
meth:FAM59A,methylation,0.0,0,0.0
meth:FAM59B,methylation,0.0,0,0.0
meth:FAM5B,methylation,0.0,0,0.0
meth:FAM5C,methylation,0.0,0,0.0
meth:FAM66C,methylation,0.0,0,0.0
meth:FAM69B,methylation,0.0,0,0.0
meth:FAM69C,methylation,0.0,1,0.02
expr:CTLA4,expression,0.0,1,0.02
meth:FAT4,methylation,0.0,0,0.0
meth:FBLIM1,methylation,0.0,0,0.0
expr:CTRC,expression,0.0,1,0.02
meth:FAM26F,methylation,0.0,0,0.0
meth:FAM27L,methylation,0.0,0,0.0
meth:FAM3B,methylation,0.0,0,0.0
meth:FAM41C,methylation,0.0,0,0.0
meth:FAM43A,methylation,0.0,0,0.0
meth:FAM198A,methylation,0.0,0,0.0
meth:FAM198B,methylation,0.0,0,0.0
meth:FAM19A1,methylation,0.0,0,0.0
meth:FAM19A2,methylation,0.0,1,0.02
meth:FAM19A3,methylation,0.0,2,0.04
meth:FAM19A4,methylation,0.0,0,0.0
meth:FAM19A5,methylation,0.0,0,0.0
meth:FAM20A,methylation,0.0,0,0.0
expr:CXCL10,expression,0.0,1,0.02
meth:FAM188B,methylation,0.0,0,0.0
meth:FAM189A2,methylation,0.0,0,0.0
meth:FAM190A,methylation,0.0,5,0.1
meth:FAM193A,methylation,0.0,0,0.0
meth:FAM194B,methylation,0.0,0,0.0
meth:FAM196A,methylation,0.0,0,0.0
meth:FAM196B,methylation,0.0,0,0.0
expr:CUBN,expression,0.0,0,0.0
expr:CUEDC1,expression,0.0,0,0.0
expr:CUX2,expression,0.0,1,0.02
expr:CUZD1,expression,0.0,0,0.0
expr:CX3CL1,expression,0.0,0,0.0
expr:CXCL1,expression,0.0,0,0.0
meth:FAM186B,methylation,0.0,0,0.0
meth:FCRL3,methylation,0.0,0,0.0
meth:FCRL4,methylation,0.0,0,0.0
meth:FCRL5,methylation,0.0,0,0.0
meth:FCRL6,methylation,0.0,1,0.02
meth:FCRLA,methylation,0.0,0,0.0
meth:FCRLB,methylation,0.0,0,0.0
meth:FER1L4,methylation,0.0,0,0.0
meth:FER1L6,methylation,0.0,2,0.04
meth:FCGR2A,methylation,0.0,0,0.0
meth:FCGR3A,methylation,0.0,2,0.04
meth:FCGRT,methylation,0.0,0,0.0
meth:FCHO1,methylation,0.0,0,0.0
meth:FCN1,methylation,0.0,0,0.0
meth:FBLN1,methylation,0.0,0,0.0
meth:FCRL2,methylation,0.0,0,0.0
meth:FBXO39,methylation,0.0,0,0.0
meth:FBXO47,methylation,0.0,0,0.0
meth:FBXW2,methylation,0.0,0,0.0
meth:FCAMR,methylation,0.0,0,0.0
meth:FCAR,methylation,0.0,0,0.0
meth:FCER1A,methylation,0.0,0,0.0
meth:FCER2,methylation,0.0,0,0.0
meth:FCGBP,methylation,0.0,0,0.0
meth:FBRSL1,methylation,0.0,1,0.02
meth:FBXL15,methylation,0.0,0,0.0
meth:FBXL16,methylation,0.0,0,0.0
meth:FBXL7,methylation,0.0,1,0.02
meth:FCRL1,methylation,0.0,0,0.0
meth:FBLN5,methylation,0.0,0,0.0
meth:FBN1,methylation,0.0,0,0.0
meth:FBN2,methylation,0.0,0,0.0
meth:FBN3,methylation,0.0,15,0.3
meth:FBP1,methylation,0.0,10,0.2
meth:FANCG,methylation,0.0,1,0.02
meth:FANK1,methylation,0.0,0,0.0
meth:FAP,methylation,0.0,8,0.16
meth:FAR2,methylation,0.0,0,0.0
meth:FASLG,methylation,0.0,0,0.0
meth:FAT1,methylation,0.0,0,0.0
meth:FAT2,methylation,0.0,8,0.16
meth:FAT3,methylation,0.0,0,0.0
meth:FAM81A,methylation,0.0,0,0.0
meth:FAM83A,methylation,0.0,3,0.06
meth:FAM83C,methylation,0.0,0,0.0
meth:FAM83E,methylation,0.0,0,0.0
meth:FAM89A,methylation,0.0,1,0.02
meth:FAM92A1,methylation,0.0,0,0.0
meth:FAM92A3,methylation,0.0,0,0.0
meth:FAM99B,methylation,0.0,0,0.0
meth:FAM71B,methylation,0.0,0,0.0
meth:FAM71C,methylation,0.0,0,0.0
meth:FAM71E1,methylation,0.0,0,0.0
meth:FAM71E2,methylation,0.0,11,0.22
meth:FAM71F1,methylation,0.0,0,0.0
meth:FAM78A,methylation,0.0,0,0.0
meth:FAM78B,methylation,0.0,0,0.0
meth:FAM81B,methylation,0.0,0,0.0
meth:FABP3,methylation,0.0,0,0.0
meth:FABP4,methylation,0.0,1,0.02
meth:FABP5,methylation,0.0,0,0.0
meth:FABP6,methylation,0.0,4,0.08
meth:EYA1,methylation,0.0,0,0.0
meth:EYA2,methylation,0.0,1,0.02
meth:EYA4,methylation,0.0,0,0.0
meth:EYS,methylation,0.0,0,0.0
meth:F11,methylation,0.0,0,0.0
meth:F13A1,methylation,0.0,0,0.0
meth:F2,methylation,0.0,0,0.0
meth:F2R,methylation,0.0,0,0.0
expr:CYP17A1,expression,0.0,1,0.02
meth:FAM26D,methylation,0.0,1,0.02
expr:CYP1A1,expression,0.0,0,0.0
meth:FAM126A,methylation,0.0,0,0.0
meth:FAM129B,methylation,0.0,0,0.0
meth:FAM129C,methylation,0.0,0,0.0
meth:FAM131C,methylation,0.0,1,0.02
meth:FAM132A,methylation,0.0,0,0.0
expr:CXorf58,expression,0.0,0,0.0
expr:CYB5A,expression,0.0,0,0.0
expr:CYB5D1,expression,0.0,0,0.0
expr:CYB5D2,expression,0.0,0,0.0
expr:CYBA,expression,0.0,0,0.0
expr:CYBB,expression,0.0,0,0.0
expr:CYGB,expression,0.0,0,0.0
expr:CYP19A1,expression,0.0,0,0.0
meth:ERN1,methylation,0.0,0,0.0
meth:ERN2,methylation,0.0,0,0.0
meth:ERP27,methylation,0.0,0,0.0
meth:ESM1,methylation,0.0,0,0.0
meth:ESPN,methylation,0.0,0,0.0
meth:ESPNP,methylation,0.0,0,0.0
meth:ESRP2,methylation,0.0,9,0.18
meth:ESRRB,methylation,0.0,0,0.0
meth:FAM101A,methylation,0.0,0,0.0
meth:FAM101B,methylation,0.0,0,0.0
meth:FAM107A,methylation,0.0,6,0.12
meth:FAM109B,methylation,0.0,0,0.0
meth:FAM110B,methylation,0.0,3,0.06
meth:FABP1,methylation,0.0,0,0.0
meth:FAM113B,methylation,0.0,0,0.0
meth:FAM118A,methylation,0.0,0,0.0
meth:FABP7,methylation,0.0,0,0.0
meth:FABP9,methylation,0.0,0,0.0
meth:FADS1,methylation,0.0,0,0.0
meth:FADS2,methylation,0.0,0,0.0
meth:FADS6,methylation,0.0,1,0.02
meth:FAIM2,methylation,0.0,0,0.0
meth:FAIM3,methylation,0.0,0,0.0
meth:FAM100A,methylation,0.0,0,0.0
meth:F2RL1,methylation,0.0,0,0.0
meth:F7,methylation,0.0,0,0.0
meth:FAAH,methylation,0.0,0,0.0
meth:FAM110C,methylation,0.0,0,0.0
meth:FAM170B,methylation,0.0,0,0.0
meth:FAM151A,methylation,0.0,0,0.0
meth:FAM154A,methylation,0.0,1,0.02
meth:FAM155A,methylation,0.0,0,0.0
meth:FAM159A,methylation,0.0,0,0.0
meth:FAM159B,methylation,0.0,0,0.0
meth:FAM162B,methylation,0.0,0,0.0
meth:FAM163A,methylation,0.0,0,0.0
meth:FAM163B,methylation,0.0,0,0.0
meth:FAM134B,methylation,0.0,9,0.18
meth:FAM135A,methylation,0.0,0,0.0
meth:FAM135B,methylation,0.0,0,0.0
meth:FAM136A,methylation,0.0,0,0.0
expr:CYP11A1,expression,0.0,0,0.0
meth:FAM149A,methylation,0.0,0,0.0
meth:FAM150A,methylation,0.0,0,0.0
meth:FAM150B,methylation,0.0,0,0.0
meth:FAM43B,methylation,0.0,0,0.0
meth:FAM46B,methylation,0.0,0,0.0
meth:FAM49A,methylation,0.0,0,0.0
meth:FAM55A,methylation,0.0,3,0.06
meth:FAM55B,methylation,0.0,0,0.0
meth:FAM55D,methylation,0.0,0,0.0
meth:FAM57B,methylation,0.0,2,0.04
meth:FAM58B,methylation,0.0,4,0.08
meth:FAM20C,methylation,0.0,0,0.0
meth:FAM24A,methylation,0.0,1,0.02
meth:FAM13C,methylation,0.0,0,0.0
expr:CXCR1,expression,0.0,0,0.0
expr:CXCR3,expression,0.0,9,0.18
expr:CXCR4,expression,0.0,0,0.0
expr:CXCR6,expression,0.0,3,0.06
expr:CXXC5,expression,0.0,0,0.0
expr:CXorf21,expression,0.0,3,0.06
meth:FAM123A,methylation,0.0,0,0.0
meth:FAM123C,methylation,0.0,0,0.0
expr:CXCL17,expression,0.0,0,0.0
expr:CXCL2,expression,0.0,0,0.0
expr:CXCL3,expression,0.0,0,0.0
expr:CXCL5,expression,0.0,0,0.0
expr:CXCL6,expression,0.0,0,0.0
meth:FAM170A,methylation,0.0,0,0.0
meth:FAM171A1,methylation,0.0,0,0.0
meth:FAM171B,methylation,0.0,2,0.04
meth:FAM176A,methylation,0.0,0,0.0
meth:FAM176B,methylation,0.0,0,0.0
meth:FAM181B,methylation,0.0,0,0.0
meth:FAM183A,methylation,0.0,1,0.02
meth:FAM183B,methylation,0.0,8,0.16
meth:FAM184B,methylation,0.0,1,0.02
meth:FAM164A,methylation,0.0,0,0.0
meth:FAM166A,methylation,0.0,2,0.04
meth:FAM166B,methylation,0.0,1,0.02
meth:FAM167B,methylation,0.0,47,0.94
meth:FAM169A,methylation,0.0,0,0.0
meth:FAM169B,methylation,0.0,0,0.0
expr:CXCL8,expression,0.0,5,0.1
meth:IL1RL2,methylation,0.0,0,0.0
meth:IL2,methylation,0.0,1,0.02
meth:IL20,methylation,0.0,0,0.0
meth:IL20RA,methylation,0.0,0,0.0
meth:IL21R,methylation,0.0,0,0.0
meth:IL22,methylation,0.0,1,0.02
meth:IL23A,methylation,0.0,3,0.06
meth:IL23R,methylation,0.0,0,0.0
meth:IL1F10,methylation,0.0,6,0.12
meth:IL1F6,methylation,0.0,4,0.08
meth:IL1F7,methylation,0.0,3,0.06
meth:IL1F8,methylation,0.0,1,0.02
meth:IL1F9,methylation,0.0,1,0.02
meth:GPR19,methylation,0.0,0,0.0
meth:IL1R2,methylation,0.0,0,0.0
meth:IL1RL1,methylation,0.0,0,0.0
meth:IL17C,methylation,0.0,9,0.18
meth:IL17D,methylation,0.0,0,0.0
meth:IL17F,methylation,0.0,0,0.0
meth:IL17RE,methylation,0.0,3,0.06
meth:IL18R1,methylation,0.0,1,0.02
meth:IL18RAP,methylation,0.0,0,0.0
meth:IL1A,methylation,0.0,0,0.0
meth:IL1B,methylation,0.0,0,0.0
meth:INSRR,methylation,0.0,0,0.0
meth:INTS2,methylation,0.0,0,0.0
meth:IP6K3,methylation,0.0,0,0.0
meth:IL1R1,methylation,0.0,0,0.0
expr:CLDN18,expression,0.0,1,0.02
expr:CLDN20,expression,0.0,0,0.0
expr:CLDN23,expression,0.0,0,0.0
expr:CLDN3,expression,0.0,0,0.0
expr:CLCA4,expression,0.0,1,0.02
expr:CLCF1,expression,0.0,0,0.0
expr:CLCN1,expression,0.0,0,0.0
expr:CLCN4,expression,0.0,0,0.0
expr:CLCN5,expression,0.0,2,0.04
expr:CLCNKA,expression,0.0,0,0.0
expr:CLCNKB,expression,0.0,0,0.0
expr:CLDN1,expression,0.0,0,0.0
meth:IL12RB1,methylation,0.0,0,0.0
meth:IL2RB,methylation,0.0,0,0.0
meth:IL13,methylation,0.0,0,0.0
meth:IL15RA,methylation,0.0,1,0.02
meth:IL16,methylation,0.0,0,0.0
expr:CKMT1B,expression,0.0,0,0.0
expr:CLC,expression,0.0,0,0.0
expr:CLCA2,expression,0.0,0,0.0
meth:IL24,methylation,0.0,0,0.0
meth:IL25,methylation,0.0,0,0.0
meth:IL26,methylation,0.0,0,0.0
meth:IL27,methylation,0.0,0,0.0
meth:IL28RA,methylation,0.0,0,0.0
meth:IL29,methylation,0.0,0,0.0
meth:IL2RA,methylation,0.0,0,0.0
meth:IL12RB2,methylation,0.0,0,0.0
meth:ISLR2,methylation,0.0,0,0.0
meth:ISM1,methylation,0.0,0,0.0
meth:ISPD,methylation,0.0,0,0.0
meth:ISX,methylation,0.0,0,0.0
meth:ISYNA1,methylation,0.0,2,0.04
meth:ITGA1,methylation,0.0,0,0.0
meth:ITGA10,methylation,0.0,1,0.02
meth:IRS2,methylation,0.0,0,0.0
meth:IRX1,methylation,0.0,0,0.0
meth:IRX2,methylation,0.0,0,0.0
meth:IRX4,methylation,0.0,0,0.0
meth:IRX6,methylation,0.0,0,0.0
meth:ISG20,methylation,0.0,0,0.0
meth:IPCEF1,methylation,0.0,0,0.0
meth:ISL2,methylation,0.0,0,0.0
meth:IRF5,methylation,0.0,1,0.02
meth:IRF6,methylation,0.0,0,0.0
meth:IRF7,methylation,0.0,0,0.0
meth:IRF8,methylation,0.0,0,0.0
meth:IRF9,methylation,0.0,0,0.0
meth:IRGC,methylation,0.0,0,0.0
meth:IRGM,methylation,0.0,0,0.0
meth:IRS1,methylation,0.0,0,0.0
meth:IQCF3,methylation,0.0,0,0.0
meth:IQCF5,methylation,0.0,0,0.0
meth:IQCF6,methylation,0.0,1,0.02
meth:IQCJ,methylation,0.0,0,0.0
meth:ISL1,methylation,0.0,0,0.0
meth:IPO5,methylation,0.0,0,0.0
meth:IQCA1,methylation,0.0,0,0.0
meth:IQCF1,methylation,0.0,0,0.0
meth:IQCF2,methylation,0.0,0,0.0
meth:INPP5J,methylation,0.0,0,0.0
meth:INS,methylation,0.0,0,0.0
meth:INS-IGF2,methylation,0.0,0,0.0
meth:INSC,methylation,0.0,0,0.0
meth:INSL3,methylation,0.0,0,0.0
meth:INSL5,methylation,0.0,0,0.0
meth:INSM1,methylation,0.0,0,0.0
meth:INSM2,methylation,0.0,0,0.0
meth:IL9,methylation,0.0,0,0.0
meth:ISLR,methylation,0.0,0,0.0
meth:INA,methylation,0.0,0,0.0
meth:INHA,methylation,0.0,3,0.06
meth:INHBE,methylation,0.0,0,0.0
meth:INMT,methylation,0.0,1,0.02
meth:INPP5B,methylation,0.0,0,0.0
meth:INPP5D,methylation,0.0,0,0.0
meth:IL3,methylation,0.0,0,0.0
meth:IL31,methylation,0.0,0,0.0
meth:IL32,methylation,0.0,0,0.0
meth:IL34,methylation,0.0,3,0.06
meth:IL5,methylation,0.0,0,0.0
meth:IL5RA,methylation,0.0,0,0.0
meth:IL6R,methylation,0.0,2,0.04
meth:IL7,methylation,0.0,0,0.0
meth:ILF2,methylation,0.0,0,0.0
meth:HSPA1A,methylation,0.0,0,0.0
meth:HSPA1L,methylation,0.0,0,0.0
meth:HSPA2,methylation,0.0,0,0.0
meth:HSPA4,methylation,0.0,0,0.0
meth:HSPB2,methylation,0.0,0,0.0
expr:CLEC4M,expression,0.0,0,0.0
expr:CLEC5A,expression,0.0,0,0.0
expr:CLEC6A,expression,0.0,3,0.06
expr:CLEC7A,expression,0.0,0,0.0
expr:CLGN,expression,0.0,0,0.0
meth:HSD3B2,methylation,0.0,0,0.0
meth:HSF5,methylation,0.0,0,0.0
meth:IFIT3,methylation,0.0,0,0.0
expr:CLDN16,expression,0.0,0,0.0
meth:IFLTD1,methylation,0.0,0,0.0
meth:IFNA14,methylation,0.0,0,0.0
meth:IFNA8,methylation,0.0,0,0.0
meth:IFNG,methylation,0.0,0,0.0
meth:IFNK,methylation,0.0,0,0.0
meth:IGDCC3,methylation,0.0,0,0.0
meth:ID4,methylation,0.0,0,0.0
meth:IDO1,methylation,0.0,0,0.0
meth:IFFO1,methylation,0.0,0,0.0
meth:IFI27,methylation,0.0,0,0.0
meth:IFI30,methylation,0.0,0,0.0
meth:IFI44,methylation,0.0,0,0.0
meth:IFI44L,methylation,0.0,0,0.0
meth:IFITM4P,methylation,0.0,0,0.0
meth:HSD17B6,methylation,0.0,0,0.0
meth:HSD17B8,methylation,0.0,1,0.02
meth:HRH3,methylation,0.0,0,0.0
meth:HRK,methylation,0.0,0,0.0
meth:HRNBP3,methylation,0.0,0,0.0
meth:HRNR,methylation,0.0,0,0.0
meth:HS3ST1,methylation,0.0,0,0.0
meth:HS3ST2,methylation,0.0,0,0.0
meth:HS3ST3A1,methylation,0.0,0,0.0
meth:HS3ST4,methylation,0.0,0,0.0
meth:HTR3D,methylation,0.0,0,0.0
meth:HTR3E,methylation,0.0,1,0.02
meth:HTR4,methylation,0.0,0,0.0
meth:HSPA12B,methylation,0.0,1,0.02
meth:HTR6,methylation,0.0,0,0.0
meth:HTR7,methylation,0.0,0,0.0
meth:HTR7P,methylation,0.0,0,0.0
meth:HTRA3,methylation,0.0,0,0.0
meth:HSPB9,methylation,0.0,2,0.04
meth:HTA,methylation,0.0,0,0.0
meth:HTR1A,methylation,0.0,0,0.0
meth:HTR1B,methylation,0.0,0,0.0
meth:HTR1D,methylation,0.0,1,0.02
meth:HTR2A,methylation,0.0,0,0.0
meth:HTR3A,methylation,0.0,1,0.02
meth:HTR3C,methylation,0.0,4,0.08
meth:HSPA12A,methylation,0.0,0,0.0
meth:HTR5A,methylation,0.0,0,0.0
meth:IHH,methylation,0.0,0,0.0
meth:IGFALS,methylation,0.0,1,0.02
meth:IGFBP1,methylation,0.0,0,0.0
meth:IGFBP2,methylation,0.0,1,0.02
meth:IGFBP3,methylation,0.0,0,0.0
meth:IGFBP4,methylation,0.0,0,0.0
meth:IGFBP5,methylation,0.0,0,0.0
meth:IGFBP6,methylation,0.0,4,0.08
meth:IGFBP7,methylation,0.0,0,0.0
meth:IGDCC4,methylation,0.0,0,0.0
meth:IGF1,methylation,0.0,0,0.0
meth:IGF1R,methylation,0.0,0,0.0
meth:IGF2,methylation,0.0,0,0.0
meth:IFIT1,methylation,0.0,0,0.0
meth:IGF2BP1,methylation,0.0,0,0.0
meth:IGF2BP2,methylation,0.0,0,0.0
meth:IGF2BP3,methylation,0.0,0,0.0
expr:CLDN4,expression,0.0,0,0.0
expr:CLDN5,expression,0.0,0,0.0
expr:CLDN6,expression,0.0,6,0.12
expr:CLDN7,expression,0.0,2,0.04
expr:CLDN8,expression,0.0,0,0.0
expr:CLDND2,expression,0.0,0,0.0
meth:IL17A,methylation,0.0,0,0.0
meth:IL17B,methylation,0.0,0,0.0
expr:CLDN10,expression,0.0,0,0.0
expr:CLDN14,expression,0.0,0,0.0
meth:IGF2AS,methylation,0.0,0,0.0
meth:HYMAI,methylation,0.0,0,0.0
meth:IBSP,methylation,0.0,0,0.0
meth:ICAM1,methylation,0.0,0,0.0
meth:ICAM3,methylation,0.0,5,0.1
meth:ICAM4,methylation,0.0,0,0.0
meth:ICAM5,methylation,0.0,0,0.0
meth:ICOS,methylation,0.0,0,0.0
meth:HTRA4,methylation,0.0,0,0.0
meth:HULC,methylation,0.0,3,0.06
meth:HUNK,methylation,0.0,0,0.0
meth:HUS1B,methylation,0.0,0,0.0
meth:HVCN1,methylation,0.0,1,0.02
meth:HYAL4,methylation,0.0,0,0.0
meth:IGSF9B,methylation,0.0,0,0.0
meth:IKBKE,methylation,0.0,0,0.0
meth:IKZF1,methylation,0.0,0,0.0
meth:IKZF3,methylation,0.0,0,0.0
meth:IKZF4,methylation,0.0,2,0.04
meth:IL10,methylation,0.0,0,0.0
meth:IL10RA,methylation,0.0,0,0.0
meth:IL11RA,methylation,0.0,0,0.0
meth:IL12B,methylation,0.0,0,0.0
meth:IGFL2,methylation,0.0,0,0.0
meth:IGFL3,methylation,0.0,0,0.0
meth:IGLL1,methylation,0.0,2,0.04
meth:IGLON5,methylation,0.0,0,0.0
meth:IGSF10,methylation,0.0,1,0.02
meth:IGSF22,methylation,0.0,0,0.0
meth:HYDIN,methylation,0.0,0,0.0
expr:CHRNA5,expression,0.0,0,0.0
expr:CHRNA7,expression,0.0,0,0.0
expr:CHN2,expression,0.0,0,0.0
expr:CHODL,expression,0.0,0,0.0
expr:CHRD,expression,0.0,1,0.02
expr:CHRDL1,expression,0.0,1,0.02
expr:CHRDL2,expression,0.0,0,0.0
expr:CHRFAM7A,expression,0.0,0,0.0
expr:CHRM1,expression,0.0,0,0.0
expr:CHRM2,expression,0.0,0,0.0
meth:KCNN4,methylation,0.0,0,0.0
meth:NCRNA00162,methylation,0.0,0,0.0
meth:KCNQ1DN,methylation,0.0,0,0.0
meth:IQSEC1,methylation,0.0,0,0.0
meth:KCNQ5,methylation,0.0,2,0.04
meth:KCNS1,methylation,0.0,0,0.0
meth:KCNS2,methylation,0.0,0,0.0
meth:KCNS3,methylation,0.0,0,0.0
meth:KIAA0368,methylation,0.0,0,0.0
meth:KIAA0408,methylation,0.0,0,0.0
meth:KIAA0495,methylation,0.0,0,0.0
meth:KIAA0748,methylation,0.0,0,0.0
meth:KIAA0754,methylation,0.0,22,0.44
meth:KIAA0802,methylation,0.0,0,0.0
meth:KIAA0895L,methylation,0.0,0,0.0
meth:KIAA1024,methylation,0.0,0,0.0
meth:KHDC1,methylation,0.0,0,0.0
meth:KCNQ2,methylation,0.0,0,0.0
meth:KCNJ2,methylation,0.0,0,0.0
meth:KCNJ3,methylation,0.0,1,0.02
meth:KCNJ4,methylation,0.0,0,0.0
meth:KCNJ6,methylation,0.0,0,0.0
meth:KCNJ8,methylation,0.0,3,0.06
meth:KCNK10,methylation,0.0,0,0.0
meth:KCNH7,methylation,0.0,0,0.0
meth:KCNH8,methylation,0.0,0,0.0
meth:KCNIP1,methylation,0.0,0,0.0
meth:KCNIP2,methylation,0.0,0,0.0
meth:KCNIP4,methylation,0.0,0,0.0
meth:KCNJ1,methylation,0.0,0,0.0
meth:KCNJ10,methylation,0.0,0,0.0
expr:CHRNA3,expression,0.0,0,0.0
expr:CHRNB2,expression,0.0,0,0.0
expr:CHRNB4,expression,0.0,0,0.0
expr:CHRND,expression,0.0,0,0.0
expr:CHRNE,expression,0.0,0,0.0
expr:CHRNG,expression,0.0,0,0.0
expr:CHST10,expression,0.0,0,0.0
expr:CHST11,expression,0.0,0,0.0
expr:CHST15,expression,0.0,0,0.0
expr:CHRM3,expression,0.0,2,0.04
expr:CHRM4,expression,0.0,1,0.02
expr:CHRM5,expression,0.0,0,0.0
expr:CHRNA1,expression,0.0,0,0.0
expr:CHRNA2,expression,0.0,0,0.0
meth:KCNJ12,methylation,0.0,1,0.02
meth:KIAA1949,methylation,0.0,0,0.0
meth:KIAA1958,methylation,0.0,0,0.0
meth:KIAA1984,methylation,0.0,1,0.02
meth:KIF17,methylation,0.0,0,0.0
meth:KIF19,methylation,0.0,0,0.0
meth:KIF1A,methylation,0.0,0,0.0
meth:KIF21B,methylation,0.0,0,0.0
meth:KIF26A,methylation,0.0,0,0.0
meth:KIAA1522,methylation,0.0,0,0.0
meth:KIAA1529,methylation,0.0,0,0.0
meth:KIAA1549,methylation,0.0,0,0.0
meth:KIAA1614,methylation,0.0,0,0.0
meth:KIAA1671,methylation,0.0,0,0.0
meth:KHDC1L,methylation,0.0,0,0.0
meth:KIAA1755,methylation,0.0,0,0.0
meth:KIAA1804,methylation,0.0,0,0.0
meth:KIAA1045,methylation,0.0,0,0.0
meth:KIAA1161,methylation,0.0,4,0.08
meth:KIAA1211,methylation,0.0,0,0.0
meth:KIAA1217,methylation,0.0,0,0.0
meth:KIAA1274,methylation,0.0,0,0.0
meth:KIAA1383,methylation,0.0,1,0.02
meth:KIAA1467,methylation,0.0,0,0.0
meth:KIAA1486,methylation,0.0,0,0.0
expr:CHKB-CPT1B,expression,0.0,0,0.0
expr:CHML,expression,0.0,0,0.0
expr:CHMP4C,expression,0.0,0,0.0
meth:KIAA1751,methylation,0.0,4,0.08
meth:KHDRBS2,methylation,0.0,0,0.0
meth:KHSRP,methylation,0.0,4,0.08
meth:KIAA0087,methylation,0.0,0,0.0
meth:KIAA0125,methylation,0.0,0,0.0
meth:KIAA0146,methylation,0.0,4,0.08
meth:KCTD14,methylation,0.0,0,0.0
meth:KCTD19,methylation,0.0,0,0.0
meth:KCTD8,methylation,0.0,0,0.0
meth:KDELC1,methylation,0.0,0,0.0
meth:KDM2A,methylation,0.0,0,0.0
meth:KDM2B,methylation,0.0,0,0.0
meth:KDM4DL,methylation,0.0,1,0.02
meth:KDR,methylation,0.0,0,0.0
meth:KIR3DL3,methylation,0.0,0,0.0
meth:KCNT1,methylation,0.0,0,0.0
meth:KCNT2,methylation,0.0,0,0.0
meth:KCNU1,methylation,0.0,0,0.0
meth:KCNV1,methylation,0.0,0,0.0
meth:KCP,methylation,0.0,0,0.0
meth:KCTD1,methylation,0.0,3,0.06
meth:KCTD12,methylation,0.0,0,0.0
meth:KIF2B,methylation,0.0,0,0.0
meth:KIF5A,methylation,0.0,0,0.0
meth:KIF6,methylation,0.0,1,0.02
meth:KIF7,methylation,0.0,0,0.0
meth:KIR2DL4,methylation,0.0,0,0.0
meth:KIR3DL1,methylation,0.0,0,0.0
meth:KIR3DL2,methylation,0.0,0,0.0
expr:CHST2,expression,0.0,0,0.0
meth:ITGA7,methylation,0.0,0,0.0
meth:ITGA8,methylation,0.0,1,0.02
meth:ITGA9,methylation,0.0,0,0.0
expr:CHST3,expression,0.0,0,0.0
expr:CHST4,expression,0.0,0,0.0
meth:JPH4,methylation,0.0,0,0.0
meth:KAAG1,methylation,0.0,0,0.0
meth:KALRN,methylation,0.0,3,0.06
meth:KANK3,methylation,0.0,0,0.0
meth:KANK4,methylation,0.0,0,0.0
meth:KAT2A,methylation,0.0,1,0.02
meth:KATNAL2,methylation,0.0,0,0.0
meth:JAK3,methylation,0.0,0,0.0
meth:KCNJ16,methylation,0.0,0,0.0
meth:JAKMIP3,methylation,0.0,0,0.0
meth:JAM3,methylation,0.0,0,0.0
meth:JAZF1,methylation,0.0,0,0.0
meth:JDP2,methylation,0.0,0,0.0
meth:JPH2,methylation,0.0,0,0.0
meth:JPH3,methylation,0.0,0,0.0
meth:ITK,methylation,0.0,0,0.0
meth:ITLN1,methylation,0.0,0,0.0
meth:ITM2C,methylation,0.0,3,0.06
meth:ITPRIPL1,methylation,0.0,0,0.0
meth:IVD,methylation,0.0,0,0.0
meth:IVL,methylation,0.0,0,0.0
meth:IYD,methylation,0.0,2,0.04
meth:JAKMIP1,methylation,0.0,0,0.0
meth:IQSEC3,methylation,0.0,0,0.0
meth:IRAK3,methylation,0.0,0,0.0
meth:IRF4,methylation,0.0,2,0.04
expr:CKAP2,expression,0.0,0,0.0
expr:CKAP2L,expression,0.0,0,0.0
expr:CKM,expression,0.0,0,0.0
expr:CKMT1A,expression,0.0,0,0.0
meth:ITGAL,methylation,0.0,0,0.0
meth:ITGAM,methylation,0.0,0,0.0
meth:ITGAX,methylation,0.0,0,0.0
expr:CIDEC,expression,0.0,6,0.12
expr:CILP,expression,0.0,0,0.0
expr:CILP2,expression,0.0,0,0.0
meth:ITGA4,methylation,0.0,0,0.0
expr:CISD3,expression,0.0,0,0.0
expr:CIT,expression,0.0,2,0.04
expr:CITED1,expression,0.0,0,0.0
expr:CITED2,expression,0.0,0,0.0
expr:CHST5,expression,0.0,0,0.0
expr:CHST8,expression,0.0,0,0.0
expr:CHST9,expression,0.0,0,0.0
expr:CHSY3,expression,0.0,0,0.0
expr:CHTF18,expression,0.0,0,0.0
expr:CHTF8,expression,0.0,0,0.0
expr:CIART,expression,0.0,0,0.0
expr:CIB4,expression,0.0,10,0.2
meth:ITGA11,methylation,0.0,0,0.0
expr:CIP2A,expression,0.0,0,0.0
meth:KCNAB1,methylation,0.0,1,0.02
meth:KCNAB2,methylation,0.0,0,0.0
meth:KBTBD11,methylation,0.0,3,0.06
meth:KBTBD12,methylation,0.0,0,0.0
meth:KBTBD5,methylation,0.0,0,0.0
meth:KBTBD7,methylation,0.0,0,0.0
meth:KBTBD8,methylation,0.0,2,0.04
meth:KC6,methylation,0.0,0,0.0
meth:KCNA1,methylation,0.0,0,0.0
meth:KCNA10,methylation,0.0,1,0.02
meth:KCNK4,methylation,0.0,0,0.0
meth:KCNK5,methylation,0.0,0,0.0
meth:KCNK9,methylation,0.0,0,0.0
meth:JAG2,methylation,0.0,0,0.0
meth:KCNMB1,methylation,0.0,0,0.0
meth:KCNMB2,methylation,0.0,0,0.0
meth:KCNN2,methylation,0.0,0,0.0
meth:KCNN3,methylation,0.0,1,0.02
meth:KCNK12,methylation,0.0,2,0.04
meth:KCNK13,methylation,0.0,0,0.0
meth:KCNK15,methylation,0.0,1,0.02
meth:KCNK16,methylation,0.0,1,0.02
meth:KCNK17,methylation,0.0,0,0.0
meth:KCNK18,methylation,0.0,0,0.0
meth:KCNK2,methylation,0.0,2,0.04
meth:KCNK3,methylation,0.0,6,0.12
meth:KCNJ15,methylation,0.0,0,0.0
meth:KCNMA1,methylation,0.0,0,0.0
meth:ITGB1BP3,methylation,0.0,0,0.0
meth:ITGB2,methylation,0.0,0,0.0
meth:ITGB3,methylation,0.0,0,0.0
meth:ITGB6,methylation,0.0,0,0.0
meth:ITGB7,methylation,0.0,2,0.04
meth:ITIH1,methylation,0.0,0,0.0
meth:ITIH2,methylation,0.0,0,0.0
meth:ITIH5,methylation,0.0,0,0.0
meth:KCNE3,methylation,0.0,3,0.06
meth:KCNE4,methylation,0.0,0,0.0
meth:KCNF1,methylation,0.0,0,0.0
meth:KCNG1,methylation,0.0,4,0.08
meth:KCNG4,methylation,0.0,0,0.0
meth:KCNA6,methylation,0.0,0,0.0
meth:KCNH4,methylation,0.0,0,0.0
meth:KCNH5,methylation,0.0,0,0.0
meth:KCNAB3,methylation,0.0,0,0.0
meth:KCNB1,methylation,0.0,0,0.0
meth:KCNB2,methylation,0.0,0,0.0
meth:KCNC2,methylation,0.0,0,0.0
meth:KCNC3,methylation,0.0,0,0.0
meth:KCNC4,methylation,0.0,0,0.0
meth:KCND2,methylation,0.0,0,0.0
meth:KCNE1,methylation,0.0,0,0.0
meth:KCNA2,methylation,0.0,1,0.02
meth:KCNA3,methylation,0.0,0,0.0
meth:KCNA4,methylation,0.0,0,0.0
meth:KCNA5,methylation,0.0,0,0.0
meth:KCNH2,methylation,0.0,1,0.02
meth:GRM7,methylation,0.0,0,0.0
meth:GRM8,methylation,0.0,0,0.0
meth:GRP,methylation,0.0,0,0.0
meth:GRRP1,methylation,0.0,0,0.0
meth:GRXCR1,methylation,0.0,0,0.0
meth:GRXCR2,methylation,0.0,1,0.02
meth:GSC,methylation,0.0,0,0.0
meth:GSC2,methylation,0.0,0,0.0
expr:COL26A1,expression,0.0,0,0.0
expr:COL27A1,expression,0.0,0,0.0
expr:COL28A1,expression,0.0,0,0.0
expr:COL2A1,expression,0.0,0,0.0
meth:H1FNT,methylation,0.0,0,0.0
meth:HSD17B13,methylation,0.0,0,0.0
meth:H2AFY2,methylation,0.0,0,0.0
meth:HABP2,methylation,0.0,2,0.04
expr:COL12A1,expression,0.0,0,0.0
expr:COL14A1,expression,0.0,0,0.0
expr:COL16A1,expression,0.0,0,0.0
expr:COL1A1,expression,0.0,0,0.0
expr:COL1A2,expression,0.0,0,0.0
expr:COL23A1,expression,0.0,0,0.0
expr:COL24A1,expression,0.0,0,0.0
expr:COL25A1,expression,0.0,0,0.0
expr:CNTNAP4,expression,0.0,0,0.0
expr:CNTNAP5,expression,0.0,0,0.0
expr:COBL,expression,0.0,0,0.0
meth:H2AFJ,methylation,0.0,0,0.0
meth:GRB14,methylation,0.0,0,0.0
meth:GRB7,methylation,0.0,0,0.0
meth:GREB1,methylation,0.0,0,0.0
meth:GREB1L,methylation,0.0,0,0.0
meth:GREM1,methylation,0.0,0,0.0
meth:GUCY1B2,methylation,0.0,0,0.0
meth:GUCY1B3,methylation,0.0,0,0.0
meth:GUCY2C,methylation,0.0,2,0.04
meth:GUCY2D,methylation,0.0,0,0.0
meth:GUCY2G,methylation,0.0,0,0.0
meth:GULP1,methylation,0.0,0,0.0
meth:GYLTL1B,methylation,0.0,0,0.0
meth:GYPA,methylation,0.0,0,0.0
meth:GSX1,methylation,0.0,0,0.0
meth:GTF2A1L,methylation,0.0,0,0.0
meth:GTSF1,methylation,0.0,0,0.0
meth:GUCA1A,methylation,0.0,0,0.0
meth:GUCA1C,methylation,0.0,2,0.04
meth:GUCA2A,methylation,0.0,1,0.02
meth:GUCY1A2,methylation,0.0,0,0.0
meth:GUCY1A3,methylation,0.0,0,0.0
meth:GSDMC,methylation,0.0,0,0.0
meth:GSG1L,methylation,0.0,0,0.0
meth:GSTA4,methylation,0.0,1,0.02
meth:GSTM5,methylation,0.0,0,0.0
meth:GSTO1,methylation,0.0,1,0.02
meth:GSTTP2,methylation,0.0,1,0.02
meth:GSX2,methylation,0.0,0,0.0
meth:HAS1,methylation,0.0,0,0.0
meth:HAS2,methylation,0.0,0,0.0
meth:HAS2AS,methylation,0.0,2,0.04
meth:HAS3,methylation,0.0,0,0.0
meth:HAUS6,methylation,0.0,1,0.02
meth:HAVCR1,methylation,0.0,0,0.0
meth:HAVCR2,methylation,0.0,0,0.0
meth:HAL,methylation,0.0,0,0.0
meth:HAND1,methylation,0.0,0,0.0
meth:HAND2,methylation,0.0,0,0.0
meth:HAO1,methylation,0.0,0,0.0
meth:HAPLN1,methylation,0.0,0,0.0
meth:HAPLN2,methylation,0.0,2,0.04
expr:COBLL1,expression,0.0,1,0.02
meth:HES2,methylation,0.0,1,0.02
meth:HES5,methylation,0.0,0,0.0
meth:HESRG,methylation,0.0,0,0.0
meth:HESX1,methylation,0.0,0,0.0
meth:HEY2,methylation,0.0,0,0.0
meth:HFE,methylation,0.0,0,0.0
meth:HFE2,methylation,0.0,11,0.22
meth:HFM1,methylation,0.0,0,0.0
meth:HECW2,methylation,0.0,0,0.0
meth:HELT,methylation,0.0,0,0.0
meth:HEMGN,methylation,0.0,0,0.0
meth:HEPACAM,methylation,0.0,0,0.0
meth:HEPACAM2,methylation,0.0,2,0.04
meth:HAPLN4,methylation,0.0,0,0.0
expr:COCH,expression,0.0,0,0.0
expr:COL10A1,expression,0.0,0,0.0
expr:COL11A1,expression,0.0,0,0.0
expr:COL11A2,expression,0.0,0,0.0
meth:GYPC,methylation,0.0,0,0.0
meth:GZMA,methylation,0.0,0,0.0
meth:GZMB,methylation,0.0,0,0.0
meth:H19,methylation,0.0,1,0.02
expr:CNTNAP1,expression,0.0,0,0.0
expr:CNTNAP2,expression,0.0,0,0.0
expr:CNTNAP3,expression,0.0,0,0.0
expr:CNTNAP3B,expression,0.0,0,0.0
meth:HBII-52-24,methylation,0.0,0,0.0
meth:HAR1B,methylation,0.0,0,0.0
meth:HBII-52-46,methylation,0.0,0,0.0
meth:HBM,methylation,0.0,0,0.0
meth:HBQ1,methylation,0.0,0,0.0
meth:HCG22,methylation,0.0,0,0.0
meth:HCG26,methylation,0.0,1,0.02
meth:HCG4P6,methylation,0.0,0,0.0
meth:HBA1,methylation,0.0,0,0.0
meth:HBA2,methylation,0.0,0,0.0
meth:HBB,methylation,0.0,0,0.0
meth:HBBP1,methylation,0.0,0,0.0
meth:HBD,methylation,0.0,0,0.0
meth:HBE1,methylation,0.0,0,0.0
meth:HBG1,methylation,0.0,0,0.0
meth:HBG2,methylation,0.0,0,0.0
meth:HBII-52-27,methylation,0.0,0,0.0
expr:COMTD1,expression,0.0,0,0.0
expr:COPZ2,expression,0.0,0,0.0
expr:COQ8A,expression,0.0,0,0.0
expr:CORIN,expression,0.0,0,0.0
expr:COL6A1,expression,0.0,0,0.0
expr:COL6A2,expression,0.0,0,0.0
expr:COL6A3,expression,0.0,0,0.0
expr:COL7A1,expression,0.0,0,0.0
expr:COL8A1,expression,0.0,0,0.0
expr:COL8A2,expression,0.0,0,0.0
expr:COL9A1,expression,0.0,1,0.02
expr:COL9A2,expression,0.0,0,0.0
expr:COL4A1,expression,0.0,0,0.0
meth:GRASP,methylation,0.0,0,0.0
expr:COL4A4,expression,0.0,0,0.0
expr:COL4A5,expression,0.0,0,0.0
expr:COL4A6,expression,0.0,0,0.0
expr:COL5A1,expression,0.0,0,0.0
expr:COL5A2,expression,0.0,0,0.0
expr:COL5A3,expression,0.0,3,0.06
meth:GPR25,methylation,0.0,0,0.0
meth:GPR26,methylation,0.0,0,0.0
meth:GPR27,methylation,0.0,1,0.02
meth:GPR3,methylation,0.0,3,0.06
meth:GPR31,methylation,0.0,0,0.0
meth:GPR35,methylation,0.0,0,0.0
meth:GPR37L1,methylation,0.0,0,0.0
expr:COL4A3,expression,0.0,0,0.0
meth:GPR139,methylation,0.0,0,0.0
meth:GPR141,methylation,0.0,0,0.0
meth:GPR142,methylation,0.0,0,0.0
meth:GPR144,methylation,0.0,0,0.0
meth:GPR148,methylation,0.0,0,0.0
meth:GPR149,methylation,0.0,0,0.0
meth:GPR15,methylation,0.0,0,0.0
meth:GPR150,methylation,0.0,0,0.0
meth:GPR116,methylation,0.0,0,0.0
meth:GPR12,methylation,0.0,0,0.0
meth:GPR120,methylation,0.0,0,0.0
meth:GPR123,methylation,0.0,0,0.0
meth:GPR126,methylation,0.0,0,0.0
expr:COMP,expression,0.0,0,0.0
meth:GPR132,methylation,0.0,3,0.06
meth:GPR133,methylation,0.0,0,0.0
meth:GPC5,methylation,0.0,0,0.0
meth:GPD1,methylation,0.0,2,0.04
meth:GPER,methylation,0.0,4,0.08
meth:GPHB5,methylation,0.0,0,0.0
meth:GPLD1,methylation,0.0,0,0.0
meth:GPM6A,methylation,0.0,0,0.0
meth:GPNMB,methylation,0.0,0,0.0
meth:GPR1,methylation,0.0,0,0.0
expr:COLEC11,expression,0.0,0,0.0
expr:COLEC12,expression,0.0,1,0.02
expr:COLGALT2,expression,0.0,0,0.0
meth:GPR128,methylation,0.0,0,0.0
meth:GPR62,methylation,0.0,0,0.0
meth:GPR65,methylation,0.0,0,0.0
meth:GRIP2,methylation,0.0,0,0.0
meth:GRK1,methylation,0.0,0,0.0
meth:GRM1,methylation,0.0,0,0.0
meth:GRM2,methylation,0.0,0,0.0
meth:GRM3,methylation,0.0,0,0.0
meth:GRM4,methylation,0.0,0,0.0
meth:GRM5,methylation,0.0,0,0.0
meth:GRM6,methylation,0.0,0,0.0
meth:GRIK1,methylation,0.0,0,0.0
meth:GRIK3,methylation,0.0,0,0.0
meth:GRIN1,methylation,0.0,0,0.0
expr:COL3A1,expression,0.0,0,0.0
meth:GRIN2B,methylation,0.0,5,0.1
meth:GRIN2C,methylation,0.0,0,0.0
meth:GRIN2D,methylation,0.0,0,0.0
meth:GRIN3B,methylation,0.0,1,0.02
meth:GREM2,methylation,0.0,0,0.0
meth:GRHL2,methylation,0.0,0,0.0
meth:GRIA1,methylation,0.0,0,0.0
meth:GRIA2,methylation,0.0,0,0.0
meth:GRIA4,methylation,0.0,0,0.0
meth:GRID1,methylation,0.0,0,0.0
meth:GRID2,methylation,0.0,0,0.0
meth:GRID2IP,methylation,0.0,0,0.0
meth:GRAP2,methylation,0.0,0,0.0
meth:GRIN2A,methylation,0.0,0,0.0
meth:GPX3,methylation,0.0,0,0.0
meth:GPX5,methylation,0.0,1,0.02
meth:GPX7,methylation,0.0,0,0.0
meth:GPX8,methylation,0.0,1,0.02
meth:GRAMD1A,methylation,0.0,0,0.0
meth:GRAMD1B,methylation,0.0,6,0.12
meth:GRAMD3,methylation,0.0,0,0.0
meth:GPRC5B,methylation,0.0,0,0.0
meth:GPRC5D,methylation,0.0,0,0.0
meth:GPRIN2,methylation,0.0,6,0.12
meth:GPSM1,methylation,0.0,1,0.02
meth:GPT,methylation,0.0,2,0.04
meth:GPT2,methylation,0.0,0,0.0
meth:GPR61,methylation,0.0,0,0.0
meth:GPX2,methylation,0.0,1,0.02
meth:GPR75,methylation,0.0,0,0.0
meth:GPR78,methylation,0.0,0,0.0
meth:GPR81,methylation,0.0,0,0.0
meth:GPR83,methylation,0.0,0,0.0
meth:GPR84,methylation,0.0,0,0.0
meth:GPR85,methylation,0.0,0,0.0
meth:GPR87,methylation,0.0,3,0.06
meth:GPR98,methylation,0.0,0,0.0
expr:CORO1A,expression,0.0,0,0.0
meth:GPR44,methylation,0.0,0,0.0
meth:GPR45,methylation,0.0,0,0.0
meth:GPR55,methylation,0.0,1,0.02
meth:GPR6,methylation,0.0,0,0.0
meth:GPX1,methylation,0.0,0,0.0
meth:HMGB1L1,methylation,0.0,0,0.0
expr:CLSPN,expression,0.0,2,0.04
expr:CLSTN2,expression,0.0,0,0.0
expr:CLTC,expression,0.0,0,0.0
expr:CLTCL1,expression,0.0,0,0.0
expr:CLTRN,expression,0.0,0,0.0
expr:CLVS1,expression,0.0,0,0.0
expr:CLVS2,expression,0.0,0,0.0
expr:CMBL,expression,0.0,0,0.0
meth:HOXC12,methylation,0.0,0,0.0
expr:CLIP4,expression,0.0,0,0.0
expr:CLN3,expression,0.0,0,0.0
expr:CLPS,expression,0.0,0,0.0
meth:HEPN1,methylation,0.0,0,0.0
expr:CLPSL2,expression,0.0,0,0.0
expr:CLRN3,expression,0.0,2,0.04
meth:HOXB4,methylation,0.0,0,0.0
meth:HOXB5,methylation,0.0,2,0.04
meth:HOXB6,methylation,0.0,5,0.1
meth:HOXB7,methylation,0.0,0,0.0
meth:HOXB8,methylation,0.0,0,0.0
meth:HOXB9,methylation,0.0,1,0.02
meth:HOXC10,methylation,0.0,0,0.0
meth:HOXC11,methylation,0.0,5,0.1
meth:HOXA3,methylation,0.0,0,0.0
meth:HOXA4,methylation,0.0,0,0.0
meth:HOXA5,methylation,0.0,0,0.0
expr:CLPSL1,expression,0.0,0,0.0
meth:HOXA1,methylation,0.0,0,0.0
meth:HOXA10,methylation,0.0,0,0.0
meth:HOXA11,methylation,0.0,0,0.0
meth:HOXA11AS,methylation,0.0,0,0.0
meth:HOXA13,methylation,0.0,0,0.0
meth:HOXA2,methylation,0.0,0,0.0
meth:HNF1A,methylation,0.0,2,0.04
meth:HNF1B,methylation,0.0,0,0.0
meth:HNF4A,methylation,0.0,0,0.0
meth:HNF4G,methylation,0.0,0,0.0
meth:HNMT,methylation,0.0,0,0.0
meth:HOOK2,methylation,0.0,0,0.0
meth:HOPX,methylation,0.0,0,0.0
meth:HMGA2,methylation,0.0,0,0.0
meth:HMGB3L1,methylation,0.0,1,0.02
meth:HMGCL,methylation,0.0,0,0.0
meth:HMGCLL1,methylation,0.0,0,0.0
meth:HMGCS2,methylation,0.0,0,0.0
meth:HMHB1,methylation,0.0,0,0.0
meth:HMSD,methylation,0.0,0,0.0
meth:HMX2,methylation,0.0,0,0.0
meth:HMX3,methylation,0.0,0,0.0
meth:HLA-L,methylation,0.0,0,0.0
meth:HLF,methylation,0.0,0,0.0
meth:HLX,methylation,0.0,1,0.02
meth:HMCN1,methylation,0.0,0,0.0
meth:HMGA1,methylation,0.0,0,0.0
meth:HORMAD1,methylation,0.0,0,0.0
expr:CMTM1,expression,0.0,0,0.0
expr:CMTM2,expression,0.0,0,0.0
expr:CMTM5,expression,0.0,0,0.0
expr:CMTM7,expression,0.0,0,0.0
meth:HOXC4,methylation,0.0,0,0.0
meth:HOXC5,methylation,0.0,0,0.0
expr:CLEC1B,expression,0.0,0,0.0
expr:CLEC2A,expression,0.0,1,0.02
expr:CLEC2B,expression,0.0,5,0.1
expr:CLEC2L,expression,0.0,0,0.0
expr:CLEC3A,expression,0.0,0,0.0
expr:CLEC3B,expression,0.0,3,0.06
expr:CLEC4A,expression,0.0,3,0.06
meth:HOXA6,methylation,0.0,0,0.0
meth:HSD3B1,methylation,0.0,0,0.0
expr:CLEC11A,expression,0.0,0,0.0
expr:CLEC12B,expression,0.0,0,0.0
expr:CLEC14A,expression,0.0,0,0.0
expr:CLEC18A,expression,0.0,0,0.0
expr:CLEC18B,expression,0.0,0,0.0
expr:CLEC18C,expression,0.0,0,0.0
expr:CLEC19A,expression,0.0,0,0.0
meth:HS3ST5,methylation,0.0,0,0.0
meth:HS6ST1,methylation,0.0,0,0.0
meth:HS6ST3,methylation,0.0,0,0.0
meth:HSD11B1,methylation,0.0,0,0.0
meth:HSD17B12,methylation,0.0,4,0.08
expr:CLEC4D,expression,0.0,0,0.0
meth:HOXA9,methylation,0.0,0,0.0
meth:HOXB1,methylation,0.0,0,0.0
meth:HOXB13,methylation,0.0,0,0.0
meth:HOXB3,methylation,0.0,0,0.0
meth:HR,methylation,0.0,0,0.0
meth:HRAS,methylation,0.0,10,0.2
meth:HRASLS,methylation,0.0,0,0.0
meth:HRASLS5,methylation,0.0,0,0.0
meth:HRC,methylation,0.0,0,0.0
meth:HRCT1,methylation,0.0,1,0.02
meth:HRH2,methylation,0.0,0,0.0
meth:HPD,methylation,0.0,0,0.0
meth:HPGD,methylation,0.0,2,0.04
expr:CMPK2,expression,0.0,0,0.0
meth:HPS4,methylation,0.0,0,0.0
meth:HPSE,methylation,0.0,0,0.0
meth:HPSE2,methylation,0.0,0,0.0
meth:HPVC1,methylation,0.0,0,0.0
meth:HPX,methylation,0.0,0,0.0
meth:HOXC6,methylation,0.0,4,0.08
meth:HOXC9,methylation,0.0,0,0.0
meth:HOXD3,methylation,0.0,0,0.0
meth:HOXD4,methylation,0.0,0,0.0
meth:HOXD8,methylation,0.0,0,0.0
meth:HOXD9,methylation,0.0,0,0.0
meth:HPCA,methylation,0.0,0,0.0
meth:HPCAL4,methylation,0.0,0,0.0
expr:CMKLR1,expression,0.0,0,0.0
meth:HPN,methylation,0.0,0,0.0
meth:HIST1H2AG,methylation,0.0,2,0.04
meth:HIST1H2AI,methylation,0.0,0,0.0
meth:HIST1H2AJ,methylation,0.0,0,0.0
meth:HIST1H2AK,methylation,0.0,0,0.0
meth:HIST1H2AL,methylation,0.0,0,0.0
meth:HIST1H2BA,methylation,0.0,0,0.0
meth:HIC1,methylation,0.0,0,0.0
meth:HIF1A,methylation,0.0,0,0.0
meth:HIF3A,methylation,0.0,0,0.0
meth:HILS1,methylation,0.0,1,0.02
meth:HIST1H1A,methylation,0.0,3,0.06
meth:HIST1H1D,methylation,0.0,0,0.0
meth:HIST1H2AA,methylation,0.0,0,0.0
meth:HOTAIR,methylation,0.0,0,0.0
meth:HGD,methylation,0.0,0,0.0
meth:HHATL,methylation,0.0,0,0.0
meth:HHEX,methylation,0.0,0,0.0
meth:HHIP,methylation,0.0,0,0.0
meth:HHIPL1,methylation,0.0,9,0.18
meth:HHIPL2,methylation,0.0,0,0.0
meth:HHLA1,methylation,0.0,0,0.0
meth:HHLA2,methylation,0.0,4,0.08
expr:CNTN2,expression,0.0,0,0.0
expr:CNTN3,expression,0.0,0,0.0
expr:CNTN4,expression,0.0,0,0.0
expr:CNTN6,expression,0.0,0,0.0
meth:HIST1H3A,methylation,0.0,0,0.0
meth:HIST1H2AB,methylation,0.0,0,0.0
meth:HERC6,methylation,0.0,1,0.02
meth:HERV-FRD,methylation,0.0,0,0.0
meth:HCST,methylation,0.0,0,0.0
meth:HDAC10,methylation,0.0,0,0.0
meth:HDAC9,methylation,0.0,2,0.04
meth:HDDC2,methylation,0.0,0,0.0
meth:HEATR3,methylation,0.0,0,0.0
meth:HEATR5A,methylation,0.0,0,0.0
meth:HEATR7B2,methylation,0.0,0,0.0
meth:HECW1,methylation,0.0,1,0.02
meth:HCG9,methylation,0.0,0,0.0
meth:HCK,methylation,0.0,1,0.02
meth:HCLS1,methylation,0.0,0,0.0
meth:HIST1H2AE,methylation,0.0,0,0.0
meth:HCN4,methylation,0.0,0,0.0
meth:HCRT,methylation,0.0,0,0.0
meth:HCRTR1,methylation,0.0,12,0.24
meth:HCRTR2,methylation,0.0,0,0.0
meth:HIST1H2BB,methylation,0.0,0,0.0
meth:HIST1H2BE,methylation,0.0,0,0.0
meth:HIST1H2BF,methylation,0.0,0,0.0
meth:HIST1H2BG,methylation,0.0,0,0.0
meth:HIST1H2BH,methylation,0.0,0,0.0
meth:HIST1H2BI,methylation,0.0,0,0.0
meth:HIST1H2BJ,methylation,0.0,0,0.0
meth:HIST1H2BL,methylation,0.0,0,0.0
meth:HIST1H2AD,methylation,0.0,0,0.0
meth:HCN1,methylation,0.0,0,0.0
meth:HLA-F,methylation,0.0,0,0.0
meth:HLA-G,methylation,0.0,0,0.0
meth:HLA-H,methylation,0.0,0,0.0
meth:HK3,methylation,0.0,2,0.04
meth:HKDC1,methylation,0.0,3,0.06
meth:HKR1,methylation,0.0,0,0.0
meth:HLA-C,methylation,0.0,0,0.0
meth:HLA-DMA,methylation,0.0,0,0.0
meth:HLA-DMB,methylation,0.0,0,0.0
meth:HLA-DOA,methylation,0.0,0,0.0
meth:HIST1H4F,methylation,0.0,0,0.0
meth:HIST1H4I,methylation,0.0,0,0.0
meth:HIST1H4J,methylation,0.0,0,0.0
meth:HIST1H3B,methylation,0.0,0,0.0
meth:HIST2H2AA3,methylation,0.0,0,0.0
meth:HIST2H2AA4,methylation,0.0,0,0.0
meth:HIST3H2BB,methylation,0.0,1,0.02
meth:HIST4H4,methylation,0.0,0,0.0
meth:HIST1H3E,methylation,0.0,0,0.0
meth:HIST1H3F,methylation,0.0,0,0.0
meth:HIST1H3G,methylation,0.0,0,0.0
meth:HIST1H3H,methylation,0.0,0,0.0
meth:HIST1H3I,methylation,0.0,0,0.0
meth:HIST1H3J,methylation,0.0,0,0.0
meth:HIST1H4A,methylation,0.0,0,0.0
meth:HIST1H4D,methylation,0.0,0,0.0
meth:HORMAD2,methylation,0.0,1,0.02
meth:HIST1H4L,methylation,0.0,0,0.0
meth:HIST1H3C,methylation,0.0,0,0.0
meth:HIST1H3D,methylation,0.0,0,0.0
expr:CNOT1,expression,0.0,0,0.0
expr:CNR1,expression,0.0,1,0.02
expr:CNRIP1,expression,0.0,0,0.0
expr:CNTF,expression,0.0,0,0.0
expr:CNTFR,expression,0.0,0,0.0
expr:CNTLN,expression,0.0,0,0.0
expr:CNTN1,expression,0.0,0,0.0
expr:CNGB3,expression,0.0,0,0.0
expr:CNIH2,expression,0.0,1,0.02
expr:CNMD,expression,0.0,6,0.12
expr:CNN1,expression,0.0,0,0.0
meth:HLA-DRA,methylation,0.0,1,0.02
expr:CNN3,expression,0.0,0,0.0
expr:CNNM1,expression,0.0,0,0.0
meth:HIST1H2BM,methylation,0.0,0,0.0
meth:HIST1H2BN,methylation,0.0,0,0.0
expr:CNBD2,expression,0.0,0,0.0
expr:CNFN,expression,0.0,0,0.0
expr:CNGA1,expression,0.0,0,0.0
expr:CNGA2,expression,0.0,0,0.0
expr:CNGA3,expression,0.0,0,0.0
expr:CNGA4,expression,0.0,0,0.0
meth:HLA-DPB2,methylation,0.0,0,0.0
meth:HLA-DQA2,methylation,0.0,0,0.0
meth:HLA-DQB1,methylation,0.0,0,0.0
meth:HLA-DQB2,methylation,0.0,0,0.0
expr:CNN2,expression,0.0,0,0.0
expr:ALDH3A1,expression,0.0,2,0.04
expr:ALDH3B1,expression,0.0,0,0.0
expr:ALDH3B2,expression,0.0,0,0.0
expr:ALDH4A1,expression,0.0,0,0.0
expr:AL591806.2,expression,0.0,0,0.0
expr:AL603764.2,expression,0.0,0,0.0
expr:AL627230.1,expression,0.0,0,0.0
expr:AL845331.1,expression,0.0,0,0.0
expr:AL928654.3,expression,0.0,0,0.0
expr:ALAS2,expression,0.0,0,0.0
expr:ALB,expression,0.0,0,0.0
expr:ALCAM,expression,0.0,0,0.0
meth:SPP1,methylation,0.0,0,0.0
meth:NOS3,methylation,0.0,0,0.0
meth:SPRED3,methylation,0.0,0,0.0
meth:SPRR1A,methylation,0.0,0,0.0
meth:SPRR1B,methylation,0.0,1,0.02
expr:AL451007.3,expression,0.0,0,0.0
expr:AL590132.1,expression,0.0,0,0.0
expr:AL590560.2,expression,0.0,0,0.0
meth:SSR3,methylation,0.0,0,0.0
meth:SSTR1,methylation,0.0,0,0.0
meth:SSTR2,methylation,0.0,0,0.0
meth:SSTR3,methylation,0.0,2,0.04
meth:SSTR5,methylation,0.0,0,0.0
meth:ST18,methylation,0.0,0,0.0
meth:ST6GAL2,methylation,0.0,0,0.0
meth:SPP2,methylation,0.0,2,0.04
meth:SPINLW1,methylation,0.0,1,0.02
meth:SPINT3,methylation,0.0,0,0.0
meth:SPDYE3,methylation,0.0,1,0.02
meth:SPDYE4,methylation,0.0,0,0.0
meth:SPEF2,methylation,0.0,0,0.0
meth:SPEG,methylation,0.0,1,0.02
meth:SPEM1,methylation,0.0,0,0.0
meth:SPESP1,methylation,0.0,0,0.0
meth:SPG7,methylation,0.0,0,0.0
meth:SPHKAP,methylation,0.0,0,0.0
meth:SPATA21,methylation,0.0,0,0.0
meth:SPATA22,methylation,0.0,1,0.02
meth:SPATA3,methylation,0.0,0,0.0
expr:ALDH1L2,expression,0.0,0,0.0
meth:SPATA9,methylation,0.0,0,0.0
meth:SPATC1,methylation,0.0,0,0.0
meth:SPATS1,methylation,0.0,0,0.0
meth:SPDYA,methylation,0.0,0,0.0
expr:ALDH5A1,expression,0.0,0,0.0
expr:ALDOA,expression,0.0,0,0.0
expr:ALDOB,expression,0.0,0,0.0
expr:ALDOC,expression,0.0,0,0.0
expr:ALG11,expression,0.0,0,0.0
expr:ALG1L,expression,0.0,0,0.0
meth:SPRR2A,methylation,0.0,0,0.0
expr:ALDH1A3,expression,0.0,0,0.0
expr:ALDH1L1,expression,0.0,0,0.0
meth:SPATA8,methylation,0.0,0,0.0
meth:STMN2,methylation,0.0,0,0.0
meth:STOML3,methylation,0.0,0,0.0
meth:STON1,methylation,0.0,0,0.0
meth:STARD4,methylation,0.0,0,0.0
meth:STARD6,methylation,0.0,0,0.0
meth:STAT5A,methylation,0.0,0,0.0
meth:STAT6,methylation,0.0,0,0.0
meth:STATH,methylation,0.0,0,0.0
meth:STC1,methylation,0.0,0,0.0
meth:STEAP1,methylation,0.0,0,0.0
meth:STEAP4,methylation,0.0,0,0.0
meth:STAB1,methylation,0.0,1,0.02
meth:STAC,methylation,0.0,0,0.0
meth:ST6GALNAC3,methylation,0.0,0,0.0
meth:STAG3,methylation,0.0,0,0.0
meth:STAG3L4,methylation,0.0,0,0.0
meth:STAP1,methylation,0.0,0,0.0
meth:STAP2,methylation,0.0,0,0.0
meth:STAR,methylation,0.0,0,0.0
meth:ST6GALNAC5,methylation,0.0,0,0.0
meth:ST6GALNAC6,methylation,0.0,20,0.4
meth:ST8SIA1,methylation,0.0,0,0.0
meth:ST8SIA2,methylation,0.0,0,0.0
meth:ST8SIA3,methylation,0.0,1,0.02
meth:ST8SIA4,methylation,0.0,0,0.0
meth:ST8SIA5,methylation,0.0,0,0.0
meth:ST8SIA6,methylation,0.0,0,0.0
meth:STAC2,methylation,0.0,0,0.0
meth:SRL,methylation,0.0,0,0.0
meth:SRMS,methylation,0.0,1,0.02
meth:SRPRB,methylation,0.0,23,0.46
meth:SRRM3,methylation,0.0,0,0.0
meth:SRRM4,methylation,0.0,1,0.02
meth:SSH3,methylation,0.0,3,0.06
meth:SSPN,methylation,0.0,1,0.02
meth:SSPO,methylation,0.0,0,0.0
meth:SPTA1,methylation,0.0,0,0.0
meth:SPTB,methylation,0.0,1,0.02
meth:SPTBN5,methylation,0.0,7,0.14
meth:SPTLC3,methylation,0.0,0,0.0
meth:SPZ1,methylation,0.0,0,0.0
meth:STMN1,methylation,0.0,0,0.0
meth:SRD5A2,methylation,0.0,0,0.0
meth:SRGN,methylation,0.0,0,0.0
meth:SPRR2B,methylation,0.0,1,0.02
meth:SPRR2C,methylation,0.0,0,0.0
meth:SPRR2D,methylation,0.0,0,0.0
meth:SPRR2G,methylation,0.0,0,0.0
meth:SPRR3,methylation,0.0,0,0.0
meth:SPRR4,methylation,0.0,0,0.0
meth:SPSB2,methylation,0.0,0,0.0
meth:SPSB4,methylation,0.0,0,0.0
meth:STK31,methylation,0.0,0,0.0
meth:STK32B,methylation,0.0,0,0.0
meth:STK33,methylation,0.0,0,0.0
meth:STL,methylation,0.0,0,0.0
meth:SRCRB4D,methylation,0.0,0,0.0
meth:SNORD38B,methylation,0.0,5,0.1
meth:SNORD42A,methylation,0.0,3,0.06
meth:SNORD44,methylation,0.0,0,0.0
meth:SNORD45B,methylation,0.0,0,0.0
meth:SNORD47,methylation,0.0,0,0.0
meth:SNORD4A,methylation,0.0,0,0.0
meth:SNORD5,methylation,0.0,4,0.08
meth:SNORD51,methylation,0.0,1,0.02
expr:AMD1,expression,0.0,0,0.0
expr:AMER1,expression,0.0,0,0.0
expr:AMER2,expression,0.0,1,0.02
expr:AMHR2,expression,0.0,4,0.08
expr:AMIGO1,expression,0.0,0,0.0
meth:SPINK9,methylation,0.0,7,0.14
meth:SORCS2,methylation,0.0,0,0.0
meth:SORCS3,methylation,0.0,0,0.0
expr:ALOXE3,expression,0.0,0,0.0
expr:ALPG,expression,0.0,0,0.0
expr:ALPK2,expression,0.0,0,0.0
expr:ALPK3,expression,0.0,0,0.0
expr:ALPL,expression,0.0,0,0.0
expr:ALPP,expression,0.0,5,0.1
expr:ALX1,expression,0.0,0,0.0
expr:ALX3,expression,0.0,0,0.0
meth:SOHLH1,methylation,0.0,3,0.06
meth:SOHLH2,methylation,0.0,0,0.0
expr:ALG1L2,expression,0.0,0,0.0
meth:SORCS1,methylation,0.0,0,0.0
meth:SNORD116-22,methylation,0.0,0,0.0
meth:SNORD116-23,methylation,0.0,0,0.0
meth:SNORD116-24,methylation,0.0,0,0.0
meth:SNORD116-25,methylation,0.0,1,0.02
meth:SNORD116-29,methylation,0.0,0,0.0
meth:SNORD99,methylation,0.0,2,0.04
meth:SNRPE,methylation,0.0,4,0.08
meth:SNRPF,methylation,0.0,0,0.0
meth:SNRPN,methylation,0.0,0,0.0
meth:SNTG1,methylation,0.0,0,0.0
meth:SNTG2,methylation,0.0,0,0.0
meth:SNTN,methylation,0.0,0,0.0
meth:SNUPN,methylation,0.0,0,0.0
meth:SNORD78,methylation,0.0,0,0.0
meth:SNORD80,methylation,0.0,0,0.0
meth:SNORD81,methylation,0.0,0,0.0
meth:SNORD82,methylation,0.0,3,0.06
meth:SNORD83A,methylation,0.0,1,0.02
meth:SNORD83B,methylation,0.0,4,0.08
meth:SNORD87,methylation,0.0,0,0.0
meth:SNORD93,methylation,0.0,3,0.06
meth:SNORD52,methylation,0.0,0,0.0
meth:SNORD6,methylation,0.0,0,0.0
meth:SNORD64,methylation,0.0,0,0.0
meth:SNORD69,methylation,0.0,1,0.02
meth:SNORD71,methylation,0.0,0,0.0
meth:SNORD72,methylation,0.0,0,0.0
meth:SNORD79,methylation,0.0,0,0.0
meth:SOX2OT,methylation,0.0,0,0.0
meth:SOX5,methylation,0.0,2,0.04
meth:SOX6,methylation,0.0,0,0.0
meth:SOX7,methylation,0.0,1,0.02
meth:SOX8,methylation,0.0,0,0.0
meth:SP100,methylation,0.0,1,0.02
meth:SORD,methylation,0.0,0,0.0
meth:SORT1,methylation,0.0,0,0.0
meth:SOST,methylation,0.0,0,0.0
meth:SOSTDC1,methylation,0.0,2,0.04
meth:SOX10,methylation,0.0,0,0.0
meth:SOX11,methylation,0.0,0,0.0
meth:SOX14,methylation,0.0,0,0.0
expr:ALK,expression,0.0,0,0.0
meth:SPINT4,methylation,0.0,1,0.02
meth:SPIRE2,methylation,0.0,0,0.0
meth:SPN,methylation,0.0,0,0.0
meth:SPNS2,methylation,0.0,2,0.04
meth:SPNS3,methylation,0.0,0,0.0
meth:SPO11,methylation,0.0,0,0.0
meth:SPOCK1,methylation,0.0,0,0.0
meth:SPOCK2,methylation,0.0,1,0.02
meth:SPI1,methylation,0.0,0,0.0
meth:SPIB,methylation,0.0,0,0.0
meth:SPINK1,methylation,0.0,0,0.0
meth:SPINK2,methylation,0.0,0,0.0
meth:SPINK5L2,methylation,0.0,0,0.0
meth:SOX15,methylation,0.0,2,0.04
expr:ALLC,expression,0.0,0,0.0
expr:ALOX12,expression,0.0,0,0.0
expr:ALOX12B,expression,0.0,0,0.0
expr:ALOX15,expression,0.0,0,0.0
meth:SNX20,methylation,0.0,1,0.02
meth:SNX25,methylation,0.0,0,0.0
meth:SNX30,methylation,0.0,2,0.04
meth:SNX31,methylation,0.0,0,0.0
meth:SNX32,methylation,0.0,0,0.0
meth:SNX7,methylation,0.0,0,0.0
meth:SNX9,methylation,0.0,0,0.0
meth:SOAT2,methylation,0.0,0,0.0
meth:SPAG17,methylation,0.0,0,0.0
meth:SOX21,methylation,0.0,0,0.0
meth:SPAG6,methylation,0.0,0,0.0
meth:SPAG7,methylation,0.0,0,0.0
meth:SPAM1,methylation,0.0,0,0.0
meth:SPARC,methylation,0.0,0,0.0
meth:SPATA18,methylation,0.0,0,0.0
meth:SP140,methylation,0.0,0,0.0
meth:SP140L,methylation,0.0,0,0.0
meth:SP6,methylation,0.0,1,0.02
meth:SP7,methylation,0.0,0,0.0
meth:SP8,methylation,0.0,0,0.0
meth:SP9,methylation,0.0,0,0.0
meth:SPACA3,methylation,0.0,0,0.0
meth:SPAG16,methylation,0.0,0,0.0
meth:SOX2,methylation,0.0,0,0.0
meth:SPAG4L,methylation,0.0,0,0.0
meth:TBC1D9B,methylation,0.0,3,0.06
meth:TBKBP1,methylation,0.0,0,0.0
meth:TBPL2,methylation,0.0,0,0.0
meth:TBR1,methylation,0.0,0,0.0
meth:TBX1,methylation,0.0,0,0.0
meth:TBX10,methylation,0.0,0,0.0
meth:TBX18,methylation,0.0,0,0.0
meth:TBX19,methylation,0.0,0,0.0
meth:TAS2R8,methylation,0.0,0,0.0
meth:TAS2R9,methylation,0.0,0,0.0
meth:TAT,methylation,0.0,0,0.0
meth:TBC1D10C,methylation,0.0,0,0.0
meth:TBC1D20,methylation,0.0,0,0.0
expr:AL353588.1,expression,0.0,0,0.0
meth:TBC1D23,methylation,0.0,5,0.1
meth:TBC1D8,methylation,0.0,0,0.0
meth:TENC1,methylation,0.0,0,0.0
meth:TERC,methylation,0.0,2,0.04
meth:TESC,methylation,0.0,0,0.0
meth:TESSP1,methylation,0.0,0,0.0
meth:TET1,methylation,0.0,0,0.0
meth:TET3,methylation,0.0,0,0.0
meth:TEX101,methylation,0.0,0,0.0
expr:AICDA,expression,0.0,5,0.1
meth:TDRG1,methylation,0.0,1,0.02
meth:TECRL,methylation,0.0,0,0.0
meth:TECTA,methylation,0.0,19,0.38
meth:TBC1D21,methylation,0.0,0,0.0
meth:TACSTD2,methylation,0.0,0,0.0
meth:TAF1B,methylation,0.0,1,0.02
meth:TAF1L,methylation,0.0,0,0.0
meth:TAF7,methylation,0.0,1,0.02
meth:TAAR5,methylation,0.0,0,0.0
meth:TAAR6,methylation,0.0,0,0.0
meth:TAAR8,methylation,0.0,0,0.0
meth:TAAR9,methylation,0.0,1,0.02
meth:TAC1,methylation,0.0,0,0.0
meth:TAC3,methylation,0.0,0,0.0
meth:TAC4,methylation,0.0,0,0.0
meth:TACC1,methylation,0.0,0,0.0
meth:TCEA3,methylation,0.0,1,0.02
meth:TCEA2,methylation,0.0,11,0.22
meth:TCERG1L,methylation,0.0,1,0.02
meth:TCF15,methylation,0.0,0,0.0
meth:TCF21,methylation,0.0,2,0.04
meth:TCF7,methylation,0.0,0,0.0
meth:TCHH,methylation,0.0,0,0.0
meth:TCHHL1,methylation,0.0,0,0.0
meth:TBX2,methylation,0.0,1,0.02
meth:TBX20,methylation,0.0,0,0.0
meth:TBX21,methylation,0.0,0,0.0
meth:TBX4,methylation,0.0,0,0.0
meth:TBX6,methylation,0.0,3,0.06
meth:TCAM1,methylation,0.0,0,0.0
meth:TCAP,methylation,0.0,0,0.0
meth:TCEB3B,methylation,0.0,0,0.0
expr:AKNA,expression,0.0,0,0.0
expr:AKNAD1,expression,0.0,0,0.0
expr:AKR1B1,expression,0.0,0,0.0
expr:AKR1B10,expression,0.0,1,0.02
expr:AKR1B15,expression,0.0,1,0.02
expr:AKR1C1,expression,0.0,0,0.0
expr:AK5,expression,0.0,0,0.0
expr:AK8,expression,0.0,0,0.0
expr:AK9,expression,0.0,0,0.0
expr:AKAP11,expression,0.0,0,0.0
expr:AKAP12,expression,0.0,0,0.0
expr:AKAP14,expression,0.0,1,0.02
expr:AKAP3,expression,0.0,0,0.0
meth:TECTB,methylation,0.0,0,0.0
expr:AIF1,expression,0.0,0,0.0
expr:AIF1L,expression,0.0,3,0.06
expr:AIFM3,expression,0.0,0,0.0
expr:AIM2,expression,0.0,0,0.0
expr:AIPL1,expression,0.0,0,0.0
expr:AIRE,expression,0.0,0,0.0
expr:AJAP1,expression,0.0,0,0.0
expr:AK4,expression,0.0,0,0.0
meth:THPO,methylation,0.0,2,0.04
meth:THSD1,methylation,0.0,0,0.0
meth:THSD1P,methylation,0.0,0,0.0
meth:THSD4,methylation,0.0,0,0.0
meth:THSD7A,methylation,0.0,0,0.0
expr:AKAP5,expression,0.0,1,0.02
meth:TEK,methylation,0.0,0,0.0
meth:TEKT1,methylation,0.0,1,0.02
meth:TEKT3,methylation,0.0,0,0.0
meth:TEKT5,methylation,0.0,0,0.0
meth:TCTEX1D4,methylation,0.0,5,0.1
meth:TDGF1,methylation,0.0,0,0.0
meth:TDH,methylation,0.0,0,0.0
meth:TDO2,methylation,0.0,0,0.0
meth:TDRD10,methylation,0.0,0,0.0
meth:TDRD12,methylation,0.0,0,0.0
meth:TDRD5,methylation,0.0,0,0.0
meth:TDRD9,methylation,0.0,0,0.0
meth:TCL1A,methylation,0.0,0,0.0
expr:AKAP9,expression,0.0,1,0.02
meth:TCN1,methylation,0.0,0,0.0
meth:TCOF1,methylation,0.0,0,0.0
meth:TCP11,methylation,0.0,0,0.0
meth:TCTE1,methylation,0.0,2,0.04
meth:TCTEX1D1,methylation,0.0,0,0.0
expr:AKR1C2,expression,0.0,0,0.0
expr:AKR1C3,expression,0.0,0,0.0
expr:AKR1C4,expression,0.0,3,0.06
meth:TEX19,methylation,0.0,0,0.0
meth:TF,methylation,0.0,4,0.08
meth:TFAMP1,methylation,0.0,0,0.0
meth:TFAP2B,methylation,0.0,0,0.0
meth:TFAP2C,methylation,0.0,0,0.0
expr:AKAP6,expression,0.0,0,0.0
meth:TCL6,methylation,0.0,0,0.0
expr:AKR1D1,expression,0.0,1,0.02
meth:SVEP1,methylation,0.0,0,0.0
meth:SVOP,methylation,0.0,0,0.0
meth:SYCE1,methylation,0.0,0,0.0
meth:SYCP1,methylation,0.0,0,0.0
meth:SYCP2,methylation,0.0,0,0.0
meth:SYCP2L,methylation,0.0,0,0.0
meth:SYDE1,methylation,0.0,12,0.24
meth:SYK,methylation,0.0,0,0.0
meth:SUNC1,methylation,0.0,0,0.0
meth:SURF6,methylation,0.0,9,0.18
meth:SUSD1,methylation,0.0,0,0.0
meth:SUSD2,methylation,0.0,26,0.52
meth:TACR3,methylation,0.0,0,0.0
meth:SV2A,methylation,0.0,0,0.0
meth:SV2B,methylation,0.0,0,0.0
meth:SV2C,methylation,0.0,0,0.0
meth:SULT1A2,methylation,0.0,0,0.0
meth:SULT1C2,methylation,0.0,0,0.0
meth:SULT1C4,methylation,0.0,0,0.0
meth:SULT2A1,methylation,0.0,0,0.0
meth:SULT2B1,methylation,0.0,1,0.02
meth:SULT6B1,methylation,0.0,0,0.0
meth:SUMF1,methylation,0.0,0,0.0
meth:SUMO3,methylation,0.0,0,0.0
expr:AL391987.2,expression,0.0,0,0.0
meth:STX8,methylation,0.0,0,0.0
meth:SUSD5,methylation,0.0,0,0.0
expr:AL355312.5,expression,0.0,0,0.0
expr:AL357556.3,expression,0.0,0,0.0
expr:AL358113.1,expression,0.0,0,0.0
expr:AL360181.3,expression,0.0,0,0.0
expr:AL365205.1,expression,0.0,0,0.0
expr:AL391628.1,expression,0.0,0,0.0
expr:AL391650.1,expression,0.0,0,0.0
expr:AL121758.1,expression,0.0,0,0.0
expr:AL136295.5,expression,0.0,0,0.0
expr:AL136531.2,expression,0.0,0,0.0
expr:AL139260.3,expression,0.0,0,0.0
expr:AL157935.2,expression,0.0,0,0.0
expr:AL160269.1,expression,0.0,0,0.0
expr:AKR1C8P,expression,0.0,0,0.0
expr:AKT3,expression,0.0,0,0.0
expr:AL021997.2,expression,0.0,0,0.0
expr:AL031708.1,expression,0.0,0,0.0
expr:AL031777.2,expression,0.0,1,0.02
expr:AL049839.2,expression,0.0,0,0.0
expr:AL110118.1,expression,0.0,2,0.04
expr:AL121753.1,expression,0.0,2,0.04
meth:STON2,methylation,0.0,0,0.0
meth:STOX2,methylation,0.0,0,0.0
meth:STRA8,methylation,0.0,0,0.0
meth:STUB1,methylation,0.0,0,0.0
meth:STX16,methylation,0.0,0,0.0
meth:STX1B,methylation,0.0,0,0.0
expr:AL162231.1,expression,0.0,0,0.0
meth:SYN2,methylation,0.0,0,0.0
meth:SYN3,methylation,0.0,0,0.0
meth:SYNC,methylation,0.0,0,0.0
meth:SYNE1,methylation,0.0,0,0.0
meth:SYNGAP1,methylation,0.0,2,0.04
meth:SYNGR1,methylation,0.0,0,0.0
meth:SYNGR2,methylation,0.0,0,0.0
meth:SYNGR3,methylation,0.0,6,0.12
meth:TAS1R3,methylation,0.0,12,0.24
meth:TAS2R13,methylation,0.0,0,0.0
meth:TAS2R16,methylation,0.0,16,0.32
meth:TAS2R38,methylation,0.0,0,0.0
meth:TAS2R39,methylation,0.0,0,0.0
meth:STXBP2,methylation,0.0,0,0.0
meth:TAS2R60,methylation,0.0,0,0.0
meth:TAS2R7,methylation,0.0,0,0.0
meth:TAF8,methylation,0.0,4,0.08
meth:TAGAP,methylation,0.0,0,0.0
meth:TAGLN3,methylation,0.0,0,0.0
meth:TAL1,methylation,0.0,1,0.02
meth:TAPBP,methylation,0.0,0,0.0
meth:TAPT1,methylation,0.0,0,0.0
meth:TARM1,methylation,0.0,0,0.0
meth:TAS1R2,methylation,0.0,0,0.0
meth:TACC2,methylation,0.0,0,0.0
meth:TACR1,methylation,0.0,0,0.0
meth:TACR2,methylation,0.0,2,0.04
meth:TAS2R42,methylation,0.0,2,0.04
meth:STXBP6,methylation,0.0,0,0.0
meth:SUCNR1,methylation,0.0,0,0.0
meth:SUGT1P1,methylation,0.0,0,0.0
meth:SULF2,methylation,0.0,0,0.0
meth:SULT1A1,methylation,0.0,0,0.0
meth:SYT8,methylation,0.0,0,0.0
meth:SYT9,methylation,0.0,0,0.0
meth:SYTL1,methylation,0.0,0,0.0
meth:SYTL3,methylation,0.0,0,0.0
meth:T,methylation,0.0,0,0.0
meth:T-SP1,methylation,0.0,0,0.0
meth:TAAR1,methylation,0.0,0,0.0
meth:TAAR3,methylation,0.0,0,0.0
meth:SYT14,methylation,0.0,0,0.0
meth:SYT16,methylation,0.0,0,0.0
meth:SYT17,methylation,0.0,0,0.0
meth:SYT2,methylation,0.0,0,0.0
meth:SYT3,methylation,0.0,4,0.08
meth:SYT4,methylation,0.0,0,0.0
meth:SYT5,methylation,0.0,0,0.0
meth:SYT6,methylation,0.0,0,0.0
meth:SYNM,methylation,0.0,3,0.06
meth:SYNPR,methylation,0.0,0,0.0
meth:SYPL2,methylation,0.0,0,0.0
meth:SYS1-DBNDD2,methylation,0.0,0,0.0
meth:SYT1,methylation,0.0,0,0.0
meth:SYT10,methylation,0.0,0,0.0
meth:SYT13,methylation,0.0,0,0.0
meth:SYT14L,methylation,0.0,0,0.0
meth:SLC25A22,methylation,0.0,0,0.0
meth:SLC25A26,methylation,0.0,2,0.04
meth:SLC25A27,methylation,0.0,0,0.0
expr:APBB1IP,expression,0.0,5,0.1
expr:APBB2,expression,0.0,0,0.0
expr:APCDD1,expression,0.0,0,0.0
expr:APELA,expression,0.0,0,0.0
expr:APLF,expression,0.0,0,0.0
expr:APLN,expression,0.0,0,0.0
expr:APLNR,expression,0.0,11,0.22
meth:SLC38A2,methylation,0.0,1,0.02
expr:AP000356.5,expression,0.0,0,0.0
expr:AP000812.4,expression,0.0,0,0.0
meth:SNORD116-21,methylation,0.0,0,0.0
expr:AP001453.3,expression,0.0,1,0.02
expr:AP1M2,expression,0.0,0,0.0
expr:APAF1,expression,0.0,0,0.0
expr:APBB1,expression,0.0,0,0.0
meth:SLC36A3,methylation,0.0,0,0.0
meth:SLC37A2,methylation,0.0,0,0.0
meth:SLC38A1,methylation,0.0,0,0.0
meth:SLC38A11,methylation,0.0,0,0.0
expr:ANXA8L1,expression,0.0,0,0.0
expr:AOC1,expression,0.0,0,0.0
expr:AOC3,expression,0.0,0,0.0
expr:AOX1,expression,0.0,4,0.08
meth:SLC34A1,methylation,0.0,0,0.0
expr:AP000944.5,expression,0.0,0,0.0
meth:SLC2A6,methylation,0.0,0,0.0
meth:SLC2A7,methylation,0.0,0,0.0
meth:SLC2A8,methylation,0.0,1,0.02
meth:SLC2A9,methylation,0.0,1,0.02
meth:SLC30A10,methylation,0.0,0,0.0
meth:SLC30A2,methylation,0.0,0,0.0
meth:SLC30A3,methylation,0.0,0,0.0
meth:SLC32A1,methylation,0.0,0,0.0
meth:SLC27A6,methylation,0.0,0,0.0
meth:SLC28A1,methylation,0.0,1,0.02
meth:SLC29A3,methylation,0.0,0,0.0
meth:SLC2A10,methylation,0.0,0,0.0
meth:SLC2A14,methylation,0.0,0,0.0
meth:SLC25A21,methylation,0.0,0,0.0
meth:SLC2A3,methylation,0.0,0,0.0
meth:SLC2A5,methylation,0.0,0,0.0
meth:SLC25A39,methylation,0.0,0,0.0
meth:SLC25A41,methylation,0.0,1,0.02
meth:SLC26A1,methylation,0.0,1,0.02
meth:SLC26A10,methylation,0.0,0,0.0
meth:SLC26A4,methylation,0.0,0,0.0
meth:SLC26A5,methylation,0.0,0,0.0
meth:SLC26A9,methylation,0.0,0,0.0
meth:SLC27A5,methylation,0.0,0,0.0
meth:SLC24A4,methylation,0.0,0,0.0
meth:SLC25A2,methylation,0.0,0,0.0
meth:SLC25A20,methylation,0.0,0,0.0
meth:SLC2A2,methylation,0.0,8,0.16
meth:SLC4A4,methylation,0.0,0,0.0
meth:SLC38A3,methylation,0.0,0,0.0
meth:SLC38A4,methylation,0.0,0,0.0
meth:SLC39A12,methylation,0.0,0,0.0
meth:SLC39A2,methylation,0.0,0,0.0
meth:SLC3A1,methylation,0.0,0,0.0
meth:SLC41A2,methylation,0.0,0,0.0
meth:SLC43A3,methylation,0.0,5,0.1
meth:SLC44A4,methylation,0.0,0,0.0
meth:SLFN12L,methylation,0.0,0,0.0
meth:SLFN13,methylation,0.0,0,0.0
meth:SLFN14,methylation,0.0,0,0.0
meth:SLIT1,methylation,0.0,0,0.0
meth:SLC34A2,methylation,0.0,0,0.0
meth:SLIT3,methylation,0.0,0,0.0
meth:SLITRK1,methylation,0.0,0,0.0
meth:SLITRK5,methylation,0.0,0,0.0
meth:SLCO2B1,methylation,0.0,0,0.0
meth:SLCO3A1,methylation,0.0,0,0.0
meth:SLCO4C1,methylation,0.0,0,0.0
meth:SLCO5A1,methylation,0.0,0,0.0
meth:SLCO6A1,methylation,0.0,0,0.0
meth:SLED1,methylation,0.0,2,0.04
meth:SLFN11,methylation,0.0,0,0.0
meth:SLFN12,methylation,0.0,0,0.0
meth:SLC9A2,methylation,0.0,0,0.0
meth:SLC9A3,methylation,0.0,0,0.0
meth:SLIT2,methylation,0.0,0,0.0
meth:SLC34A3,methylation,0.0,0,0.0
meth:SLC35C2,methylation,0.0,1,0.02
meth:SLC35D2,methylation,0.0,0,0.0
meth:SLC35F3,methylation,0.0,0,0.0
meth:SLC35F4,methylation,0.0,0,0.0
meth:SLC36A2,methylation,0.0,0,0.0
meth:SLC6A18,methylation,0.0,0,0.0
meth:SLC6A19,methylation,0.0,3,0.06
meth:SLC6A20,methylation,0.0,0,0.0
meth:SLC6A4,methylation,0.0,0,0.0
meth:SLC6A5,methylation,0.0,0,0.0
meth:SLC7A10,methylation,0.0,0,0.0
meth:SLC7A11,methylation,0.0,0,0.0
meth:SLC4A10,methylation,0.0,5,0.1
meth:SLC5A2,methylation,0.0,4,0.08
meth:SLC5A4,methylation,0.0,0,0.0
meth:SLC5A8,methylation,0.0,1,0.02
meth:SLC5A9,methylation,0.0,0,0.0
meth:SLC6A1,methylation,0.0,0,0.0
meth:SLC6A13,methylation,0.0,0,0.0
meth:SLC6A15,methylation,0.0,0,0.0
meth:SLC6A17,methylation,0.0,0,0.0
meth:SLC44A5,methylation,0.0,4,0.08
meth:SLC45A4,methylation,0.0,0,0.0
meth:SLC46A3,methylation,0.0,0,0.0
meth:SLC47A1,methylation,0.0,0,0.0
meth:SLC47A2,methylation,0.0,2,0.04
meth:SLC4A1,methylation,0.0,0,0.0
meth:SLC7A13,methylation,0.0,0,0.0
meth:SLAMF8,methylation,0.0,0,0.0
meth:SLAMF9,methylation,0.0,2,0.04
meth:SLC10A1,methylation,0.0,0,0.0
meth:SLC10A2,methylation,0.0,0,0.0
meth:SLC10A4,methylation,0.0,0,0.0
meth:SIRPG,methylation,0.0,0,0.0
meth:SIVA1,methylation,0.0,1,0.02
meth:SIX1,methylation,0.0,0,0.0
meth:SIX3,methylation,0.0,0,0.0
meth:SIX6,methylation,0.0,0,0.0
meth:SKAP1,methylation,0.0,0,0.0
meth:SKAP2,methylation,0.0,0,0.0
meth:SLA2,methylation,0.0,0,0.0
expr:APOA5,expression,0.0,0,0.0
meth:SIM1,methylation,0.0,0,0.0
meth:SIM2,methylation,0.0,0,0.0
meth:SIPA1,methylation,0.0,0,0.0
meth:SIRPA,methylation,0.0,0,0.0
meth:SIRPB1,methylation,0.0,0,0.0
meth:SIRPB2,methylation,0.0,0,0.0
meth:SIRPD,methylation,0.0,0,0.0
meth:SLC1A6,methylation,0.0,0,0.0
meth:SLC1A7,methylation,0.0,1,0.02
meth:SLC22A10,methylation,0.0,0,0.0
meth:SLC22A11,methylation,0.0,0,0.0
meth:SLC22A12,methylation,0.0,0,0.0
meth:SLC22A17,methylation,0.0,5,0.1
meth:SIGMAR1,methylation,0.0,0,0.0
expr:ARHGAP24,expression,0.0,0,0.0
expr:AQP5,expression,0.0,0,0.0
expr:AQP7,expression,0.0,0,0.0
expr:AQP8,expression,0.0,6,0.12
expr:AQP9,expression,0.0,0,0.0
expr:ARAP2,expression,0.0,3,0.06
expr:ARC,expression,0.0,0,0.0
expr:AREG,expression,0.0,0,0.0
expr:ARFGEF1,expression,0.0,0,0.0
meth:SIGLEC14,methylation,0.0,0,0.0
meth:SIGLEC15,methylation,0.0,7,0.14
meth:SIGLEC16,methylation,0.0,0,0.0
meth:SIGLEC5,methylation,0.0,0,0.0
meth:SLAMF6,methylation,0.0,3,0.06
meth:SIGLEC7,methylation,0.0,0,0.0
expr:AQP2,expression,0.0,1,0.02
expr:AQP4,expression,0.0,1,0.02
meth:SLC11A1,methylation,0.0,1,0.02
meth:SLC12A3,methylation,0.0,0,0.0
meth:SLC12A4,methylation,0.0,0,0.0
meth:SLC12A5,methylation,0.0,0,0.0
meth:SLC12A8,methylation,0.0,0,0.0
meth:SLC13A2,methylation,0.0,0,0.0
meth:SLC13A3,methylation,0.0,0,0.0
meth:SLC13A4,methylation,0.0,0,0.0
meth:SLAIN1,methylation,0.0,0,0.0
meth:SLAMF1,methylation,0.0,0,0.0
meth:SIGLEC6,methylation,0.0,0,0.0
meth:SLC23A1,methylation,0.0,0,0.0
meth:SLC23A2,methylation,0.0,9,0.18
meth:SLC24A2,methylation,0.0,0,0.0
meth:SLC24A3,methylation,0.0,3,0.06
expr:APOBEC4,expression,0.0,0,0.0
expr:APOBR,expression,0.0,1,0.02
expr:APOC1,expression,0.0,0,0.0
expr:APOC3,expression,0.0,0,0.0
expr:APOE,expression,0.0,0,0.0
expr:APOL1,expression,0.0,1,0.02
expr:APOL4,expression,0.0,2,0.04
expr:APOL5,expression,0.0,0,0.0
expr:APOB,expression,0.0,0,0.0
meth:SLC22A2,methylation,0.0,0,0.0
expr:APOBEC3A,expression,0.0,0,0.0
expr:APOBEC3B,expression,0.0,0,0.0
expr:APOBEC3C,expression,0.0,1,0.02
expr:APOBEC3D,expression,0.0,0,0.0
expr:APOBEC3F,expression,0.0,0,0.0
expr:APOBEC3H,expression,0.0,2,0.04
meth:SLC22A24,methylation,0.0,1,0.02
meth:SLC22A25,methylation,0.0,1,0.02
meth:SLC22A3,methylation,0.0,0,0.0
meth:SLC22A6,methylation,0.0,0,0.0
meth:SLC22A8,methylation,0.0,0,0.0
expr:APOA1,expression,0.0,2,0.04
expr:APOA2,expression,0.0,0,0.0
expr:APOBEC1,expression,0.0,8,0.16
meth:SLC22A20,methylation,0.0,8,0.16
meth:SLC17A7,methylation,0.0,0,0.0
meth:SLC17A8,methylation,0.0,6,0.12
meth:SLC17A9,methylation,0.0,0,0.0
meth:SLC18A1,methylation,0.0,0,0.0
meth:SLC18A2,methylation,0.0,0,0.0
meth:SLC19A3,methylation,0.0,0,0.0
meth:SLC1A2,methylation,0.0,0,0.0
meth:SLC1A3,methylation,0.0,0,0.0
meth:SLC16A11,methylation,0.0,0,0.0
meth:SLC16A12,methylation,0.0,0,0.0
meth:SLC16A4,methylation,0.0,3,0.06
meth:SLC16A5,methylation,0.0,0,0.0
expr:AQP10,expression,0.0,4,0.08
meth:SLC17A3,methylation,0.0,0,0.0
meth:SLC17A4,methylation,0.0,0,0.0
meth:SLC17A6,methylation,0.0,0,0.0
meth:SLC13A5,methylation,0.0,0,0.0
meth:SLC14A2,methylation,0.0,0,0.0
meth:SLC15A1,methylation,0.0,2,0.04
meth:SLC15A3,methylation,0.0,0,0.0
meth:SLC15A4,methylation,0.0,0,0.0
meth:SLC15A5,methylation,0.0,0,0.0
meth:SLC16A1,methylation,0.0,0,0.0
meth:SLC16A10,methylation,0.0,0,0.0
expr:APOOL,expression,0.0,0,0.0
expr:APPBP2,expression,0.0,1,0.02
expr:AQP1,expression,0.0,0,0.0
meth:SLC17A2,methylation,0.0,0,0.0
meth:SNORD115-6,methylation,0.0,0,0.0
meth:SNORD115-7,methylation,0.0,0,0.0
meth:SNORD115-8,methylation,0.0,0,0.0
meth:SNORD115-9,methylation,0.0,0,0.0
meth:SNORD116-1,methylation,0.0,0,0.0
meth:SNORD115-35,methylation,0.0,0,0.0
meth:SNORD115-36,methylation,0.0,0,0.0
meth:SNORD115-38,methylation,0.0,0,0.0
meth:SNORD115-39,methylation,0.0,0,0.0
meth:SNORD115-40,methylation,0.0,0,0.0
meth:SNORD115-41,methylation,0.0,0,0.0
meth:SNORD115-42,methylation,0.0,0,0.0
meth:SNORD115-43,methylation,0.0,0,0.0
meth:SLC9A4,methylation,0.0,0,0.0
meth:SNORD115-26,methylation,0.0,0,0.0
meth:SNORD115-29,methylation,0.0,0,0.0
meth:SNORD115-3,methylation,0.0,0,0.0
meth:SNORD115-31,methylation,0.0,0,0.0
meth:SNORD115-32,methylation,0.0,0,0.0
meth:SNORD115-33,methylation,0.0,0,0.0
meth:SNORD115-34,methylation,0.0,0,0.0
meth:SNORD115-17,methylation,0.0,0,0.0
meth:SNORD115-18,methylation,0.0,0,0.0
meth:SNORD115-19,methylation,0.0,0,0.0
meth:SNORD115-2,methylation,0.0,0,0.0
meth:SNORD115-20,methylation,0.0,0,0.0
meth:SNORD115-21,methylation,0.0,0,0.0
meth:SNORD115-25,methylation,0.0,0,0.0
meth:SNORD115-15,methylation,0.0,0,0.0
meth:SNORD115-16,methylation,0.0,0,0.0
meth:SNORD113-6,methylation,0.0,0,0.0
meth:SNORD113-9,methylation,0.0,0,0.0
meth:SNORD114-14,methylation,0.0,0,0.0
meth:SNORD114-15,methylation,0.0,2,0.04
meth:SNORD114-16,methylation,0.0,7,0.14
meth:SNORD114-4,methylation,0.0,0,0.0
meth:SNORD114-7,methylation,0.0,0,0.0
meth:SNORD114-8,methylation,0.0,0,0.0
meth:SNORD100,methylation,0.0,0,0.0
meth:SNORD107,methylation,0.0,0,0.0
meth:SNORD108,methylation,0.0,0,0.0
meth:SNORD115-5,methylation,0.0,0,0.0
meth:SNORD109B,methylation,0.0,0,0.0
meth:SNORD11,methylation,0.0,0,0.0
meth:SNORD113-1,methylation,0.0,0,0.0
meth:SNORD113-4,methylation,0.0,0,0.0
meth:SNORA61,methylation,0.0,0,0.0
meth:SNORA64,methylation,0.0,0,0.0
meth:SNORA65,methylation,0.0,3,0.06
meth:SNORA68,methylation,0.0,2,0.04
meth:SNORA77,methylation,0.0,0,0.0
meth:SNORA8,methylation,0.0,3,0.06
meth:SNORA81,methylation,0.0,2,0.04
meth:SNORD115-44,methylation,0.0,0,0.0
meth:SNORD115-48,methylation,0.0,0,0.0
meth:SNORD109A,methylation,0.0,0,0.0
meth:SNORD116-15,methylation,0.0,0,0.0
meth:SNORD116-16,methylation,0.0,0,0.0
meth:SNORD116-17,methylation,0.0,0,0.0
meth:SNORD31,methylation,0.0,1,0.02
meth:SNORD32A,methylation,0.0,0,0.0
meth:SNORD32B,methylation,0.0,0,0.0
meth:SNORD33,methylation,0.0,0,0.0
meth:SNORD34,methylation,0.0,1,0.02
meth:SNORD35A,methylation,0.0,1,0.02
meth:SNORD38A,methylation,0.0,0,0.0
meth:SNORD12B,methylation,0.0,0,0.0
meth:SNORD15B,methylation,0.0,12,0.24
meth:SNORD16,methylation,0.0,4,0.08
meth:SNORD115-22,methylation,0.0,0,0.0
meth:SNORD19,methylation,0.0,0,0.0
meth:SNORD19B,methylation,0.0,0,0.0
meth:SNORD22,methylation,0.0,0,0.0
meth:SNORD116-3,methylation,0.0,0,0.0
meth:SNORD116-4,methylation,0.0,0,0.0
meth:SNORD116-5,methylation,0.0,0,0.0
meth:SNORD116-6,methylation,0.0,0,0.0
meth:SNORD116-7,methylation,0.0,0,0.0
meth:SNORD116-9,methylation,0.0,0,0.0
meth:SNORD12,methylation,0.0,0,0.0
meth:SNORD125,methylation,0.0,0,0.0
expr:ANKFN1,expression,0.0,0,0.0
expr:ANKK1,expression,0.0,0,0.0
meth:SNORD18B,methylation,0.0,3,0.06
meth:SNORD115-23,methylation,0.0,0,0.0
expr:ANGPTL3,expression,0.0,0,0.0
expr:ANGPTL4,expression,0.0,0,0.0
expr:ANGPTL5,expression,0.0,0,0.0
expr:ANGPTL6,expression,0.0,0,0.0
expr:ANK1,expression,0.0,0,0.0
expr:ANK2,expression,0.0,0,0.0
expr:ANKEF1,expression,0.0,0,0.0
expr:AMY2A,expression,0.0,4,0.08
expr:AMY2B,expression,0.0,2,0.04
expr:AMZ1,expression,0.0,3,0.06
expr:ANG,expression,0.0,1,0.02
expr:ANGPT1,expression,0.0,0,0.0
meth:SNORD116-14,methylation,0.0,0,0.0
expr:ANGPT4,expression,0.0,0,0.0
expr:ANGPTL2,expression,0.0,0,0.0
meth:SNORD116-18,methylation,0.0,0,0.0
meth:SNORD116-19,methylation,0.0,0,0.0
meth:SNORD116-2,methylation,0.0,0,0.0
meth:SNORD116-20,methylation,0.0,0,0.0
expr:AMMECR1,expression,0.0,0,0.0
expr:AMN,expression,0.0,1,0.02
expr:AMOTL1,expression,0.0,0,0.0
expr:AMT,expression,0.0,0,0.0
meth:SNORD116-10,methylation,0.0,0,0.0
meth:SNORD116-11,methylation,0.0,0,0.0
meth:SNORD116-12,methylation,0.0,0,0.0
meth:SNORD116-13,methylation,0.0,0,0.0
expr:ANGPT2,expression,0.0,0,0.0
expr:ANTXR2,expression,0.0,0,0.0
expr:ANKRD7,expression,0.0,0,0.0
expr:ANKS1B,expression,0.0,0,0.0
expr:ANKS4B,expression,0.0,0,0.0
expr:ANKS6,expression,0.0,0,0.0
expr:ANKUB1,expression,0.0,2,0.04
expr:ANO2,expression,0.0,0,0.0
expr:ANO3,expression,0.0,0,0.0
meth:SLITRK6,methylation,0.0,0,0.0
meth:SLMO1,methylation,0.0,14,0.28
meth:SLN,methylation,0.0,0,0.0
expr:ANKRD6,expression,0.0,0,0.0
expr:ANKRD61,expression,0.0,0,0.0
meth:SNORD115-14,methylation,0.0,0,0.0
expr:ANKRD65,expression,0.0,0,0.0
expr:ANKRD66,expression,0.0,0,0.0
meth:SNHG7,methylation,0.0,0,0.0
meth:SNHG8,methylation,0.0,0,0.0
meth:SNORA1,methylation,0.0,0,0.0
meth:SNORA10,methylation,0.0,4,0.08
meth:SNORA11B,methylation,0.0,0,0.0
meth:SNORA12,methylation,0.0,0,0.0
meth:SNORA15,methylation,0.0,0,0.0
meth:SNORA16B,methylation,0.0,4,0.08
meth:SNAR-E,methylation,0.0,0,0.0
meth:SNAR-F,methylation,0.0,0,0.0
meth:SNCA,methylation,0.0,0,0.0
expr:ANKRD62,expression,0.0,0,0.0
meth:SLCO1A2,methylation,0.0,0,0.0
meth:SLCO1B1,methylation,0.0,0,0.0
meth:SLCO1B3,methylation,0.0,1,0.02
meth:SLCO1C1,methylation,0.0,0,0.0
meth:SLCO2A1,methylation,0.0,1,0.02
meth:SLC7A14,methylation,0.0,0,0.0
meth:SLC7A2,methylation,0.0,0,0.0
meth:SLC7A4,methylation,0.0,0,0.0
meth:SLC8A1,methylation,0.0,1,0.02
meth:SLC8A2,methylation,0.0,0,0.0
meth:SLC8A3,methylation,0.0,0,0.0
meth:SLC9A1,methylation,0.0,0,0.0
meth:SLC9A11,methylation,0.0,0,0.0
expr:ANTXR1,expression,0.0,0,0.0
expr:ANXA1,expression,0.0,0,0.0
expr:ANXA2R,expression,0.0,0,0.0
expr:ANXA3,expression,0.0,0,0.0
expr:ANXA8,expression,0.0,0,0.0
meth:SLPI,methylation,0.0,1,0.02
meth:SMAD2,methylation,0.0,0,0.0
meth:SMARCB1,methylation,0.0,1,0.02
expr:ANO4,expression,0.0,1,0.02
expr:ANO7,expression,0.0,1,0.02
expr:ANO9,expression,0.0,0,0.0
expr:ANOS1,expression,0.0,0,0.0
expr:ANP32E,expression,0.0,0,0.0
expr:ANTKMT,expression,0.0,0,0.0
expr:ANTXRL,expression,0.0,0,0.0
expr:ANKRD34A,expression,0.0,0,0.0
expr:ANKRD34B,expression,0.0,0,0.0
expr:ANKRD34C,expression,0.0,0,0.0
expr:ANKRD36,expression,0.0,0,0.0
expr:ANKRD36B,expression,0.0,0,0.0
expr:ANKRD36C,expression,0.0,0,0.0
expr:ANKLE1,expression,0.0,0,0.0
expr:ANKRD1,expression,0.0,0,0.0
expr:ANKRD20A1,expression,0.0,0,0.0
expr:ANKRD20A4P,expression,0.0,0,0.0
expr:ANKRD22,expression,0.0,1,0.02
expr:ANKRD23,expression,0.0,0,0.0
expr:ANKRD24,expression,0.0,0,0.0
meth:SNCAIP,methylation,0.0,4,0.08
meth:SNORA18,methylation,0.0,4,0.08
meth:SNORA24,methylation,0.0,0,0.0
meth:SNORA31,methylation,0.0,0,0.0
meth:SNORA33,methylation,0.0,1,0.02
meth:SNORA38,methylation,0.0,11,0.22
meth:SNORA4,methylation,0.0,1,0.02
meth:SNORA42,methylation,0.0,0,0.0
meth:SNORA45,methylation,0.0,0,0.0
meth:SNORD115-1,methylation,0.0,0,0.0
meth:SNORD115-10,methylation,0.0,0,0.0
meth:SNORD115-11,methylation,0.0,0,0.0
meth:SNORD115-12,methylation,0.0,0,0.0
meth:SNORD115-13,methylation,0.0,0,0.0
expr:ANKRD30A,expression,0.0,0,0.0
meth:SNCB,methylation,0.0,0,0.0
meth:SND1,methylation,0.0,3,0.06
meth:SNED1,methylation,0.0,0,0.0
meth:SNHG6,methylation,0.0,0,0.0
meth:SNAI1,methylation,0.0,1,0.02
meth:SNAI2,methylation,0.0,0,0.0
meth:SNAP25,methylation,0.0,0,0.0
meth:SNAP91,methylation,0.0,0,0.0
meth:SNAR-B1,methylation,0.0,0,0.0
meth:SNAR-B2,methylation,0.0,0,0.0
meth:SNAR-C4,methylation,0.0,0,0.0
meth:SNAR-D,methylation,0.0,0,0.0
meth:SMC1B,methylation,0.0,0,0.0
expr:ANKRD30BL,expression,0.0,0,0.0
meth:SMOC1,methylation,0.0,0,0.0
meth:SMPD2,methylation,0.0,8,0.16
meth:SMPD3,methylation,0.0,0,0.0
meth:SMTNL2,methylation,0.0,0,0.0
meth:SMYD1,methylation,0.0,0,0.0
expr:ANKRD40,expression,0.0,0,0.0
expr:ANKRD40CL,expression,0.0,0,0.0
expr:ANKRD44,expression,0.0,2,0.04
expr:ANKRD45,expression,0.0,0,0.0
expr:ANKRD50,expression,0.0,0,0.0
expr:ANKRD53,expression,0.0,0,0.0
meth:SNORA5B,methylation,0.0,1,0.02
meth:SNORA60,methylation,0.0,0,0.0
expr:ANKRD30B,expression,0.0,0,0.0
meth:SMCP,methylation,0.0,0,0.0
expr:ACE,expression,0.0,0,0.0
expr:ACE2,expression,0.0,0,0.0
expr:ACER1,expression,0.0,1,0.02
expr:ACER2,expression,0.0,2,0.04
expr:ACER3,expression,0.0,0,0.0
expr:ACHE,expression,0.0,0,0.0
expr:ACKR3,expression,0.0,0,0.0
expr:AC233723.1,expression,0.0,0,0.0
expr:AC244197.3,expression,0.0,0,0.0
expr:ACACA,expression,0.0,0,0.0
expr:ACACB,expression,0.0,0,0.0
expr:ACAD11,expression,0.0,0,0.0
expr:ACADS,expression,0.0,0,0.0
meth:THSD7B,methylation,0.0,0,0.0
expr:ACAT2,expression,0.0,0,0.0
meth:WDR66,methylation,0.0,0,0.0
expr:AC112128.1,expression,0.0,0,0.0
expr:AC119674.2,expression,0.0,1,0.02
expr:AC136428.1,expression,0.0,2,0.04
expr:AC139491.7,expression,0.0,0,0.0
meth:WDFY1,methylation,0.0,0,0.0
meth:WDFY4,methylation,0.0,1,0.02
meth:WDR16,methylation,0.0,0,0.0
meth:WDR17,methylation,0.0,1,0.02
meth:WDR49,methylation,0.0,0,0.0
meth:WDR52,methylation,0.0,0,0.0
meth:WDR63,methylation,0.0,0,0.0
expr:ACAP1,expression,0.0,3,0.06
meth:WBP11P1,methylation,0.0,0,0.0
meth:WBSCR17,methylation,0.0,0,0.0
meth:WBSCR26,methylation,0.0,0,0.0
meth:VTRNA1-1,methylation,0.0,0,0.0
meth:VTRNA1-2,methylation,0.0,5,0.1
meth:VTRNA1-3,methylation,0.0,0,0.0
meth:VWA1,methylation,0.0,1,0.02
meth:VWA2,methylation,0.0,0,0.0
meth:VWA3B,methylation,0.0,0,0.0
meth:VWA5A,methylation,0.0,3,0.06
meth:VWC2,methylation,0.0,0,0.0
meth:VSIG10L,methylation,0.0,3,0.06
meth:VSIG2,methylation,0.0,1,0.02
expr:ACBD4,expression,0.0,0,0.0
meth:VSTM1,methylation,0.0,0,0.0
meth:VSTM2A,methylation,0.0,0,0.0
meth:VSTM2B,methylation,0.0,0,0.0
meth:VSTM2L,methylation,0.0,0,0.0
meth:VSX2,methylation,0.0,1,0.02
meth:VN1R5,methylation,0.0,0,0.0
meth:VNN1,methylation,0.0,0,0.0
meth:VNN2,methylation,0.0,0,0.0
meth:VNN3,methylation,0.0,0,0.0
meth:VOPP1,methylation,0.0,0,0.0
meth:VPREB1,methylation,0.0,0,0.0
meth:VPS37B,methylation,0.0,0,0.0
meth:VPS39,methylation,0.0,0,0.0
meth:VSNL1,methylation,0.0,2,0.04
meth:WDR90,methylation,0.0,0,0.0
meth:WFDC10B,methylation,0.0,0,0.0
meth:WFDC11,methylation,0.0,0,0.0
meth:ZBTB7C,methylation,0.0,0,0.0
meth:ZBTB8B,methylation,0.0,0,0.0
meth:ZC3H12C,methylation,0.0,0,0.0
meth:ZC3H12D,methylation,0.0,0,0.0
meth:ZC3H7A,methylation,0.0,0,0.0
meth:ZC3HAV1L,methylation,0.0,0,0.0
meth:ZCCHC11,methylation,0.0,0,0.0
meth:ZCCHC7,methylation,0.0,7,0.14
meth:ZAR1,methylation,0.0,0,0.0
meth:ZBBX,methylation,0.0,1,0.02
meth:WDR64,methylation,0.0,0,0.0
meth:ZBP1,methylation,0.0,0,0.0
meth:ZBTB32,methylation,0.0,0,0.0
meth:ZBTB42,methylation,0.0,5,0.1
meth:ZBTB43,methylation,0.0,0,0.0
meth:ZBTB46,methylation,0.0,1,0.02
meth:XKR7,methylation,0.0,0,0.0
meth:XPNPEP1,methylation,0.0,0,0.0
meth:XRCC5,methylation,0.0,0,0.0
meth:YJEFN3,methylation,0.0,1,0.02
meth:YOD1,methylation,0.0,0,0.0
meth:YPEL4,methylation,0.0,0,0.0
meth:ZAN,methylation,0.0,1,0.02
meth:ZAP70,methylation,0.0,0,0.0
meth:ZBED2,methylation,0.0,0,0.0
meth:WNT10A,methylation,0.0,0,0.0
meth:WNT10B,methylation,0.0,1,0.02
meth:WNT11,methylation,0.0,0,0.0
meth:WNT2,methylation,0.0,0,0.0
meth:WNT3A,methylation,0.0,0,0.0
meth:WNT5B,methylation,0.0,0,0.0
meth:WNT6,methylation,0.0,2,0.04
meth:WNT8B,methylation,0.0,0,0.0
meth:WIPF1,methylation,0.0,0,0.0
meth:WIPF3,methylation,0.0,0,0.0
meth:WISP1,methylation,0.0,6,0.12
meth:WISP2,methylation,0.0,0,0.0
meth:WISP3,methylation,0.0,3,0.06
meth:WDR85,methylation,0.0,0,0.0
meth:WNK4,methylation,0.0,0,0.0
meth:WNT1,methylation,0.0,0,0.0
meth:WFDC12,methylation,0.0,0,0.0
meth:WFDC13,methylation,0.0,0,0.0
meth:WFDC2,methylation,0.0,0,0.0
meth:WFDC5,methylation,0.0,1,0.02
meth:WFDC8,methylation,0.0,0,0.0
meth:WFDC9,methylation,0.0,2,0.04
meth:WFIKKN1,methylation,0.0,0,0.0
meth:WIF1,methylation,0.0,0,0.0
expr:ACKR4,expression,0.0,0,0.0
expr:ACMSD,expression,0.0,0,0.0
meth:WDR72,methylation,0.0,0,0.0
meth:WDR8,methylation,0.0,0,0.0
meth:WNK2,methylation,0.0,0,0.0
expr:ADAM29,expression,0.0,0,0.0
expr:ADAM33,expression,0.0,0,0.0
expr:ACTG2,expression,0.0,0,0.0
expr:ACTN2,expression,0.0,0,0.0
expr:ACTN3,expression,0.0,0,0.0
expr:ACTR3B,expression,0.0,0,0.0
expr:ACVR1C,expression,0.0,0,0.0
expr:ADAD2,expression,0.0,0,0.0
expr:ADAM11,expression,0.0,0,0.0
expr:ADAM12,expression,0.0,0,0.0
meth:ULK2,methylation,0.0,0,0.0
meth:UMODL1,methylation,0.0,1,0.02
meth:UNC119,methylation,0.0,1,0.02
meth:WASH2P,methylation,0.0,1,0.02
meth:UNC13C,methylation,0.0,0,0.0
meth:UNC13D,methylation,0.0,0,0.0
expr:ACTC1,expression,0.0,0,0.0
expr:ACOX2,expression,0.0,0,0.0
expr:ACP3,expression,0.0,0,0.0
expr:ACP4,expression,0.0,1,0.02
expr:ACP5,expression,0.0,0,0.0
expr:ACP7,expression,0.0,0,0.0
expr:ACR,expression,0.0,2,0.04
expr:ACSBG1,expression,0.0,0,0.0
expr:ACSBG2,expression,0.0,0,0.0
meth:USH1G,methylation,0.0,0,0.0
meth:USP17L2,methylation,0.0,0,0.0
meth:UNC119B,methylation,0.0,3,0.06
meth:UBXN6,methylation,0.0,0,0.0
meth:UCHL1,methylation,0.0,0,0.0
meth:UCK1,methylation,0.0,0,0.0
meth:UCMA,methylation,0.0,1,0.02
meth:UCN2,methylation,0.0,0,0.0
meth:UCP1,methylation,0.0,0,0.0
meth:UBE2CBP,methylation,0.0,1,0.02
meth:UBE2E2,methylation,0.0,0,0.0
meth:UBE2E3,methylation,0.0,0,0.0
meth:UBE2H,methylation,0.0,0,0.0
meth:UBE2L3,methylation,0.0,0,0.0
meth:UBE2QL1,methylation,0.0,0,0.0
meth:UBE2U,methylation,0.0,5,0.1
expr:ADAM28,expression,0.0,1,0.02
expr:ADAM8,expression,0.0,0,0.0
expr:ADAM9,expression,0.0,0,0.0
expr:ADAMDEC1,expression,0.0,0,0.0
expr:ADAMTS1,expression,0.0,0,0.0
expr:ADAMTS10,expression,0.0,0,0.0
expr:ADAMTS12,expression,0.0,0,0.0
expr:ADAMTS14,expression,0.0,0,0.0
meth:UNC45B,methylation,0.0,0,0.0
expr:ADAM18,expression,0.0,0,0.0
expr:ADAM19,expression,0.0,0,0.0
expr:ADAM20,expression,0.0,1,0.02
expr:ADAM22,expression,0.0,10,0.2
expr:ADAM23,expression,0.0,0,0.0
meth:UBLCP1,methylation,0.0,0,0.0
meth:VAT1L,methylation,0.0,0,0.0
meth:VAV1,methylation,0.0,0,0.0
meth:VAX1,methylation,0.0,0,0.0
meth:VAX2,methylation,0.0,2,0.04
meth:VCAN,methylation,0.0,0,0.0
meth:VEGFC,methylation,0.0,0,0.0
meth:VGF,methylation,0.0,0,0.0
meth:USP6NL,methylation,0.0,2,0.04
meth:UTF1,methylation,0.0,0,0.0
meth:UTS2,methylation,0.0,0,0.0
meth:UTS2R,methylation,0.0,0,0.0
meth:VAMP5,methylation,0.0,0,0.0
meth:VAMP8,methylation,0.0,0,0.0
meth:USP29,methylation,0.0,0,0.0
meth:VASH1,methylation,0.0,0,0.0
expr:ACSL1,expression,0.0,0,0.0
expr:ACSL4,expression,0.0,0,0.0
expr:ACSL6,expression,0.0,2,0.04
expr:ACTA1,expression,0.0,0,0.0
expr:ACTA2,expression,0.0,0,0.0
expr:ACTBL2,expression,0.0,0,0.0
meth:USP54,methylation,0.0,0,0.0
meth:USP6,methylation,0.0,1,0.02
meth:VWCE,methylation,0.0,26,0.52
meth:VWDE,methylation,0.0,0,0.0
meth:VWF,methylation,0.0,0,0.0
meth:WASF3,methylation,0.0,0,0.0
meth:VANGL2,methylation,0.0,0,0.0
meth:USP36,methylation,0.0,0,0.0
meth:USP39,methylation,0.0,0,0.0
meth:USP44,methylation,0.0,0,0.0
expr:ACOD1,expression,0.0,0,0.0
expr:ACOT12,expression,0.0,0,0.0
meth:UPK1A,methylation,0.0,1,0.02
meth:UPK1B,methylation,0.0,0,0.0
meth:UPK3A,methylation,0.0,0,0.0
meth:UQCC,methylation,0.0,1,0.02
meth:UQCRC1,methylation,0.0,0,0.0
meth:UQCRHL,methylation,0.0,0,0.0
meth:UROC1,methylation,0.0,0,0.0
meth:USH1C,methylation,0.0,0,0.0
meth:VASH2,methylation,0.0,0,0.0
meth:UNC5C,methylation,0.0,0,0.0
meth:UNC5D,methylation,0.0,0,0.0
meth:UNC80,methylation,0.0,1,0.02
meth:UNC93A,methylation,0.0,0,0.0
meth:UNCX,methylation,0.0,0,0.0
meth:UPB1,methylation,0.0,0,0.0
meth:VIM,methylation,0.0,0,0.0
meth:VIP,methylation,0.0,0,0.0
meth:VIPR1,methylation,0.0,0,0.0
meth:VIPR2,methylation,0.0,0,0.0
meth:VIT,methylation,0.0,3,0.06
meth:VLDLR,methylation,0.0,0,0.0
meth:VMO1,methylation,0.0,0,0.0
meth:VN1R1,methylation,0.0,0,0.0
meth:UNC5A,methylation,0.0,1,0.02
meth:ZNF518B,methylation,0.0,3,0.06
meth:ZNF528,methylation,0.0,1,0.02
meth:ZNF534,methylation,0.0,1,0.02
meth:ZNF536,methylation,0.0,0,0.0
meth:ZNF542,methylation,0.0,1,0.02
meth:ZNF544,methylation,0.0,0,0.0
meth:ZNF549,methylation,0.0,0,0.0
meth:ZNF486,methylation,0.0,0,0.0
meth:ZNF491,methylation,0.0,0,0.0
meth:ZNF492,methylation,0.0,0,0.0
meth:ZNF496,methylation,0.0,0,0.0
meth:ZNF501,methylation,0.0,0,0.0
meth:ZNF503,methylation,0.0,0,0.0
meth:WNT9B,methylation,0.0,0,0.0
meth:ZNF512,methylation,0.0,0,0.0
meth:ZNF431,methylation,0.0,0,0.0
meth:ZNF454,methylation,0.0,0,0.0
meth:ZNF462,methylation,0.0,0,0.0
meth:ZNF468,methylation,0.0,2,0.04
meth:ZNF469,methylation,0.0,0,0.0
meth:ZNF471,methylation,0.0,0,0.0
meth:ZNF483,methylation,0.0,0,0.0
meth:ZNF485,methylation,0.0,0,0.0
expr:ABCC6,expression,0.0,0,0.0
expr:ABCC9,expression,0.0,0,0.0
expr:ABCG1,expression,0.0,2,0.04
expr:ABCG5,expression,0.0,0,0.0
meth:ZNF506,methylation,0.0,0,0.0
expr:AC009690.1,expression,0.0,0,0.0
expr:AC009779.3,expression,0.0,0,0.0
expr:AC009879.3,expression,0.0,0,0.0
expr:AC010255.2,expression,0.0,2,0.04
expr:AC003002.2,expression,0.0,0,0.0
expr:AC003002.3,expression,0.0,0,0.0
expr:AC004687.2,expression,0.0,0,0.0
expr:AC005324.2,expression,0.0,0,0.0
expr:AC006254.1,expression,0.0,1,0.02
expr:AC006978.2,expression,0.0,0,0.0
expr:AC007040.2,expression,0.0,0,0.0
expr:AC007906.2,expression,0.0,0,0.0
meth:ZNF385D,methylation,0.0,0,0.0
meth:ZNF516,methylation,0.0,0,0.0
meth:ZNF404,methylation,0.0,0,0.0
meth:ZNF417,methylation,0.0,0,0.0
meth:ZNF418,methylation,0.0,0,0.0
meth:ZNF419,methylation,0.0,0,0.0
expr:AC000093.1,expression,0.0,0,0.0
meth:ZNF550,methylation,0.0,3,0.06
meth:ZNF559,methylation,0.0,0,0.0
meth:ZNF560,methylation,0.0,2,0.04
meth:ZNF562,methylation,0.0,0,0.0
meth:ZNF569,methylation,0.0,0,0.0
meth:ZNF570,methylation,0.0,0,0.0
meth:ZNF572,methylation,0.0,0,0.0
meth:ZNF577,methylation,0.0,0,0.0
meth:ZNF391,methylation,0.0,0,0.0
meth:ZSCAN5A,methylation,0.0,0,0.0
meth:ZSCAN5B,methylation,0.0,0,0.0
meth:ZSWIM2,methylation,0.0,1,0.02
expr:AATK,expression,0.0,0,0.0
meth:ZNF737,methylation,0.0,0,0.0
meth:ZNF75A,methylation,0.0,0,0.0
meth:ZNF761,methylation,0.0,0,0.0
meth:ZNF767,methylation,0.0,0,0.0
meth:ZNF772,methylation,0.0,0,0.0
meth:ZNF773,methylation,0.0,0,0.0
meth:ZNF781,methylation,0.0,0,0.0
meth:ZNF788,methylation,0.0,2,0.04
meth:ZNF69,methylation,0.0,0,0.0
expr:ABHD1,expression,0.0,0,0.0
meth:ZNF714,methylation,0.0,0,0.0
meth:ZNF716,methylation,0.0,0,0.0
meth:ZNF718,methylation,0.0,0,0.0
meth:ZNF727,methylation,0.0,0,0.0
meth:ZNF732,methylation,0.0,0,0.0
meth:ZNF735,methylation,0.0,2,0.04
expr:ABLIM2,expression,0.0,0,0.0
expr:ABLIM3,expression,0.0,0,0.0
expr:ABRA,expression,0.0,0,0.0
meth:ZNF667,methylation,0.0,0,0.0
meth:ZNF671,methylation,0.0,0,0.0
meth:ZNF677,methylation,0.0,0,0.0
meth:ZNF679,methylation,0.0,0,0.0
meth:ZNF695,methylation,0.0,0,0.0
expr:ABHD14A-ACY1,expression,0.0,0,0.0
expr:ABHD17C,expression,0.0,0,0.0
expr:AARD,expression,0.0,0,0.0
expr:ABCB6,expression,0.0,0,0.0
expr:ABCC11,expression,0.0,0,0.0
expr:ABCC12,expression,0.0,0,0.0
expr:ABCC2,expression,0.0,0,0.0
expr:ABCC3,expression,0.0,0,0.0
expr:ABCC4,expression,0.0,0,0.0
expr:ABCC5,expression,0.0,0,0.0
meth:ZNF626,methylation,0.0,1,0.02
meth:ZNF642,methylation,0.0,1,0.02
meth:ZNF648,methylation,0.0,0,0.0
meth:ZSCAN4,methylation,0.0,0,0.0
meth:ZNF658,methylation,0.0,2,0.04
meth:ZNF660,methylation,0.0,1,0.02
meth:ZNF662,methylation,0.0,0,0.0
expr:ABCB5,expression,0.0,0,0.0
meth:ZNF578,methylation,0.0,0,0.0
meth:ZNF582,methylation,0.0,0,0.0
meth:ZNF583,methylation,0.0,0,0.0
meth:ZNF595,methylation,0.0,0,0.0
meth:ZNF597,methylation,0.0,0,0.0
meth:ZNF606,methylation,0.0,1,0.02
meth:ZNF614,methylation,0.0,0,0.0
meth:ZNF793,methylation,0.0,0,0.0
meth:ZNF80,methylation,0.0,0,0.0
clin:pam50_Her2,clinical,0.0,0,0.0
meth:ZNF649,methylation,0.0,4,0.08
expr:AC087289.3,expression,0.0,0,0.0
expr:AC087632.2,expression,0.0,0,0.0
meth:ZCCHC8,methylation,0.0,1,0.02
meth:ZCWPW2,methylation,0.0,0,0.0
meth:ZDBF2,methylation,0.0,0,0.0
meth:ZDHHC19,methylation,0.0,0,0.0
expr:AC025283.2,expression,0.0,0,0.0
expr:AC025287.4,expression,0.0,0,0.0
expr:AC040162.1,expression,0.0,0,0.0
expr:AC055811.2,expression,0.0,0,0.0
meth:ZNF134,methylation,0.0,0,0.0
meth:ZNF140,methylation,0.0,0,0.0
meth:ZNF154,methylation,0.0,0,0.0
expr:AC008770.2,expression,0.0,0,0.0
meth:ZNF167,methylation,0.0,0,0.0
meth:ZNF175,methylation,0.0,0,0.0
meth:ZNF177,methylation,0.0,0,0.0
meth:ZNF19,methylation,0.0,0,0.0
meth:ZIK1,methylation,0.0,0,0.0
meth:ZIM2,methylation,0.0,0,0.0
meth:ZIM3,methylation,0.0,0,0.0
meth:ZMAT4,methylation,0.0,0,0.0
meth:ZMYND10,methylation,0.0,0,0.0
meth:ZNF107,methylation,0.0,2,0.04
meth:ZNF114,methylation,0.0,0,0.0
meth:ZNF124,methylation,0.0,1,0.02
meth:ZFPM2,methylation,0.0,0,0.0
meth:ZNF155,methylation,0.0,0,0.0
meth:WSCD2,methylation,0.0,0,0.0
meth:WWP2,methylation,0.0,0,0.0
meth:XAF1,methylation,0.0,0,0.0
meth:XIRP2,methylation,0.0,0,0.0
meth:XKR4,methylation,0.0,0,0.0
meth:XKR5,methylation,0.0,0,0.0
expr:AC098850.3,expression,0.0,0,0.0
expr:AC099489.1,expression,0.0,0,0.0
expr:AC104389.5,expression,0.0,0,0.0
expr:AC107871.1,expression,0.0,0,0.0
expr:AC108488.2,expression,0.0,0,0.0
expr:AC109583.1,expression,0.0,0,0.0
meth:ZDHHC22,methylation,0.0,0,0.0
expr:AC072022.2,expression,0.0,0,0.0
expr:AC090004.1,expression,0.0,0,0.0
expr:AC090360.1,expression,0.0,0,0.0
expr:AC092647.5,expression,0.0,0,0.0
expr:AC092718.8,expression,0.0,0,0.0
expr:AC092835.1,expression,0.0,0,0.0
expr:AC093512.2,expression,0.0,0,0.0
expr:AC093827.5,expression,0.0,0,0.0
expr:AC098650.1,expression,0.0,0,0.0
expr:AC068580.4,expression,0.0,0,0.0
expr:AC068831.6,expression,0.0,0,0.0
expr:AC068896.1,expression,0.0,0,0.0
expr:AC068946.1,expression,0.0,0,0.0
expr:AC069503.2,expression,0.0,0,0.0
meth:ZDHHC24,methylation,0.0,0,0.0
meth:ZNF334,methylation,0.0,0,0.0
meth:ZNF23,methylation,0.0,0,0.0
meth:ZNF233,methylation,0.0,0,0.0
meth:ZNF236,methylation,0.0,0,0.0
meth:ZNF238,methylation,0.0,0,0.0
meth:ZNF254,methylation,0.0,0,0.0
meth:ZNF256,methylation,0.0,0,0.0
meth:ZNF268,methylation,0.0,0,0.0
meth:ZNF280B,methylation,0.0,0,0.0
meth:ZNF204P,methylation,0.0,0,0.0
meth:ZNF205,methylation,0.0,0,0.0
meth:ZNF214,methylation,0.0,1,0.02
meth:ZNF215,methylation,0.0,0,0.0
meth:ZFR2,methylation,0.0,0,0.0
meth:ZNF22,methylation,0.0,1,0.02
meth:ZNF223,methylation,0.0,2,0.04
meth:ZNF229,methylation,0.0,0,0.0
expr:AC010325.1,expression,0.0,0,0.0
expr:AC010422.8,expression,0.0,0,0.0
expr:AC010980.1,expression,0.0,0,0.0
expr:AC011005.1,expression,0.0,0,0.0
expr:AC011448.1,expression,0.0,0,0.0
expr:AC012651.1,expression,0.0,0,0.0
meth:ZNF423,methylation,0.0,0,0.0
meth:ZNF43,methylation,0.0,0,0.0
expr:AC008676.3,expression,0.0,0,0.0
expr:AC008687.4,expression,0.0,0,0.0
meth:ZNF217,methylation,0.0,0,0.0
meth:ZG16,methylation,0.0,0,0.0
meth:ZHX3,methylation,0.0,0,0.0
meth:ZIC1,methylation,0.0,0,0.0
meth:ZIC2,methylation,0.0,2,0.04
meth:ZIC4,methylation,0.0,0,0.0
meth:ZIC5,methylation,0.0,0,0.0
meth:ZDHHC4,methylation,0.0,0,0.0
meth:ZEB1,methylation,0.0,2,0.04
meth:ZEB2,methylation,0.0,1,0.02
meth:ZFAT,methylation,0.0,0,0.0
meth:ZFHX4,methylation,0.0,0,0.0
meth:ZFP106,methylation,0.0,4,0.08
meth:ZFP2,methylation,0.0,0,0.0
meth:ZNF329,methylation,0.0,0,0.0
meth:ZNF350,methylation,0.0,1,0.02
meth:ZNF354C,methylation,0.0,0,0.0
meth:ZNF365,methylation,0.0,0,0.0
meth:ZNF366,methylation,0.0,3,0.06
meth:ZNF37B,methylation,0.0,0,0.0
meth:ZNF382,methylation,0.0,0,0.0
meth:ZNF385A,methylation,0.0,0,0.0
meth:ZNF385B,methylation,0.0,0,0.0
meth:ZNF287,methylation,0.0,0,0.0
meth:ZNF300,methylation,0.0,2,0.04
meth:ZNF311,methylation,0.0,0,0.0
meth:ZNF319,methylation,0.0,0,0.0
meth:ZNF320,methylation,0.0,0,0.0
meth:ZNF323,methylation,0.0,1,0.02
meth:ZFP42,methylation,0.0,1,0.02
meth:TMEM233,methylation,0.0,0,0.0
meth:TMEM26,methylation,0.0,3,0.06
meth:TMEM182,methylation,0.0,0,0.0
meth:TMEM184A,methylation,0.0,0,0.0
meth:TMEM190,methylation,0.0,0,0.0
meth:TMEM196,methylation,0.0,0,0.0
meth:TMEM200A,methylation,0.0,0,0.0
meth:TMEM200C,methylation,0.0,3,0.06
meth:TMEM202,methylation,0.0,0,0.0
meth:TMEM212,methylation,0.0,0,0.0
expr:ADRB3,expression,0.0,0,0.0
expr:ADSS1,expression,0.0,0,0.0
expr:ADTRP,expression,0.0,0,0.0
meth:UBXN2A,methylation,0.0,0,0.0
expr:AFDN,expression,0.0,0,0.0
meth:TMPRSS11B,methylation,0.0,3,0.06
meth:TMPRSS11E,methylation,0.0,13,0.26
meth:TMPRSS11F,methylation,0.0,0,0.0
expr:ADORA2B,expression,0.0,0,0.0
expr:ADORA3,expression,0.0,0,0.0
expr:ADPRHL1,expression,0.0,0,0.0
expr:ADRA1A,expression,0.0,4,0.08
expr:ADRA1B,expression,0.0,0,0.0
expr:ADRA1D,expression,0.0,0,0.0
expr:ADRA2B,expression,0.0,0,0.0
expr:ADRA2C,expression,0.0,0,0.0
expr:ADH4,expression,0.0,0,0.0
expr:AEBP1,expression,0.0,0,0.0
meth:TMCC3,methylation,0.0,0,0.0
meth:TMCO5A,methylation,0.0,0,0.0
meth:TMEFF1,methylation,0.0,0,0.0
meth:TMEM101,methylation,0.0,0,0.0
meth:TMEM106A,methylation,0.0,0,0.0
meth:TMEM114,methylation,0.0,1,0.02
meth:TMEM119,methylation,0.0,2,0.04
meth:TMEM64,methylation,0.0,0,0.0
meth:TMEM71,methylation,0.0,0,0.0
meth:TMEM74,methylation,0.0,0,0.0
meth:TMEM84,methylation,0.0,1,0.02
meth:TMEM8C,methylation,0.0,0,0.0
meth:TMEM90A,methylation,0.0,0,0.0
meth:TMEM232,methylation,0.0,0,0.0
meth:TMEM97,methylation,0.0,0,0.0
meth:TMEM30B,methylation,0.0,0,0.0
meth:TMEM42,methylation,0.0,0,0.0
meth:TMEM45B,methylation,0.0,0,0.0
meth:TMEM54,methylation,0.0,0,0.0
meth:TMEM55A,methylation,0.0,0,0.0
meth:TMEM59L,methylation,0.0,0,0.0
meth:TMEM61,methylation,0.0,0,0.0
meth:TMEM215,methylation,0.0,1,0.02
meth:TMEM216,methylation,0.0,0,0.0
meth:TMEM22,methylation,0.0,0,0.0
meth:TMEM225,methylation,0.0,0,0.0
meth:TMEM229A,methylation,0.0,1,0.02
meth:TMEM90B,methylation,0.0,4,0.08
meth:TNFRSF8,methylation,0.0,0,0.0
meth:TNF,methylation,0.0,1,0.02
meth:TNFAIP6,methylation,0.0,0,0.0
meth:TNFAIP8,methylation,0.0,0,0.0
meth:TNFRSF10A,methylation,0.0,0,0.0
meth:TNFRSF10C,methylation,0.0,0,0.0
meth:TNFRSF10D,methylation,0.0,0,0.0
meth:TNFRSF11A,methylation,0.0,0,0.0
meth:TMPRSS2,methylation,0.0,2,0.04
meth:TMPRSS5,methylation,0.0,5,0.1
meth:TMPRSS6,methylation,0.0,12,0.24
meth:TMPRSS7,methylation,0.0,0,0.0
meth:TMPRSS8,methylation,0.0,0,0.0
expr:ADH6,expression,0.0,0,0.0
meth:TMTC1,methylation,0.0,0,0.0
meth:TNC,methylation,0.0,0,0.0
meth:TP53TG5,methylation,0.0,0,0.0
meth:TPCN2,methylation,0.0,0,0.0
meth:TPD52,methylation,0.0,2,0.04
meth:TPD52L3,methylation,0.0,0,0.0
meth:TPH1,methylation,0.0,1,0.02
meth:TPK1,methylation,0.0,0,0.0
meth:TPM1,methylation,0.0,0,0.0
meth:TOP1P2,methylation,0.0,0,0.0
meth:TOR2A,methylation,0.0,0,0.0
meth:TOX,methylation,0.0,0,0.0
meth:TOX2,methylation,0.0,0,0.0
meth:TMPRSS9,methylation,0.0,0,0.0
expr:ADH7,expression,0.0,0,0.0
expr:ADIPOR2,expression,0.0,0,0.0
expr:ADM2,expression,0.0,1,0.02
expr:ADM5,expression,0.0,0,0.0
expr:ADORA1,expression,0.0,0,0.0
expr:ADORA2A,expression,0.0,0,0.0
meth:TMEM98,methylation,0.0,1,0.02
meth:TMIGD1,methylation,0.0,0,0.0
meth:TMIGD2,methylation,0.0,0,0.0
meth:TMOD1,methylation,0.0,0,0.0
meth:TMPRSS11A,methylation,0.0,0,0.0
expr:ADGRV1,expression,0.0,0,0.0
expr:ADH1A,expression,0.0,5,0.1
meth:TNFRSF4,methylation,0.0,1,0.02
meth:TNFRSF9,methylation,0.0,0,0.0
meth:TNFSF10,methylation,0.0,0,0.0
meth:TNFSF11,methylation,0.0,0,0.0
meth:TNFSF12-TNFSF13,methylation,0.0,8,0.16
meth:TNFSF13B,methylation,0.0,7,0.14
meth:TNFSF14,methylation,0.0,0,0.0
meth:TNFSF15,methylation,0.0,0,0.0
meth:TNFSF18,methylation,0.0,0,0.0
meth:TNFRSF11B,methylation,0.0,0,0.0
meth:TNFRSF13B,methylation,0.0,0,0.0
meth:TNFRSF13C,methylation,0.0,8,0.16
meth:TNFRSF18,methylation,0.0,0,0.0
meth:TNFRSF1B,methylation,0.0,0,0.0
meth:TNFRSF25,methylation,0.0,0,0.0
expr:ADH1C,expression,0.0,5,0.1
meth:TM4SF18,methylation,0.0,1,0.02
meth:TM4SF20,methylation,0.0,2,0.04
meth:TM4SF4,methylation,0.0,6,0.12
meth:TM4SF5,methylation,0.0,2,0.04
meth:TM6SF1,methylation,0.0,0,0.0
meth:TM6SF2,methylation,0.0,0,0.0
meth:TLL2,methylation,0.0,0,0.0
meth:TLR1,methylation,0.0,4,0.08
meth:TLR2,methylation,0.0,0,0.0
meth:TLR4,methylation,0.0,0,0.0
meth:TLR5,methylation,0.0,0,0.0
meth:TLR6,methylation,0.0,2,0.04
meth:TLX1,methylation,0.0,0,0.0
meth:TMCC1,methylation,0.0,0,0.0
meth:TIMP2,methylation,0.0,0,0.0
meth:TIMP4,methylation,0.0,2,0.04
meth:TINAG,methylation,0.0,0,0.0
meth:TINAGL1,methylation,0.0,0,0.0
meth:TK2,methylation,0.0,1,0.02
meth:TKTL2,methylation,0.0,1,0.02
meth:TLE4,methylation,0.0,0,0.0
meth:TLL1,methylation,0.0,0,0.0
meth:TIAM2,methylation,0.0,0,0.0
meth:TICAM2,methylation,0.0,4,0.08
meth:TIE1,methylation,0.0,0,0.0
meth:TIFAB,methylation,0.0,0,0.0
meth:TIGIT,methylation,0.0,0,0.0
meth:TLX1NB,methylation,0.0,0,0.0
meth:THUMPD2,methylation,0.0,0,0.0
meth:THY1,methylation,0.0,0,0.0
meth:THAP3,methylation,0.0,0,0.0
meth:THBD,methylation,0.0,0,0.0
meth:THBS2,methylation,0.0,1,0.02
meth:THBS4,methylation,0.0,0,0.0
meth:THEG,methylation,0.0,0,0.0
meth:THEM4,methylation,0.0,0,0.0
meth:THEMIS,methylation,0.0,0,0.0
meth:THNSL2,methylation,0.0,0,0.0
meth:TGFB3,methylation,0.0,0,0.0
meth:TGFBR3,methylation,0.0,0,0.0
meth:TGIF2,methylation,0.0,0,0.0
meth:TLX3,methylation,0.0,0,0.0
meth:TGM3,methylation,0.0,3,0.06
meth:TGM4,methylation,0.0,0,0.0
meth:TGM6,methylation,0.0,0,0.0
meth:TH,methylation,0.0,2,0.04
meth:TFAP2E,methylation,0.0,0,0.0
meth:TFCP2,methylation,0.0,0,0.0
meth:TFEC,methylation,0.0,0,0.0
meth:TFF1,methylation,0.0,0,0.0
meth:TFF3,methylation,0.0,0,0.0
meth:TFPI,methylation,0.0,0,0.0
meth:TGFB1I1,methylation,0.0,0,0.0
meth:TGFB2,methylation,0.0,1,0.02
meth:TLX2,methylation,0.0,1,0.02
meth:TGM2,methylation,0.0,0,0.0
meth:TMC8,methylation,0.0,1,0.02
expr:AFF1,expression,0.0,0,0.0
expr:AFF2,expression,0.0,0,0.0
meth:TMEM156,methylation,0.0,0,0.0
meth:TMEM158,methylation,0.0,0,0.0
meth:TMEM163,methylation,0.0,0,0.0
meth:TMEM171,methylation,0.0,4,0.08
meth:TMEM174,methylation,0.0,0,0.0
meth:TMEM178,methylation,0.0,0,0.0
meth:TMEM179,methylation,0.0,0,0.0
meth:TMEM181,methylation,0.0,0,0.0
meth:TMEM147,methylation,0.0,0,0.0
meth:TMEM149,methylation,0.0,0,0.0
meth:TIMD4,methylation,0.0,0,0.0
meth:TMEM150C,methylation,0.0,0,0.0
meth:TMEM151A,methylation,0.0,0,0.0
meth:TMEM151B,methylation,0.0,0,0.0
meth:TMEM154,methylation,0.0,0,0.0
meth:TMEM155,methylation,0.0,0,0.0
meth:TMEM121,methylation,0.0,0,0.0
meth:TMEM130,methylation,0.0,0,0.0
meth:TMEM132B,methylation,0.0,0,0.0
meth:TMEM132D,methylation,0.0,0,0.0
meth:TMEM132E,methylation,0.0,0,0.0
meth:TMEM135,methylation,0.0,0,0.0
meth:TMEM140,methylation,0.0,0,0.0
meth:TMEM145,methylation,0.0,2,0.04
meth:TMEM150B,methylation,0.0,3,0.06
meth:TIMM13,methylation,0.0,0,0.0
expr:AGRP,expression,0.0,0,0.0
expr:AGT,expression,0.0,0,0.0
expr:AGTR1,expression,0.0,1,0.02
expr:AGTR2,expression,0.0,0,0.0
expr:AGXT,expression,0.0,0,0.0
expr:AHNAK,expression,0.0,0,0.0
expr:AHRR,expression,0.0,0,0.0
expr:AGER,expression,0.0,0,0.0
expr:AGL,expression,0.0,0,0.0
expr:AGMAT,expression,0.0,0,0.0
expr:AGMO,expression,0.0,1,0.02
expr:AGO2,expression,0.0,4,0.08
meth:TMC6,methylation,0.0,0,0.0
expr:AGPS,expression,0.0,2,0.04
expr:AGR2,expression,0.0,4,0.08
expr:AFF4,expression,0.0,0,0.0
expr:AFP,expression,0.0,0,0.0
expr:AGAP2,expression,0.0,0,0.0
expr:AGAP5,expression,0.0,0,0.0
expr:AGAP6,expression,0.0,0,0.0
expr:AGAP9,expression,0.0,0,0.0
expr:AGBL3,expression,0.0,0,0.0
expr:AGBL4,expression,0.0,0,0.0
meth:TM7SF2,methylation,0.0,0,0.0
meth:TM7SF4,methylation,0.0,0,0.0
meth:TMBIM1,methylation,0.0,0,0.0
meth:TMC2,methylation,0.0,3,0.06
expr:AGPAT4,expression,0.0,2,0.04
meth:TSGA10IP,methylation,0.0,0,0.0
meth:TSGA13,methylation,0.0,0,0.0
meth:TSHB,methylation,0.0,0,0.0
meth:TSHR,methylation,0.0,7,0.14
expr:ADCY7,expression,0.0,0,0.0
expr:ADCY8,expression,0.0,0,0.0
expr:ADCY9,expression,0.0,1,0.02
meth:TTC9B,methylation,0.0,0,0.0
meth:TTLL10,methylation,0.0,0,0.0
meth:TTLL2,methylation,0.0,0,0.0
meth:TTLL6,methylation,0.0,0,0.0
meth:TTN,methylation,0.0,0,0.0
expr:ADAMTSL4,expression,0.0,0,0.0
meth:TOX3,methylation,0.0,0,0.0
expr:ADCY1,expression,0.0,5,0.1
expr:ADCY10,expression,0.0,0,0.0
expr:ADCY2,expression,0.0,1,0.02
expr:ADCY3,expression,0.0,0,0.0
expr:ADCY6,expression,0.0,0,0.0
expr:ADAMTS3,expression,0.0,0,0.0
expr:ADAMTS4,expression,0.0,0,0.0
expr:ADAMTS5,expression,0.0,1,0.02
expr:ADAMTS6,expression,0.0,0,0.0
expr:ADAMTS7,expression,0.0,0,0.0
expr:ADAMTSL1,expression,0.0,0,0.0
expr:ADAMTSL2,expression,0.0,0,0.0
expr:ADAMTSL3,expression,0.0,0,0.0
expr:ADAP1,expression,0.0,1,0.02
meth:TTBK1,methylation,0.0,0,0.0
meth:TTC14,methylation,0.0,0,0.0
meth:TTC18,methylation,0.0,0,0.0
meth:TTC23,methylation,0.0,0,0.0
meth:TTC27,methylation,0.0,0,0.0
meth:TTC29,methylation,0.0,0,0.0
meth:TTC36,methylation,0.0,0,0.0
meth:TTC4,methylation,0.0,0,0.0
meth:TSPAN32,methylation,0.0,0,0.0
meth:TSPAN8,methylation,0.0,0,0.0
meth:TSPYL5,methylation,0.0,0,0.0
meth:TSPYL6,methylation,0.0,0,0.0
meth:TSSK1B,methylation,0.0,0,0.0
meth:TRYX3,methylation,0.0,0,0.0
meth:TSSK3,methylation,0.0,3,0.06
meth:TSTD1,methylation,0.0,0,0.0
meth:TSHZ2,methylation,0.0,0,0.0
meth:TSHZ3,methylation,0.0,0,0.0
meth:TSPAN1,methylation,0.0,1,0.02
meth:TSPAN11,methylation,0.0,0,0.0
meth:TSPAN14,methylation,0.0,1,0.02
meth:TSPAN18,methylation,0.0,0,0.0
meth:TSPAN19,methylation,0.0,0,0.0
meth:TSPAN2,methylation,0.0,0,0.0
meth:TRPV4,methylation,0.0,0,0.0
meth:TRPV5,methylation,0.0,0,0.0
meth:TRPV6,methylation,0.0,8,0.16
meth:TSSK2,methylation,0.0,3,0.06
meth:TWIST1,methylation,0.0,0,0.0
meth:TWIST2,methylation,0.0,0,0.0
meth:TTPA,methylation,0.0,0,0.0
meth:TTR,methylation,0.0,0,0.0
meth:TTYH1,methylation,0.0,0,0.0
meth:TTYH2,methylation,0.0,0,0.0
meth:TUBA3C,methylation,0.0,0,0.0
meth:TUBB,methylation,0.0,1,0.02
meth:TUBB2B,methylation,0.0,0,0.0
meth:TUBB4,methylation,0.0,0,0.0
meth:UGT2A3,methylation,0.0,0,0.0
meth:UGT2B7,methylation,0.0,0,0.0
meth:UGT3A2,methylation,0.0,0,0.0
meth:TTC5,methylation,0.0,0,0.0
meth:UHRF2,methylation,0.0,0,0.0
meth:ULBP1,methylation,0.0,0,0.0
meth:ULBP2,methylation,0.0,0,0.0
meth:ULBP3,methylation,0.0,0,0.0
meth:UCP2,methylation,0.0,0,0.0
meth:UGT1A1,methylation,0.0,0,0.0
meth:UGT1A10,methylation,0.0,0,0.0
meth:UGT1A6,methylation,0.0,0,0.0
meth:UGT1A7,methylation,0.0,1,0.02
meth:UGT1A8,methylation,0.0,1,0.02
meth:UGT1A9,methylation,0.0,0,0.0
meth:UGT2A1,methylation,0.0,0,0.0
meth:UBQLN3,methylation,0.0,0,0.0
meth:UGT8,methylation,0.0,0,0.0
meth:TTC7B,methylation,0.0,0,0.0
expr:ADAMTS15,expression,0.0,0,0.0
expr:ADAMTS16,expression,0.0,0,0.0
expr:ADAMTS17,expression,0.0,0,0.0
expr:ADAMTS19,expression,0.0,0,0.0
expr:ADAMTS2,expression,0.0,0,0.0
expr:ADAMTS20,expression,0.0,0,0.0
meth:TYW3,methylation,0.0,0,0.0
meth:U58,methylation,0.0,1,0.02
meth:UAP1L1,methylation,0.0,0,0.0
meth:UBA3,methylation,0.0,0,0.0
meth:UBA7,methylation,0.0,0,0.0
meth:UBASH3A,methylation,0.0,0,0.0
meth:TUSC5,methylation,0.0,0,0.0
meth:UBD,methylation,0.0,0,0.0
meth:TXK,methylation,0.0,2,0.04
meth:TXNDC3,methylation,0.0,0,0.0
meth:TXNRD1,methylation,0.0,0,0.0
meth:TXNRD2,methylation,0.0,1,0.02
meth:TXNRD3IT1,methylation,0.0,0,0.0
meth:TYR,methylation,0.0,0,0.0
meth:TYROBP,methylation,0.0,2,0.04
meth:TYRP1,methylation,0.0,0,0.0
meth:TUBB6,methylation,0.0,0,0.0
meth:TUBB8,methylation,0.0,0,0.0
meth:TUBGCP3,methylation,0.0,0,0.0
meth:TUBGCP5,methylation,0.0,0,0.0
meth:TUSC3,methylation,0.0,0,0.0
meth:UBB,methylation,0.0,0,0.0
expr:ADGRD1,expression,0.0,4,0.08
expr:ADGRE1,expression,0.0,0,0.0
expr:ADGRE2,expression,0.0,0,0.0
expr:ADGRE5,expression,0.0,0,0.0
expr:ADGRF1,expression,0.0,0,0.0
expr:ADGRF3,expression,0.0,0,0.0
expr:ADGRF5,expression,0.0,0,0.0
expr:ADD2,expression,0.0,0,0.0
expr:ADD3,expression,0.0,1,0.02
expr:ADGB,expression,0.0,16,0.32
expr:ADGRA1,expression,0.0,0,0.0
expr:ADGRA2,expression,0.0,0,0.0
expr:ADGRA3,expression,0.0,0,0.0
meth:TRIM62,methylation,0.0,0,0.0
expr:ADGRB2,expression,0.0,0,0.0
meth:TPM2,methylation,0.0,0,0.0
meth:TPM3,methylation,0.0,0,0.0
meth:TPM4,methylation,0.0,0,0.0
meth:TPO,methylation,0.0,0,0.0
meth:TPPP2,methylation,0.0,0,0.0
meth:TPPP3,methylation,0.0,0,0.0
expr:ADCYAP1,expression,0.0,0,0.0
expr:ADCYAP1R1,expression,0.0,0,0.0
meth:TRIM15,methylation,0.0,0,0.0
meth:TRIM21,methylation,0.0,1,0.02
meth:TRIM31,methylation,0.0,1,0.02
meth:TRIM36,methylation,0.0,1,0.02
expr:ADGRB1,expression,0.0,0,0.0
meth:TP53AIP1,methylation,0.0,2,0.04
meth:TP53I11,methylation,0.0,11,0.22
meth:TP53INP1,methylation,0.0,0,0.0
meth:TNNT1,methylation,0.0,0,0.0
meth:TNNT3,methylation,0.0,0,0.0
meth:TNP2,methylation,0.0,0,0.0
meth:TNR,methylation,0.0,0,0.0
meth:TNRC4,methylation,0.0,0,0.0
meth:TOLLIP,methylation,0.0,6,0.12
meth:TOMM40L,methylation,0.0,0,0.0
meth:TOP1P1,methylation,0.0,0,0.0
meth:TNFSF8,methylation,0.0,1,0.02
meth:TNFSF9,methylation,0.0,0,0.0
expr:ADGRB3,expression,0.0,0,0.0
meth:TNK1,methylation,0.0,7,0.14
meth:TNN,methylation,0.0,0,0.0
meth:TNNC2,methylation,0.0,0,0.0
meth:TNNI1,methylation,0.0,0,0.0
meth:TNNI2,methylation,0.0,0,0.0
expr:ADGRG2,expression,0.0,0,0.0
expr:ADGRG3,expression,0.0,0,0.0
expr:ADGRG4,expression,0.0,0,0.0
expr:ADGRG5,expression,0.0,1,0.02
expr:ADGRG6,expression,0.0,0,0.0
expr:ADGRG7,expression,0.0,0,0.0
expr:ADGRL2,expression,0.0,4,0.08
expr:ADGRL3,expression,0.0,0,0.0
meth:TNIP3,methylation,0.0,0,0.0
meth:TRPC7,methylation,0.0,2,0.04
meth:TRPM2,methylation,0.0,0,0.0
meth:TRPM3,methylation,0.0,0,0.0
meth:TRPM5,methylation,0.0,0,0.0
meth:TRPM8,methylation,0.0,1,0.02
meth:TRPV2,methylation,0.0,0,0.0
meth:TRIML2,methylation,0.0,0,0.0
meth:TRIP6,methylation,0.0,0,0.0
meth:TRIT1,methylation,0.0,0,0.0
meth:TRPA1,methylation,0.0,0,0.0
meth:TRPC1,methylation,0.0,1,0.02
meth:TRPC2,methylation,0.0,0,0.0
meth:TRPC3,methylation,0.0,1,0.02
meth:TRIM38,methylation,0.0,0,0.0
meth:TRIM69,methylation,0.0,0,0.0
meth:TRIM7,methylation,0.0,0,0.0
meth:TRIM71,methylation,0.0,0,0.0
meth:TRIM75,methylation,0.0,0,0.0
meth:TRIM78P,methylation,0.0,0,0.0
meth:TRIM9,methylation,0.0,0,0.0
meth:TRIM54,methylation,0.0,0,0.0
meth:TRIM55,methylation,0.0,1,0.02
meth:TRIM58,methylation,0.0,0,0.0
meth:TRIM59,methylation,0.0,0,0.0
meth:TRIM6-TRIM34,methylation,0.0,3,0.06
meth:TRIM60,methylation,0.0,0,0.0
meth:TRIM61,methylation,0.0,0,0.0
meth:TRIM67,methylation,0.0,1,0.02
meth:TRIM4,methylation,0.0,0,0.0
meth:TRIM40,methylation,0.0,0,0.0
meth:TRIM42,methylation,0.0,0,0.0
meth:TREML2P,methylation,0.0,0,0.0
meth:TREX1,methylation,0.0,0,0.0
meth:TRH,methylation,0.0,0,0.0
meth:TRHDE,methylation,0.0,1,0.02
meth:TRHR,methylation,0.0,0,0.0
meth:TRIB2,methylation,0.0,8,0.16
meth:TRIL,methylation,0.0,0,0.0
meth:TRIM10,methylation,0.0,1,0.02
meth:TRAM1L1,methylation,0.0,0,0.0
meth:TRANK1,methylation,0.0,0,0.0
meth:TRPC6,methylation,0.0,0,0.0
meth:TRAT1,methylation,0.0,0,0.0
meth:TRDN,methylation,0.0,0,0.0
meth:TREH,methylation,0.0,0,0.0
meth:TREM2,methylation,0.0,0,0.0
meth:TREML2,methylation,0.0,0,0.0
meth:TPRXL,methylation,0.0,0,0.0
meth:TPSG1,methylation,0.0,0,0.0
meth:TPST1,methylation,0.0,1,0.02
meth:TPTE,methylation,0.0,0,0.0
meth:TRABD,methylation,0.0,5,0.1
meth:TRAF1,methylation,0.0,0,0.0
meth:TRAF3IP3,methylation,0.0,0,0.0
meth:TRAK1,methylation,0.0,0,0.0
meth:TRPC4,methylation,0.0,0,0.0
meth:TRAPPC9,methylation,0.0,11,0.22
expr:C11orf97,expression,0.0,0,0.0
expr:C12orf42,expression,0.0,0,0.0
expr:C12orf50,expression,0.0,0,0.0
expr:C12orf54,expression,0.0,0,0.0
expr:C12orf56,expression,0.0,0,0.0
expr:C12orf60,expression,0.0,0,0.0
expr:C12orf71,expression,0.0,0,0.0
expr:C12orf75,expression,0.0,0,0.0
meth:PABPC4L,methylation,0.0,0,0.0
expr:C11orf53,expression,0.0,0,0.0
expr:C11orf80,expression,0.0,0,0.0
expr:C11orf86,expression,0.0,0,0.0
expr:C11orf87,expression,0.0,0,0.0
expr:ARHGAP19-SLIT1,expression,0.0,0,0.0
expr:C11orf94,expression,0.0,0,0.0
expr:C11orf96,expression,0.0,0,0.0
meth:PAR5,methylation,0.0,0,0.0
meth:PARP10,methylation,0.0,0,0.0
meth:PARP11,methylation,0.0,0,0.0
meth:PARP12,methylation,0.0,1,0.02
meth:PARP15,methylation,0.0,0,0.0
meth:PARP4,methylation,0.0,0,0.0
meth:PARP8,methylation,0.0,0,0.0
meth:PART1,methylation,0.0,6,0.12
meth:PAPPA2,methylation,0.0,0,0.0
meth:PAQR4,methylation,0.0,0,0.0
meth:PAQR6,methylation,0.0,13,0.26
expr:C11orf91,expression,0.0,0,0.0
meth:OTOP2,methylation,0.0,0,0.0
meth:OTOR,methylation,0.0,20,0.4
meth:OTUB1,methylation,0.0,0,0.0
meth:OTX1,methylation,0.0,2,0.04
meth:OVCH2,methylation,0.0,0,0.0
meth:OSCAR,methylation,0.0,0,0.0
meth:OSM,methylation,0.0,0,0.0
meth:OSMR,methylation,0.0,0,0.0
meth:OSR2,methylation,0.0,0,0.0
meth:OSTBETA,methylation,0.0,0,0.0
meth:OSTCL,methylation,0.0,0,0.0
meth:OSTN,methylation,0.0,0,0.0
meth:OTOA,methylation,0.0,0,0.0
expr:C16orf86,expression,0.0,0,0.0
expr:C16orf90,expression,0.0,0,0.0
expr:C16orf92,expression,0.0,0,0.0
expr:C16orf96,expression,0.0,0,0.0
expr:C17orf107,expression,0.0,0,0.0
meth:PACS2,methylation,0.0,1,0.02
meth:PACSIN3,methylation,0.0,0,0.0
meth:PADI1,methylation,0.0,0,0.0
expr:C13orf46,expression,0.0,0,0.0
expr:C14orf132,expression,0.0,1,0.02
expr:C14orf180,expression,0.0,0,0.0
expr:C14orf39,expression,0.0,0,0.0
expr:C16orf71,expression,0.0,0,0.0
expr:C16orf74,expression,0.0,0,0.0
expr:C16orf89,expression,0.0,0,0.0
expr:BTBD19,expression,0.0,0,0.0
expr:BTBD8,expression,0.0,0,0.0
expr:BTG3,expression,0.0,1,0.02
expr:BTG4,expression,0.0,0,0.0
expr:BTNL2,expression,0.0,0,0.0
expr:BTNL3,expression,0.0,0,0.0
expr:BTNL8,expression,0.0,0,0.0
meth:PAX4,methylation,0.0,0,0.0
meth:PAX5,methylation,0.0,0,0.0
meth:PAX6,methylation,0.0,0,0.0
meth:PAX7,methylation,0.0,0,0.0
meth:PAX9,methylation,0.0,0,0.0
meth:PBOV1,methylation,0.0,2,0.04
meth:PAQR8,methylation,0.0,0,0.0
expr:BTBD17,expression,0.0,0,0.0
meth:PARVA,methylation,0.0,18,0.36
meth:PARVB,methylation,0.0,0,0.0
meth:PARVG,methylation,0.0,3,0.06
meth:PATE2,methylation,0.0,0,0.0
meth:PATE3,methylation,0.0,0,0.0
meth:PATL2,methylation,0.0,0,0.0
meth:PAX1,methylation,0.0,0,0.0
meth:PAX3,methylation,0.0,0,0.0
meth:PCDHB10,methylation,0.0,0,0.0
meth:PCDHB14,methylation,0.0,3,0.06
meth:PCDHB15,methylation,0.0,10,0.2
meth:PCDHB17,methylation,0.0,0,0.0
meth:PBX4,methylation,0.0,0,0.0
meth:PAQR9,methylation,0.0,0,0.0
meth:PAR-SN,methylation,0.0,0,0.0
meth:PAR1,methylation,0.0,0,0.0
meth:PAR4,methylation,0.0,0,0.0
meth:PALMD,methylation,0.0,5,0.1
meth:PAM,methylation,0.0,0,0.0
meth:PAMR1,methylation,0.0,0,0.0
meth:PANX2,methylation,0.0,0,0.0
meth:PANX3,methylation,0.0,0,0.0
meth:PAPLN,methylation,0.0,0,0.0
meth:PAPOLB,methylation,0.0,1,0.02
meth:PAPPA,methylation,0.0,0,0.0
meth:PADI4,methylation,0.0,5,0.1
expr:BTBD18,expression,0.0,1,0.02
meth:PAG1,methylation,0.0,0,0.0
meth:PAH,methylation,0.0,4,0.08
meth:PAK7,methylation,0.0,0,0.0
meth:PALM,methylation,0.0,0,0.0
meth:PALM2,methylation,0.0,0,0.0
meth:PALM2-AKAP2,methylation,0.0,0,0.0
expr:BTNL9,expression,0.0,0,0.0
expr:BUB1,expression,0.0,2,0.04
expr:BVES,expression,0.0,0,0.0
expr:BX276092.9,expression,0.0,0,0.0
expr:C10orf105,expression,0.0,0,0.0
expr:C10orf67,expression,0.0,3,0.06
expr:C10orf90,expression,0.0,0,0.0
expr:C10orf99,expression,0.0,0,0.0
meth:PAEP,methylation,0.0,2,0.04
meth:OR5H6,methylation,0.0,1,0.02
meth:OR5I1,methylation,0.0,0,0.0
meth:OR5K2,methylation,0.0,0,0.0
expr:C1QTNF12,expression,0.0,0,0.0
expr:C1QTNF2,expression,0.0,0,0.0
expr:C1QTNF3,expression,0.0,0,0.0
expr:C1QTNF3-AMACR,expression,0.0,0,0.0
meth:OR6S1,methylation,0.0,0,0.0
meth:OR6T1,methylation,0.0,0,0.0
meth:OR6V1,methylation,0.0,0,0.0
meth:OR6X1,methylation,0.0,0,0.0
expr:C1GALT1C1L,expression,0.0,0,0.0
expr:C1QA,expression,0.0,0,0.0
meth:OTOP1,methylation,0.0,0,0.0
expr:C1QC,expression,0.0,0,0.0
expr:C1QL1,expression,0.0,0,0.0
expr:C1QL2,expression,0.0,0,0.0
expr:C1QL4,expression,0.0,5,0.1
expr:C1QTNF1,expression,0.0,0,0.0
expr:C17orf98,expression,0.0,0,0.0
expr:C18orf54,expression,0.0,0,0.0
expr:C18orf63,expression,0.0,0,0.0
expr:C19orf18,expression,0.0,0,0.0
expr:C19orf57,expression,0.0,0,0.0
expr:C19orf67,expression,0.0,0,0.0
expr:C19orf84,expression,0.0,0,0.0
expr:C1GALT1,expression,0.0,0,0.0
expr:C1QB,expression,0.0,0,0.0
meth:OR6C70,methylation,0.0,0,0.0
meth:OR6C74,methylation,0.0,0,0.0
meth:OR6F1,methylation,0.0,0,0.0
meth:OR6K2,methylation,0.0,0,0.0
meth:OR6K3,methylation,0.0,0,0.0
meth:OR6K6,methylation,0.0,0,0.0
meth:OR6M1,methylation,0.0,0,0.0
meth:OR6B1,methylation,0.0,0,0.0
meth:OR6B2,methylation,0.0,0,0.0
meth:OR6B3,methylation,0.0,0,0.0
meth:OR6C2,methylation,0.0,0,0.0
meth:OR6C3,methylation,0.0,0,0.0
meth:OR6C4,methylation,0.0,0,0.0
meth:OR5H2,methylation,0.0,0,0.0
meth:OR6C65,methylation,0.0,0,0.0
meth:OR5K3,methylation,0.0,0,0.0
meth:OR5L1,methylation,0.0,0,0.0
meth:OR5M3,methylation,0.0,0,0.0
meth:OR5M8,methylation,0.0,0,0.0
meth:OR5P3,methylation,0.0,0,0.0
meth:OR5V1,methylation,0.0,0,0.0
meth:OR5W2,methylation,0.0,1,0.02
meth:OR6A2,methylation,0.0,0,0.0
meth:OR5D14,methylation,0.0,0,0.0
meth:OR5D18,methylation,0.0,0,0.0
meth:OR5H1,methylation,0.0,0,0.0
meth:OR5H15,methylation,0.0,0,0.0
meth:OR6C6,methylation,0.0,0,0.0
meth:OR8D1,methylation,0.0,0,0.0
meth:OR8D4,methylation,0.0,0,0.0
meth:OR6Y1,methylation,0.0,0,0.0
meth:OR7A5,methylation,0.0,0,0.0
meth:OR7C1,methylation,0.0,0,0.0
meth:OR7C2,methylation,0.0,0,0.0
meth:OR7D2,methylation,0.0,0,0.0
meth:OR7E37P,methylation,0.0,0,0.0
meth:OR7E91P,methylation,0.0,0,0.0
meth:OR7G1,methylation,0.0,0,0.0
meth:P2RY11,methylation,0.0,5,0.1
meth:P2RY12,methylation,0.0,6,0.12
meth:P2RY14,methylation,0.0,5,0.1
meth:OR6N1,methylation,0.0,0,0.0
meth:P704P,methylation,0.0,1,0.02
meth:PA2G4P4,methylation,0.0,0,0.0
meth:PABPC3,methylation,0.0,0,0.0
meth:OXCT1,methylation,0.0,7,0.14
meth:OXR1,methylation,0.0,0,0.0
meth:OXT,methylation,0.0,3,0.06
meth:OXTR,methylation,0.0,2,0.04
meth:P2RX3,methylation,0.0,0,0.0
meth:P2RX5,methylation,0.0,2,0.04
meth:P2RX7,methylation,0.0,2,0.04
meth:P2RY1,methylation,0.0,0,0.0
meth:OTOF,methylation,0.0,0,0.0
meth:OTOL1,methylation,0.0,0,0.0
meth:P4HA3,methylation,0.0,1,0.02
meth:OR6N2,methylation,0.0,0,0.0
meth:OR6P1,methylation,0.0,0,0.0
expr:C17orf50,expression,0.0,0,0.0
expr:C17orf64,expression,0.0,0,0.0
expr:C17orf67,expression,0.0,0,0.0
expr:C17orf78,expression,0.0,0,0.0
expr:C17orf97,expression,0.0,0,0.0
meth:OR9K2,methylation,0.0,0,0.0
meth:OR9Q1,methylation,0.0,0,0.0
meth:OR9Q2,methylation,0.0,0,0.0
meth:ORMDL3,methylation,0.0,0,0.0
meth:OS9,methylation,0.0,1,0.02
meth:OSBPL7,methylation,0.0,0,0.0
meth:OR8B8,methylation,0.0,0,0.0
meth:OSBPL9,methylation,0.0,0,0.0
meth:OR8H1,methylation,0.0,0,0.0
meth:OR8H3,methylation,0.0,0,0.0
meth:OR8K1,methylation,0.0,0,0.0
meth:OR8K3,methylation,0.0,1,0.02
meth:OR9A2,methylation,0.0,0,0.0
meth:OR9A4,methylation,0.0,0,0.0
meth:OR9G4,methylation,0.0,1,0.02
meth:OR9I1,methylation,0.0,0,0.0
meth:OR7G2,methylation,0.0,0,0.0
meth:OR8A1,methylation,0.0,0,0.0
meth:OR8B12,methylation,0.0,0,0.0
meth:OR8B2,methylation,0.0,0,0.0
meth:OR8B4,methylation,0.0,0,0.0
meth:OSBPL8,methylation,0.0,0,0.0
meth:PHACTR2,methylation,0.0,0,0.0
meth:PHACTR3,methylation,0.0,0,0.0
meth:PHF11,methylation,0.0,0,0.0
meth:PHF19,methylation,0.0,0,0.0
meth:PHF2,methylation,0.0,0,0.0
meth:PGA3,methylation,0.0,0,0.0
meth:PGAM2,methylation,0.0,1,0.02
meth:PGBD1,methylation,0.0,0,0.0
meth:PGC,methylation,0.0,0,0.0
meth:PGCP,methylation,0.0,0,0.0
meth:PGF,methylation,0.0,0,0.0
meth:PGK2,methylation,0.0,0,0.0
meth:PGLYRP2,methylation,0.0,0,0.0
meth:PCDHB2,methylation,0.0,0,0.0
meth:PKIA,methylation,0.0,0,0.0
meth:PKLR,methylation,0.0,0,0.0
meth:PKN1,methylation,0.0,0,0.0
meth:PKNOX2,methylation,0.0,0,0.0
meth:PKP1,methylation,0.0,0,0.0
meth:PKP3,methylation,0.0,2,0.04
meth:PLA2G12B,methylation,0.0,0,0.0
meth:PIWIL4,methylation,0.0,0,0.0
meth:PKD1L2,methylation,0.0,3,0.06
meth:PKD2,methylation,0.0,0,0.0
meth:PKD2L1,methylation,0.0,0,0.0
meth:PKD2L2,methylation,0.0,0,0.0
meth:PKDCC,methylation,0.0,0,0.0
meth:PKHD1L1,methylation,0.0,0,0.0
meth:PEBP4,methylation,0.0,0,0.0
meth:PDGFRA,methylation,0.0,1,0.02
meth:PDGFRB,methylation,0.0,0,0.0
meth:PDHA2,methylation,0.0,0,0.0
meth:PDIA2,methylation,0.0,0,0.0
meth:PDK4,methylation,0.0,0,0.0
meth:PDLIM4,methylation,0.0,0,0.0
meth:PDPN,methylation,0.0,0,0.0
meth:PDX1,methylation,0.0,0,0.0
meth:PI15,methylation,0.0,2,0.04
meth:PI16,methylation,0.0,0,0.0
meth:PIAS1,methylation,0.0,1,0.02
meth:PID1,methylation,0.0,0,0.0
meth:PHACTR1,methylation,0.0,0,0.0
meth:PIK3C2A,methylation,0.0,0,0.0
meth:PIK3C2G,methylation,0.0,0,0.0
meth:PIK3CD,methylation,0.0,0,0.0
meth:PHF21B,methylation,0.0,0,0.0
meth:PHGDH,methylation,0.0,0,0.0
meth:PHGR1,methylation,0.0,0,0.0
meth:PHLDA3,methylation,0.0,0,0.0
meth:PHOX2A,methylation,0.0,0,0.0
meth:PHYHD1,methylation,0.0,0,0.0
meth:PHYHIP,methylation,0.0,0,0.0
meth:PHYHIPL,methylation,0.0,0,0.0
meth:PGLYRP3,methylation,0.0,0,0.0
meth:PGLYRP4,methylation,0.0,0,0.0
meth:PIGR,methylation,0.0,2,0.04
expr:BMPER,expression,0.0,0,0.0
expr:BMX,expression,0.0,8,0.16
expr:BNC1,expression,0.0,0,0.0
expr:BLM,expression,0.0,0,0.0
expr:BLMH,expression,0.0,2,0.04
expr:BLVRB,expression,0.0,0,0.0
expr:BMERB1,expression,0.0,0,0.0
expr:BMI1,expression,0.0,0,0.0
expr:BMP2,expression,0.0,0,0.0
expr:BMP2K,expression,0.0,0,0.0
expr:BMP3,expression,0.0,0,0.0
meth:PLA2G1B,methylation,0.0,0,0.0
meth:PLA2G2C,methylation,0.0,0,0.0
meth:PKDREJ,methylation,0.0,0,0.0
expr:BIN2,expression,0.0,2,0.04
expr:BIRC5,expression,0.0,0,0.0
expr:BIRC7,expression,0.0,0,0.0
expr:BIVM,expression,0.0,2,0.04
expr:BLACAT1,expression,0.0,0,0.0
meth:PLEKHA4,methylation,0.0,0,0.0
meth:PLEKHF1,methylation,0.0,1,0.02
meth:PLEKHF2,methylation,0.0,0,0.0
meth:PLEKHG1,methylation,0.0,0,0.0
meth:PLEKHG4B,methylation,0.0,1,0.02
meth:PLEKHG6,methylation,0.0,1,0.02
meth:PLEKHH2,methylation,0.0,0,0.0
meth:PLIN1,methylation,0.0,0,0.0
meth:PLA2G2D,methylation,0.0,0,0.0
meth:PKHD1,methylation,0.0,0,0.0
meth:PISD,methylation,0.0,0,0.0
meth:PISRT1,methylation,0.0,0,0.0
meth:PITPNA,methylation,0.0,0,0.0
meth:PITPNM1,methylation,0.0,0,0.0
meth:PITX3,methylation,0.0,0,0.0
meth:PIWIL1,methylation,0.0,0,0.0
meth:PIWIL3,methylation,0.0,0,0.0
meth:PIK3CG,methylation,0.0,0,0.0
meth:PIK3R5,methylation,0.0,0,0.0
meth:PIK3R6,methylation,0.0,0,0.0
meth:PIN1L,methylation,0.0,0,0.0
meth:PIP,methylation,0.0,0,0.0
expr:BMP8B,expression,0.0,0,0.0
meth:PIPSL,methylation,0.0,0,0.0
meth:PIRT,methylation,0.0,0,0.0
expr:BNC2,expression,0.0,0,0.0
expr:BNIP5,expression,0.0,0,0.0
expr:BNIPL,expression,0.0,0,0.0
expr:BOC,expression,0.0,0,0.0
expr:BOK,expression,0.0,0,0.0
meth:PLA2G2E,methylation,0.0,0,0.0
meth:PLA2G4A,methylation,0.0,0,0.0
meth:PLA2G4B,methylation,0.0,1,0.02
expr:BMP4,expression,0.0,0,0.0
expr:BMP5,expression,0.0,0,0.0
expr:BMP6,expression,0.0,0,0.0
expr:BMP8A,expression,0.0,0,0.0
meth:PIP5KL1,methylation,0.0,0,0.0
expr:BSND,expression,0.0,0,0.0
expr:BSPRY,expression,0.0,0,0.0
expr:BTBD11,expression,0.0,0,0.0
expr:BTBD16,expression,0.0,0,0.0
meth:PCDHGC3,methylation,0.0,0,0.0
meth:PCDHGC4,methylation,0.0,0,0.0
meth:PCDHGC5,methylation,0.0,2,0.04
expr:BRCA2,expression,0.0,0,0.0
expr:BRDT,expression,0.0,1,0.02
expr:BRF2,expression,0.0,0,0.0
expr:BRICD5,expression,0.0,0,0.0
expr:BRINP1,expression,0.0,0,0.0
expr:BRINP2,expression,0.0,0,0.0
meth:PEAR1,methylation,0.0,0,0.0
expr:BRSK1,expression,0.0,0,0.0
expr:BPI,expression,0.0,0,0.0
expr:BPIFA1,expression,0.0,1,0.02
expr:BPIFB1,expression,0.0,0,0.0
expr:BPIFB2,expression,0.0,1,0.02
expr:BPIFB4,expression,0.0,14,0.28
expr:BPIFB6,expression,0.0,0,0.0
expr:BPTF,expression,0.0,2,0.04
expr:BRCA1,expression,0.0,0,0.0
meth:PCDHGA1,methylation,0.0,0,0.0
meth:PCDHGA12,methylation,0.0,0,0.0
meth:PCDHGA2,methylation,0.0,8,0.16
expr:BOLA2B,expression,0.0,7,0.14
expr:BRIP1,expression,0.0,0,0.0
meth:PCDHB3,methylation,0.0,0,0.0
meth:PCDHB6,methylation,0.0,1,0.02
meth:PCDHB8,methylation,0.0,1,0.02
meth:PCDHA10,methylation,0.0,1,0.02
meth:PCDHA12,methylation,0.0,0,0.0
meth:PCDHA13,methylation,0.0,0,0.0
meth:PCDHA3,methylation,0.0,1,0.02
meth:PCDHA6,methylation,0.0,0,0.0
meth:PCDHAC1,methylation,0.0,0,0.0
meth:PCDHAC2,methylation,0.0,0,0.0
meth:PCDHB1,methylation,0.0,0,0.0
meth:PCDH17,methylation,0.0,0,0.0
meth:PCDH18,methylation,0.0,0,0.0
expr:BSN,expression,0.0,0,0.0
meth:PCDH21,methylation,0.0,0,0.0
meth:PCDH24,methylation,0.0,0,0.0
meth:PCDH7,methylation,0.0,0,0.0
meth:PCDH8,methylation,0.0,0,0.0
meth:PCDHA1,methylation,0.0,0,0.0
expr:C11orf16,expression,0.0,0,0.0
expr:C11orf21,expression,0.0,11,0.22
expr:C11orf42,expression,0.0,0,0.0
expr:C11orf52,expression,0.0,0,0.0
meth:PCA3,methylation,0.0,0,0.0
meth:PCDH10,methylation,0.0,0,0.0
meth:PCDH12,methylation,0.0,11,0.22
meth:PCDH15,methylation,0.0,1,0.02
meth:PCDH20,methylation,0.0,0,0.0
meth:PCMT1,methylation,0.0,6,0.12
meth:PCNAP1,methylation,0.0,1,0.02
meth:PCNXL2,methylation,0.0,1,0.02
meth:PCOLCE,methylation,0.0,0,0.0
meth:PCOLCE2,methylation,0.0,0,0.0
meth:PCP2,methylation,0.0,0,0.0
meth:PER4,methylation,0.0,0,0.0
meth:PEX10,methylation,0.0,0,0.0
meth:PEX5L,methylation,0.0,1,0.02
meth:PF4,methylation,0.0,0,0.0
meth:PF4V1,methylation,0.0,0,0.0
meth:PFKFB2,methylation,0.0,1,0.02
meth:PFKP,methylation,0.0,0,0.0
expr:BOLL,expression,0.0,0,0.0
meth:PEG10,methylation,0.0,0,0.0
meth:PEG3,methylation,0.0,0,0.0
meth:PEG3AS,methylation,0.0,0,0.0
meth:PELO,methylation,0.0,0,0.0
meth:PENK,methylation,0.0,0,0.0
meth:PEPD,methylation,0.0,1,0.02
meth:PER1,methylation,0.0,1,0.02
meth:PER2,methylation,0.0,19,0.38
meth:PDZD2,methylation,0.0,0,0.0
meth:PDZD3,methylation,0.0,1,0.02
meth:PDZK1,methylation,0.0,0,0.0
meth:PDZRN3,methylation,0.0,1,0.02
meth:PDZRN4,methylation,0.0,0,0.0
meth:PFN3,methylation,0.0,0,0.0
expr:BOP1,expression,0.0,1,0.02
expr:BORA,expression,0.0,0,0.0
expr:BORCS8-MEF2B,expression,0.0,1,0.02
meth:PDE4A,methylation,0.0,4,0.08
meth:PDE4B,methylation,0.0,0,0.0
meth:PDE4D,methylation,0.0,0,0.0
meth:PDE6B,methylation,0.0,1,0.02
meth:PDE6C,methylation,0.0,0,0.0
meth:PDE8B,methylation,0.0,0,0.0
meth:PDE9A,methylation,0.0,0,0.0
meth:PDGFD,methylation,0.0,0,0.0
meth:PDCD1,methylation,0.0,0,0.0
meth:PDCD1LG2,methylation,0.0,0,0.0
meth:PCK1,methylation,0.0,0,0.0
meth:PDE1A,methylation,0.0,0,0.0
meth:PDE1B,methylation,0.0,2,0.04
meth:PDE1C,methylation,0.0,0,0.0
meth:PDE3A,methylation,0.0,0,0.0
meth:PDE3B,methylation,0.0,0,0.0
meth:PCP4,methylation,0.0,7,0.14
meth:PCP4L1,methylation,0.0,0,0.0
meth:PCSK1,methylation,0.0,1,0.02
meth:PCSK2,methylation,0.0,0,0.0
meth:PCSK5,methylation,0.0,0,0.0
meth:PCSK6,methylation,0.0,0,0.0
meth:PCSK9,methylation,0.0,0,0.0
meth:PDC,methylation,0.0,0,0.0
meth:PCDP1,methylation,0.0,3,0.06
meth:PDCL2,methylation,0.0,0,0.0
expr:C2orf88,expression,0.0,1,0.02
expr:C2orf92,expression,0.0,0,0.0
expr:C3AR1,expression,0.0,0,0.0
expr:C3orf14,expression,0.0,0,0.0
expr:C3orf18,expression,0.0,0,0.0
expr:C3orf20,expression,0.0,0,0.0
expr:C3orf22,expression,0.0,0,0.0
expr:C2CD4A,expression,0.0,0,0.0
expr:C2CD4B,expression,0.0,0,0.0
expr:C2CD4C,expression,0.0,0,0.0
expr:C2CD6,expression,0.0,0,0.0
expr:C2orf16,expression,0.0,0,0.0
expr:C2orf72,expression,0.0,0,0.0
meth:OR6C68,methylation,0.0,0,0.0
expr:C2orf74,expression,0.0,0,0.0
meth:NPY5R,methylation,0.0,0,0.0
meth:NPY6R,methylation,0.0,0,0.0
meth:NR0B2,methylation,0.0,0,0.0
meth:NR1I2,methylation,0.0,1,0.02
expr:C21orf91,expression,0.0,0,0.0
expr:C22orf15,expression,0.0,0,0.0
expr:C22orf23,expression,0.0,0,0.0
expr:C22orf31,expression,0.0,0,0.0
meth:NTRK3,methylation,0.0,0,0.0
meth:NTSR1,methylation,0.0,0,0.0
meth:NTSR2,methylation,0.0,1,0.02
meth:NUAK1,methylation,0.0,0,0.0
expr:C2orf73,expression,0.0,0,0.0
meth:NPM2,methylation,0.0,0,0.0
meth:NPPB,methylation,0.0,1,0.02
meth:NPPC,methylation,0.0,0,0.0
meth:NPR1,methylation,0.0,0,0.0
meth:NPAS1,methylation,0.0,0,0.0
meth:NPAS3,methylation,0.0,1,0.02
meth:NPAS4,methylation,0.0,0,0.0
meth:NPBWR1,methylation,0.0,0,0.0
meth:NPBWR2,methylation,0.0,2,0.04
meth:NPEPPS,methylation,0.0,0,0.0
meth:NPFFR1,methylation,0.0,8,0.16
meth:NOTCH3,methylation,0.0,0,0.0
meth:NOTCH4,methylation,0.0,0,0.0
expr:C2orf81,expression,0.0,0,0.0
meth:NOTUM,methylation,0.0,1,0.02
meth:NOVA1,methylation,0.0,0,0.0
meth:NOVA2,methylation,0.0,0,0.0
meth:NOX4,methylation,0.0,0,0.0
meth:NOX5,methylation,0.0,1,0.02
expr:C3orf49,expression,0.0,0,0.0
expr:C3orf52,expression,0.0,1,0.02
expr:C3orf80,expression,0.0,0,0.0
expr:C4A,expression,0.0,0,0.0
expr:C4B,expression,0.0,1,0.02
meth:NR1I3,methylation,0.0,0,0.0
meth:NR2E1,methylation,0.0,0,0.0
meth:NR2F1,methylation,0.0,6,0.12
meth:NOTO,methylation,0.0,0,0.0
meth:OLAH,methylation,0.0,0,0.0
meth:OLFM1,methylation,0.0,0,0.0
meth:OLFM2,methylation,0.0,0,0.0
meth:OLFM3,methylation,0.0,0,0.0
meth:OLFML1,methylation,0.0,0,0.0
meth:OLFML3,methylation,0.0,3,0.06
meth:ODF1,methylation,0.0,0,0.0
meth:ODF3,methylation,0.0,4,0.08
meth:ODF3B,methylation,0.0,0,0.0
meth:ODF3L2,methylation,0.0,0,0.0
meth:ODF4,methylation,0.0,0,0.0
meth:ODZ2,methylation,0.0,0,0.0
meth:ODZ3,methylation,0.0,0,0.0
meth:NUDT12,methylation,0.0,0,0.0
meth:NYNRIN,methylation,0.0,0,0.0
meth:OAF,methylation,0.0,0,0.0
meth:OAS1,methylation,0.0,0,0.0
meth:OBP2A,methylation,0.0,0,0.0
meth:OBP2B,methylation,0.0,3,0.06
meth:OBSCN,methylation,0.0,2,0.04
meth:OC90,methylation,0.0,0,0.0
meth:OCA2,methylation,0.0,2,0.04
meth:NUDT7,methylation,0.0,0,0.0
meth:NUDT9P1,methylation,0.0,0,0.0
meth:NUP210,methylation,0.0,0,0.0
meth:NUPL2,methylation,0.0,1,0.02
meth:NXNL1,methylation,0.0,0,0.0
meth:ODZ4,methylation,0.0,0,0.0
meth:NUDT13,methylation,0.0,1,0.02
meth:NUDT4,methylation,0.0,0,0.0
meth:NUDT4P1,methylation,0.0,0,0.0
meth:NT5C3L,methylation,0.0,0,0.0
meth:NT5E,methylation,0.0,0,0.0
meth:NTF3,methylation,0.0,0,0.0
meth:NTN3,methylation,0.0,1,0.02
meth:NTNG1,methylation,0.0,0,0.0
meth:NTNG2,methylation,0.0,0,0.0
meth:NTRK1,methylation,0.0,4,0.08
meth:NTRK2,methylation,0.0,0,0.0
meth:NRP1,methylation,0.0,0,0.0
meth:NRSN1,methylation,0.0,0,0.0
meth:OIT3,methylation,0.0,0,0.0
meth:NRXN1,methylation,0.0,0,0.0
meth:NSD1,methylation,0.0,3,0.06
meth:NSUN7,methylation,0.0,0,0.0
meth:NT5C1A,methylation,0.0,0,0.0
meth:NT5C3,methylation,0.0,1,0.02
meth:NR3C1,methylation,0.0,0,0.0
meth:NR5A1,methylation,0.0,0,0.0
meth:NR5A2,methylation,0.0,0,0.0
meth:NRCAM,methylation,0.0,0,0.0
meth:NRG1,methylation,0.0,0,0.0
meth:NRG2,methylation,0.0,0,0.0
meth:NRG4,methylation,0.0,0,0.0
meth:NRIP3,methylation,0.0,0,0.0
meth:OGDHL,methylation,0.0,0,0.0
meth:NRSN2,methylation,0.0,0,0.0
meth:NGFR,methylation,0.0,0,0.0
meth:NHEDC2,methylation,0.0,0,0.0
meth:NEUROD1,methylation,0.0,0,0.0
meth:NEUROD2,methylation,0.0,0,0.0
meth:NEUROD6,methylation,0.0,0,0.0
meth:NEUROG1,methylation,0.0,1,0.02
meth:NEUROG2,methylation,0.0,0,0.0
meth:NEUROG3,methylation,0.0,0,0.0
meth:NFASC,methylation,0.0,0,0.0
meth:NFATC3,methylation,0.0,0,0.0
expr:C7orf33,expression,0.0,15,0.3
expr:C7orf57,expression,0.0,0,0.0
expr:C7orf61,expression,0.0,0,0.0
meth:NPL,methylation,0.0,0,0.0
meth:NKX6-1,methylation,0.0,0,0.0
meth:NKX6-2,methylation,0.0,0,0.0
meth:NKX6-3,methylation,0.0,1,0.02
meth:NLGN1,methylation,0.0,0,0.0
expr:C6,expression,0.0,0,0.0
expr:C6orf118,expression,0.0,0,0.0
expr:C6orf141,expression,0.0,1,0.02
expr:C6orf15,expression,0.0,2,0.04
expr:C6orf201,expression,0.0,1,0.02
expr:C6orf52,expression,0.0,0,0.0
expr:C6orf58,expression,0.0,2,0.04
expr:C7orf31,expression,0.0,1,0.02
expr:C4orf47,expression,0.0,0,0.0
meth:NKX3-2,methylation,0.0,0,0.0
meth:NCRNA00173,methylation,0.0,0,0.0
meth:NCRNA00174,methylation,0.0,0,0.0
meth:NCRNA00175,methylation,0.0,1,0.02
meth:NCRNA00200,methylation,0.0,0,0.0
meth:NCRNA00203,methylation,0.0,0,0.0
meth:NDFIP1,methylation,0.0,0,0.0
meth:NDN,methylation,0.0,0,0.0
meth:NKAIN1,methylation,0.0,4,0.08
meth:NKAIN2,methylation,0.0,0,0.0
meth:NKAIN3,methylation,0.0,0,0.0
meth:NKAPL,methylation,0.0,0,0.0
meth:NKD1,methylation,0.0,1,0.02
meth:NKD2,methylation,0.0,0,0.0
meth:NGF,methylation,0.0,0,0.0
meth:NHEG1,methylation,0.0,0,0.0
meth:NHLH2,methylation,0.0,0,0.0
meth:NHSL1,methylation,0.0,3,0.06
meth:NID1,methylation,0.0,0,0.0
meth:NID2,methylation,0.0,0,0.0
meth:NINJ2,methylation,0.0,0,0.0
meth:NINL,methylation,0.0,0,0.0
meth:NIPAL4,methylation,0.0,0,0.0
meth:NFE2L3,methylation,0.0,0,0.0
meth:NFIB,methylation,0.0,0,0.0
meth:NFIL3,methylation,0.0,3,0.06
meth:NGB,methylation,0.0,0,0.0
meth:NGEF,methylation,0.0,0,0.0
meth:NKG7,methylation,0.0,0,0.0
meth:NLRP14,methylation,0.0,1,0.02
meth:NLRP2,methylation,0.0,0,0.0
meth:NLRP3,methylation,0.0,0,0.0
meth:NLRP4,methylation,0.0,0,0.0
meth:NLRP7,methylation,0.0,0,0.0
meth:NLRP8,methylation,0.0,0,0.0
meth:NLRP9,methylation,0.0,2,0.04
meth:NLRX1,methylation,0.0,0,0.0
meth:NLGN2,methylation,0.0,0,0.0
meth:NLRC3,methylation,0.0,0,0.0
meth:NLRC4,methylation,0.0,0,0.0
meth:NLRP1,methylation,0.0,0,0.0
meth:NLRP10,methylation,0.0,1,0.02
expr:C4orf51,expression,0.0,1,0.02
meth:NLRP12,methylation,0.0,2,0.04
meth:NLRP13,methylation,0.0,2,0.04
meth:NPR3,methylation,0.0,0,0.0
meth:NPS,methylation,0.0,0,0.0
meth:NPTX1,methylation,0.0,0,0.0
meth:NPTX2,methylation,0.0,0,0.0
meth:NPVF,methylation,0.0,0,0.0
meth:NPW,methylation,0.0,0,0.0
meth:NPY,methylation,0.0,0,0.0
meth:NPY1R,methylation,0.0,0,0.0
meth:NPFFR2,methylation,0.0,0,0.0
meth:NPHS1,methylation,0.0,0,0.0
meth:NPHS2,methylation,0.0,0,0.0
meth:NLRP11,methylation,0.0,0,0.0
expr:C4orf54,expression,0.0,0,0.0
expr:C5,expression,0.0,0,0.0
expr:C5AR1,expression,0.0,0,0.0
expr:C5orf38,expression,0.0,0,0.0
expr:C5orf47,expression,0.0,0,0.0
expr:C5orf49,expression,0.0,2,0.04
meth:NKX1-2,methylation,0.0,0,0.0
meth:NKX2-3,methylation,0.0,0,0.0
meth:NKX2-4,methylation,0.0,0,0.0
meth:NKX2-5,methylation,0.0,2,0.04
expr:C4BPA,expression,0.0,0,0.0
expr:C4BPB,expression,0.0,0,0.0
expr:C4orf36,expression,0.0,0,0.0
meth:NNAT,methylation,0.0,0,0.0
meth:NOD2,methylation,0.0,3,0.06
meth:NODAL,methylation,0.0,0,0.0
meth:NOL4,methylation,0.0,0,0.0
meth:NOM1,methylation,0.0,6,0.12
meth:NOS1,methylation,0.0,0,0.0
expr:DCDC2C,expression,0.0,1,0.02
meth:NOSTRIN,methylation,0.0,0,0.0
meth:NMBR,methylation,0.0,0,0.0
meth:NME4,methylation,0.0,0,0.0
meth:NME5,methylation,0.0,0,0.0
meth:NMNAT2,methylation,0.0,0,0.0
meth:NMNAT3,methylation,0.0,1,0.02
meth:NMS,methylation,0.0,0,0.0
meth:NMUR1,methylation,0.0,0,0.0
expr:C4orf45,expression,0.0,0,0.0
meth:OR4C3,methylation,0.0,0,0.0
meth:OR4C6,methylation,0.0,0,0.0
meth:OR4D1,methylation,0.0,0,0.0
meth:OR4D10,methylation,0.0,0,0.0
meth:OR2W3,methylation,0.0,0,0.0
meth:OR2W5,methylation,0.0,0,0.0
meth:OR2Y1,methylation,0.0,0,0.0
meth:OR2Z1,methylation,0.0,0,0.0
meth:OR3A1,methylation,0.0,0,0.0
meth:OR3A2,methylation,0.0,0,0.0
meth:OR3A3,methylation,0.0,3,0.06
meth:OR3A4,methylation,0.0,0,0.0
meth:OR2T11,methylation,0.0,0,0.0
meth:NXNL2,methylation,0.0,0,0.0
meth:OR2T34,methylation,0.0,0,0.0
meth:OR2T4,methylation,0.0,0,0.0
meth:OR2T6,methylation,0.0,0,0.0
meth:OR2T8,methylation,0.0,0,0.0
meth:OR2V2,methylation,0.0,2,0.04
meth:OR2W1,methylation,0.0,0,0.0
meth:OR51T1,methylation,0.0,0,0.0
meth:OR51V1,methylation,0.0,2,0.04
meth:OR52A1,methylation,0.0,0,0.0
meth:OR52A4,methylation,0.0,0,0.0
meth:OR52A5,methylation,0.0,1,0.02
meth:OR52B4,methylation,0.0,0,0.0
meth:OR52B6,methylation,0.0,0,0.0
meth:OR2T33,methylation,0.0,0,0.0
meth:OR2L13,methylation,0.0,0,0.0
meth:OR2B2,methylation,0.0,0,0.0
meth:OR2B3,methylation,0.0,0,0.0
meth:OR2B6,methylation,0.0,0,0.0
meth:OR2C1,methylation,0.0,0,0.0
meth:OR2C3,methylation,0.0,0,0.0
meth:OR2D2,methylation,0.0,0,0.0
meth:OR2D3,methylation,0.0,0,0.0
meth:OR2F1,methylation,0.0,0,0.0
meth:OR1S2,methylation,0.0,0,0.0
meth:OR2A12,methylation,0.0,0,0.0
meth:OR2A14,methylation,0.0,0,0.0
meth:OR2A5,methylation,0.0,1,0.02
meth:OR4C16,methylation,0.0,0,0.0
meth:OR2AG2,methylation,0.0,0,0.0
meth:OR2AT4,methylation,0.0,0,0.0
meth:OR2B11,methylation,0.0,0,0.0
meth:OR4D11,methylation,0.0,0,0.0
meth:OR4D2,methylation,0.0,0,0.0
meth:OR4D5,methylation,0.0,0,0.0
meth:OR4D6,methylation,0.0,0,0.0
meth:OR4D9,methylation,0.0,0,0.0
meth:OR4F15,methylation,0.0,1,0.02
meth:OR4F6,methylation,0.0,1,0.02
meth:OR4A16,methylation,0.0,0,0.0
meth:OR4B1,methylation,0.0,0,0.0
meth:OR4C15,methylation,0.0,0,0.0
meth:OR2AG1,methylation,0.0,0,0.0
meth:OR5B3,methylation,0.0,0,0.0
meth:OR5C1,methylation,0.0,0,0.0
meth:OR5D13,methylation,0.0,0,0.0
meth:OR56B4,methylation,0.0,0,0.0
meth:OR5A1,methylation,0.0,0,0.0
meth:OR5A2,methylation,0.0,1,0.02
meth:OR5AC2,methylation,0.0,0,0.0
meth:OR5AN1,methylation,0.0,0,0.0
meth:OR5AP2,methylation,0.0,0,0.0
meth:OR5AR1,methylation,0.0,0,0.0
meth:OR5AS1,methylation,0.0,0,0.0
meth:OR52M1,methylation,0.0,0,0.0
meth:OR52N1,methylation,0.0,0,0.0
meth:OR52D1,methylation,0.0,0,0.0
meth:OR56A1,methylation,0.0,0,0.0
meth:OR56A3,methylation,0.0,0,0.0
meth:OR56A4,methylation,0.0,0,0.0
meth:OR56A5,methylation,0.0,0,0.0
meth:OR56B1,methylation,0.0,0,0.0
meth:OR52E2,methylation,0.0,0,0.0
meth:OR52E8,methylation,0.0,0,0.0
meth:OR52H1,methylation,0.0,2,0.04
meth:OR52I1,methylation,0.0,0,0.0
meth:OR52J3,methylation,0.0,0,0.0
meth:OR52K1,methylation,0.0,0,0.0
meth:OR52K2,methylation,0.0,0,0.0
meth:OR52L1,methylation,0.0,0,0.0
meth:OR52R1,methylation,0.0,0,0.0
meth:OR51G1,methylation,0.0,0,0.0
meth:OR51G2,methylation,0.0,0,0.0
meth:OR51I1,methylation,0.0,0,0.0
meth:OR51I2,methylation,0.0,0,0.0
meth:OR51L1,methylation,0.0,0,0.0
meth:OR51M1,methylation,0.0,0,0.0
meth:OR51Q1,methylation,0.0,1,0.02
meth:OR51S1,methylation,0.0,0,0.0
meth:OR51B4,methylation,0.0,0,0.0
meth:OR51B5,methylation,0.0,1,0.02
meth:OR51B6,methylation,0.0,0,0.0
meth:OR51D1,methylation,0.0,0,0.0
meth:OR51E1,methylation,0.0,0,0.0
meth:OR5B21,methylation,0.0,1,0.02
meth:OR51F1,methylation,0.0,0,0.0
meth:OR51F2,methylation,0.0,1,0.02
meth:OR4K1,methylation,0.0,9,0.18
meth:OR4K17,methylation,0.0,0,0.0
meth:OR4S1,methylation,0.0,0,0.0
meth:OR4S2,methylation,0.0,0,0.0
meth:OR4X1,methylation,0.0,0,0.0
meth:OR4X2,methylation,0.0,0,0.0
meth:OR51A2,methylation,0.0,2,0.04
meth:OR51A7,methylation,0.0,0,0.0
meth:OR5AU1,methylation,0.0,0,0.0
meth:OR5B12,methylation,0.0,0,0.0
meth:OR5B17,methylation,0.0,0,0.0
meth:OR5B2,methylation,0.0,0,0.0
meth:OR51E2,methylation,0.0,0,0.0
meth:OLIG3,methylation,0.0,0,0.0
meth:OLR1,methylation,0.0,0,0.0
expr:C1QTNF4,expression,0.0,0,0.0
expr:C1QTNF6,expression,0.0,0,0.0
expr:C1QTNF7,expression,0.0,0,0.0
expr:C1QTNF9B,expression,0.0,0,0.0
meth:OR10K2,methylation,0.0,0,0.0
meth:OR10P1,methylation,0.0,0,0.0
meth:OR10Q1,methylation,0.0,0,0.0
meth:OR10S1,methylation,0.0,0,0.0
meth:OR10T2,methylation,0.0,0,0.0
meth:OR10V1,methylation,0.0,0,0.0
meth:OR10W1,methylation,0.0,0,0.0
meth:OR2K2,methylation,0.0,2,0.04
meth:OR10G8,methylation,0.0,0,0.0
meth:OR10H1,methylation,0.0,0,0.0
meth:OR10H2,methylation,0.0,0,0.0
meth:OR10H4,methylation,0.0,0,0.0
meth:OR10H5,methylation,0.0,0,0.0
meth:OR10J1,methylation,0.0,0,0.0
meth:OR10J3,methylation,0.0,0,0.0
meth:OR10J5,methylation,0.0,0,0.0
meth:OR10A3,methylation,0.0,0,0.0
meth:OR10A4,methylation,0.0,0,0.0
meth:OR10A7,methylation,0.0,0,0.0
meth:OR10AD1,methylation,0.0,0,0.0
meth:OR10AG1,methylation,0.0,0,0.0
meth:OR10X1,methylation,0.0,0,0.0
meth:NXPH1,methylation,0.0,0,0.0
meth:NXPH2,methylation,0.0,0,0.0
expr:C2,expression,0.0,0,0.0
expr:C20orf202,expression,0.0,0,0.0
expr:C20orf203,expression,0.0,0,0.0
expr:C20orf204,expression,0.0,0,0.0
expr:C20orf96,expression,0.0,0,0.0
meth:ONECUT2,methylation,0.0,0,0.0
meth:ONECUT3,methylation,0.0,0,0.0
meth:OOEP,methylation,0.0,0,0.0
expr:C1orf189,expression,0.0,0,0.0
expr:C1orf194,expression,0.0,0,0.0
expr:C1orf21,expression,0.0,0,0.0
meth:OLIG2,methylation,0.0,0,0.0
expr:C1orf226,expression,0.0,0,0.0
expr:C1orf53,expression,0.0,0,0.0
expr:C1orf87,expression,0.0,0,0.0
expr:C1orf94,expression,0.0,5,0.1
expr:C1R,expression,0.0,1,0.02
expr:C1orf100,expression,0.0,0,0.0
expr:C1orf112,expression,0.0,0,0.0
expr:C1orf115,expression,0.0,0,0.0
expr:C1orf116,expression,0.0,0,0.0
expr:C1orf146,expression,0.0,0,0.0
expr:C1orf158,expression,0.0,2,0.04
expr:C1orf162,expression,0.0,0,0.0
meth:OLIG1,methylation,0.0,0,0.0
expr:C1orf210,expression,0.0,0,0.0
meth:OR13J1,methylation,0.0,0,0.0
meth:OR14A16,methylation,0.0,0,0.0
meth:OR14C36,methylation,0.0,0,0.0
meth:OR14I1,methylation,0.0,0,0.0
meth:OR14J1,methylation,0.0,0,0.0
meth:OR10Z1,methylation,0.0,0,0.0
meth:OR11A1,methylation,0.0,0,0.0
meth:OR11G2,methylation,0.0,0,0.0
meth:OR11H4,methylation,0.0,0,0.0
meth:OR11L1,methylation,0.0,0,0.0
meth:OR12D2,methylation,0.0,1,0.02
meth:OR12D3,methylation,0.0,0,0.0
meth:OR13A1,methylation,0.0,1,0.02
meth:OR10C1,methylation,0.0,0,0.0
meth:OR2L8,methylation,0.0,0,0.0
meth:OR2M2,methylation,0.0,0,0.0
meth:OR2M3,methylation,0.0,0,0.0
meth:OR2M4,methylation,0.0,0,0.0
meth:OR2M5,methylation,0.0,0,0.0
meth:OR2S2,methylation,0.0,2,0.04
meth:OR2T1,methylation,0.0,0,0.0
meth:OR2G2,methylation,0.0,0,0.0
meth:OR2G3,methylation,0.0,0,0.0
meth:OR2G6,methylation,0.0,0,0.0
meth:OR2H1,methylation,0.0,0,0.0
meth:OR2H2,methylation,0.0,0,0.0
meth:OR2J2,methylation,0.0,0,0.0
meth:OR2L3,methylation,0.0,1,0.02
meth:OR10G2,methylation,0.0,1,0.02
meth:OR10G3,methylation,0.0,1,0.02
meth:OPALIN,methylation,0.0,0,0.0
meth:OPCML,methylation,0.0,0,0.0
meth:OPLAH,methylation,0.0,1,0.02
meth:OPRD1,methylation,0.0,0,0.0
meth:OPRK1,methylation,0.0,0,0.0
meth:OPRM1,methylation,0.0,0,0.0
meth:OPTC,methylation,0.0,0,0.0
meth:OR10A2,methylation,0.0,0,0.0
meth:OR1J1,methylation,0.0,0,0.0
meth:OR1K1,methylation,0.0,0,0.0
meth:OR1L3,methylation,0.0,0,0.0
meth:OR13G1,methylation,0.0,0,0.0
meth:OR1M1,methylation,0.0,0,0.0
meth:OR1N1,methylation,0.0,0,0.0
meth:OR1Q1,methylation,0.0,0,0.0
meth:OR1S1,methylation,0.0,0,0.0
meth:OR1A1,methylation,0.0,0,0.0
meth:OR1A2,methylation,0.0,0,0.0
meth:OR1B1,methylation,0.0,0,0.0
meth:OR1C1,methylation,0.0,0,0.0
meth:OR1D2,methylation,0.0,0,0.0
meth:OR1F2P,methylation,0.0,0,0.0
meth:OR1G1,methylation,0.0,0,0.0
meth:OR1I1,methylation,0.0,0,0.0
meth:OR13C3,methylation,0.0,0,0.0
meth:OR13D1,methylation,0.0,0,0.0
meth:OR1L6,methylation,0.0,0,0.0
meth:RPGRIP1,methylation,0.0,0,0.0
meth:RPH3A,methylation,0.0,17,0.34
meth:RNU5E,methylation,0.0,0,0.0
meth:RNY5,methylation,0.0,0,0.0
meth:ROBO1,methylation,0.0,0,0.0
meth:ROBO2,methylation,0.0,0,0.0
meth:ROBO3,methylation,0.0,0,0.0
meth:ROBO4,methylation,0.0,2,0.04
meth:ROCK2,methylation,0.0,2,0.04
meth:ROR1,methylation,0.0,1,0.02
meth:RNF219,methylation,0.0,0,0.0
meth:RNF220,methylation,0.0,0,0.0
meth:RNF222,methylation,0.0,17,0.34
meth:PLCXD3,methylation,0.0,0,0.0
meth:RNF43,methylation,0.0,0,0.0
meth:RNH1,methylation,0.0,0,0.0
meth:RNLS,methylation,0.0,0,0.0
meth:RNU5D,methylation,0.0,0,0.0
meth:RTKN,methylation,0.0,1,0.02
meth:RTL1,methylation,0.0,0,0.0
meth:RTN2,methylation,0.0,0,0.0
meth:RTP3,methylation,0.0,0,0.0
meth:RUNX1T1,methylation,0.0,0,0.0
meth:RUNX3,methylation,0.0,0,0.0
meth:RUSC1,methylation,0.0,0,0.0
meth:RSPH4A,methylation,0.0,0,0.0
meth:RSPH6A,methylation,0.0,0,0.0
meth:RNF32,methylation,0.0,0,0.0
expr:ASIC5,expression,0.0,0,0.0
expr:ASIP,expression,0.0,0,0.0
expr:ASNS,expression,0.0,0,0.0
expr:ASPA,expression,0.0,0,0.0
expr:ASPDH,expression,0.0,0,0.0
expr:ASPH,expression,0.0,0,0.0
expr:ASPHD2,expression,0.0,0,0.0
meth:RNF180,methylation,0.0,0,0.0
meth:RNF182,methylation,0.0,6,0.12
meth:RNF207,methylation,0.0,0,0.0
meth:RNF212,methylation,0.0,1,0.02
meth:RNF213,methylation,0.0,1,0.02
expr:ASIC3,expression,0.0,0,0.0
meth:RPE65,methylation,0.0,0,0.0
meth:RPL10L,methylation,0.0,1,0.02
meth:RPL13AP3,methylation,0.0,0,0.0
meth:RPL24,methylation,0.0,21,0.42
meth:RPL31P11,methylation,0.0,0,0.0
meth:RPL37,methylation,0.0,1,0.02
meth:RPL39L,methylation,0.0,0,0.0
meth:RPL3L,methylation,0.0,0,0.0
meth:RPLP0P2,methylation,0.0,0,0.0
meth:RORB,methylation,0.0,0,0.0
meth:RORC,methylation,0.0,16,0.32
meth:ROS1,methylation,0.0,0,0.0
meth:RP1L1,methylation,0.0,3,0.06
meth:RPA2,methylation,0.0,1,0.02
expr:ASIC4,expression,0.0,0,0.0
expr:ARX,expression,0.0,0,0.0
expr:ASAH1,expression,0.0,0,0.0
expr:ASAH2,expression,0.0,0,0.0
expr:ASAP2,expression,0.0,0,0.0
expr:ASB11,expression,0.0,0,0.0
expr:ASB12,expression,0.0,0,0.0
expr:ASB13,expression,0.0,0,0.0
expr:ASB15,expression,0.0,0,0.0
meth:RYR3,methylation,0.0,0,0.0
expr:ARSJ,expression,0.0,0,0.0
expr:ARSL,expression,0.0,0,0.0
expr:ART1,expression,0.0,0,0.0
expr:ART3,expression,0.0,1,0.02
meth:RSPH9,methylation,0.0,0,0.0
expr:ART5,expression,0.0,0,0.0
expr:ARTN,expression,0.0,0,0.0
meth:RUSC2,methylation,0.0,0,0.0
meth:RWDD3,methylation,0.0,0,0.0
meth:RXFP1,methylation,0.0,0,0.0
meth:RXFP3,methylation,0.0,0,0.0
meth:RXRG,methylation,0.0,0,0.0
meth:RYR1,methylation,0.0,2,0.04
meth:RYR2,methylation,0.0,0,0.0
meth:SARM1,methylation,0.0,0,0.0
meth:SARS,methylation,0.0,5,0.1
meth:SASH1,methylation,0.0,1,0.02
meth:SATB2,methylation,0.0,0,0.0
expr:ART4,expression,0.0,0,0.0
meth:RSPO1,methylation,0.0,0,0.0
meth:RSPO2,methylation,0.0,0,0.0
meth:RSPO3,methylation,0.0,0,0.0
meth:RSPO4,methylation,0.0,0,0.0
meth:RTBDN,methylation,0.0,0,0.0
meth:RPTN,methylation,0.0,0,0.0
meth:RRAD,methylation,0.0,0,0.0
meth:RRAS2,methylation,0.0,5,0.1
meth:RRH,methylation,0.0,1,0.02
meth:RRN3P1,methylation,0.0,0,0.0
meth:RRN3P2,methylation,0.0,0,0.0
meth:RRP7B,methylation,0.0,0,0.0
meth:RSAD2,methylation,0.0,0,0.0
expr:ASGR2,expression,0.0,0,0.0
meth:RPP25,methylation,0.0,1,0.02
meth:RPP30,methylation,0.0,0,0.0
meth:RPRM,methylation,0.0,0,0.0
meth:RPRML,methylation,0.0,0,0.0
meth:RPS15A,methylation,0.0,0,0.0
meth:RPS6KA2,methylation,0.0,0,0.0
meth:RPS6KL1,methylation,0.0,0,0.0
expr:ASB16,expression,0.0,0,0.0
expr:ASB5,expression,0.0,0,0.0
expr:ASCL1,expression,0.0,0,0.0
expr:ASCL2,expression,0.0,0,0.0
expr:ASCL4,expression,0.0,0,0.0
expr:ASF1B,expression,0.0,0,0.0
expr:ASGR1,expression,0.0,0,0.0
meth:RPLP1,methylation,0.0,0,0.0
expr:ATP1B1,expression,0.0,0,0.0
meth:RFPL3S,methylation,0.0,0,0.0
meth:RFPL4B,methylation,0.0,0,0.0
expr:ATL1,expression,0.0,0,0.0
expr:ATOH7,expression,0.0,0,0.0
expr:ATOH8,expression,0.0,0,0.0
expr:ATP10D,expression,0.0,1,0.02
meth:RHOD,methylation,0.0,0,0.0
meth:RHOH,methylation,0.0,0,0.0
meth:RHOJ,methylation,0.0,0,0.0
meth:RHOU,methylation,0.0,1,0.02
meth:RIBC2,methylation,0.0,0,0.0
meth:RIC3,methylation,0.0,0,0.0
expr:ASXL3,expression,0.0,0,0.0
meth:RILP,methylation,0.0,1,0.02
meth:RGS6,methylation,0.0,0,0.0
meth:RGS7,methylation,0.0,0,0.0
meth:RGS7BP,methylation,0.0,0,0.0
meth:RGS8,methylation,0.0,0,0.0
meth:RHBDL1,methylation,0.0,0,0.0
meth:RHBDL3,methylation,0.0,1,0.02
meth:RHBG,methylation,0.0,0,0.0
meth:RHCG,methylation,0.0,0,0.0
meth:RGS13,methylation,0.0,0,0.0
meth:RGS17,methylation,0.0,0,0.0
meth:RGS2,methylation,0.0,0,0.0
meth:RGS20,methylation,0.0,0,0.0
meth:RICH2,methylation,0.0,1,0.02
meth:RCAN2,methylation,0.0,0,0.0
meth:RCCD1,methylation,0.0,2,0.04
meth:RCL1,methylation,0.0,1,0.02
meth:RCVRN,methylation,0.0,0,0.0
meth:RDH12,methylation,0.0,0,0.0
meth:RDH13,methylation,0.0,0,0.0
expr:ATP4B,expression,0.0,0,0.0
expr:ATP5MF-PTCD1,expression,0.0,0,0.0
expr:ATP6V0A4,expression,0.0,0,0.0
expr:ATP6V0C,expression,0.0,0,0.0
expr:ATP6V0D2,expression,0.0,0,0.0
meth:RFTN1,methylation,0.0,0,0.0
meth:RFX4,methylation,0.0,0,0.0
expr:ATP1A4,expression,0.0,0,0.0
expr:ATP2A1,expression,0.0,0,0.0
expr:ATP2A3,expression,0.0,0,0.0
expr:ATP2B2,expression,0.0,2,0.04
expr:ATP2B3,expression,0.0,9,0.18
expr:ATP2B4,expression,0.0,0,0.0
expr:ATP2C2,expression,0.0,0,0.0
expr:ATP4A,expression,0.0,0,0.0
expr:ATP11A,expression,0.0,0,0.0
expr:ATP11B,expression,0.0,0,0.0
expr:ATP11C,expression,0.0,0,0.0
expr:ATP12A,expression,0.0,0,0.0
expr:ATP13A4,expression,0.0,0,0.0
expr:ATP1A1,expression,0.0,0,0.0
meth:RFX6,methylation,0.0,0,0.0
meth:RIPPLY2,methylation,0.0,0,0.0
meth:RIT2,methylation,0.0,0,0.0
meth:RLTPR,methylation,0.0,0,0.0
meth:RMST,methylation,0.0,0,0.0
meth:RNASE10,methylation,0.0,0,0.0
meth:RIMBP2,methylation,0.0,0,0.0
meth:RIMKLA,methylation,0.0,1,0.02
meth:RIMS1,methylation,0.0,0,0.0
meth:RIMS2,methylation,0.0,0,0.0
meth:RIMS4,methylation,0.0,0,0.0
meth:RIN1,methylation,0.0,2,0.04
meth:RIN2,methylation,0.0,0,0.0
meth:RIN3,methylation,0.0,0,0.0
meth:RGS21,methylation,0.0,0,0.0
expr:ATAD3C,expression,0.0,0,0.0
expr:ATAD5,expression,0.0,0,0.0
expr:ATCAY,expression,0.0,7,0.14
expr:ATF7IP2,expression,0.0,0,0.0
expr:ATG16L2,expression,0.0,0,0.0
expr:ATG9A,expression,0.0,0,0.0
meth:RNF217,methylation,0.0,0,0.0
expr:ASPM,expression,0.0,2,0.04
expr:ASPN,expression,0.0,0,0.0
expr:ASPRV1,expression,0.0,0,0.0
expr:ASRGL1,expression,0.0,0,0.0
expr:ASTL,expression,0.0,9,0.18
expr:ASTN2,expression,0.0,0,0.0
expr:ATAD2,expression,0.0,0,0.0
meth:RGS22,methylation,0.0,0,0.0
meth:RGS4,methylation,0.0,0,0.0
meth:RGS5,methylation,0.0,0,0.0
meth:RFX7,methylation,0.0,0,0.0
meth:RFX8,methylation,0.0,1,0.02
meth:RGL3,methylation,0.0,0,0.0
meth:RGMA,methylation,0.0,0,0.0
meth:RGPD3,methylation,0.0,0,0.0
meth:RGPD4,methylation,0.0,1,0.02
meth:RGR,methylation,0.0,0,0.0
meth:RGS1,methylation,0.0,1,0.02
meth:RND2,methylation,0.0,0,0.0
meth:RNF112,methylation,0.0,4,0.08
meth:RIPK4,methylation,0.0,0,0.0
meth:RNF157,methylation,0.0,0,0.0
meth:RNF165,methylation,0.0,0,0.0
meth:RNF17,methylation,0.0,0,0.0
meth:RNF175,methylation,0.0,0,0.0
meth:RNASE11,methylation,0.0,0,0.0
meth:RNASE12,methylation,0.0,0,0.0
meth:RNASE13,methylation,0.0,0,0.0
meth:RNASE2,methylation,0.0,0,0.0
meth:RNASE3,methylation,0.0,0,0.0
meth:RNASE9,methylation,0.0,0,0.0
meth:RNASEL,methylation,0.0,0,0.0
meth:RND1,methylation,0.0,1,0.02
meth:RINL,methylation,0.0,1,0.02
meth:RIPK3,methylation,0.0,0,0.0
meth:RNF126P1,methylation,0.0,0,0.0
meth:SERPINB11,methylation,0.0,0,0.0
meth:SERPINB12,methylation,0.0,2,0.04
meth:SERPINB13,methylation,0.0,0,0.0
expr:ARHGAP33,expression,0.0,0,0.0
expr:ARHGAP36,expression,0.0,0,0.0
expr:ARHGAP4,expression,0.0,0,0.0
expr:ARHGAP40,expression,0.0,1,0.02
expr:ARHGAP42,expression,0.0,0,0.0
meth:SGCD,methylation,0.0,0,0.0
meth:SGCE,methylation,0.0,0,0.0
meth:SGCG,methylation,0.0,0,0.0
meth:SGCZ,methylation,0.0,0,0.0
meth:SGIP1,methylation,0.0,0,0.0
meth:SBF1P1,methylation,0.0,0,0.0
meth:SGPP2,methylation,0.0,0,0.0
meth:SH2D1B,methylation,0.0,0,0.0
meth:SFTA1P,methylation,0.0,0,0.0
meth:SFTPA1,methylation,0.0,0,0.0
meth:SFTPA2,methylation,0.0,1,0.02
meth:SFTPB,methylation,0.0,0,0.0
meth:SFTPC,methylation,0.0,1,0.02
meth:SFTPD,methylation,0.0,3,0.06
meth:SFXN5,methylation,0.0,0,0.0
meth:SGCB,methylation,0.0,0,0.0
meth:SFMBT2,methylation,0.0,0,0.0
meth:SFN,methylation,0.0,0,0.0
meth:SFRP1,methylation,0.0,0,0.0
meth:SGK269,methylation,0.0,0,0.0
meth:SEL1L3,methylation,0.0,4,0.08
meth:SELL,methylation,0.0,0,0.0
meth:SELP,methylation,0.0,0,0.0
meth:SELPLG,methylation,0.0,0,0.0
expr:ARID3C,expression,0.0,0,0.0
expr:ARID5A,expression,0.0,0,0.0
expr:ARID5B,expression,0.0,0,0.0
expr:ARL10,expression,0.0,0,0.0
expr:ARL11,expression,0.0,0,0.0
expr:ARL13A,expression,0.0,0,0.0
meth:SERPINB2,methylation,0.0,0,0.0
meth:SERPINB5,methylation,0.0,0,0.0
expr:ARHGEF26,expression,0.0,1,0.02
expr:ARHGEF19,expression,0.0,0,0.0
expr:ARHGEF33,expression,0.0,0,0.0
expr:ARHGEF35,expression,0.0,0,0.0
expr:ARHGEF37,expression,0.0,0,0.0
expr:ARHGEF38,expression,0.0,0,0.0
expr:ARHGEF39,expression,0.0,1,0.02
expr:ARHGEF4,expression,0.0,0,0.0
expr:ARHGAP44,expression,0.0,0,0.0
expr:ARHGAP45,expression,0.0,0,0.0
expr:ARHGAP5,expression,0.0,1,0.02
expr:ARHGAP6,expression,0.0,0,0.0
expr:ARHGAP9,expression,0.0,2,0.04
expr:ARHGDIG,expression,0.0,0,0.0
expr:ARHGEF16,expression,0.0,0,0.0
expr:ARHGEF28,expression,0.0,0,0.0
meth:SH3GL3,methylation,0.0,0,0.0
meth:SH3PXD2A,methylation,0.0,1,0.02
meth:SH3RF3,methylation,0.0,0,0.0
meth:SH3TC1,methylation,0.0,2,0.04
meth:SHANK1,methylation,0.0,0,0.0
meth:SHANK3,methylation,0.0,0,0.0
meth:SHC3,methylation,0.0,0,0.0
meth:SH2D2A,methylation,0.0,0,0.0
meth:SH2D3A,methylation,0.0,0,0.0
meth:SH2D3C,methylation,0.0,0,0.0
meth:SH2D5,methylation,0.0,0,0.0
meth:SH2D6,methylation,0.0,0,0.0
meth:SH3BGR,methylation,0.0,0,0.0
meth:SFRP2,methylation,0.0,1,0.02
meth:SH3D20,methylation,0.0,0,0.0
expr:ARHGAP26,expression,0.0,0,0.0
expr:ARHGAP28,expression,0.0,0,0.0
expr:ARHGAP29,expression,0.0,1,0.02
expr:ARHGAP30,expression,0.0,0,0.0
expr:ARHGAP32,expression,0.0,0,0.0
meth:SIGLEC8,methylation,0.0,0,0.0
meth:SIGLEC9,methylation,0.0,0,0.0
meth:SIGLECP3,methylation,0.0,1,0.02
expr:ARFGEF2,expression,0.0,0,0.0
expr:ARFGEF3,expression,0.0,0,0.0
expr:ARG2,expression,0.0,0,0.0
expr:ARHGAP10,expression,0.0,0,0.0
meth:SH3BP1,methylation,0.0,0,0.0
meth:SFRP4,methylation,0.0,0,0.0
meth:SFRP5,methylation,0.0,0,0.0
meth:SFRS13B,methylation,0.0,1,0.02
meth:SFRS7,methylation,0.0,1,0.02
meth:SERPINB7,methylation,0.0,3,0.06
meth:SERPINB9,methylation,0.0,0,0.0
meth:SERPINE1,methylation,0.0,0,0.0
meth:SERPINF2,methylation,0.0,0,0.0
meth:SERPINI2,methylation,0.0,0,0.0
meth:SESN3,methylation,0.0,0,0.0
meth:SEZ6,methylation,0.0,0,0.0
meth:SEZ6L,methylation,0.0,0,0.0
meth:SHKBP1,methylation,0.0,0,0.0
meth:SH3GL2,methylation,0.0,0,0.0
meth:SHROOM1,methylation,0.0,0,0.0
meth:SIAH3,methylation,0.0,0,0.0
meth:SIGIRR,methylation,0.0,2,0.04
meth:SIGLEC10,methylation,0.0,0,0.0
meth:SIGLEC11,methylation,0.0,0,0.0
meth:SIGLEC12,methylation,0.0,0,0.0
meth:SHC4,methylation,0.0,1,0.02
meth:SHE,methylation,0.0,0,0.0
meth:SHH,methylation,0.0,0,0.0
meth:SHISA2,methylation,0.0,0,0.0
meth:SHISA3,methylation,0.0,0,0.0
meth:SHISA4,methylation,0.0,0,0.0
meth:SHISA6,methylation,0.0,0,0.0
meth:SHISA7,methylation,0.0,0,0.0
meth:SHOX2,methylation,0.0,0,0.0
expr:ARSG,expression,0.0,0,0.0
expr:ARSH,expression,0.0,0,0.0
expr:ARSI,expression,0.0,0,0.0
meth:SCGB1D1,methylation,0.0,0,0.0
meth:SCGB1D2,methylation,0.0,0,0.0
meth:SCGB1D4,methylation,0.0,2,0.04
expr:ARMC4,expression,0.0,0,0.0
expr:ARMCX1,expression,0.0,0,0.0
expr:ARMCX4,expression,0.0,0,0.0
expr:ARMH4,expression,0.0,0,0.0
expr:ARMT1,expression,0.0,2,0.04
expr:ARNTL2,expression,0.0,0,0.0
expr:ARRB1,expression,0.0,0,0.0
meth:SEL1L2,methylation,0.0,0,0.0
meth:SCEL,methylation,0.0,0,0.0
expr:ARL15,expression,0.0,0,0.0
expr:ARL17B,expression,0.0,0,0.0
expr:ARL4A,expression,0.0,0,0.0
expr:ARL4C,expression,0.0,0,0.0
expr:ARL5C,expression,0.0,3,0.06
expr:ARL6IP4,expression,0.0,1,0.02
meth:SCAMP4,methylation,0.0,1,0.02
meth:SCAND3,methylation,0.0,0,0.0
meth:SCARA5,methylation,0.0,0,0.0
meth:SCARF2,methylation,0.0,0,0.0
meth:SCARNA1,methylation,0.0,0,0.0
meth:SCARNA10,methylation,0.0,0,0.0
expr:ARRDC4,expression,0.0,0,0.0
meth:SBF2,methylation,0.0,0,0.0
meth:SBK2,methylation,0.0,0,0.0
meth:SBNO2,methylation,0.0,15,0.3
meth:SALL4,methylation,0.0,0,0.0
meth:SAMD13,methylation,0.0,0,0.0
meth:SAMD14,methylation,0.0,5,0.1
meth:SAMD3,methylation,0.0,0,0.0
meth:SAMD4A,methylation,0.0,0,0.0
meth:SAMD5,methylation,0.0,0,0.0
meth:SAMD9L,methylation,0.0,1,0.02
meth:SARDH,methylation,0.0,1,0.02
meth:S1PR4,methylation,0.0,0,0.0
meth:S1PR5,methylation,0.0,0,0.0
expr:ARSF,expression,0.0,0,0.0
meth:SAA3P,methylation,0.0,1,0.02
meth:SAA4,methylation,0.0,0,0.0
meth:SAG,methylation,0.0,0,0.0
meth:SALL1,methylation,0.0,0,0.0
meth:SALL3,methylation,0.0,0,0.0
expr:ASH1L,expression,0.0,0,0.0
expr:ASH2L,expression,0.0,0,0.0
meth:S100A10,methylation,0.0,5,0.1
meth:S100A12,methylation,0.0,0,0.0
meth:S100A4,methylation,0.0,2,0.04
meth:S100B,methylation,0.0,3,0.06
meth:S1PR3,methylation,0.0,0,0.0
expr:ARRDC5,expression,0.0,2,0.04
meth:SAA1,methylation,0.0,0,0.0
meth:SCN2A,methylation,0.0,0,0.0
meth:SCN2B,methylation,0.0,0,0.0
meth:SCN3A,methylation,0.0,0,0.0
meth:SERPINA1,methylation,0.0,1,0.02
meth:SERPINA10,methylation,0.0,0,0.0
meth:SERPINA11,methylation,0.0,1,0.02
meth:SERPINA13,methylation,0.0,0,0.0
meth:SERPINA4,methylation,0.0,0,0.0
meth:SERPINA5,methylation,0.0,0,0.0
meth:SERPINA6,methylation,0.0,2,0.04
meth:SEMA6C,methylation,0.0,0,0.0
meth:SEMA6D,methylation,0.0,0,0.0
meth:SEMA7A,methylation,0.0,0,0.0
meth:SCARNA3,methylation,0.0,0,0.0
meth:SEPT1,methylation,0.0,0,0.0
meth:SEPT12,methylation,0.0,0,0.0
meth:SERHL,methylation,0.0,0,0.0
meth:SERP2,methylation,0.0,0,0.0
meth:SELV,methylation,0.0,0,0.0
meth:SEMA3A,methylation,0.0,0,0.0
meth:SEMA3B,methylation,0.0,0,0.0
meth:SEMA3E,methylation,0.0,0,0.0
meth:SEMA3G,methylation,0.0,0,0.0
meth:SEMA4A,methylation,0.0,0,0.0
meth:SEMA5A,methylation,0.0,0,0.0
meth:SEMA5B,methylation,0.0,0,0.0
meth:SECTM1,methylation,0.0,0,0.0
meth:SEPP1,methylation,0.0,0,0.0
meth:SCD5,methylation,0.0,0,0.0
meth:SDK1,methylation,0.0,0,0.0
meth:SDPR,methylation,0.0,3,0.06
meth:SDR16C5,methylation,0.0,0,0.0
meth:SDR16C6,methylation,0.0,0,0.0
meth:SDR42E1,methylation,0.0,0,0.0
meth:SDS,methylation,0.0,4,0.08
meth:SEC14L4,methylation,0.0,0,0.0
meth:SCRT2,methylation,0.0,0,0.0
meth:SCTR,methylation,0.0,0,0.0
meth:SCUBE1,methylation,0.0,2,0.04
meth:SCUBE3,methylation,0.0,0,0.0
meth:SDC2,methylation,0.0,0,0.0
meth:SCN1A,methylation,0.0,2,0.04
meth:SDHAF1,methylation,0.0,3,0.06
meth:SDHAP3,methylation,0.0,0,0.0
meth:SCN4A,methylation,0.0,0,0.0
meth:SCN7A,methylation,0.0,0,0.0
meth:SCN8A,methylation,0.0,0,0.0
meth:SCN9A,methylation,0.0,0,0.0
meth:SCNM1,methylation,0.0,0,0.0
meth:SCNN1B,methylation,0.0,0,0.0
meth:SCNN1G,methylation,0.0,0,0.0
meth:SCPEP1,methylation,0.0,0,0.0
meth:SCGB3A1,methylation,0.0,0,0.0
meth:SCML4,methylation,0.0,1,0.02
meth:SCN10A,methylation,0.0,0,0.0
meth:SCN11A,methylation,0.0,0,0.0
meth:SDC4P,methylation,0.0,0,0.0
meth:PRAGMIN,methylation,0.0,0,0.0
meth:PRAM1,methylation,0.0,1,0.02
meth:PRAMEF12,methylation,0.0,0,0.0
meth:PRB2,methylation,0.0,0,0.0
meth:PRB3,methylation,0.0,0,0.0
expr:BATF3,expression,0.0,0,0.0
expr:BBC3,expression,0.0,0,0.0
meth:PRLHR,methylation,0.0,0,0.0
meth:PRLR,methylation,0.0,1,0.02
meth:PRM1,methylation,0.0,0,0.0
meth:PRM2,methylation,0.0,0,0.0
meth:PRMT8,methylation,0.0,1,0.02
meth:PRND,methylation,0.0,0,0.0
meth:RBPMS2,methylation,0.0,0,0.0
meth:PROCA1,methylation,0.0,0,0.0
meth:PRKACG,methylation,0.0,0,0.0
meth:PRKAR1B,methylation,0.0,0,0.0
meth:PRKCB,methylation,0.0,0,0.0
meth:PRKCDBP,methylation,0.0,0,0.0
meth:PRKCQ,methylation,0.0,0,0.0
meth:PRKD1,methylation,0.0,0,0.0
meth:PRKG1,methylation,0.0,0,0.0
meth:PRKG2,methylation,0.0,0,0.0
meth:PRDM9,methylation,0.0,0,0.0
meth:PRDXDD1P,methylation,0.0,0,0.0
meth:PRELP,methylation,0.0,0,0.0
meth:PREX2,methylation,0.0,0,0.0
meth:PRO1768,methylation,0.0,0,0.0
meth:POU6F2,methylation,0.0,0,0.0
meth:PP14571,methylation,0.0,0,0.0
meth:PPAPDC1A,methylation,0.0,0,0.0
expr:BCOR,expression,0.0,0,0.0
expr:BDH1,expression,0.0,0,0.0
expr:BDKRB1,expression,0.0,0,0.0
expr:BDNF,expression,0.0,0,0.0
expr:BDP1,expression,0.0,0,0.0
expr:BEAN1,expression,0.0,0,0.0
meth:PRB4,methylation,0.0,0,0.0
meth:PRDM11,methylation,0.0,0,0.0
expr:BCL11A,expression,0.0,0,0.0
expr:BCL11B,expression,0.0,1,0.02
meth:PRAC,methylation,0.0,0,0.0
expr:BCL2L15,expression,0.0,0,0.0
expr:BCL2L2-PABPN1,expression,0.0,0,0.0
expr:BCL9L,expression,0.0,0,0.0
expr:BCO1,expression,0.0,0,0.0
expr:BCO2,expression,0.0,0,0.0
expr:BBOX1,expression,0.0,1,0.02
expr:BBS1,expression,0.0,0,0.0
expr:BCAM,expression,0.0,0,0.0
expr:BCAN,expression,0.0,0,0.0
expr:BCAS1,expression,0.0,1,0.02
expr:BCAS4,expression,0.0,0,0.0
expr:BCAT1,expression,0.0,0,0.0
expr:BCHE,expression,0.0,0,0.0
expr:BCL2L10,expression,0.0,0,0.0
meth:PROX2,methylation,0.0,0,0.0
meth:PRPH,methylation,0.0,0,0.0
meth:PRPS1L1,methylation,0.0,0,0.0
meth:PRR15,methylation,0.0,0,0.0
meth:PRR16,methylation,0.0,0,0.0
meth:PROCR,methylation,0.0,0,0.0
meth:PROK1,methylation,0.0,0,0.0
meth:PROK2,methylation,0.0,0,0.0
meth:PROKR1,methylation,0.0,0,0.0
meth:PROKR2,methylation,0.0,0,0.0
meth:PROM1,methylation,0.0,1,0.02
meth:PROM2,methylation,0.0,2,0.04
meth:PROP1,methylation,0.0,0,0.0
meth:PRF1,methylation,0.0,0,0.0
expr:BAHCC1,expression,0.0,3,0.06
expr:BAIAP3,expression,0.0,0,0.0
expr:BAMBI,expression,0.0,0,0.0
expr:BARHL2,expression,0.0,2,0.04
expr:BARX1,expression,0.0,0,0.0
expr:BARX2,expression,0.0,0,0.0
expr:B4GALNT2,expression,0.0,0,0.0
expr:B4GALNT3,expression,0.0,0,0.0
expr:B4GALNT4,expression,0.0,0,0.0
expr:B4GALT6,expression,0.0,0,0.0
expr:BAALC,expression,0.0,0,0.0
expr:BAAT,expression,0.0,0,0.0
expr:BACH1,expression,0.0,0,0.0
expr:BAG4,expression,0.0,0,0.0
meth:PRG2,methylation,0.0,0,0.0
meth:PRG3,methylation,0.0,0,0.0
meth:PRG4,methylation,0.0,0,0.0
meth:PRDM12,methylation,0.0,0,0.0
meth:PRDM13,methylation,0.0,2,0.04
meth:PRDM14,methylation,0.0,0,0.0
meth:PRDM16,methylation,0.0,0,0.0
meth:PRDM5,methylation,0.0,5,0.1
meth:PRDM6,methylation,0.0,0,0.0
meth:PRDM7,methylation,0.0,0,0.0
meth:PRDM8,methylation,0.0,0,0.0
meth:PRR23C,methylation,0.0,0,0.0
meth:PRR5L,methylation,0.0,1,0.02
meth:PROX1,methylation,0.0,0,0.0
meth:PRRT4,methylation,0.0,4,0.08
meth:PRRX1,methylation,0.0,0,0.0
meth:PRRX2,methylation,0.0,1,0.02
meth:PRSS12,methylation,0.0,0,0.0
meth:PRSS16,methylation,0.0,0,0.0
meth:PRR18,methylation,0.0,0,0.0
meth:PRR20A,methylation,0.0,0,0.0
meth:PRR20B,methylation,0.0,0,0.0
meth:PRR20C,methylation,0.0,0,0.0
meth:PRR20D,methylation,0.0,0,0.0
meth:PRR20E,methylation,0.0,0,0.0
meth:PRR21,methylation,0.0,0,0.0
meth:PRR23B,methylation,0.0,0,0.0
meth:PROS1,methylation,0.0,0,0.0
meth:PRRT1,methylation,0.0,0,0.0
expr:BIN1,expression,0.0,0,0.0
meth:PLXNA4,methylation,0.0,0,0.0
expr:BEX2,expression,0.0,0,0.0
expr:BEX3,expression,0.0,0,0.0
expr:BEX4,expression,0.0,0,0.0
expr:BFSP2,expression,0.0,0,0.0
expr:BGLAP,expression,0.0,0,0.0
expr:BGN,expression,0.0,0,0.0
expr:BHLHA15,expression,0.0,0,0.0
expr:BHLHE22,expression,0.0,0,0.0
meth:PLXDC2,methylation,0.0,0,0.0
expr:BECN2,expression,0.0,0,0.0
expr:BEGAIN,expression,0.0,0,0.0
meth:POU5F1B,methylation,0.0,7,0.14
expr:BEND6,expression,0.0,0,0.0
expr:BEND7,expression,0.0,0,0.0
expr:BEST2,expression,0.0,0,0.0
expr:BEST4,expression,0.0,0,0.0
meth:PLIN5,methylation,0.0,3,0.06
meth:PLOD1,methylation,0.0,0,0.0
meth:PLOD2,methylation,0.0,1,0.02
meth:PLSCR2,methylation,0.0,0,0.0
meth:PLSCR4,methylation,0.0,7,0.14
meth:PLUNC,methylation,0.0,0,0.0
meth:PLVAP,methylation,0.0,0,0.0
meth:PLXDC1,methylation,0.0,0,0.0
meth:POSTN,methylation,0.0,0,0.0
expr:BEND4,expression,0.0,5,0.1
meth:PLD1,methylation,0.0,1,0.02
meth:PLD4,methylation,0.0,0,0.0
meth:PLD5,methylation,0.0,0,0.0
meth:PLD6,methylation,0.0,0,0.0
meth:PLEK,methylation,0.0,0,0.0
meth:PLEK2,methylation,0.0,0,0.0
meth:PLEKHA2,methylation,0.0,6,0.12
meth:PLBD1,methylation,0.0,6,0.12
meth:PLCB1,methylation,0.0,0,0.0
meth:PLCB2,methylation,0.0,0,0.0
meth:PLCB4,methylation,0.0,0,0.0
meth:PLCE1,methylation,0.0,0,0.0
meth:PLCH2,methylation,0.0,0,0.0
expr:BIK,expression,0.0,0,0.0
meth:PLA2G7,methylation,0.0,0,0.0
meth:PLAC1L,methylation,0.0,0,0.0
meth:PLAG1,methylation,0.0,0,0.0
meth:PLAGL1,methylation,0.0,0,0.0
meth:PLAT,methylation,0.0,1,0.02
meth:PLAU,methylation,0.0,0,0.0
meth:PLAUR,methylation,0.0,0,0.0
meth:PLB1,methylation,0.0,0,0.0
expr:BHLHE41,expression,0.0,0,0.0
expr:BHMG1,expression,0.0,1,0.02
expr:BICD1,expression,0.0,0,0.0
expr:BICDL1,expression,0.0,0,0.0
expr:BICDL2,expression,0.0,0,0.0
meth:PLCL2,methylation,0.0,0,0.0
meth:PPP1R2,methylation,0.0,1,0.02
meth:PPP1R3A,methylation,0.0,0,0.0
meth:PPP1R3C,methylation,0.0,0,0.0
meth:PPP1R3G,methylation,0.0,0,0.0
meth:PPP2R2B,methylation,0.0,0,0.0
meth:PPP2R2C,methylation,0.0,0,0.0
meth:PPP6C,methylation,0.0,0,0.0
meth:PPT2,methylation,0.0,0,0.0
meth:PPIE,methylation,0.0,2,0.04
meth:PPM1E,methylation,0.0,0,0.0
meth:PPM1M,methylation,0.0,0,0.0
meth:PPP1R14A,methylation,0.0,0,0.0
meth:PPP1R14C,methylation,0.0,0,0.0
meth:POTEA,methylation,0.0,0,0.0
meth:PPP1R1C,methylation,0.0,0,0.0
meth:PPAPDC3,methylation,0.0,1,0.02
meth:PPARA,methylation,0.0,0,0.0
meth:PPARG,methylation,0.0,0,0.0
meth:PPARGC1A,methylation,0.0,0,0.0
meth:PPBPL1,methylation,0.0,0,0.0
meth:PPEF2,methylation,0.0,0,0.0
meth:PPFIA2,methylation,0.0,0,0.0
meth:PPFIA4,methylation,0.0,0,0.0
meth:POU3F3,methylation,0.0,2,0.04
meth:POU4F1,methylation,0.0,0,0.0
meth:POU4F2,methylation,0.0,0,0.0
meth:POU4F3,methylation,0.0,1,0.02
meth:PPP1R16B,methylation,0.0,0,0.0
meth:POTEE,methylation,0.0,0,0.0
meth:POU2AF1,methylation,0.0,0,0.0
meth:POU2F2,methylation,0.0,0,0.0
meth:POU2F3,methylation,0.0,0,0.0
meth:POU3F1,methylation,0.0,0,0.0
meth:POU3F2,methylation,0.0,0,0.0
meth:POLE2,methylation,0.0,0,0.0
meth:POM121L10P,methylation,0.0,0,0.0
meth:POM121L12,methylation,0.0,0,0.0
meth:POM121L2,methylation,0.0,0,0.0
meth:POMC,methylation,0.0,1,0.02
meth:PON1,methylation,0.0,0,0.0
meth:PON3,methylation,0.0,0,0.0
meth:PNLIPRP2,methylation,0.0,0,0.0
meth:PNMA1,methylation,0.0,0,0.0
meth:PNMA2,methylation,0.0,0,0.0
meth:PNMAL1,methylation,0.0,0,0.0
meth:PNPLA2,methylation,0.0,0,0.0
meth:PNPLA3,methylation,0.0,0,0.0
meth:PNPLA5,methylation,0.0,0,0.0
meth:PODN,methylation,0.0,0,0.0
meth:POL3S,methylation,0.0,5,0.1
meth:PLXNB1,methylation,0.0,0,0.0
meth:PLXNC1,methylation,0.0,0,0.0
meth:PM20D2,methylation,0.0,0,0.0
meth:PMP2,methylation,0.0,0,0.0
meth:PNLIP,methylation,0.0,1,0.02
meth:PNLIPRP1,methylation,0.0,0,0.0
meth:POPDC3,methylation,0.0,1,0.02
meth:RANBP3L,methylation,0.0,0,0.0
meth:RANGRF,methylation,0.0,0,0.0
meth:RAP1GAP2,methylation,0.0,1,0.02
meth:RAPGEF1,methylation,0.0,1,0.02
meth:RAPGEF2,methylation,0.0,0,0.0
meth:RAPGEF4,methylation,0.0,0,0.0
meth:RAPGEFL1,methylation,0.0,0,0.0
meth:RAD51C,methylation,0.0,3,0.06
meth:RADIL,methylation,0.0,1,0.02
meth:RAE1,methylation,0.0,0,0.0
meth:RAET1G,methylation,0.0,0,0.0
meth:RAET1L,methylation,0.0,0,0.0
meth:RALGDS,methylation,0.0,0,0.0
expr:BAG2,expression,0.0,0,0.0
meth:RAMP2,methylation,0.0,0,0.0
meth:RAB3GAP1,methylation,0.0,1,0.02
meth:RAB42,methylation,0.0,0,0.0
meth:RAC2,methylation,0.0,0,0.0
meth:RAC3,methylation,0.0,1,0.02
meth:RACGAP1P,methylation,0.0,0,0.0
meth:RAD21L1,methylation,0.0,0,0.0
meth:RAD23A,methylation,0.0,0,0.0
expr:AXL,expression,0.0,5,0.1
expr:AZGP1,expression,0.0,0,0.0
expr:AZU1,expression,0.0,0,0.0
expr:B2M,expression,0.0,3,0.06
meth:RAB38,methylation,0.0,0,0.0
meth:RALYL,methylation,0.0,0,0.0
expr:AWAT1,expression,0.0,3,0.06
expr:AWAT2,expression,0.0,0,0.0
expr:AXDND1,expression,0.0,0,0.0
expr:AXIN2,expression,0.0,1,0.02
expr:ATP8B4,expression,0.0,0,0.0
expr:ATP9A,expression,0.0,0,0.0
expr:ATRNL1,expression,0.0,0,0.0
expr:ATXN1,expression,0.0,0,0.0
expr:AUNIP,expression,0.0,0,0.0
expr:AURKA,expression,0.0,0,0.0
expr:AURKB,expression,0.0,0,0.0
expr:AURKC,expression,0.0,0,0.0
expr:ATP6V1G2,expression,0.0,3,0.06
meth:RANBP17,methylation,0.0,0,0.0
expr:ATP7B,expression,0.0,5,0.1
expr:ATP8A1,expression,0.0,0,0.0
expr:ATP8A2,expression,0.0,0,0.0
expr:ATP8B1,expression,0.0,1,0.02
expr:ATP8B3,expression,0.0,0,0.0
meth:RAB22A,methylation,0.0,0,0.0
meth:RAB25,methylation,0.0,2,0.04
meth:RAB31,methylation,0.0,0,0.0
meth:RAB32,methylation,0.0,1,0.02
meth:RAB34,methylation,0.0,0,0.0
expr:ATP6V1B1,expression,0.0,1,0.02
expr:ATP6V1C2,expression,0.0,2,0.04
expr:ATP6V1FNB,expression,0.0,0,0.0
expr:ATP7A,expression,0.0,0,0.0
meth:RARRES2,methylation,0.0,0,0.0
meth:RARRES3,methylation,0.0,0,0.0
meth:RASA3,methylation,0.0,0,0.0
meth:RASAL1,methylation,0.0,0,0.0
meth:RASAL3,methylation,0.0,3,0.06
meth:RERGL,methylation,0.0,0,0.0
meth:RESP18,methylation,0.0,0,0.0
meth:RETNLB,methylation,0.0,0,0.0
meth:REXO1L2P,methylation,0.0,0,0.0
meth:RFESD,methylation,0.0,0,0.0
meth:RFPL3,methylation,0.0,0,0.0
meth:REG1P,methylation,0.0,0,0.0
meth:REG3A,methylation,0.0,0,0.0
meth:RAB39,methylation,0.0,0,0.0
meth:RELN,methylation,0.0,0,0.0
meth:REM1,methylation,0.0,0,0.0
meth:REM2,methylation,0.0,0,0.0
meth:REN,methylation,0.0,1,0.02
meth:REP15,methylation,0.0,0,0.0
meth:RDH16,methylation,0.0,0,0.0
meth:RDH8,methylation,0.0,0,0.0
meth:RDM1,methylation,0.0,0,0.0
meth:REC8,methylation,0.0,0,0.0
meth:RECK,methylation,0.0,0,0.0
meth:REEP2,methylation,0.0,0,0.0
meth:REG1A,methylation,0.0,0,0.0
meth:REG1B,methylation,0.0,0,0.0
meth:REG3G,methylation,0.0,0,0.0
meth:RAB3B,methylation,0.0,0,0.0
meth:RAB3C,methylation,0.0,0,0.0
meth:RBM20,methylation,0.0,0,0.0
meth:RBM38,methylation,0.0,2,0.04
meth:RBMS3,methylation,0.0,0,0.0
meth:RBMXL1,methylation,0.0,0,0.0
meth:RBP3,methylation,0.0,0,0.0
meth:RBP4,methylation,0.0,1,0.02
meth:RBP7,methylation,0.0,0,0.0
meth:RBPJL,methylation,0.0,0,0.0
meth:RASSF10,methylation,0.0,0,0.0
meth:RASSF2,methylation,0.0,0,0.0
meth:RASSF5,methylation,0.0,0,0.0
meth:RARRES1,methylation,0.0,3,0.06
meth:RASSF9,methylation,0.0,0,0.0
meth:RAVER1,methylation,0.0,1,0.02
meth:RAX2,methylation,0.0,0,0.0
meth:RBM16,methylation,0.0,0,0.0
meth:RASD2,methylation,0.0,0,0.0
meth:RASGRF1,methylation,0.0,0,0.0
meth:RASGRF2,methylation,0.0,0,0.0
meth:RASGRP1,methylation,0.0,0,0.0
meth:RASGRP4,methylation,0.0,0,0.0
meth:RASL11B,methylation,0.0,1,0.02
meth:RASL12,methylation,0.0,0,0.0
meth:RASSF1,methylation,0.0,0,0.0
meth:RARA,methylation,0.0,0,0.0
meth:RARB,methylation,0.0,0,0.0
meth:RASSF6,methylation,0.0,0,0.0
meth:PSIMCT-1,methylation,0.0,1,0.02
meth:PSKH2,methylation,0.0,0,0.0
meth:PSMB11,methylation,0.0,1,0.02
meth:PRTFDC1,methylation,0.0,0,0.0
meth:PRUNE2,methylation,0.0,0,0.0
meth:PRX,methylation,0.0,3,0.06
meth:PSAPL1,methylation,0.0,0,0.0
meth:PSAT1,methylation,0.0,2,0.04
meth:PSD,methylation,0.0,0,0.0
meth:PSD2,methylation,0.0,0,0.0
meth:PSD3,methylation,0.0,0,0.0
expr:BASP1,expression,0.0,0,0.0
meth:PRSS36,methylation,0.0,0,0.0
expr:AVPR2,expression,0.0,0,0.0
meth:PRSS38,methylation,0.0,0,0.0
meth:PRSS42,methylation,0.0,0,0.0
meth:PRSS45,methylation,0.0,0,0.0
meth:PRSS48,methylation,0.0,2,0.04
meth:PRSS50,methylation,0.0,0,0.0
meth:PTPN7,methylation,0.0,0,0.0
meth:PTPRB,methylation,0.0,0,0.0
meth:PTPRC,methylation,0.0,0,0.0
meth:PTPRCAP,methylation,0.0,0,0.0
meth:PTPRD,methylation,0.0,6,0.12
meth:PTPRJ,methylation,0.0,0,0.0
meth:PTPRM,methylation,0.0,0,0.0
meth:PTPRN,methylation,0.0,0,0.0
meth:PRSS37,methylation,0.0,0,0.0
expr:B3GAT1,expression,0.0,0,0.0
expr:B3GAT2,expression,0.0,2,0.04
expr:B3GNT10,expression,0.0,0,0.0
expr:B3GNT3,expression,0.0,0,0.0
expr:B3GNT5,expression,0.0,0,0.0
expr:B3GNT6,expression,0.0,0,0.0
expr:B3GNT7,expression,0.0,0,0.0
expr:B3GNT8,expression,0.0,0,0.0
meth:PRSS21,methylation,0.0,0,0.0
meth:PRSS22,methylation,0.0,0,0.0
meth:PRSS23,methylation,0.0,0,0.0
meth:PRSS3,methylation,0.0,0,0.0
meth:PRSS33,methylation,0.0,2,0.04
meth:PSG8,methylation,0.0,2,0.04
expr:B3GALT2,expression,0.0,2,0.04
expr:B3GALT5,expression,0.0,0,0.0
meth:PSMD4,methylation,0.0,0,0.0
meth:PSMD5,methylation,0.0,0,0.0
meth:PSORS1C1,methylation,0.0,2,0.04
meth:PSORS1C2,methylation,0.0,22,0.44
meth:PSORS1C3,methylation,0.0,0,0.0
meth:PSPN,methylation,0.0,0,0.0
meth:PSTPIP1,methylation,0.0,0,0.0
meth:PTCH1,methylation,0.0,0,0.0
meth:PSD4,methylation,0.0,0,0.0
meth:PSEN1,methylation,0.0,0,0.0
meth:PSG10,methylation,0.0,0,0.0
meth:PSG11,methylation,0.0,0,0.0
meth:PRSS35,methylation,0.0,0,0.0
meth:PYDC1,methylation,0.0,0,0.0
meth:PYGO1,methylation,0.0,0,0.0
meth:PYHIN1,methylation,0.0,0,0.0
meth:PYROXD2,methylation,0.0,0,0.0
meth:PYY,methylation,0.0,5,0.1
meth:PZP,methylation,0.0,1,0.02
meth:ProSAPiP1,methylation,0.0,0,0.0
meth:QPCT,methylation,0.0,0,0.0
meth:PVALB,methylation,0.0,0,0.0
meth:PVR,methylation,0.0,1,0.02
meth:PVRIG,methylation,0.0,1,0.02
meth:PVRL3,methylation,0.0,0,0.0
meth:PVT1,methylation,0.0,0,0.0
meth:PTK7,methylation,0.0,1,0.02
meth:PXMP4,methylation,0.0,0,0.0
meth:PYCARD,methylation,0.0,0,0.0
meth:PTPRN2,methylation,0.0,2,0.04
meth:PTPRR,methylation,0.0,0,0.0
meth:PTPRS,methylation,0.0,0,0.0
meth:PTPRT,methylation,0.0,0,0.0
meth:PTPRZ1,methylation,0.0,0,0.0
meth:PTRF,methylation,0.0,2,0.04
meth:PTX3,methylation,0.0,0,0.0
meth:PUS3,methylation,0.0,1,0.02
expr:AUTS2,expression,0.0,0,0.0
expr:AVPR1A,expression,0.0,0,0.0
expr:AVPR1B,expression,0.0,0,0.0
meth:PXDN,methylation,0.0,0,0.0
meth:PTN,methylation,0.0,0,0.0
meth:PTP4A2,methylation,0.0,0,0.0
meth:PTP4A3,methylation,0.0,0,0.0
meth:PTPLAD2,methylation,0.0,0,0.0
meth:PTPN5,methylation,0.0,0,0.0
meth:PTPN6,methylation,0.0,0,0.0
meth:PTGFR,methylation,0.0,0,0.0
meth:PTGIS,methylation,0.0,0,0.0
meth:PTGS1,methylation,0.0,0,0.0
meth:PTGS2,methylation,0.0,0,0.0
meth:PTH1R,methylation,0.0,0,0.0
meth:PTH2R,methylation,0.0,1,0.02
meth:PTHLH,methylation,0.0,1,0.02
meth:RAB1B,methylation,0.0,0,0.0
meth:PTCH2,methylation,0.0,0,0.0
meth:PTCHD2,methylation,0.0,0,0.0
meth:PTCHD3,methylation,0.0,0,0.0
meth:PTCRA,methylation,0.0,0,0.0
meth:PTF1A,methylation,0.0,0,0.0
meth:PTGDR,methylation,0.0,0,0.0
meth:PTGDS,methylation,0.0,0,0.0
meth:PTGER1,methylation,0.0,0,0.0
meth:QSOX1,methylation,0.0,0,0.0
meth:QSOX2,methylation,0.0,0,0.0
meth:R3HDML,methylation,0.0,0,0.0
meth:RAB11FIP4,methylation,0.0,0,0.0
meth:RAB17,methylation,0.0,2,0.04
meth:RAB19,methylation,0.0,0,0.0
meth:PTK6,methylation,0.0,1,0.02
expr:RBP1,expression,0.0,0,0.0
expr:RBP2,expression,0.0,0,0.0
expr:RBP3,expression,0.0,0,0.0
expr:RAVER2,expression,0.0,0,0.0
expr:RAX,expression,0.0,3,0.06
expr:RB1,expression,0.0,2,0.04
expr:RBBP8NL,expression,0.0,5,0.1
expr:RBFOX1,expression,0.0,0,0.0
expr:RBFOX3,expression,0.0,0,0.0
expr:RBL1,expression,0.0,0,0.0
expr:RBL2,expression,0.0,4,0.08
expr:RASL12,expression,0.0,0,0.0
expr:RASSF10,expression,0.0,0,0.0
meth:DIRC3,methylation,0.0,1,0.02
expr:RASSF4,expression,0.0,0,0.0
expr:RASSF5,expression,0.0,6,0.12
expr:RASSF6,expression,0.0,0,0.0
expr:RASSF7,expression,0.0,0,0.0
expr:RASSF8,expression,0.0,0,0.0
expr:HGD,expression,0.0,1,0.02
expr:HGF,expression,0.0,0,0.0
expr:HGFAC,expression,0.0,0,0.0
expr:HHAT,expression,0.0,1,0.02
expr:HHATL,expression,0.0,0,0.0
expr:HIC1,expression,0.0,0,0.0
expr:HIF1A,expression,0.0,0,0.0
expr:HIF3A,expression,0.0,0,0.0
expr:RASSF2,expression,0.0,0,0.0
expr:RASGRF1,expression,0.0,0,0.0
expr:RAPSN,expression,0.0,0,0.0
expr:RARB,expression,0.0,0,0.0
expr:RARRES1,expression,0.0,0,0.0
expr:RARRES2,expression,0.0,0,0.0
expr:RASA1,expression,0.0,0,0.0
expr:RASA4,expression,0.0,8,0.16
expr:RASA4B,expression,0.0,0,0.0
expr:RALYL,expression,0.0,0,0.0
expr:RAMACL,expression,0.0,0,0.0
expr:RANBP17,expression,0.0,0,0.0
expr:RANBP3L,expression,0.0,0,0.0
expr:RAP1GAP,expression,0.0,0,0.0
expr:RBM47,expression,0.0,0,0.0
expr:RAPGEF4,expression,0.0,0,0.0
expr:RAPH1,expression,0.0,0,0.0
expr:RBP5,expression,0.0,0,0.0
expr:RBPJL,expression,0.0,0,0.0
expr:RBPMS,expression,0.0,0,0.0
expr:RBPMS2,expression,0.0,0,0.0
expr:RCAN1,expression,0.0,0,0.0
expr:RCAN2,expression,0.0,4,0.08
expr:RCN3,expression,0.0,0,0.0
expr:RBM14-RBM4,expression,0.0,1,0.02
expr:RBM38,expression,0.0,0,0.0
expr:RBM44,expression,0.0,0,0.0
expr:RBM46,expression,0.0,0,0.0
expr:RAPGEF3,expression,0.0,1,0.02
expr:RGPD4,expression,0.0,0,0.0
expr:RGR,expression,0.0,1,0.02
expr:RGS11,expression,0.0,1,0.02
expr:RETREG1,expression,0.0,1,0.02
expr:REV3L,expression,0.0,0,0.0
expr:RFLNB,expression,0.0,0,0.0
expr:RFPL4B,expression,0.0,8,0.16
expr:RFX6,expression,0.0,0,0.0
expr:RFX8,expression,0.0,2,0.04
expr:RGL1,expression,0.0,0,0.0
expr:RGL3,expression,0.0,5,0.1
expr:REM1,expression,0.0,0,0.0
expr:REN,expression,0.0,0,0.0
expr:HERC5,expression,0.0,0,0.0
expr:REP15,expression,0.0,0,0.0
expr:REPS2,expression,0.0,0,0.0
expr:RERG,expression,0.0,0,0.0
expr:RERGL,expression,0.0,0,0.0
expr:RETN,expression,0.0,0,0.0
expr:HIGD2B,expression,0.0,0,0.0
expr:HILPDA,expression,0.0,0,0.0
expr:REEP2,expression,0.0,0,0.0
expr:REEP6,expression,0.0,3,0.06
expr:REG1A,expression,0.0,3,0.06
expr:REG4,expression,0.0,0,0.0
expr:REL,expression,0.0,3,0.06
expr:RELL1,expression,0.0,0,0.0
expr:RENBP,expression,0.0,0,0.0
expr:HERC6,expression,0.0,0,0.0
expr:HES2,expression,0.0,0,0.0
expr:HES6,expression,0.0,0,0.0
expr:HEY1,expression,0.0,0,0.0
expr:HEY2,expression,0.0,0,0.0
expr:HEYL,expression,0.0,0,0.0
expr:HFM1,expression,0.0,0,0.0
expr:RDX,expression,0.0,0,0.0
expr:REC114,expression,0.0,0,0.0
expr:RECK,expression,0.0,0,0.0
expr:RECQL,expression,0.0,0,0.0
expr:REEP1,expression,0.0,0,0.0
expr:HEPH,expression,0.0,2,0.04
expr:RGPD3,expression,0.0,0,0.0
expr:HERC3,expression,0.0,1,0.02
expr:RCVRN,expression,0.0,0,0.0
expr:RD3,expression,0.0,0,0.0
expr:RDH10,expression,0.0,0,0.0
expr:RDH12,expression,0.0,0,0.0
expr:RDH16,expression,0.0,0,0.0
expr:RDH5,expression,0.0,1,0.02
expr:RDH8,expression,0.0,0,0.0
expr:RDM1,expression,0.0,0,0.0
expr:RGMA,expression,0.0,0,0.0
expr:RGN,expression,0.0,0,0.0
expr:RGPD1,expression,0.0,0,0.0
expr:RGPD2,expression,0.0,0,0.0
expr:HEPHL1,expression,0.0,1,0.02
expr:HNF1A,expression,0.0,0,0.0
expr:HNF1B,expression,0.0,0,0.0
expr:HNF4A,expression,0.0,0,0.0
expr:HNF4G,expression,0.0,1,0.02
expr:HMGA2,expression,0.0,0,0.0
expr:HMGB2,expression,0.0,0,0.0
expr:HMGCLL1,expression,0.0,0,0.0
expr:HMGCS1,expression,0.0,0,0.0
expr:HMGCS2,expression,0.0,6,0.12
expr:HMHB1,expression,0.0,1,0.02
expr:HMMR,expression,0.0,3,0.06
expr:HMOX1,expression,0.0,0,0.0
expr:RAB9B,expression,0.0,0,0.0
expr:RASGEF1C,expression,0.0,1,0.02
expr:RAC3,expression,0.0,0,0.0
expr:RACGAP1,expression,0.0,2,0.04
expr:RAD21,expression,0.0,0,0.0
expr:RAD50,expression,0.0,0,0.0
expr:RAD51,expression,0.0,5,0.1
expr:RAD51AP1,expression,0.0,0,0.0
expr:RAB3D,expression,0.0,0,0.0
expr:RAB40A,expression,0.0,0,0.0
expr:RAB42,expression,0.0,0,0.0
expr:RAB43,expression,0.0,0,0.0
expr:RAB44,expression,0.0,1,0.02
expr:RAB6D,expression,0.0,0,0.0
expr:RAB7B,expression,0.0,0,0.0
expr:RABEP1,expression,0.0,1,0.02
expr:PURG,expression,0.0,0,0.0
expr:PVALB,expression,0.0,0,0.0
expr:PTPN7,expression,0.0,4,0.08
expr:PTPRD,expression,0.0,0,0.0
expr:PTPRG,expression,0.0,0,0.0
expr:PTPRJ,expression,0.0,0,0.0
expr:PTPRK,expression,0.0,0,0.0
expr:PTPRM,expression,0.0,1,0.02
expr:PTPRN2,expression,0.0,0,0.0
expr:HOXA1,expression,0.0,0,0.0
expr:HOXA10,expression,0.0,0,0.0
expr:HOXA13,expression,0.0,0,0.0
expr:HOXA2,expression,0.0,0,0.0
expr:HMX3,expression,0.0,0,0.0
expr:QRFPR,expression,0.0,0,0.0
expr:QRICH2,expression,0.0,0,0.0
expr:R3HDML,expression,0.0,0,0.0
expr:HOATZ,expression,0.0,0,0.0
expr:HOGA1,expression,0.0,0,0.0
expr:HOMER1,expression,0.0,0,0.0
expr:HOMER2,expression,0.0,0,0.0
expr:HOOK1,expression,0.0,0,0.0
expr:HOPX,expression,0.0,0,0.0
expr:HORMAD1,expression,0.0,0,0.0
expr:HORMAD2,expression,0.0,0,0.0
expr:HMSD,expression,0.0,0,0.0
expr:HMX2,expression,0.0,0,0.0
expr:HOXA3,expression,0.0,0,0.0
expr:RALGPS1,expression,0.0,0,0.0
expr:RALGPS2,expression,0.0,0,0.0
expr:HINT2,expression,0.0,0,0.0
expr:HIPK2,expression,0.0,0,0.0
expr:HIVEP2,expression,0.0,0,0.0
expr:HJV,expression,0.0,0,0.0
expr:HK2,expression,0.0,0,0.0
expr:RAD51AP2,expression,0.0,0,0.0
expr:RAD54B,expression,0.0,0,0.0
expr:RAD54L,expression,0.0,1,0.02
expr:RADIL,expression,0.0,0,0.0
expr:RAF1,expression,0.0,0,0.0
expr:RAG1,expression,0.0,0,0.0
expr:RAB27B,expression,0.0,6,0.12
expr:RASGRF2,expression,0.0,0,0.0
expr:RASGRP2,expression,0.0,0,0.0
expr:RASGRP4,expression,0.0,0,0.0
expr:RASIP1,expression,0.0,0,0.0
expr:RASL10A,expression,0.0,0,0.0
expr:RASL11A,expression,0.0,8,0.16
expr:RASL11B,expression,0.0,0,0.0
expr:RASAL1,expression,0.0,2,0.04
expr:RASAL3,expression,0.0,5,0.1
expr:RASD1,expression,0.0,0,0.0
expr:RASD2,expression,0.0,0,0.0
expr:RASGEF1A,expression,0.0,0,0.0
expr:RASGEF1B,expression,0.0,0,0.0
expr:RALGAPA1,expression,0.0,2,0.04
expr:RAB29,expression,0.0,0,0.0
expr:RAB33A,expression,0.0,0,0.0
expr:RAB36,expression,0.0,0,0.0
expr:RAB39A,expression,0.0,3,0.06
expr:RAB3A,expression,0.0,0,0.0
expr:RAB3B,expression,0.0,0,0.0
expr:RAB3C,expression,0.0,3,0.06
expr:RAB11FIP1,expression,0.0,0,0.0
expr:RAB11FIP4,expression,0.0,0,0.0
expr:RAB17,expression,0.0,0,0.0
expr:RAB23,expression,0.0,0,0.0
expr:RAB24,expression,0.0,0,0.0
expr:RAB25,expression,0.0,0,0.0
expr:RALGAPA2,expression,0.0,0,0.0
expr:HLA-DRB5,expression,0.0,0,0.0
expr:HLA-F,expression,0.0,0,0.0
expr:HLA-G,expression,0.0,0,0.0
expr:HLF,expression,0.0,2,0.04
expr:HLTF,expression,0.0,0,0.0
expr:HMCN1,expression,0.0,0,0.0
expr:HMCN2,expression,0.0,0,0.0
expr:HMGA1,expression,0.0,1,0.02
expr:HKDC1,expression,0.0,0,0.0
expr:HLA-A,expression,0.0,0,0.0
expr:HLA-B,expression,0.0,0,0.0
expr:HLA-C,expression,0.0,0,0.0
expr:HLA-DQA1,expression,0.0,6,0.12
expr:HLA-DQB1,expression,0.0,0,0.0
expr:RAB26,expression,0.0,0,0.0
expr:HAGHL,expression,0.0,0,0.0
expr:HAL,expression,0.0,7,0.14
expr:HAMP,expression,0.0,0,0.0
expr:HAND1,expression,0.0,0,0.0
expr:HAND2,expression,0.0,0,0.0
expr:HAO1,expression,0.0,0,0.0
expr:HAO2,expression,0.0,1,0.02
expr:HAP1,expression,0.0,0,0.0
expr:RPS6KA6,expression,0.0,0,0.0
expr:H4C8,expression,0.0,0,0.0
expr:H4C9,expression,0.0,0,0.0
expr:HAAO,expression,0.0,0,0.0
expr:HABP2,expression,0.0,0,0.0
expr:HEATR1,expression,0.0,0,0.0
expr:HACD3,expression,0.0,0,0.0
expr:HACD4,expression,0.0,0,0.0
expr:RTP5,expression,0.0,0,0.0
expr:RUBCN,expression,0.0,0,0.0
expr:RUBCNL,expression,0.0,0,0.0
expr:RUNDC3B,expression,0.0,2,0.04
expr:RUNX1T1,expression,0.0,0,0.0
expr:RUNX2,expression,0.0,1,0.02
expr:RUNX3,expression,0.0,0,0.0
expr:RTEL1-TNFRSF6B,expression,0.0,0,0.0
expr:RTKN2,expression,0.0,0,0.0
expr:RTL3,expression,0.0,0,0.0
expr:RTL5,expression,0.0,0,0.0
expr:HACD1,expression,0.0,0,0.0
expr:ROBO2,expression,0.0,1,0.02
expr:ROGDI,expression,0.0,0,0.0
expr:ROPN1,expression,0.0,0,0.0
expr:ROPN1B,expression,0.0,0,0.0
expr:ROR1,expression,0.0,0,0.0
expr:RNF212B,expression,0.0,0,0.0
expr:RNF217,expression,0.0,0,0.0
expr:RNF223,expression,0.0,0,0.0
expr:RNF224,expression,0.0,0,0.0
expr:RNF225,expression,0.0,0,0.0
expr:RNF39,expression,0.0,0,0.0
expr:RNF43,expression,0.0,0,0.0
expr:HBA1,expression,0.0,0,0.0
expr:HAVCR2,expression,0.0,0,0.0
expr:HBB,expression,0.0,0,0.0
expr:HBEGF,expression,0.0,0,0.0
expr:HBQ1,expression,0.0,0,0.0
expr:HCAR1,expression,0.0,0,0.0
expr:RPTN,expression,0.0,0,0.0
expr:RRAD,expression,0.0,0,0.0
expr:HAPLN1,expression,0.0,6,0.12
expr:HAPLN2,expression,0.0,0,0.0
expr:HAPLN3,expression,0.0,0,0.0
expr:HAS1,expression,0.0,2,0.04
expr:HAS2,expression,0.0,2,0.04
expr:HASPIN,expression,0.0,2,0.04
expr:HAVCR1,expression,0.0,0,0.0
expr:HBA2,expression,0.0,0,0.0
expr:H3C12,expression,0.0,1,0.02
expr:H3C14,expression,0.0,0,0.0
expr:H3C15,expression,0.0,11,0.22
expr:H3C2,expression,0.0,0,0.0
expr:H3C3,expression,0.0,1,0.02
expr:H3C7,expression,0.0,0,0.0
expr:S100A14,expression,0.0,0,0.0
expr:S100A3,expression,0.0,3,0.06
expr:H2BC6,expression,0.0,0,0.0
expr:H2BC7,expression,0.0,1,0.02
expr:H2BC8,expression,0.0,1,0.02
expr:H2BC9,expression,0.0,0,0.0
expr:H3-4,expression,0.0,0,0.0
expr:RTL9,expression,0.0,0,0.0
expr:RXFP4,expression,0.0,0,0.0
expr:RXRG,expression,0.0,0,0.0
expr:RYR1,expression,0.0,0,0.0
expr:RYR3,expression,0.0,0,0.0
expr:S100A10,expression,0.0,1,0.02
expr:S100A11,expression,0.0,0,0.0
expr:S100A12,expression,0.0,0,0.0
expr:S100A13,expression,0.0,0,0.0
expr:SAMHD1,expression,0.0,1,0.02
expr:SAMSN1,expression,0.0,7,0.14
expr:SAPCD1,expression,0.0,0,0.0
expr:SARDH,expression,0.0,1,0.02
expr:SARM1,expression,0.0,0,0.0
expr:H3C1,expression,0.0,0,0.0
expr:RTN2,expression,0.0,0,0.0
expr:RTN4RL1,expression,0.0,0,0.0
expr:RTN4RL2,expression,0.0,0,0.0
expr:RSPH10B2,expression,0.0,0,0.0
expr:RSPH14,expression,0.0,0,0.0
expr:RSPH9,expression,0.0,0,0.0
expr:RSPO1,expression,0.0,2,0.04
expr:RSPO2,expression,0.0,3,0.06
expr:RSPO4,expression,0.0,0,0.0
expr:RTBDN,expression,0.0,0,0.0
expr:RTEL1,expression,0.0,0,0.0
expr:RRAGD,expression,0.0,0,0.0
expr:RRAS2,expression,0.0,0,0.0
expr:H3C11,expression,0.0,11,0.22
expr:RRM2B,expression,0.0,0,0.0
expr:RSAD2,expression,0.0,0,0.0
expr:RSKR,expression,0.0,0,0.0
expr:RSPH1,expression,0.0,0,0.0
expr:RSPH10B,expression,0.0,0,0.0
expr:H3C8,expression,0.0,0,0.0
expr:H3Y1,expression,0.0,0,0.0
expr:H4-16,expression,0.0,0,0.0
expr:H4C1,expression,0.0,0,0.0
expr:H4C11,expression,0.0,0,0.0
expr:H4C12,expression,0.0,0,0.0
expr:H4C13,expression,0.0,11,0.22
expr:H4C14,expression,0.0,0,0.0
expr:H3C10,expression,0.0,0,0.0
expr:RRM2,expression,0.0,0,0.0
expr:RGS9BP,expression,0.0,3,0.06
expr:RGSL1,expression,0.0,1,0.02
expr:RIMS3,expression,0.0,2,0.04
expr:RIMS4,expression,0.0,0,0.0
expr:RIN1,expression,0.0,0,0.0
expr:RIN2,expression,0.0,0,0.0
expr:RIPK4,expression,0.0,0,0.0
expr:RIPPLY2,expression,0.0,6,0.12
expr:RIPPLY3,expression,0.0,0,0.0
expr:RIT2,expression,0.0,0,0.0
expr:RHPN2,expression,0.0,0,0.0
expr:RIBC1,expression,0.0,0,0.0
expr:RIBC2,expression,0.0,0,0.0
expr:ROBO1,expression,0.0,0,0.0
expr:RIIAD1,expression,0.0,0,0.0
expr:RIMBP2,expression,0.0,0,0.0
expr:RIMBP3B,expression,0.0,0,0.0
expr:RIMS2,expression,0.0,0,0.0
expr:RHEX,expression,0.0,0,0.0
expr:RHOBTB3,expression,0.0,0,0.0
expr:RHOD,expression,0.0,0,0.0
expr:RHOF,expression,0.0,0,0.0
expr:RHOJ,expression,0.0,15,0.3
expr:RHOU,expression,0.0,0,0.0
expr:RHOXF1,expression,0.0,0,0.0
expr:RHPN1,expression,0.0,0,0.0
expr:HELZ2,expression,0.0,0,0.0
expr:RIC3,expression,0.0,0,0.0
expr:HEATR9,expression,0.0,3,0.06
expr:HEBP1,expression,0.0,0,0.0
expr:HECW2,expression,0.0,0,0.0
expr:HEG1,expression,0.0,2,0.04
expr:HELB,expression,0.0,1,0.02
expr:HELLS,expression,0.0,0,0.0
expr:HCRTR1,expression,0.0,0,0.0
expr:HCRTR2,expression,0.0,2,0.04
expr:HCST,expression,0.0,0,0.0
expr:HDAC10,expression,0.0,0,0.0
expr:HDAC11,expression,0.0,0,0.0
expr:HDAC9,expression,0.0,0,0.0
expr:HDC,expression,0.0,0,0.0
expr:RGS7BP,expression,0.0,0,0.0
expr:RHAG,expression,0.0,0,0.0
expr:RHBDL1,expression,0.0,0,0.0
expr:HCAR2,expression,0.0,0,0.0
expr:HCAR3,expression,0.0,1,0.02
expr:HCK,expression,0.0,1,0.02
expr:HCLS1,expression,0.0,2,0.04
expr:HCN1,expression,0.0,0,0.0
expr:HCN3,expression,0.0,0,0.0
expr:RGS14,expression,0.0,1,0.02
expr:RGS16,expression,0.0,0,0.0
expr:RGS4,expression,0.0,0,0.0
expr:RGS5,expression,0.0,1,0.02
expr:RGS6,expression,0.0,0,0.0
expr:HDX,expression,0.0,0,0.0
expr:RNF128,expression,0.0,0,0.0
expr:RLBP1,expression,0.0,0,0.0
expr:RMI2,expression,0.0,0,0.0
expr:RMND1,expression,0.0,0,0.0
expr:RNASE1,expression,0.0,0,0.0
expr:RNASE10,expression,0.0,0,0.0
expr:RNASE2,expression,0.0,0,0.0
expr:RNASE3,expression,0.0,0,0.0
expr:RNASE7,expression,0.0,0,0.0
expr:RPL10L,expression,0.0,0,0.0
expr:RPL39L,expression,0.0,0,0.0
expr:RPL3L,expression,0.0,0,0.0
expr:RPP21,expression,0.0,0,0.0
expr:HEMGN,expression,0.0,4,0.08
expr:RPS27AP5,expression,0.0,1,0.02
expr:RPS6KA2,expression,0.0,0,0.0
expr:RPS6KA3,expression,0.0,0,0.0
expr:ROR2,expression,0.0,0,0.0
expr:RORB,expression,0.0,0,0.0
expr:RORC,expression,0.0,0,0.0
expr:RP1L1,expression,0.0,0,0.0
expr:RPA4,expression,0.0,0,0.0
expr:RPE65,expression,0.0,0,0.0
expr:RPH3A,expression,0.0,4,0.08
expr:RPH3AL,expression,0.0,0,0.0
expr:RNLS,expression,0.0,0,0.0
expr:RO60,expression,0.0,0,0.0
expr:RPRM,expression,0.0,0,0.0
expr:HENMT1,expression,0.0,0,0.0
expr:HEPACAM,expression,0.0,4,0.08
expr:RHBDL3,expression,0.0,0,0.0
expr:RHBG,expression,0.0,0,0.0
expr:RHCE,expression,0.0,0,0.0
expr:RHEBL1,expression,0.0,0,0.0
expr:RNF169,expression,0.0,2,0.04
expr:RNF175,expression,0.0,0,0.0
expr:RNF180,expression,0.0,1,0.02
expr:RNF183,expression,0.0,0,0.0
expr:RNF186,expression,0.0,0,0.0
expr:RNF207,expression,0.0,0,0.0
expr:RNF208,expression,0.0,0,0.0
expr:RNF113B,expression,0.0,1,0.02
expr:RNF133,expression,0.0,0,0.0
expr:RNF144A,expression,0.0,0,0.0
expr:RNF144B,expression,0.0,0,0.0
expr:RNF145,expression,0.0,0,0.0
expr:RNF148,expression,0.0,0,0.0
expr:RNF150,expression,0.0,0,0.0
expr:RNF151,expression,0.0,0,0.0
expr:RNF152,expression,0.0,0,0.0
expr:RNASEH2A,expression,0.0,1,0.02
expr:RND1,expression,0.0,3,0.06
expr:RND2,expression,0.0,0,0.0
expr:RND3,expression,0.0,0,0.0
expr:RNF103-CHMP3,expression,0.0,1,0.02
expr:RNF112,expression,0.0,0,0.0
expr:RNF212,expression,0.0,1,0.02
expr:PLK2,expression,0.0,0,0.0
expr:PLK4,expression,0.0,1,0.02
expr:PLK5,expression,0.0,0,0.0
expr:PLLP,expression,0.0,0,0.0
expr:PLN,expression,0.0,0,0.0
expr:POLN,expression,0.0,0,0.0
expr:POLQ,expression,0.0,0,0.0
expr:POLR2J2,expression,0.0,0,0.0
expr:POLR2J3,expression,0.0,0,0.0
expr:POLR3G,expression,0.0,0,0.0
expr:POM121,expression,0.0,0,0.0
expr:POM121L2,expression,0.0,0,0.0
expr:POMC,expression,0.0,0,0.0
expr:PTX4,expression,0.0,2,0.04
expr:PNPLA7,expression,0.0,0,0.0
expr:POC1B-GALNT4,expression,0.0,0,0.0
expr:PODN,expression,0.0,0,0.0
expr:PODXL,expression,0.0,0,0.0
expr:PODXL2,expression,0.0,0,0.0
expr:POF1B,expression,0.0,0,0.0
expr:POLK,expression,0.0,5,0.1
expr:PNMA5,expression,0.0,0,0.0
expr:PNMA6A,expression,0.0,0,0.0
expr:PNMA6E,expression,0.0,0,0.0
expr:PNMA8B,expression,0.0,0,0.0
expr:PNMA8C,expression,0.0,0,0.0
expr:PNOC,expression,0.0,0,0.0
expr:PNPLA5,expression,0.0,0,0.0
expr:PLCXD2,expression,0.0,0,0.0
expr:PLCXD3,expression,0.0,0,0.0
expr:PLXDC2,expression,0.0,0,0.0
expr:PLXNA2,expression,0.0,1,0.02
expr:PLXNA4,expression,0.0,0,0.0
expr:PM20D1,expression,0.0,0,0.0
expr:PM20D2,expression,0.0,0,0.0
expr:PMAIP1,expression,0.0,0,0.0
expr:PMEL,expression,0.0,0,0.0
expr:PLPPR4,expression,0.0,0,0.0
expr:PLPPR5,expression,0.0,0,0.0
expr:PLS1,expression,0.0,1,0.02
expr:PLS3,expression,0.0,0,0.0
expr:PLIN4,expression,0.0,3,0.06
expr:PLSCR3,expression,0.0,0,0.0
expr:PLTP,expression,0.0,0,0.0
expr:PLXDC1,expression,0.0,0,0.0
expr:PLOD2,expression,0.0,0,0.0
expr:PLP1,expression,0.0,3,0.06
expr:PLPBP,expression,0.0,0,0.0
expr:PLPP4,expression,0.0,0,0.0
expr:PLPP5,expression,0.0,0,0.0
expr:PLPP7,expression,0.0,0,0.0
expr:PLPPR1,expression,0.0,0,0.0
expr:PLPPR3,expression,0.0,0,0.0
expr:PLGLB2,expression,0.0,0,0.0
expr:PLIN2,expression,0.0,0,0.0
expr:PLSCR2,expression,0.0,0,0.0
expr:POU2F2,expression,0.0,0,0.0
expr:POU2F3,expression,0.0,0,0.0
expr:POU3F1,expression,0.0,0,0.0
expr:POU3F3,expression,0.0,0,0.0
expr:POU4F1,expression,0.0,0,0.0
expr:POMK,expression,0.0,0,0.0
expr:POMZP3,expression,0.0,0,0.0
expr:PON1,expression,0.0,0,0.0
expr:PON3,expression,0.0,0,0.0
expr:POSTN,expression,0.0,0,0.0
expr:POTEC,expression,0.0,0,0.0
expr:POTED,expression,0.0,1,0.02
expr:POTEE,expression,0.0,0,0.0
expr:PNPLA1,expression,0.0,0,0.0
expr:HS3ST5,expression,0.0,0,0.0
expr:HS6ST3,expression,0.0,0,0.0
expr:PPM1H,expression,0.0,0,0.0
expr:PPM1J,expression,0.0,0,0.0
expr:PPM1L,expression,0.0,1,0.02
expr:PPM1N,expression,0.0,0,0.0
expr:PPP1R14A,expression,0.0,0,0.0
expr:HRH1,expression,0.0,0,0.0
expr:HRH2,expression,0.0,0,0.0
expr:HRH4,expression,0.0,0,0.0
expr:HRNR,expression,0.0,0,0.0
expr:HS3ST1,expression,0.0,2,0.04
expr:HS3ST2,expression,0.0,0,0.0
expr:HS3ST4,expression,0.0,1,0.02
expr:PNPLA4,expression,0.0,0,0.0
expr:PMFBP1,expression,0.0,0,0.0
expr:PMP2,expression,0.0,0,0.0
expr:PMP22,expression,0.0,0,0.0
expr:PNLIP,expression,0.0,12,0.24
expr:PNLIPRP1,expression,0.0,0,0.0
expr:PNLIPRP3,expression,0.0,1,0.02
expr:PNMA2,expression,0.0,0,0.0
expr:PNMA3,expression,0.0,0,0.0
expr:PPARGC1A,expression,0.0,0,0.0
expr:PPARGC1B,expression,0.0,0,0.0
expr:PPDPFL,expression,0.0,0,0.0
expr:PPEF1,expression,0.0,0,0.0
expr:POTEJ,expression,0.0,0,0.0
expr:PPFIA1,expression,0.0,0,0.0
expr:PPFIA2,expression,0.0,0,0.0
expr:PPFIA4,expression,0.0,0,0.0
expr:POU4F3,expression,0.0,1,0.02
expr:POU5F1,expression,0.0,0,0.0
expr:POU5F1B,expression,0.0,0,0.0
expr:POU5F2,expression,0.0,1,0.02
expr:POU6F2,expression,0.0,0,0.0
expr:PP2D1,expression,0.0,0,0.0
expr:PPARA,expression,0.0,0,0.0
expr:PPARG,expression,0.0,4,0.08
expr:POTEF,expression,0.0,0,0.0
expr:POTEH,expression,0.0,0,0.0
expr:PPEF2,expression,0.0,0,0.0
expr:PLAT,expression,0.0,1,0.02
expr:PLAU,expression,0.0,0,0.0
expr:PLA2G3,expression,0.0,0,0.0
expr:PLA2G4A,expression,0.0,1,0.02
expr:PLA2G4B,expression,0.0,0,0.0
expr:PLA2G4C,expression,0.0,0,0.0
expr:PLA2G4E,expression,0.0,0,0.0
expr:PLA2G4F,expression,0.0,0,0.0
expr:PLA2G5,expression,0.0,0,0.0
expr:PLA2G7,expression,0.0,2,0.04
expr:PKDREJ,expression,0.0,0,0.0
expr:PKIA,expression,0.0,2,0.04
expr:PKIB,expression,0.0,0,0.0
expr:PLCL2,expression,0.0,0,0.0
expr:PKP2,expression,0.0,0,0.0
expr:PLA2G2A,expression,0.0,0,0.0
expr:PLA2G2C,expression,0.0,0,0.0
expr:PLA2G2F,expression,0.0,9,0.18
expr:PIWIL3,expression,0.0,0,0.0
expr:PIWIL4,expression,0.0,0,0.0
expr:PKD1L1,expression,0.0,0,0.0
expr:PKD1L3,expression,0.0,0,0.0
expr:PKD2,expression,0.0,0,0.0
expr:PKD2L1,expression,0.0,0,0.0
expr:PKD2L2,expression,0.0,0,0.0
expr:PKDCC,expression,0.0,0,0.0
expr:HSPB8,expression,0.0,0,0.0
expr:PKP1,expression,0.0,0,0.0
expr:PIK3R5,expression,0.0,0,0.0
expr:PILRA,expression,0.0,0,0.0
expr:PILRB,expression,0.0,0,0.0
expr:PIM1,expression,0.0,0,0.0
expr:PIM2,expression,0.0,10,0.2
expr:PIP,expression,0.0,0,0.0
expr:PIP4P2,expression,0.0,0,0.0
expr:PID1,expression,0.0,0,0.0
expr:PIEZO2,expression,0.0,0,0.0
expr:PIH1D2,expression,0.0,1,0.02
expr:PIK3AP1,expression,0.0,0,0.0
expr:PIK3C2A,expression,0.0,0,0.0
expr:PIK3C2G,expression,0.0,0,0.0
expr:PLAGL1,expression,0.0,0,0.0
expr:ICOS,expression,0.0,21,0.42
expr:ID1,expression,0.0,0,0.0
expr:PHOSPHO2,expression,0.0,0,0.0
expr:PHYHIP,expression,0.0,0,0.0
expr:PHYHIPL,expression,0.0,0,0.0
expr:PI15,expression,0.0,0,0.0
expr:PI3,expression,0.0,1,0.02
expr:PIANP,expression,0.0,0,0.0
expr:PLA2R1,expression,0.0,0,0.0
expr:PLAAT2,expression,0.0,1,0.02
expr:PLAC1,expression,0.0,1,0.02
expr:PLAC9,expression,0.0,0,0.0
expr:PLAG1,expression,0.0,1,0.02
expr:PIK3CD,expression,0.0,0,0.0
expr:PLEKHG7,expression,0.0,0,0.0
expr:PLEKHH2,expression,0.0,1,0.02
expr:PLEKHM3,expression,0.0,0,0.0
expr:PLEKHN1,expression,0.0,0,0.0
expr:PLET1,expression,0.0,0,0.0
expr:PLG,expression,0.0,0,0.0
expr:PLGLB1,expression,0.0,0,0.0
expr:PLEKHB1,expression,0.0,0,0.0
expr:PLEKHD1,expression,0.0,0,0.0
expr:PLEKHF1,expression,0.0,0,0.0
expr:PLEKHF2,expression,0.0,3,0.06
expr:PLEKHG1,expression,0.0,0,0.0
expr:PLEKHG4,expression,0.0,0,0.0
expr:HSPB9,expression,0.0,0,0.0
expr:PLCZ1,expression,0.0,0,0.0
expr:PLD1,expression,0.0,0,0.0
expr:PLD4,expression,0.0,7,0.14
expr:PLD5,expression,0.0,3,0.06
expr:PLD6,expression,0.0,0,0.0
expr:PLEK,expression,0.0,10,0.2
expr:PLEK2,expression,0.0,0,0.0
expr:PLEKHA2,expression,0.0,0,0.0
expr:PLCD4,expression,0.0,0,0.0
expr:PLCG2,expression,0.0,0,0.0
expr:PLCH1,expression,0.0,2,0.04
expr:PLCH2,expression,0.0,0,0.0
expr:PLCL1,expression,0.0,1,0.02
expr:PLEKHG4B,expression,0.0,1,0.02
expr:HSPG2,expression,0.0,0,0.0
expr:HTATIP2,expression,0.0,2,0.04
expr:HTD2,expression,0.0,0,0.0
expr:PLCB2,expression,0.0,0,0.0
expr:PLCB4,expression,0.0,0,0.0
expr:PLCD3,expression,0.0,0,0.0
expr:HSPA12B,expression,0.0,0,0.0
expr:HSPA1A,expression,0.0,0,0.0
expr:HSPA4L,expression,0.0,0,0.0
expr:HSPA6,expression,0.0,0,0.0
expr:HSPB1,expression,0.0,0,0.0
expr:HSPB3,expression,0.0,0,0.0
expr:HSPB6,expression,0.0,0,0.0
expr:PLEKHG6,expression,0.0,0,0.0
expr:HSD17B6,expression,0.0,0,0.0
expr:HSD3B1,expression,0.0,0,0.0
expr:HSD3B2,expression,0.0,0,0.0
expr:HSF5,expression,0.0,0,0.0
expr:HSFX2,expression,0.0,0,0.0
expr:HSFX4,expression,0.0,1,0.02
expr:PLAUR,expression,0.0,0,0.0
expr:PLB1,expression,0.0,0,0.0
expr:PLBD1,expression,0.0,0,0.0
expr:PLCB1,expression,0.0,0,0.0
expr:HSD11B1L,expression,0.0,0,0.0
expr:HSD17B1,expression,0.0,0,0.0
expr:HSD17B11,expression,0.0,0,0.0
expr:HSD17B2,expression,0.0,0,0.0
expr:HSPB7,expression,0.0,0,0.0
expr:PSG5,expression,0.0,0,0.0
expr:PSG9,expression,0.0,0,0.0
expr:PSIP1,expression,0.0,0,0.0
expr:PSKH2,expression,0.0,0,0.0
expr:PSMA2,expression,0.0,0,0.0
expr:PSMA8,expression,0.0,19,0.38
expr:PSMB9,expression,0.0,0,0.0
expr:PSMD3,expression,0.0,0,0.0
expr:PRUNE2,expression,0.0,0,0.0
expr:PRX,expression,0.0,0,0.0
expr:PSAPL1,expression,0.0,2,0.04
expr:PSAT1,expression,0.0,2,0.04
expr:PSD,expression,0.0,0,0.0
expr:HS3ST3A1,expression,0.0,0,0.0
expr:PSD3,expression,0.0,0,0.0
expr:PSEN2,expression,0.0,0,0.0
expr:PRSS53,expression,0.0,0,0.0
expr:PRSS55,expression,0.0,3,0.06
expr:PRSS56,expression,0.0,3,0.06
expr:PRSS57,expression,0.0,0,0.0
expr:PRSS8,expression,0.0,0,0.0
expr:PRTFDC1,expression,0.0,0,0.0
expr:PRTG,expression,0.0,2,0.04
expr:PRTN3,expression,0.0,0,0.0
expr:PRSS2,expression,0.0,0,0.0
expr:PRSS22,expression,0.0,0,0.0
expr:PRSS23,expression,0.0,0,0.0
expr:PSD2,expression,0.0,0,0.0
expr:HOXD13,expression,0.0,1,0.02
expr:HOXD3,expression,0.0,0,0.0
expr:HOXD4,expression,0.0,0,0.0
expr:HOXD8,expression,0.0,0,0.0
expr:HOXC10,expression,0.0,0,0.0
expr:HOXC11,expression,0.0,0,0.0
expr:HOXC12,expression,0.0,5,0.1
expr:HOXC13,expression,0.0,0,0.0
expr:HOXC4,expression,0.0,0,0.0
expr:HOXC5,expression,0.0,0,0.0
expr:HOXC6,expression,0.0,0,0.0
expr:HOXC8,expression,0.0,0,0.0
expr:HOXB2,expression,0.0,0,0.0
expr:HOXB13,expression,0.0,0,0.0
expr:HOXB4,expression,0.0,0,0.0
expr:HOXB5,expression,0.0,0,0.0
expr:HOXB6,expression,0.0,0,0.0
expr:HOXB7,expression,0.0,0,0.0
expr:HOXB8,expression,0.0,0,0.0
expr:HOXB9,expression,0.0,0,0.0
expr:PRSS16,expression,0.0,1,0.02
expr:HOXA4,expression,0.0,3,0.06
expr:HOXA5,expression,0.0,0,0.0
expr:HOXA6,expression,0.0,0,0.0
expr:HOXA7,expression,0.0,1,0.02
expr:HOXA9,expression,0.0,0,0.0
expr:HOXB1,expression,0.0,3,0.06
expr:HOXB3,expression,0.0,0,0.0
expr:PSORS1C2,expression,0.0,3,0.06
expr:PSTPIP1,expression,0.0,0,0.0
expr:PTAFR,expression,0.0,0,0.0
expr:PTCH1,expression,0.0,0,0.0
expr:PTCHD1,expression,0.0,0,0.0
expr:PTCRA,expression,0.0,0,0.0
expr:PTGDR,expression,0.0,0,0.0
expr:PYGM,expression,0.0,0,0.0
expr:PYGO1,expression,0.0,1,0.02
expr:PYROXD2,expression,0.0,0,0.0
expr:PYY,expression,0.0,2,0.04
expr:QDPR,expression,0.0,0,0.0
expr:QPCT,expression,0.0,0,0.0
expr:PRSS3,expression,0.0,0,0.0
expr:PVALEF,expression,0.0,0,0.0
expr:PWP2,expression,0.0,0,0.0
expr:PXDC1,expression,0.0,0,0.0
expr:PXDN,expression,0.0,0,0.0
expr:PXMP4,expression,0.0,0,0.0
expr:PXT1,expression,0.0,0,0.0
expr:PYCARD,expression,0.0,0,0.0
expr:PYGL,expression,0.0,1,0.02
expr:PTPRO,expression,0.0,0,0.0
expr:PTPRQ,expression,0.0,0,0.0
expr:PTPRS,expression,0.0,1,0.02
expr:PTTG2,expression,0.0,0,0.0
expr:PTX3,expression,0.0,0,0.0
expr:QPRT,expression,0.0,0,0.0
expr:PRSS33,expression,0.0,4,0.08
expr:PRSS35,expression,0.0,0,0.0
expr:PRSS37,expression,0.0,0,0.0
expr:PRSS41,expression,0.0,0,0.0
expr:PTP4A1,expression,0.0,0,0.0
expr:PTPN1,expression,0.0,8,0.16
expr:PTPN13,expression,0.0,0,0.0
expr:PTPN14,expression,0.0,0,0.0
expr:PTPN20,expression,0.0,0,0.0
expr:PTPN21,expression,0.0,0,0.0
expr:PTPN3,expression,0.0,0,0.0
expr:PTPN5,expression,0.0,0,0.0
expr:PTGIS,expression,0.0,2,0.04
expr:PSORS1C1,expression,0.0,0,0.0
expr:PTH1R,expression,0.0,0,0.0
expr:PTH2R,expression,0.0,0,0.0
expr:PTHLH,expression,0.0,0,0.0
expr:PTK6,expression,0.0,0,0.0
expr:PTK7,expression,0.0,1,0.02
expr:PTN,expression,0.0,0,0.0
expr:PTGDS,expression,0.0,1,0.02
expr:PTGER1,expression,0.0,1,0.02
expr:PTGER2,expression,0.0,1,0.02
expr:PTGER4,expression,0.0,3,0.06
expr:PTGES,expression,0.0,0,0.0
expr:PTGES3L,expression,0.0,0,0.0
expr:PTGFR,expression,0.0,1,0.02
expr:PTGIR,expression,0.0,0,0.0
expr:PTGS1,expression,0.0,0,0.0
expr:PRDM13,expression,0.0,0,0.0
expr:PRDM16,expression,0.0,0,0.0
expr:PPP1R3C,expression,0.0,0,0.0
expr:PPP1R3G,expression,0.0,0,0.0
expr:PPP1R42,expression,0.0,0,0.0
expr:PPP1R9A,expression,0.0,0,0.0
expr:PPP2R2C,expression,0.0,0,0.0
expr:PPP2R3A,expression,0.0,0,0.0
expr:PPP3CA,expression,0.0,1,0.02
expr:PPT2-EGFL8,expression,0.0,0,0.0
expr:PPP1R14C,expression,0.0,0,0.0
expr:PPP1R16A,expression,0.0,1,0.02
expr:PPP1R1A,expression,0.0,0,0.0
expr:HOXD11,expression,0.0,1,0.02
expr:PPP1R27,expression,0.0,0,0.0
expr:PPP1R2B,expression,0.0,0,0.0
expr:PPP1R36,expression,0.0,0,0.0
expr:PPP1R3B,expression,0.0,0,0.0
expr:PRL,expression,0.0,0,0.0
expr:PRLH,expression,0.0,1,0.02
expr:PRLHR,expression,0.0,0,0.0
expr:PRMT8,expression,0.0,0,0.0
expr:PRND,expression,0.0,0,0.0
expr:PROB1,expression,0.0,0,0.0
expr:PROC,expression,0.0,0,0.0
expr:PROCA1,expression,0.0,0,0.0
expr:PRKD1,expression,0.0,0,0.0
expr:PPP1R1B,expression,0.0,1,0.02
expr:HS3ST3B1,expression,0.0,0,0.0
expr:HPR,expression,0.0,0,0.0
expr:HPS3,expression,0.0,1,0.02
expr:HPSE,expression,0.0,0,0.0
expr:HPSE2,expression,0.0,4,0.08
expr:HPX,expression,0.0,1,0.02
expr:HRC,expression,0.0,2,0.04
expr:HRCT1,expression,0.0,0,0.0
expr:PPIL6,expression,0.0,0,0.0
expr:PPL,expression,0.0,0,0.0
expr:PPM1E,expression,0.0,0,0.0
expr:HOXD9,expression,0.0,0,0.0
expr:HPCA,expression,0.0,0,0.0
expr:PRCD,expression,0.0,0,0.0
expr:HPD,expression,0.0,0,0.0
expr:HPDL,expression,0.0,0,0.0
expr:PRDM5,expression,0.0,0,0.0
expr:PRDM6,expression,0.0,0,0.0
expr:PRDM7,expression,0.0,0,0.0
expr:PRDM8,expression,0.0,2,0.04
expr:PRELID3A,expression,0.0,0,0.0
expr:PRELP,expression,0.0,0,0.0
expr:PRF1,expression,0.0,0,0.0
expr:PRAC2,expression,0.0,2,0.04
expr:PRAG1,expression,0.0,0,0.0
expr:PRAM1,expression,0.0,1,0.02
expr:PRB3,expression,0.0,0,0.0
expr:HPCAL4,expression,0.0,0,0.0
expr:PRSS12,expression,0.0,0,0.0
expr:PRR29,expression,0.0,0,0.0
expr:PRR33,expression,0.0,0,0.0
expr:PRR35,expression,0.0,0,0.0
expr:PRR36,expression,0.0,2,0.04
expr:PRR4,expression,0.0,0,0.0
expr:PRRC2B,expression,0.0,0,0.0
expr:PRRG1,expression,0.0,0,0.0
expr:PRRG2,expression,0.0,0,0.0
expr:PRPH2,expression,0.0,0,0.0
expr:PRR11,expression,0.0,4,0.08
expr:PRR15L,expression,0.0,0,0.0
expr:PRR16,expression,0.0,0,0.0
expr:PRKD3,expression,0.0,0,0.0
expr:PRR22,expression,0.0,0,0.0
expr:PRR27,expression,0.0,0,0.0
expr:PRODH,expression,0.0,0,0.0
expr:PROK1,expression,0.0,0,0.0
expr:PROK2,expression,0.0,0,0.0
expr:PROKR1,expression,0.0,1,0.02
expr:PROKR2,expression,0.0,0,0.0
expr:PROM1,expression,0.0,1,0.02
expr:PROM2,expression,0.0,2,0.04
expr:PRPH,expression,0.0,1,0.02
expr:HOXC9,expression,0.0,0,0.0
expr:HOXD1,expression,0.0,0,0.0
expr:HOXD10,expression,0.0,1,0.02
expr:PRR18,expression,0.0,0,0.0
expr:PRKDC,expression,0.0,0,0.0
expr:PRKG1,expression,0.0,0,0.0
expr:PRKG2,expression,0.0,1,0.02
expr:PRKN,expression,0.0,0,0.0
expr:PRKX,expression,0.0,0,0.0
expr:PRKY,expression,0.0,0,0.0
expr:PRKAA2,expression,0.0,0,0.0
expr:PRKACB,expression,0.0,0,0.0
expr:PRKAR2B,expression,0.0,0,0.0
expr:PRKCA,expression,0.0,0,0.0
expr:PRKCB,expression,0.0,21,0.42
expr:PRKCE,expression,0.0,0,0.0
expr:PRKCG,expression,0.0,0,0.0
expr:PRSS1,expression,0.0,0,0.0
expr:PRG2,expression,0.0,0,0.0
expr:PRG4,expression,0.0,0,0.0
expr:PRH1,expression,0.0,0,0.0
expr:PRH2,expression,0.0,0,0.0
expr:PRICKLE1,expression,0.0,0,0.0
expr:PRICKLE2,expression,0.0,0,0.0
expr:PRICKLE4,expression,0.0,0,0.0
expr:PRIM1,expression,0.0,0,0.0
expr:PRRG3,expression,0.0,0,0.0
expr:PRRT1,expression,0.0,0,0.0
expr:PRRT1B,expression,0.0,2,0.04
expr:PRRT4,expression,0.0,0,0.0
expr:PRRX1,expression,0.0,0,0.0
expr:PRRX2,expression,0.0,0,0.0
expr:PRKCQ,expression,0.0,9,0.18
expr:SMKR1,expression,0.0,0,0.0
expr:SMLR1,expression,0.0,0,0.0
expr:SMO,expression,0.0,0,0.0
expr:SMOC2,expression,0.0,1,0.02
expr:GPR1,expression,0.0,0,0.0
expr:GPR12,expression,0.0,0,0.0
expr:GPR135,expression,0.0,0,0.0
expr:GPR137B,expression,0.0,0,0.0
expr:GPR137C,expression,0.0,0,0.0
expr:GPR139,expression,0.0,0,0.0
expr:GPR141,expression,0.0,0,0.0
expr:GPR142,expression,0.0,3,0.06
expr:GPD1,expression,0.0,0,0.0
expr:SARNP,expression,0.0,0,0.0
expr:GPER1,expression,0.0,0,0.0
expr:GPHA2,expression,0.0,0,0.0
expr:GPIHBP1,expression,0.0,0,0.0
expr:GPM6B,expression,0.0,0,0.0
expr:GPNMB,expression,0.0,0,0.0
expr:SMIM31,expression,0.0,0,0.0
expr:SMIM32,expression,0.0,2,0.04
expr:SMIM35,expression,0.0,5,0.1
expr:SMIM38,expression,0.0,0,0.0
expr:SMIM5,expression,0.0,0,0.0
expr:SMIM6,expression,0.0,0,0.0
expr:GPC4,expression,0.0,0,0.0
expr:GPC6,expression,0.0,1,0.02
expr:GPD2,expression,0.0,0,0.0
expr:SMCO1,expression,0.0,0,0.0
expr:SMCO2,expression,0.0,0,0.0
expr:SMCO3,expression,0.0,0,0.0
expr:SMCR8,expression,0.0,0,0.0
expr:SMG6,expression,0.0,0,0.0
expr:SMG8,expression,0.0,0,0.0
expr:SMIM1,expression,0.0,0,0.0
expr:SMIM10,expression,0.0,0,0.0
expr:SMAD9,expression,0.0,0,0.0
expr:SMAGP,expression,0.0,0,0.0
expr:SMAP1,expression,0.0,0,0.0
expr:SMARCA1,expression,0.0,0,0.0
expr:SMARCD3,expression,0.0,0,0.0
expr:GPR156,expression,0.0,3,0.06
expr:SMC2,expression,0.0,1,0.02
expr:SMC4,expression,0.0,0,0.0
expr:SLIT3,expression,0.0,0,0.0
expr:SLITRK1,expression,0.0,0,0.0
expr:SLITRK2,expression,0.0,0,0.0
expr:SLITRK3,expression,0.0,0,0.0
expr:SLITRK4,expression,0.0,0,0.0
expr:SLITRK5,expression,0.0,0,0.0
expr:SLITRK6,expression,0.0,0,0.0
expr:SLPI,expression,0.0,0,0.0
expr:GPR143,expression,0.0,0,0.0
expr:GPR146,expression,0.0,0,0.0
expr:GPR153,expression,0.0,0,0.0
expr:SMC1B,expression,0.0,0,0.0
expr:SMR3A,expression,0.0,21,0.42
expr:SMTNL2,expression,0.0,0,0.0
expr:SMYD1,expression,0.0,1,0.02
expr:SOX7,expression,0.0,0,0.0
expr:SOX8,expression,0.0,0,0.0
expr:SOX9,expression,0.0,0,0.0
expr:SP6,expression,0.0,1,0.02
expr:SP7,expression,0.0,15,0.3
expr:SP8,expression,0.0,0,0.0
expr:SPA17,expression,0.0,0,0.0
expr:SPAAR,expression,0.0,0,0.0
expr:SOX15,expression,0.0,0,0.0
expr:SOX17,expression,0.0,0,0.0
expr:SNX31,expression,0.0,0,0.0
expr:SOX2,expression,0.0,0,0.0
expr:SOX21,expression,0.0,0,0.0
expr:SOX3,expression,0.0,0,0.0
expr:SOX30,expression,0.0,0,0.0
expr:SOX6,expression,0.0,0,0.0
expr:SORCS3,expression,0.0,1,0.02
expr:SORD,expression,0.0,0,0.0
expr:SORL1,expression,0.0,0,0.0
expr:SOST,expression,0.0,0,0.0
expr:SOSTDC1,expression,0.0,0,0.0
expr:SOWAHB,expression,0.0,0,0.0
expr:SOWAHD,expression,0.0,0,0.0
expr:SOX10,expression,0.0,0,0.0
expr:SOX18,expression,0.0,0,0.0
expr:SNX7,expression,0.0,0,0.0
expr:SOAT1,expression,0.0,1,0.02
expr:SOAT2,expression,0.0,0,0.0
expr:SOBP,expression,0.0,0,0.0
expr:SOCS1,expression,0.0,0,0.0
expr:SOCS2,expression,0.0,0,0.0
expr:SOCS7,expression,0.0,2,0.04
expr:SNORC,expression,0.0,0,0.0
expr:SNRPN,expression,0.0,0,0.0
expr:SNTB1,expression,0.0,0,0.0
expr:SNTG2,expression,0.0,0,0.0
expr:SNURF,expression,0.0,0,0.0
expr:SNX15,expression,0.0,0,0.0
expr:SMPX,expression,0.0,0,0.0
expr:SNX22,expression,0.0,0,0.0
expr:SNAI1,expression,0.0,0,0.0
expr:SNAI2,expression,0.0,0,0.0
expr:SNAI3,expression,0.0,0,0.0
expr:SNAP91,expression,0.0,0,0.0
expr:SNCA,expression,0.0,7,0.14
expr:SNCAIP,expression,0.0,2,0.04
expr:SNCG,expression,0.0,0,0.0
expr:SNED1,expression,0.0,0,0.0
expr:SMOX,expression,0.0,3,0.06
expr:SMPD3,expression,0.0,0,0.0
expr:SMPDL3A,expression,0.0,0,0.0
expr:SMPDL3B,expression,0.0,0,0.0
expr:SNX20,expression,0.0,6,0.12
expr:SLC5A11,expression,0.0,0,0.0
expr:SLC44A4,expression,0.0,5,0.1
expr:SLC44A5,expression,0.0,0,0.0
expr:SLC45A1,expression,0.0,0,0.0
expr:SLC45A2,expression,0.0,1,0.02
expr:SLC45A3,expression,0.0,0,0.0
expr:SLC46A1,expression,0.0,0,0.0
expr:SLC47A2,expression,0.0,0,0.0
expr:SLC4A1,expression,0.0,0,0.0
expr:SLC39A5,expression,0.0,0,0.0
expr:SLC39A6,expression,0.0,2,0.04
expr:SLC39A8,expression,0.0,0,0.0
expr:SLC3A1,expression,0.0,0,0.0
expr:SMIM24,expression,0.0,0,0.0
expr:SLC41A2,expression,0.0,0,0.0
expr:SLC43A3,expression,0.0,0,0.0
expr:SLC44A3,expression,0.0,0,0.0
expr:GPR52,expression,0.0,0,0.0
expr:GPR55,expression,0.0,2,0.04
expr:GPR6,expression,0.0,0,0.0
expr:GPR61,expression,0.0,0,0.0
expr:SLC6A4,expression,0.0,0,0.0
expr:SLC6A6,expression,0.0,0,0.0
expr:SLC6A7,expression,0.0,0,0.0
expr:SLC6A9,expression,0.0,0,0.0
expr:GPR25,expression,0.0,1,0.02
expr:GPR26,expression,0.0,0,0.0
expr:SLC41A1,expression,0.0,0,0.0
expr:SLC35F1,expression,0.0,0,0.0
expr:SLC35F2,expression,0.0,0,0.0
expr:SLC35F3,expression,0.0,0,0.0
expr:SLC35F4,expression,0.0,0,0.0
expr:SLC35G1,expression,0.0,0,0.0
expr:SLC2A6,expression,0.0,0,0.0
expr:SLC2A7,expression,0.0,0,0.0
expr:SLC30A1,expression,0.0,2,0.04
expr:SLC30A10,expression,0.0,0,0.0
expr:SLC30A2,expression,0.0,0,0.0
expr:SLC30A3,expression,0.0,0,0.0
expr:SLC30A8,expression,0.0,0,0.0
expr:SLC31A2,expression,0.0,0,0.0
expr:SLC5A10,expression,0.0,0,0.0
expr:SLC5A3,expression,0.0,0,0.0
expr:SLC5A5,expression,0.0,0,0.0
expr:SLC5A6,expression,0.0,0,0.0
expr:SLC5A7,expression,0.0,0,0.0
expr:SLC5A8,expression,0.0,0,0.0
expr:SLC5A9,expression,0.0,0,0.0
expr:SLC6A1,expression,0.0,0,0.0
expr:SLC4A11,expression,0.0,5,0.1
expr:SLC4A4,expression,0.0,0,0.0
expr:SLC4A8,expression,0.0,0,0.0
expr:SLC4A9,expression,0.0,0,0.0
expr:SLC52A3,expression,0.0,0,0.0
expr:SLC5A1,expression,0.0,0,0.0
expr:SLC5A2,expression,0.0,0,0.0
expr:SLCO1C1,expression,0.0,0,0.0
expr:SLCO2B1,expression,0.0,0,0.0
expr:SLCO3A1,expression,0.0,0,0.0
expr:SLCO4A1,expression,0.0,0,0.0
expr:SLCO4C1,expression,0.0,0,0.0
expr:SLC9A2,expression,0.0,0,0.0
expr:SLC9A3R1,expression,0.0,0,0.0
expr:SLC9A3R2,expression,0.0,0,0.0
expr:SLC9A4,expression,0.0,0,0.0
expr:SLC9A9,expression,0.0,3,0.06
expr:SLC9B2,expression,0.0,1,0.02
expr:SLC9C2,expression,0.0,1,0.02
expr:SLCO1A2,expression,0.0,0,0.0
expr:GPR3,expression,0.0,0,0.0
expr:SLC7A10,expression,0.0,0,0.0
expr:SLC7A13,expression,0.0,13,0.26
expr:SLC7A14,expression,0.0,2,0.04
expr:SLC7A2,expression,0.0,8,0.16
expr:SLC7A7,expression,0.0,0,0.0
expr:SLC8A1,expression,0.0,0,0.0
expr:SLC8A2,expression,0.0,0,0.0
expr:SMIM10L2A,expression,0.0,0,0.0
expr:SMIM10L2B,expression,0.0,0,0.0
expr:SMIM17,expression,0.0,0,0.0
expr:SMIM18,expression,0.0,0,0.0
expr:SMIM22,expression,0.0,0,0.0
expr:SMIM23,expression,0.0,0,0.0
expr:SLC7A1,expression,0.0,0,0.0
expr:GPR34,expression,0.0,0,0.0
expr:GPR35,expression,0.0,0,0.0
expr:GPR37,expression,0.0,1,0.02
expr:GPR39,expression,0.0,0,0.0
expr:GPR161,expression,0.0,0,0.0
expr:GPR162,expression,0.0,0,0.0
expr:GPR17,expression,0.0,0,0.0
expr:GPR176,expression,0.0,0,0.0
expr:GPR179,expression,0.0,0,0.0
expr:GPR19,expression,0.0,0,0.0
expr:GPR20,expression,0.0,0,0.0
expr:GPR21,expression,0.0,0,0.0
expr:SLC6A12,expression,0.0,1,0.02
expr:SLCO1B3-SLCO1B7,expression,0.0,0,0.0
expr:SLC6A14,expression,0.0,0,0.0
expr:SLC6A15,expression,0.0,0,0.0
expr:SLC6A16,expression,0.0,0,0.0
expr:SLC6A2,expression,0.0,0,0.0
expr:SLC6A20,expression,0.0,0,0.0
expr:SLFN11,expression,0.0,0,0.0
expr:SLFN12L,expression,0.0,3,0.06
expr:SLFN13,expression,0.0,0,0.0
expr:SLFN5,expression,0.0,0,0.0
expr:SLFNL1,expression,0.0,0,0.0
expr:SLIT1,expression,0.0,0,0.0
expr:SLIT2,expression,0.0,0,0.0
expr:SLCO1B1,expression,0.0,0,0.0
expr:SLCO1B3,expression,0.0,0,0.0
expr:SLC6A13,expression,0.0,0,0.0
expr:GNAT1,expression,0.0,2,0.04
expr:GNAT2,expression,0.0,4,0.08
expr:GNAT3,expression,0.0,0,0.0
expr:GNAZ,expression,0.0,0,0.0
expr:GNB4,expression,0.0,0,0.0
expr:GNE,expression,0.0,0,0.0
expr:GNG10,expression,0.0,0,0.0
expr:GLYATL2,expression,0.0,0,0.0
expr:GLYATL3,expression,0.0,0,0.0
expr:GMCL2,expression,0.0,0,0.0
expr:GMNN,expression,0.0,0,0.0
expr:GNA14,expression,0.0,0,0.0
expr:GNA15,expression,0.0,0,0.0
expr:SOD2,expression,0.0,0,0.0
expr:GNAL,expression,0.0,1,0.02
expr:SSBP2,expression,0.0,0,0.0
expr:SSC4D,expression,0.0,0,0.0
expr:SSC5D,expression,0.0,0,0.0
expr:SSH3,expression,0.0,1,0.02
expr:SSPN,expression,0.0,0,0.0
expr:SST,expression,0.0,0,0.0
expr:GLYATL1,expression,0.0,0,0.0
expr:GLYATL1B,expression,0.0,0,0.0
expr:STARD3,expression,0.0,0,0.0
expr:STARD4,expression,0.0,1,0.02
expr:STARD6,expression,0.0,0,0.0
expr:STARD9,expression,0.0,1,0.02
expr:GNAI1,expression,0.0,0,0.0
expr:SQLE,expression,0.0,0,0.0
expr:SRCIN1,expression,0.0,0,0.0
expr:SRD5A2,expression,0.0,0,0.0
expr:SPRR2A,expression,0.0,1,0.02
expr:SPRR2E,expression,0.0,0,0.0
expr:SPRR2F,expression,0.0,0,0.0
expr:SPRR2G,expression,0.0,5,0.1
expr:SPRY2,expression,0.0,5,0.1
expr:SPSB1,expression,0.0,0,0.0
expr:SPSB3,expression,0.0,0,0.0
expr:SPSB4,expression,0.0,0,0.0
expr:SPON2,expression,0.0,0,0.0
expr:SPOPL,expression,0.0,2,0.04
expr:GNAO1,expression,0.0,0,0.0
expr:SPPL2C,expression,0.0,0,0.0
expr:SPRED1,expression,0.0,0,0.0
expr:SPRED3,expression,0.0,0,0.0
expr:SPRN,expression,0.0,0,0.0
expr:SPRR1A,expression,0.0,29,0.58
expr:GNG11,expression,0.0,1,0.02
expr:GNG12,expression,0.0,0,0.0
expr:GNG13,expression,0.0,0,0.0
expr:GNG3,expression,0.0,1,0.02
expr:GNG4,expression,0.0,0,0.0
expr:GNGT1,expression,0.0,0,0.0
expr:GNGT2,expression,0.0,0,0.0
expr:GNLY,expression,0.0,0,0.0
expr:SPOUT1,expression,0.0,0,0.0
expr:STS,expression,0.0,1,0.02
expr:STUM,expression,0.0,0,0.0
expr:STX16-NPEPL1,expression,0.0,0,0.0
expr:STX19,expression,0.0,0,0.0
expr:STX1B,expression,0.0,0,0.0
expr:STON2,expression,0.0,0,0.0
expr:STOX1,expression,0.0,1,0.02
expr:STOX2,expression,0.0,0,0.0
expr:STPG2,expression,0.0,0,0.0
expr:STPG3,expression,0.0,0,0.0
expr:STPG4,expression,0.0,17,0.34
expr:STRA6,expression,0.0,0,0.0
expr:STRA8,expression,0.0,3,0.06
expr:STAT5A,expression,0.0,2,0.04
expr:STK38L,expression,0.0,0,0.0
expr:STMN1,expression,0.0,0,0.0
expr:STMN2,expression,0.0,0,0.0
expr:STMN4,expression,0.0,0,0.0
expr:STOM,expression,0.0,0,0.0
expr:STON1,expression,0.0,0,0.0
expr:STON1-GTF2A1L,expression,0.0,0,0.0
expr:STEAP4,expression,0.0,0,0.0
expr:STH,expression,0.0,0,0.0
expr:STIL,expression,0.0,1,0.02
expr:STIMATE-MUSTN1,expression,0.0,0,0.0
expr:STK17B,expression,0.0,0,0.0
expr:STK26,expression,0.0,0,0.0
expr:STK33,expression,0.0,0,0.0
expr:STC1,expression,0.0,0,0.0
expr:STEAP1B,expression,0.0,0,0.0
expr:STEAP3,expression,0.0,0,0.0
expr:ST8SIA4,expression,0.0,0,0.0
expr:STAB1,expression,0.0,0,0.0
expr:STAC,expression,0.0,1,0.02
expr:STAG1,expression,0.0,5,0.1
expr:STAMBPL1,expression,0.0,0,0.0
expr:STAR,expression,0.0,0,0.0
expr:STARD10,expression,0.0,3,0.06
expr:ST3GAL6,expression,0.0,0,0.0
expr:ST6GAL1,expression,0.0,0,0.0
expr:ST6GAL2,expression,0.0,0,0.0
expr:STRIP2,expression,0.0,0,0.0
expr:ST6GALNAC3,expression,0.0,1,0.02
expr:ST6GALNAC5,expression,0.0,0,0.0
expr:ST8SIA1,expression,0.0,0,0.0
expr:ST8SIA2,expression,0.0,0,0.0
expr:SSTR1,expression,0.0,0,0.0
expr:SSTR2,expression,0.0,0,0.0
expr:SSTR3,expression,0.0,0,0.0
expr:SSUH2,expression,0.0,0,0.0
expr:SSX1,expression,0.0,0,0.0
expr:ST18,expression,0.0,0,0.0
expr:ST20,expression,0.0,0,0.0
expr:ST3GAL1,expression,0.0,0,0.0
expr:STRADA,expression,0.0,0,0.0
expr:STRC,expression,0.0,0,0.0
expr:ST6GALNAC1,expression,0.0,0,0.0
expr:SPATA17,expression,0.0,0,0.0
expr:SPATA18,expression,0.0,0,0.0
expr:SPACA3,expression,0.0,0,0.0
expr:SPACA4,expression,0.0,0,0.0
expr:SPACA6,expression,0.0,0,0.0
expr:SPAG1,expression,0.0,0,0.0
expr:SPAG16,expression,0.0,1,0.02
expr:SPAG17,expression,0.0,0,0.0
expr:SPAG4,expression,0.0,0,0.0
expr:SPAG5,expression,0.0,2,0.04
expr:GOLT1A,expression,0.0,0,0.0
expr:GP5,expression,0.0,0,0.0
expr:GP6,expression,0.0,0,0.0
expr:SPX,expression,0.0,0,0.0
expr:GPAT2,expression,0.0,0,0.0
expr:GPBAR1,expression,0.0,0,0.0
expr:SPDYE2,expression,0.0,0,0.0
expr:SPDYE21,expression,0.0,0,0.0
expr:GOLGA8K,expression,0.0,0,0.0
expr:GOLGA8M,expression,0.0,0,0.0
expr:GOLGA8N,expression,0.0,0,0.0
expr:GOLGA8O,expression,0.0,0,0.0
expr:GOLGA8Q,expression,0.0,0,0.0
expr:GOLGA8R,expression,0.0,2,0.04
expr:GOLGA8S,expression,0.0,0,0.0
expr:GOLM1,expression,0.0,0,0.0
expr:GOLGA6L4,expression,0.0,0,0.0
expr:GPAM,expression,0.0,4,0.08
expr:SOD3,expression,0.0,0,0.0
expr:SOGA3,expression,0.0,6,0.12
expr:SOHLH1,expression,0.0,0,0.0
expr:SORBS1,expression,0.0,6,0.12
expr:SORBS2,expression,0.0,0,0.0
expr:SORCS1,expression,0.0,0,0.0
expr:SORCS2,expression,0.0,0,0.0
expr:SPATA6,expression,0.0,0,0.0
expr:SPATA6L,expression,0.0,0,0.0
expr:SPATA9,expression,0.0,0,0.0
expr:SPATC1,expression,0.0,0,0.0
expr:SPATC1L,expression,0.0,0,0.0
expr:SPC24,expression,0.0,0,0.0
expr:SPATA12,expression,0.0,3,0.06
expr:SPDEF,expression,0.0,1,0.02
expr:SPATA20,expression,0.0,0,0.0
expr:SPATA21,expression,0.0,0,0.0
expr:SPATA22,expression,0.0,0,0.0
expr:SPATA25,expression,0.0,0,0.0
expr:SPATA3,expression,0.0,0,0.0
expr:SPATA45,expression,0.0,0,0.0
expr:SPATA46,expression,0.0,0,0.0
expr:SPAG6,expression,0.0,0,0.0
expr:SPAG8,expression,0.0,0,0.0
expr:SPANXC,expression,0.0,0,0.0
expr:SPARC,expression,0.0,0,0.0
expr:SPART,expression,0.0,0,0.0
expr:SPC25,expression,0.0,0,0.0
expr:SPG11,expression,0.0,0,0.0
expr:SPHK1,expression,0.0,0,0.0
expr:SPHKAP,expression,0.0,1,0.02
expr:SPI1,expression,0.0,0,0.0
expr:SPIC,expression,0.0,0,0.0
expr:SPIN2A,expression,0.0,0,0.0
expr:SPIN4,expression,0.0,0,0.0
expr:SPINK13,expression,0.0,1,0.02
expr:SPDYE3,expression,0.0,0,0.0
expr:SPDYE5,expression,0.0,0,0.0
expr:SPDYE6,expression,0.0,0,0.0
expr:SPECC1,expression,0.0,0,0.0
expr:SPEF1,expression,0.0,2,0.04
expr:GOLGA6L7,expression,0.0,0,0.0
expr:SPEGNB,expression,0.0,0,0.0
expr:SPESP1,expression,0.0,0,0.0
expr:SRGAP1,expression,0.0,1,0.02
expr:SRGAP2B,expression,0.0,0,0.0
expr:SRGAP3,expression,0.0,0,0.0
expr:SRMS,expression,0.0,0,0.0
expr:SRPX,expression,0.0,0,0.0
expr:SRPX2,expression,0.0,0,0.0
expr:SRSF12,expression,0.0,0,0.0
expr:SPTA1,expression,0.0,0,0.0
expr:SPTB,expression,0.0,0,0.0
expr:SPTBN5,expression,0.0,0,0.0
expr:SPTLC3,expression,0.0,0,0.0
expr:SPEF2,expression,0.0,0,0.0
expr:GOLGA6L9,expression,0.0,0,0.0
expr:GOLGA7,expression,0.0,0,0.0
expr:GOLGA7B,expression,0.0,0,0.0
expr:GOLGA8A,expression,0.0,0,0.0
expr:GOLGA8B,expression,0.0,0,0.0
expr:GOLGA8H,expression,0.0,0,0.0
expr:SPDYA,expression,0.0,0,0.0
expr:SPDYE1,expression,0.0,0,0.0
expr:SPDYE16,expression,0.0,0,0.0
expr:GNPNAT1,expression,0.0,0,0.0
expr:GNRH1,expression,0.0,0,0.0
expr:GNRH2,expression,0.0,3,0.06
expr:GNRHR,expression,0.0,0,0.0
expr:SPIRE2,expression,0.0,0,0.0
expr:SPNS1,expression,0.0,0,0.0
expr:SPNS2,expression,0.0,0,0.0
expr:SPNS3,expression,0.0,2,0.04
expr:SPOCD1,expression,0.0,0,0.0
expr:SPOCK1,expression,0.0,0,0.0
expr:SPOCK3,expression,0.0,3,0.06
expr:SPON1,expression,0.0,0,0.0
expr:SPINK14,expression,0.0,0,0.0
expr:SPINK2,expression,0.0,0,0.0
expr:SPINK5,expression,0.0,0,0.0
expr:SPINK6,expression,0.0,0,0.0
expr:SPINK7,expression,0.0,0,0.0
expr:SPINK8,expression,0.0,1,0.02
expr:SPIRE1,expression,0.0,0,0.0
expr:GOLGA6L10,expression,0.0,0,0.0
expr:GUCY1A1,expression,0.0,0,0.0
expr:GUCY1A2,expression,0.0,1,0.02
expr:SEMA5A,expression,0.0,0,0.0
expr:SEMA6A,expression,0.0,0,0.0
expr:SEMA6B,expression,0.0,0,0.0
expr:SEMA6C,expression,0.0,0,0.0
expr:SEMA6D,expression,0.0,0,0.0
expr:SEMA7A,expression,0.0,0,0.0
expr:SENP3-EIF4A1,expression,0.0,2,0.04
expr:SEPTIN1,expression,0.0,23,0.46
expr:SERTAD4,expression,0.0,1,0.02
expr:SERTM1,expression,0.0,0,0.0
expr:SERTM2,expression,0.0,0,0.0
expr:SLC35D3,expression,0.0,0,0.0
expr:SESTD1,expression,0.0,0,0.0
expr:SETD7,expression,0.0,0,0.0
expr:SETSIP,expression,0.0,1,0.02
expr:SEZ6L,expression,0.0,0,0.0
expr:SERPINB5,expression,0.0,0,0.0
expr:SERPINC1,expression,0.0,0,0.0
expr:SERPIND1,expression,0.0,0,0.0
expr:SERPINE1,expression,0.0,0,0.0
expr:SERPINE2,expression,0.0,0,0.0
expr:SERPINE3,expression,0.0,0,0.0
expr:SERPINF2,expression,0.0,0,0.0
expr:SERPINI1,expression,0.0,0,0.0
expr:SERPINA12,expression,0.0,0,0.0
expr:SESN3,expression,0.0,0,0.0
expr:SCT,expression,0.0,1,0.02
expr:SCTR,expression,0.0,0,0.0
expr:SDC1,expression,0.0,4,0.08
expr:SDC2,expression,0.0,0,0.0
expr:SDHAF3,expression,0.0,0,0.0
expr:SDK1,expression,0.0,0,0.0
expr:GZMH,expression,0.0,3,0.06
expr:GZMM,expression,0.0,14,0.28
expr:H1-1,expression,0.0,0,0.0
expr:H1-2,expression,0.0,0,0.0
expr:H1-3,expression,0.0,0,0.0
expr:H1-4,expression,0.0,0,0.0
expr:SEPTIN12,expression,0.0,0,0.0
expr:GUCA1B,expression,0.0,0,0.0
expr:GUCY1B1,expression,0.0,0,0.0
expr:GUCY2C,expression,0.0,0,0.0
expr:GULP1,expression,0.0,0,0.0
expr:GXYLT2,expression,0.0,0,0.0
expr:GYG2,expression,0.0,0,0.0
expr:GYPC,expression,0.0,0,0.0
expr:GZMA,expression,0.0,18,0.36
expr:GZMB,expression,0.0,5,0.1
expr:GSTP1,expression,0.0,1,0.02
expr:GTF2H2,expression,0.0,0,0.0
expr:GTF2H4,expression,0.0,0,0.0
expr:GTF2I,expression,0.0,0,0.0
expr:GTSF1,expression,0.0,0,0.0
expr:SEPTIN3,expression,0.0,0,0.0
expr:SH2D2A,expression,0.0,0,0.0
expr:SFTPA2,expression,0.0,0,0.0
expr:SFTPB,expression,0.0,5,0.1
expr:SFTPC,expression,0.0,0,0.0
expr:SFTPD,expression,0.0,1,0.02
expr:SGCA,expression,0.0,0,0.0
expr:SGCD,expression,0.0,0,0.0
expr:SGCE,expression,0.0,0,0.0
expr:SGIP1,expression,0.0,0,0.0
expr:SFMBT2,expression,0.0,1,0.02
expr:SFRP1,expression,0.0,0,0.0
expr:SFRP2,expression,0.0,0,0.0
expr:SFRP4,expression,0.0,0,0.0
expr:SERPINA4,expression,0.0,1,0.02
expr:SFT2D2,expression,0.0,1,0.02
expr:SFTA2,expression,0.0,0,0.0
expr:SFTPA1,expression,0.0,1,0.02
expr:GSTA3,expression,0.0,0,0.0
expr:GSTA4,expression,0.0,0,0.0
expr:GSTA5,expression,0.0,2,0.04
expr:GSTCD,expression,0.0,0,0.0
expr:SH3GL3,expression,0.0,29,0.58
expr:SH3PXD2A,expression,0.0,0,0.0
expr:SH3PXD2B,expression,0.0,0,0.0
expr:SH3RF1,expression,0.0,0,0.0
expr:GSDMC,expression,0.0,0,0.0
expr:GSDMD,expression,0.0,3,0.06
expr:SFRP5,expression,0.0,0,0.0
expr:SERPINA9,expression,0.0,0,0.0
expr:SERPINB10,expression,0.0,1,0.02
expr:SERPINB12,expression,0.0,6,0.12
expr:SERPINB13,expression,0.0,0,0.0
expr:SERPINB4,expression,0.0,6,0.12
expr:SEPTIN5,expression,0.0,0,0.0
expr:SERF1A,expression,0.0,0,0.0
expr:SERHL2,expression,0.0,0,0.0
expr:SERINC2,expression,0.0,0,0.0
expr:SERINC5,expression,0.0,0,0.0
expr:SERP2,expression,0.0,0,0.0
expr:SERPINA10,expression,0.0,1,0.02
expr:SERPINA11,expression,0.0,7,0.14
expr:SGSM3,expression,0.0,2,0.04
expr:SH2D4B,expression,0.0,0,0.0
expr:SH2D5,expression,0.0,2,0.04
expr:SH2D6,expression,0.0,0,0.0
expr:SH3BGRL,expression,0.0,0,0.0
expr:SH3BGRL2,expression,0.0,2,0.04
expr:SH3BP1,expression,0.0,0,0.0
expr:SH3BP4,expression,0.0,0,0.0
expr:SGK1,expression,0.0,4,0.08
expr:SGK2,expression,0.0,3,0.06
expr:SGMS2,expression,0.0,0,0.0
expr:SGO1,expression,0.0,0,0.0
expr:SGO2,expression,0.0,1,0.02
expr:SGSM1,expression,0.0,0,0.0
expr:SH2D4A,expression,0.0,0,0.0
expr:SCN4B,expression,0.0,0,0.0
expr:SCN5A,expression,0.0,0,0.0
expr:SCN8A,expression,0.0,0,0.0
expr:SCN9A,expression,0.0,0,0.0
expr:SCGB2A2,expression,0.0,0,0.0
expr:SCGN,expression,0.0,0,0.0
expr:SCHIP1,expression,0.0,0,0.0
expr:SCIN,expression,0.0,0,0.0
expr:SCML2,expression,0.0,0,0.0
expr:SCN11A,expression,0.0,2,0.04
expr:SCN1A,expression,0.0,0,0.0
expr:SC5D,expression,0.0,1,0.02
expr:SCAMP5,expression,0.0,0,0.0
expr:SCRG1,expression,0.0,0,0.0
expr:SCCPDH,expression,0.0,3,0.06
expr:SCD5,expression,0.0,1,0.02
expr:SCGB1A1,expression,0.0,0,0.0
expr:SCGB1D2,expression,0.0,0,0.0
expr:SCGB2A1,expression,0.0,0,0.0
expr:SATB2,expression,0.0,1,0.02
expr:SATL1,expression,0.0,0,0.0
expr:SAXO1,expression,0.0,0,0.0
expr:SAXO2,expression,0.0,0,0.0
expr:SBF2,expression,0.0,0,0.0
expr:SBK1,expression,0.0,0,0.0
expr:SBK3,expression,0.0,0,0.0
expr:SBSPON,expression,0.0,0,0.0
expr:SCARA3,expression,0.0,0,0.0
expr:SASH3,expression,0.0,4,0.08
expr:SATB1,expression,0.0,0,0.0
expr:SAGE1,expression,0.0,0,0.0
expr:SALL1,expression,0.0,0,0.0
expr:SALL3,expression,0.0,0,0.0
expr:SALL4,expression,0.0,0,0.0
expr:SAMD15,expression,0.0,0,0.0
expr:SAMD3,expression,0.0,31,0.62
expr:SAMD4A,expression,0.0,0,0.0
expr:SAMD5,expression,0.0,2,0.04
expr:S1PR3,expression,0.0,3,0.06
expr:S1PR4,expression,0.0,2,0.04
expr:S1PR5,expression,0.0,0,0.0
expr:SCN3B,expression,0.0,0,0.0
expr:SAA2,expression,0.0,0,0.0
expr:SAA4,expression,0.0,0,0.0
expr:SACS,expression,0.0,0,0.0
expr:H4C15,expression,0.0,0,0.0
expr:H4C3,expression,0.0,0,0.0
expr:H4C6,expression,0.0,0,0.0
expr:S100B,expression,0.0,1,0.02
expr:S100G,expression,0.0,0,0.0
expr:S100P,expression,0.0,0,0.0
expr:S100Z,expression,0.0,1,0.02
expr:SCN1B,expression,0.0,0,0.0
expr:SCN2A,expression,0.0,0,0.0
expr:SCN2B,expression,0.0,3,0.06
expr:SAA1,expression,0.0,0,0.0
expr:H2AC14,expression,0.0,0,0.0
expr:H2AC16,expression,0.0,0,0.0
expr:SELENBP1,expression,0.0,0,0.0
expr:SELENOM,expression,0.0,0,0.0
expr:SELENOV,expression,0.0,0,0.0
expr:SELPLG,expression,0.0,4,0.08
expr:SEMA3A,expression,0.0,1,0.02
expr:SEMA3B,expression,0.0,10,0.2
expr:SEMA3F,expression,0.0,0,0.0
expr:SEMA4G,expression,0.0,0,0.0
expr:SEC14L5,expression,0.0,0,0.0
expr:SEC14L6,expression,0.0,0,0.0
expr:SEC24C,expression,0.0,1,0.02
expr:H2BC18,expression,0.0,0,0.0
expr:SEC31B,expression,0.0,0,0.0
expr:SECTM1,expression,0.0,0,0.0
expr:SEL1L2,expression,0.0,0,0.0
expr:SEL1L3,expression,0.0,1,0.02
expr:SDR16C5,expression,0.0,0,0.0
expr:SDR42E1,expression,0.0,0,0.0
expr:SDR42E2,expression,0.0,1,0.02
expr:SDR9C7,expression,0.0,0,0.0
expr:SDS,expression,0.0,0,0.0
expr:SEC14L2,expression,0.0,0,0.0
expr:SEC14L3,expression,0.0,0,0.0
expr:SEC14L4,expression,0.0,0,0.0
expr:SCPEP1,expression,0.0,0,0.0
expr:SEC24D,expression,0.0,0,0.0
expr:H2BC21,expression,0.0,0,0.0
expr:H2BC3,expression,0.0,0,0.0
expr:H2BC4,expression,0.0,0,0.0
expr:H2BC5,expression,0.0,0,0.0
expr:SCNN1D,expression,0.0,0,0.0
expr:SCNN1G,expression,0.0,0,0.0
expr:SCO2,expression,0.0,0,0.0
expr:H2AJ,expression,0.0,0,0.0
expr:H2AP,expression,0.0,0,0.0
expr:H2BC10,expression,0.0,0,0.0
expr:H2BC12,expression,0.0,0,0.0
expr:H2BC13,expression,0.0,0,0.0
expr:H2BC14,expression,0.0,1,0.02
expr:H2AC13,expression,0.0,0,0.0
expr:H2BC17,expression,0.0,0,0.0
expr:H2AC17,expression,0.0,0,0.0
expr:H2AC18,expression,0.0,0,0.0
expr:H2AC19,expression,0.0,0,0.0
expr:H2AC20,expression,0.0,0,0.0
expr:H2AC4,expression,0.0,0,0.0
expr:H2AC6,expression,0.0,0,0.0
expr:H2AC7,expression,0.0,0,0.0
expr:H2AC8,expression,0.0,0,0.0
expr:SCNN1A,expression,0.0,0,0.0
expr:SCNN1B,expression,0.0,0,0.0
expr:H1-6,expression,0.0,0,0.0
expr:H1-7,expression,0.0,0,0.0
expr:H2AC12,expression,0.0,1,0.02
expr:H2BC15,expression,0.0,0,0.0
expr:SLC16A9,expression,0.0,0,0.0
expr:SLC17A4,expression,0.0,7,0.14
expr:SLC17A7,expression,0.0,1,0.02
expr:GPRIN2,expression,0.0,0,0.0
expr:GPRIN3,expression,0.0,0,0.0
expr:GPS2,expression,0.0,0,0.0
expr:GPT,expression,0.0,0,0.0
expr:GPT2,expression,0.0,0,0.0
expr:GPX2,expression,0.0,0,0.0
expr:GPX3,expression,0.0,0,0.0
expr:GPX7,expression,0.0,0,0.0
expr:GPR84,expression,0.0,0,0.0
expr:GPR85,expression,0.0,1,0.02
expr:GSG1,expression,0.0,0,0.0
expr:GPR88,expression,0.0,8,0.16
expr:GPRASP1,expression,0.0,10,0.2
expr:GPRC5A,expression,0.0,0,0.0
expr:GPRC5B,expression,0.0,0,0.0
expr:GPRC5C,expression,0.0,0,0.0
expr:SLC24A3,expression,0.0,0,0.0
expr:SLC24A4,expression,0.0,2,0.04
expr:GPR62,expression,0.0,0,0.0
expr:GPR63,expression,0.0,0,0.0
expr:GPR68,expression,0.0,1,0.02
expr:GPR75,expression,0.0,0,0.0
expr:GPR82,expression,0.0,0,0.0
expr:GPR83,expression,0.0,0,0.0
expr:GPR87,expression,0.0,4,0.08
expr:SLC22A16,expression,0.0,0,0.0
expr:SLC22A17,expression,0.0,0,0.0
expr:SLC22A18,expression,0.0,0,0.0
expr:SLC22A18AS,expression,0.0,0,0.0
expr:SLC22A2,expression,0.0,0,0.0
expr:SLC22A23,expression,0.0,0,0.0
expr:SLC22A24,expression,0.0,0,0.0
expr:SLC22A25,expression,0.0,5,0.1
expr:SLC1A3,expression,0.0,0,0.0
expr:SLC1A7,expression,0.0,0,0.0
expr:SLC22A1,expression,0.0,0,0.0
expr:SLC22A10,expression,0.0,3,0.06
expr:SLC22A12,expression,0.0,0,0.0
expr:SLC16A8,expression,0.0,0,0.0
expr:SLC22A14,expression,0.0,3,0.06
expr:SLC22A15,expression,0.0,0,0.0
expr:SLC17A8,expression,0.0,0,0.0
expr:SLC17A9,expression,0.0,0,0.0
expr:SLC18A1,expression,0.0,0,0.0
expr:SLC18A3,expression,0.0,13,0.26
expr:SLC18B1,expression,0.0,0,0.0
expr:SLC19A3,expression,0.0,1,0.02
expr:SLC1A1,expression,0.0,0,0.0
expr:SLC1A2,expression,0.0,0,0.0
expr:SLC16A14,expression,0.0,0,0.0
expr:SLC16A4,expression,0.0,0,0.0
expr:SLC16A7,expression,0.0,4,0.08
expr:SLC22A13,expression,0.0,0,0.0
expr:SLC26A8,expression,0.0,0,0.0
expr:GPX8,expression,0.0,0,0.0
expr:GRAMD1B,expression,0.0,1,0.02
expr:SLC24A5,expression,0.0,7,0.14
expr:SLC25A10,expression,0.0,0,0.0
expr:SLC25A18,expression,0.0,0,0.0
expr:SLC25A2,expression,0.0,0,0.0
expr:SLC25A27,expression,0.0,0,0.0
expr:SLC25A29,expression,0.0,0,0.0
expr:SLC38A3,expression,0.0,5,0.1
expr:SLC38A4,expression,0.0,4,0.08
expr:SLC38A5,expression,0.0,0,0.0
expr:SLC38A8,expression,0.0,0,0.0
expr:SLC22A3,expression,0.0,0,0.0
expr:SLC39A12,expression,0.0,0,0.0
expr:SLC39A2,expression,0.0,0,0.0
expr:SLC39A4,expression,0.0,0,0.0
expr:SLC35G2,expression,0.0,0,0.0
expr:SLC35G5,expression,0.0,0,0.0
expr:SLC35G6,expression,0.0,0,0.0
expr:SLC36A2,expression,0.0,1,0.02
expr:SLC36A4,expression,0.0,0,0.0
expr:SLC37A2,expression,0.0,0,0.0
expr:SLC38A1,expression,0.0,0,0.0
expr:SLC38A11,expression,0.0,3,0.06
expr:SLC34A2,expression,0.0,0,0.0
expr:SLC34A3,expression,0.0,0,0.0
expr:SLC39A11,expression,0.0,0,0.0
expr:SLC22A31,expression,0.0,0,0.0
expr:SLC22A4,expression,0.0,0,0.0
expr:SLC22A5,expression,0.0,0,0.0
expr:SLC22A7,expression,0.0,0,0.0
expr:SLC23A3,expression,0.0,0,0.0
expr:SLC24A1,expression,0.0,2,0.04
expr:SLC2A1,expression,0.0,2,0.04
expr:SLC2A10,expression,0.0,0,0.0
expr:SLC2A12,expression,0.0,0,0.0
expr:SLC2A13,expression,0.0,0,0.0
expr:SLC2A14,expression,0.0,0,0.0
expr:SLC2A3,expression,0.0,1,0.02
expr:SLC2A4,expression,0.0,1,0.02
expr:SLC26A7,expression,0.0,0,0.0
expr:SLC26A9,expression,0.0,2,0.04
expr:SLC27A2,expression,0.0,0,0.0
expr:SLC27A5,expression,0.0,3,0.06
expr:SLC28A1,expression,0.0,0,0.0
expr:SLC28A2,expression,0.0,0,0.0
expr:SLC28A3,expression,0.0,0,0.0
expr:SLC29A2,expression,0.0,0,0.0
expr:SLC29A4,expression,0.0,2,0.04
expr:SLC25A34,expression,0.0,0,0.0
expr:SLC25A37,expression,0.0,1,0.02
expr:SLC25A47,expression,0.0,4,0.08
expr:SLC25A52,expression,0.0,5,0.1
expr:SLC26A2,expression,0.0,1,0.02
expr:SLC26A4,expression,0.0,0,0.0
expr:SLC2A5,expression,0.0,0,0.0
expr:SIGLEC5,expression,0.0,0,0.0
expr:SHOC1,expression,0.0,0,0.0
expr:SHOX,expression,0.0,0,0.0
expr:SHOX2,expression,0.0,0,0.0
expr:SHPRH,expression,0.0,0,0.0
expr:SHROOM1,expression,0.0,0,0.0
expr:SHROOM2,expression,0.0,0,0.0
expr:SIAE,expression,0.0,0,0.0
expr:SIAH3,expression,0.0,0,0.0
expr:SHISA2,expression,0.0,0,0.0
expr:SHISA3,expression,0.0,2,0.04
expr:SHISA4,expression,0.0,0,0.0
expr:SHISA6,expression,0.0,0,0.0
expr:GREM1,expression,0.0,0,0.0
expr:SHISA8,expression,0.0,0,0.0
expr:SHISA9,expression,0.0,1,0.02
expr:SHISAL1,expression,0.0,1,0.02
expr:SH3RF3,expression,0.0,0,0.0
expr:SH3TC2,expression,0.0,1,0.02
expr:SHANK1,expression,0.0,0,0.0
expr:SHANK2,expression,0.0,0,0.0
expr:SHC2,expression,0.0,0,0.0
expr:SHC4,expression,0.0,1,0.02
expr:SHCBP1L,expression,0.0,0,0.0
expr:SHE,expression,0.0,1,0.02
expr:SLAMF8,expression,0.0,1,0.02
expr:SLAMF9,expression,0.0,0,0.0
expr:SHISA7,expression,0.0,0,0.0
expr:GSG1L,expression,0.0,0,0.0
expr:GSPT2,expression,0.0,0,0.0
expr:GSR,expression,0.0,0,0.0
expr:GSTA1,expression,0.0,0,0.0
expr:GSTA2,expression,0.0,5,0.1
expr:GRM6,expression,0.0,0,0.0
expr:GRM7,expression,0.0,0,0.0
expr:GRP,expression,0.0,0,0.0
expr:GRXCR2,expression,0.0,0,0.0
expr:GSC,expression,0.0,0,0.0
expr:GSC2,expression,0.0,0,0.0
expr:GSDMA,expression,0.0,0,0.0
expr:GSDMB,expression,0.0,0,0.0
expr:SIGLEC15,expression,0.0,1,0.02
expr:SH3GL2,expression,0.0,0,0.0
expr:GRK7,expression,0.0,0,0.0
expr:GRM1,expression,0.0,0,0.0
expr:GRM2,expression,0.0,0,0.0
expr:GRM3,expression,0.0,0,0.0
expr:GRM4,expression,0.0,0,0.0
expr:GRM5,expression,0.0,0,0.0
expr:SIGIRR,expression,0.0,0,0.0
expr:SIGLEC1,expression,0.0,0,0.0
expr:SIGLEC10,expression,0.0,2,0.04
expr:SIGLEC11,expression,0.0,0,0.0
expr:SIGLEC12,expression,0.0,0,0.0
expr:SIGLEC14,expression,0.0,0,0.0
expr:SH3D21,expression,0.0,2,0.04
expr:SLC14A2,expression,0.0,0,0.0
expr:SLC15A1,expression,0.0,0,0.0
expr:SLC15A5,expression,0.0,0,0.0
expr:SLC16A10,expression,0.0,0,0.0
expr:GRID2IP,expression,0.0,1,0.02
expr:GRIK3,expression,0.0,0,0.0
expr:GRIK4,expression,0.0,0,0.0
expr:GRIN1,expression,0.0,0,0.0
expr:GRIN2A,expression,0.0,0,0.0
expr:GRIN2B,expression,0.0,0,0.0
expr:GRIN2C,expression,0.0,0,0.0
expr:GRIN2D,expression,0.0,1,0.02
expr:GREM2,expression,0.0,0,0.0
expr:SLC10A1,expression,0.0,0,0.0
expr:GRHL3,expression,0.0,0,0.0
expr:GRIA1,expression,0.0,0,0.0
expr:GRIA2,expression,0.0,0,0.0
expr:GRIA4,expression,0.0,0,0.0
expr:GRID1,expression,0.0,0,0.0
expr:GRID2,expression,0.0,0,0.0
expr:SLC13A2,expression,0.0,0,0.0
expr:SLC13A3,expression,0.0,0,0.0
expr:SLC13A4,expression,0.0,1,0.02
expr:GRAMD2A,expression,0.0,0,0.0
expr:GRAP,expression,0.0,0,0.0
expr:GRB14,expression,0.0,0,0.0
expr:GRB7,expression,0.0,0,0.0
expr:GRHL1,expression,0.0,1,0.02
expr:SLC10A6,expression,0.0,1,0.02
expr:SLC12A1,expression,0.0,0,0.0
expr:SLC12A2,expression,0.0,0,0.0
expr:SLC12A5,expression,0.0,0,0.0
expr:SIX3,expression,0.0,0,0.0
expr:SIX4,expression,0.0,0,0.0
expr:SIX6,expression,0.0,0,0.0
expr:SKA3,expression,0.0,0,0.0
expr:SKOR1,expression,0.0,0,0.0
expr:SLAMF6,expression,0.0,33,0.66
expr:SIPA1L2,expression,0.0,0,0.0
expr:SIRPA,expression,0.0,0,0.0
expr:SIRPB1,expression,0.0,0,0.0
expr:SLC13A5,expression,0.0,0,0.0
expr:SIRPD,expression,0.0,0,0.0
expr:SIT1,expression,0.0,1,0.02
expr:SIX1,expression,0.0,0,0.0
expr:SIGLEC7,expression,0.0,0,0.0
expr:SIGLEC9,expression,0.0,0,0.0
expr:SIK1,expression,0.0,0,0.0
expr:SIK1B,expression,0.0,0,0.0
expr:SIM1,expression,0.0,0,0.0
expr:SIM2,expression,0.0,0,0.0
expr:SIMC1,expression,0.0,0,0.0
expr:SINHCAF,expression,0.0,0,0.0
expr:GRIN3A,expression,0.0,0,0.0
expr:GRIN3B,expression,0.0,0,0.0
expr:GRIP2,expression,0.0,0,0.0
expr:SIRPB2,expression,0.0,0,0.0
expr:KCNJ18,expression,0.0,0,0.0
expr:KCNJ3,expression,0.0,0,0.0
expr:MCTP2,expression,0.0,0,0.0
expr:MDGA1,expression,0.0,0,0.0
expr:MDGA2,expression,0.0,0,0.0
expr:MDH1B,expression,0.0,0,0.0
expr:KCNH5,expression,0.0,10,0.2
expr:KCNH6,expression,0.0,0,0.0
expr:KCNH7,expression,0.0,0,0.0
expr:KCNH8,expression,0.0,2,0.04
expr:MCHR2,expression,0.0,0,0.0
expr:MCIDAS,expression,0.0,0,0.0
expr:MCM10,expression,0.0,0,0.0
expr:PIK3R2,expression,0.0,0,0.0
expr:MCM3AP,expression,0.0,0,0.0
expr:MCM4,expression,0.0,0,0.0
expr:MCOLN2,expression,0.0,1,0.02
expr:MCOLN3,expression,0.0,0,0.0
expr:MEP1A,expression,0.0,0,0.0
expr:MEP1B,expression,0.0,0,0.0
expr:MEPE,expression,0.0,0,0.0
expr:MERTK,expression,0.0,0,0.0
expr:MESP1,expression,0.0,0,0.0
expr:MESP2,expression,0.0,0,0.0
expr:MET,expression,0.0,0,0.0
expr:METRN,expression,0.0,0,0.0
expr:MEGF9,expression,0.0,0,0.0
expr:MCM2,expression,0.0,0,0.0
expr:MAS1L,expression,0.0,11,0.22
expr:MASP1,expression,0.0,0,0.0
expr:MAST1,expression,0.0,0,0.0
expr:MAST4,expression,0.0,0,0.0
expr:MAT1A,expression,0.0,0,0.0
expr:MATK,expression,0.0,0,0.0
expr:MAPK8IP1,expression,0.0,0,0.0
expr:MAPK8IP2,expression,0.0,0,0.0
expr:MARCHF1,expression,0.0,0,0.0
expr:MARCHF10,expression,0.0,0,0.0
expr:MARCHF11,expression,0.0,0,0.0
expr:MARCHF3,expression,0.0,0,0.0
expr:MARK1,expression,0.0,0,0.0
expr:KCNJ15,expression,0.0,0,0.0
expr:KCNJ4,expression,0.0,2,0.04
expr:KCNJ5,expression,0.0,0,0.0
expr:KCNJ6,expression,0.0,3,0.06
expr:KCNJ8,expression,0.0,0,0.0
expr:KCNJ9,expression,0.0,0,0.0
expr:KCNK10,expression,0.0,2,0.04
expr:KCNK15,expression,0.0,1,0.02
expr:KCNK16,expression,0.0,0,0.0
expr:KCNIP2,expression,0.0,0,0.0
expr:KCNIP4,expression,0.0,0,0.0
expr:KCNJ1,expression,0.0,0,0.0
expr:KCNJ12,expression,0.0,0,0.0
expr:KCNJ13,expression,0.0,0,0.0
expr:MARVELD2,expression,0.0,0,0.0
expr:MIGA1,expression,0.0,0,0.0
expr:MGAM,expression,0.0,0,0.0
expr:MGAM2,expression,0.0,0,0.0
expr:MGARP,expression,0.0,0,0.0
expr:MGAT2,expression,0.0,0,0.0
expr:MGAT3,expression,0.0,0,0.0
expr:MGAT4A,expression,0.0,0,0.0
expr:MGAT4C,expression,0.0,0,0.0
expr:MGLL,expression,0.0,0,0.0
expr:MFAP3L,expression,0.0,0,0.0
expr:MFAP5,expression,0.0,0,0.0
expr:MFNG,expression,0.0,0,0.0
expr:MFSD14A,expression,0.0,0,0.0
expr:MEI4,expression,0.0,2,0.04
expr:MFSD4A,expression,0.0,0,0.0
expr:MFSD6,expression,0.0,0,0.0
expr:MFSD6L,expression,0.0,0,0.0
expr:METTL11B,expression,0.0,0,0.0
expr:METTL24,expression,0.0,2,0.04
expr:METTL27,expression,0.0,0,0.0
expr:METTL7A,expression,0.0,0,0.0
expr:METTL7B,expression,0.0,0,0.0
expr:MEX3A,expression,0.0,0,0.0
expr:MFAP2,expression,0.0,3,0.06
expr:MFAP3,expression,0.0,0,0.0
expr:MMP10,expression,0.0,0,0.0
expr:MMP11,expression,0.0,0,0.0
expr:MFSD3,expression,0.0,0,0.0
expr:MEIOB,expression,0.0,0,0.0
expr:MEIOC,expression,0.0,0,0.0
expr:MEIS1,expression,0.0,0,0.0
expr:MEIS2,expression,0.0,0,0.0
expr:MEIS3,expression,0.0,0,0.0
expr:MELK,expression,0.0,0,0.0
expr:MED24,expression,0.0,0,0.0
expr:MEDAG,expression,0.0,0,0.0
expr:MEF2A,expression,0.0,0,0.0
expr:MEFV,expression,0.0,0,0.0
expr:MEGF10,expression,0.0,0,0.0
expr:MEGF11,expression,0.0,0,0.0
expr:MEGF6,expression,0.0,1,0.02
expr:MIEN1,expression,0.0,0,0.0
expr:MDK,expression,0.0,0,0.0
expr:ME1,expression,0.0,0,0.0
expr:ME3,expression,0.0,0,0.0
expr:MECOM,expression,0.0,0,0.0
expr:MED12L,expression,0.0,2,0.04
expr:MED13,expression,0.0,0,0.0
expr:MED13L,expression,0.0,0,0.0
expr:MGST1,expression,0.0,0,0.0
expr:MIA,expression,0.0,0,0.0
expr:MICAL2,expression,0.0,1,0.02
expr:MICAL3,expression,0.0,0,0.0
expr:MICU3,expression,0.0,0,0.0
expr:MID1,expression,0.0,0,0.0
expr:KCNK17,expression,0.0,0,0.0
expr:MAB21L1,expression,0.0,0,0.0
expr:MAB21L2,expression,0.0,0,0.0
expr:MACC1,expression,0.0,0,0.0
expr:MACIR,expression,0.0,0,0.0
expr:MACROD2,expression,0.0,0,0.0
expr:MACROH2A2,expression,0.0,0,0.0
expr:MAP3K15,expression,0.0,0,0.0
expr:MAP3K20,expression,0.0,0,0.0
expr:MAP3K21,expression,0.0,0,0.0
expr:MAP3K5,expression,0.0,0,0.0
expr:MAP3K8,expression,0.0,0,0.0
expr:MAP3K9,expression,0.0,2,0.04
expr:MAP6,expression,0.0,0,0.0
expr:MAS1,expression,0.0,0,0.0
expr:MAOA,expression,0.0,3,0.06
expr:MAOB,expression,0.0,0,0.0
expr:MAP10,expression,0.0,0,0.0
expr:MAP1A,expression,0.0,0,0.0
expr:MAP1LC3A,expression,0.0,0,0.0
expr:MAP1LC3C,expression,0.0,7,0.14
expr:MAP2,expression,0.0,0,0.0
expr:MAP3K12,expression,0.0,0,0.0
expr:MAML2,expression,0.0,0,0.0
expr:MAML3,expression,0.0,0,0.0
expr:MAMLD1,expression,0.0,0,0.0
expr:MAMSTR,expression,0.0,0,0.0
expr:MAN1A1,expression,0.0,2,0.04
expr:MAP6D1,expression,0.0,0,0.0
expr:LUZP2,expression,0.0,0,0.0
expr:LVRN,expression,0.0,1,0.02
expr:MAGEB16,expression,0.0,0,0.0
expr:MAGEC1,expression,0.0,0,0.0
expr:MAGEC2,expression,0.0,0,0.0
expr:MAGEC3,expression,0.0,0,0.0
expr:MAGED2,expression,0.0,0,0.0
expr:MAGED4,expression,0.0,0,0.0
expr:MAGED4B,expression,0.0,0,0.0
expr:MAGEE1,expression,0.0,0,0.0
expr:MAGEA11,expression,0.0,0,0.0
expr:MAGEA12,expression,0.0,0,0.0
expr:MAGEA3,expression,0.0,0,0.0
expr:LZTS3,expression,0.0,0,0.0
expr:MAGEA6,expression,0.0,0,0.0
expr:MAGEA8,expression,0.0,0,0.0
expr:MAGEA9B,expression,0.0,0,0.0
expr:MAGEB1,expression,0.0,0,0.0
expr:MAD1L1,expression,0.0,0,0.0
expr:MAD2L1,expression,0.0,9,0.18
expr:MADCAM1,expression,0.0,0,0.0
expr:MAEL,expression,0.0,1,0.02
expr:MAFF,expression,0.0,0,0.0
expr:MAG,expression,0.0,4,0.08
expr:MAGEA1,expression,0.0,0,0.0
expr:MAGEA10,expression,0.0,0,0.0
expr:LZTS1,expression,0.0,0,0.0
expr:MAGEA4,expression,0.0,0,0.0
expr:KCNMB4,expression,0.0,0,0.0
expr:KCNN1,expression,0.0,0,0.0
expr:KCNN2,expression,0.0,0,0.0
expr:KCNQ1,expression,0.0,0,0.0
expr:MAP7D2,expression,0.0,0,0.0
expr:MAP7D3,expression,0.0,0,0.0
expr:MAP9,expression,0.0,0,0.0
expr:MAPK10,expression,0.0,3,0.06
expr:KCNK5,expression,0.0,0,0.0
expr:KCNK6,expression,0.0,0,0.0
expr:KCNK9,expression,0.0,0,0.0
expr:KCNMA1,expression,0.0,1,0.02
expr:MBP,expression,0.0,0,0.0
expr:MAN2A1,expression,0.0,0,0.0
expr:MCC,expression,0.0,0,0.0
expr:MCF2,expression,0.0,0,0.0
expr:MCF2L,expression,0.0,0,0.0
expr:MCF2L2,expression,0.0,0,0.0
expr:MCHR1,expression,0.0,0,0.0
expr:MATN1,expression,0.0,0,0.0
expr:MATN3,expression,0.0,0,0.0
expr:MB21D2,expression,0.0,0,0.0
expr:MBL2,expression,0.0,0,0.0
expr:MBLAC1,expression,0.0,0,0.0
expr:MBNL2,expression,0.0,0,0.0
expr:MBOAT2,expression,0.0,0,0.0
expr:MBOAT4,expression,0.0,0,0.0
expr:MC5R,expression,0.0,0,0.0
expr:MANEAL,expression,0.0,0,0.0
expr:MANSC1,expression,0.0,1,0.02
expr:MAGEL2,expression,0.0,0,0.0
expr:MAGI3,expression,0.0,0,0.0
expr:MAJIN,expression,0.0,1,0.02
expr:MAL,expression,0.0,0,0.0
expr:MAL2,expression,0.0,0,0.0
expr:MALL,expression,0.0,0,0.0
expr:MALRD1,expression,0.0,0,0.0
expr:MAMDC2,expression,0.0,0,0.0
expr:KCNV1,expression,0.0,0,0.0
expr:KCNV2,expression,0.0,0,0.0
expr:KCTD12,expression,0.0,1,0.02
expr:KCNMB3,expression,0.0,0,0.0
expr:KCTD16,expression,0.0,0,0.0
expr:KCTD19,expression,0.0,0,0.0
expr:MAPK15,expression,0.0,0,0.0
expr:MAPK4,expression,0.0,0,0.0
expr:KCNQ3,expression,0.0,0,0.0
expr:KCNQ4,expression,0.0,5,0.1
expr:KCNS1,expression,0.0,0,0.0
expr:KCNS2,expression,0.0,0,0.0
expr:KCNS3,expression,0.0,0,0.0
expr:KCNT1,expression,0.0,0,0.0
expr:KCNT2,expression,0.0,1,0.02
expr:KCNU1,expression,0.0,0,0.0
expr:KCNMB1,expression,0.0,0,0.0
expr:KCNMB2,expression,0.0,0,0.0
expr:KCTD14,expression,0.0,1,0.02
expr:MT-ND3,expression,0.0,0,0.0
expr:MT-ND5,expression,0.0,0,0.0
expr:MT-ND6,expression,0.0,0,0.0
expr:MT1A,expression,0.0,0,0.0
expr:MSLNL,expression,0.0,0,0.0
expr:MSMB,expression,0.0,0,0.0
expr:MSN,expression,0.0,0,0.0
expr:MSR1,expression,0.0,0,0.0
expr:MSRB3,expression,0.0,1,0.02
expr:MST1,expression,0.0,0,0.0
expr:MST1R,expression,0.0,0,0.0
expr:MSTN,expression,0.0,0,0.0
expr:KATNAL2,expression,0.0,0,0.0
expr:MMP12,expression,0.0,0,0.0
expr:KAZN,expression,0.0,0,0.0
expr:KBTBD11,expression,0.0,2,0.04
expr:KBTBD12,expression,0.0,0,0.0
expr:KBTBD13,expression,0.0,1,0.02
expr:MTRNR2L3,expression,0.0,0,0.0
expr:MTRNR2L4,expression,0.0,0,0.0
expr:KALRN,expression,0.0,0,0.0
expr:KANK1,expression,0.0,0,0.0
expr:KANK3,expression,0.0,0,0.0
expr:KANK4,expression,0.0,0,0.0
expr:KASH5,expression,0.0,0,0.0
expr:KAT2B,expression,0.0,1,0.02
expr:KAT6A,expression,0.0,0,0.0
expr:KAZALD1,expression,0.0,0,0.0
expr:MRPL38,expression,0.0,0,0.0
expr:MRAP,expression,0.0,0,0.0
expr:MRAP2,expression,0.0,0,0.0
expr:MRAS,expression,0.0,0,0.0
expr:MRC1,expression,0.0,0,0.0
expr:MRC2,expression,0.0,0,0.0
expr:MREG,expression,0.0,0,0.0
expr:MRGPRE,expression,0.0,0,0.0
expr:MRGPRF,expression,0.0,2,0.04
expr:MTCL1,expression,0.0,0,0.0
expr:MTFP1,expression,0.0,0,0.0
expr:MTFR1,expression,0.0,0,0.0
expr:MTMR11,expression,0.0,0,0.0
expr:MT-CYB,expression,0.0,0,0.0
expr:MTNR1B,expression,0.0,0,0.0
expr:MTRNR2L1,expression,0.0,0,0.0
expr:MT1E,expression,0.0,0,0.0
expr:MT1H,expression,0.0,0,0.0
expr:MT1M,expression,0.0,0,0.0
expr:MT1X,expression,0.0,0,0.0
expr:MT2A,expression,0.0,0,0.0
expr:MTARC1,expression,0.0,0,0.0
expr:MTARC2,expression,0.0,1,0.02
expr:MTBP,expression,0.0,0,0.0
expr:MSX2,expression,0.0,0,0.0
expr:MT-ATP6,expression,0.0,1,0.02
expr:MT-CO2,expression,0.0,0,0.0
expr:MTNR1A,expression,0.0,0,0.0
expr:MUCL3,expression,0.0,0,0.0
expr:MUSK,expression,0.0,0,0.0
expr:MX1,expression,0.0,0,0.0
expr:MUC12,expression,0.0,0,0.0
expr:MUC13,expression,0.0,0,0.0
expr:MUC15,expression,0.0,0,0.0
expr:MUC16,expression,0.0,1,0.02
expr:MUC19,expression,0.0,0,0.0
expr:MUC20,expression,0.0,4,0.08
expr:MUC21,expression,0.0,0,0.0
expr:MUC3A,expression,0.0,0,0.0
expr:MTRNR2L6,expression,0.0,0,0.0
expr:MTRNR2L8,expression,0.0,0,0.0
expr:KAT6B,expression,0.0,3,0.06
expr:MTSS2,expression,0.0,4,0.08
expr:MTTP,expression,0.0,0,0.0
expr:MTURN,expression,0.0,0,0.0
expr:MTUS1,expression,0.0,0,0.0
expr:MUC1,expression,0.0,0,0.0
expr:MYLPF,expression,0.0,0,0.0
expr:MYMX,expression,0.0,12,0.24
expr:MYO15A,expression,0.0,0,0.0
expr:MYO18B,expression,0.0,0,0.0
expr:MYO1B,expression,0.0,2,0.04
expr:MYO1F,expression,0.0,0,0.0
expr:MYO1G,expression,0.0,0,0.0
expr:MYH8,expression,0.0,0,0.0
expr:MTSS1,expression,0.0,0,0.0
expr:JPH1,expression,0.0,0,0.0
expr:JPH2,expression,0.0,0,0.0
expr:JPH4,expression,0.0,0,0.0
expr:JPT1,expression,0.0,0,0.0
expr:JRKL,expression,0.0,3,0.06
expr:JSRP1,expression,0.0,0,0.0
expr:JUNB,expression,0.0,0,0.0
expr:KAAG1,expression,0.0,0,0.0
expr:MTRNR2L10,expression,0.0,0,0.0
expr:MTRNR2L12,expression,0.0,0,0.0
expr:JAM3,expression,0.0,0,0.0
expr:JAML,expression,0.0,24,0.48
expr:JCAD,expression,0.0,0,0.0
expr:MUCL1,expression,0.0,0,0.0
expr:JMJD7,expression,0.0,0,0.0
expr:JMJD7-PLA2G4B,expression,0.0,0,0.0
expr:MX2,expression,0.0,0,0.0
expr:MXRA5,expression,0.0,0,0.0
expr:MXRA8,expression,0.0,0,0.0
expr:MYADML2,expression,0.0,0,0.0
expr:MYBL1,expression,0.0,0,0.0
expr:MYBL2,expression,0.0,0,0.0
expr:MYBPC3,expression,0.0,0,0.0
expr:MYBPH,expression,0.0,0,0.0
expr:MUC4,expression,0.0,5,0.1
expr:MUC5B,expression,0.0,0,0.0
expr:MUC6,expression,0.0,0,0.0
expr:MUC7,expression,0.0,0,0.0
expr:JHY,expression,0.0,0,0.0
expr:MORN5,expression,0.0,0,0.0
expr:MOV10L1,expression,0.0,0,0.0
expr:MOXD1,expression,0.0,0,0.0
expr:MPDZ,expression,0.0,3,0.06
expr:MPEG1,expression,0.0,4,0.08
expr:MPHOSPH6,expression,0.0,0,0.0
expr:MPHOSPH9,expression,0.0,0,0.0
expr:MPIG6B,expression,0.0,0,0.0
expr:MNX1,expression,0.0,0,0.0
expr:MOBP,expression,0.0,0,0.0
expr:MOCOS,expression,0.0,0,0.0
expr:MOG,expression,0.0,0,0.0
expr:MOGAT1,expression,0.0,0,0.0
expr:MROH9,expression,0.0,0,0.0
expr:MORC1,expression,0.0,3,0.06
expr:MORN3,expression,0.0,0,0.0
expr:MMP28,expression,0.0,0,0.0
expr:MMP7,expression,0.0,0,0.0
expr:MMP8,expression,0.0,0,0.0
expr:MMP9,expression,0.0,0,0.0
expr:MMRN2,expression,0.0,1,0.02
expr:MMS22L,expression,0.0,0,0.0
expr:MN1,expression,0.0,0,0.0
expr:MND1,expression,0.0,0,0.0
expr:MMP19,expression,0.0,0,0.0
expr:MMP2,expression,0.0,0,0.0
expr:MMP20,expression,0.0,0,0.0
expr:MOGAT2,expression,0.0,0,0.0
expr:MMP13,expression,0.0,0,0.0
expr:MMP14,expression,0.0,0,0.0
expr:MMP16,expression,0.0,0,0.0
expr:MMP17,expression,0.0,0,0.0
expr:MLC1,expression,0.0,0,0.0
expr:MLF1,expression,0.0,0,0.0
expr:MLNR,expression,0.0,0,0.0
expr:MLPH,expression,0.0,2,0.04
expr:MLXIPL,expression,0.0,0,0.0
expr:MMD,expression,0.0,0,0.0
expr:MME,expression,0.0,0,0.0
expr:MMEL1,expression,0.0,0,0.0
expr:MISP,expression,0.0,0,0.0
expr:MIPOL1,expression,0.0,0,0.0
expr:MIXL1,expression,0.0,4,0.08
expr:MKI67,expression,0.0,0,0.0
expr:MKRN2OS,expression,0.0,0,0.0
expr:MKRN3,expression,0.0,0,0.0
expr:MKX,expression,0.0,0,0.0
expr:MLANA,expression,0.0,0,0.0
expr:MILR1,expression,0.0,0,0.0
expr:MINAR1,expression,0.0,1,0.02
expr:MINAR2,expression,0.0,0,0.0
expr:MINDY1,expression,0.0,0,0.0
expr:MINDY2,expression,0.0,0,0.0
expr:MINDY4B,expression,0.0,1,0.02
expr:MIOX,expression,0.0,0,0.0
expr:MISP3,expression,0.0,0,0.0
expr:MPP2,expression,0.0,0,0.0
expr:MPP3,expression,0.0,0,0.0
expr:MPP4,expression,0.0,0,0.0
expr:KBTBD8,expression,0.0,1,0.02
expr:KCNA2,expression,0.0,0,0.0
expr:KCNA4,expression,0.0,0,0.0
expr:KCNA5,expression,0.0,0,0.0
expr:MS4A7,expression,0.0,12,0.24
expr:MSANTD1,expression,0.0,0,0.0
expr:MSC,expression,0.0,0,0.0
expr:MSH4,expression,0.0,0,0.0
expr:MSH5-SAPCD1,expression,0.0,0,0.0
expr:MSI1,expression,0.0,0,0.0
expr:MMP21,expression,0.0,0,0.0
expr:MRPS30,expression,0.0,0,0.0
expr:MRTFB,expression,0.0,0,0.0
expr:MS4A2,expression,0.0,12,0.24
expr:MS4A3,expression,0.0,0,0.0
expr:MS4A4A,expression,0.0,0,0.0
expr:MS4A4E,expression,0.0,0,0.0
expr:MS4A6A,expression,0.0,0,0.0
expr:MS4A6E,expression,0.0,0,0.0
expr:MRGPRX3,expression,0.0,0,0.0
expr:MRM2,expression,0.0,0,0.0
expr:MROH2B,expression,0.0,0,0.0
expr:MROH6,expression,0.0,1,0.02
expr:MROH7,expression,0.0,0,0.0
expr:MSL1,expression,0.0,0,0.0
expr:MMP23B,expression,0.0,0,0.0
expr:MMP24,expression,0.0,1,0.02
expr:MMP25,expression,0.0,1,0.02
expr:MMP26,expression,0.0,0,0.0
expr:KCNG2,expression,0.0,0,0.0
expr:KCNG3,expression,0.0,0,0.0
expr:KCNH3,expression,0.0,3,0.06
expr:KCNH4,expression,0.0,0,0.0
expr:MPPED1,expression,0.0,0,0.0
expr:MPPED2,expression,0.0,1,0.02
expr:MPZ,expression,0.0,0,0.0
expr:MPZL2,expression,0.0,0,0.0
expr:KCNC3,expression,0.0,0,0.0
expr:MPO,expression,0.0,1,0.02
expr:KCND2,expression,0.0,2,0.04
expr:KCND3,expression,0.0,3,0.06
expr:KCNE1,expression,0.0,12,0.24
expr:KCNE1B,expression,0.0,6,0.12
expr:KCNE4,expression,0.0,3,0.06
expr:KCNG1,expression,0.0,6,0.12
expr:KCNA7,expression,0.0,0,0.0
expr:KCNAB1,expression,0.0,0,0.0
expr:KCNAB2,expression,0.0,0,0.0
expr:KCNAB3,expression,0.0,0,0.0
expr:KCNB1,expression,0.0,0,0.0
expr:KCNB2,expression,0.0,0,0.0
expr:KCNC1,expression,0.0,1,0.02
expr:KCNC2,expression,0.0,0,0.0
expr:KCND1,expression,0.0,0,0.0
expr:LCN10,expression,0.0,0,0.0
expr:LCN12,expression,0.0,1,0.02
expr:LCN2,expression,0.0,0,0.0
expr:LCN6,expression,0.0,0,0.0
expr:LCN8,expression,0.0,0,0.0
expr:LAT,expression,0.0,0,0.0
expr:LAYN,expression,0.0,0,0.0
expr:LBHD2,expression,0.0,0,0.0
expr:LBP,expression,0.0,0,0.0
expr:LBR,expression,0.0,0,0.0
expr:LBX1,expression,0.0,0,0.0
expr:LBX2,expression,0.0,0,0.0
expr:LCA5L,expression,0.0,0,0.0
expr:LURAP1L,expression,0.0,1,0.02
expr:LAMP5,expression,0.0,0,0.0
expr:LANCL3,expression,0.0,0,0.0
expr:LAPTM4B,expression,0.0,0,0.0
expr:LAPTM5,expression,0.0,0,0.0
expr:LARGE2,expression,0.0,0,0.0
expr:LARP6,expression,0.0,0,0.0
expr:LASP1,expression,0.0,0,0.0
expr:LAMA3,expression,0.0,0,0.0
expr:LAMA4,expression,0.0,0,0.0
expr:LAMB1,expression,0.0,0,0.0
expr:LAMB2,expression,0.0,0,0.0
expr:LAMB3,expression,0.0,0,0.0
expr:LAMB4,expression,0.0,1,0.02
expr:LAMC3,expression,0.0,0,0.0
expr:LAMA1,expression,0.0,0,0.0
expr:LAMA2,expression,0.0,0,0.0
expr:KRTAP5-9,expression,0.0,0,0.0
expr:KRTCAP2,expression,0.0,0,0.0
expr:KRTCAP3,expression,0.0,2,0.04
expr:KSR1,expression,0.0,0,0.0
expr:KY,expression,0.0,0,0.0
expr:KYAT1,expression,0.0,0,0.0
expr:KYNU,expression,0.0,1,0.02
expr:L3MBTL4,expression,0.0,0,0.0
expr:KRTAP17-1,expression,0.0,0,0.0
expr:KRTAP2-3,expression,0.0,0,0.0
expr:KRTAP3-3,expression,0.0,0,0.0
expr:LCK,expression,0.0,2,0.04
expr:KRTAP5-1,expression,0.0,1,0.02
expr:KRTAP5-10,expression,0.0,0,0.0
expr:KRTAP5-7,expression,0.0,0,0.0
expr:KRT79,expression,0.0,0,0.0
expr:KRT8,expression,0.0,0,0.0
expr:KRT80,expression,0.0,0,0.0
expr:KRT81,expression,0.0,0,0.0
expr:KRT83,expression,0.0,0,0.0
expr:KRT85,expression,0.0,1,0.02
expr:KRT86,expression,0.0,0,0.0
expr:KRT9,expression,0.0,1,0.02
expr:LCAT,expression,0.0,0,0.0
expr:LCE1C,expression,0.0,0,0.0
expr:KRTAP4-1,expression,0.0,0,0.0
expr:LDB2,expression,0.0,1,0.02
expr:LDHAL6A,expression,0.0,0,0.0
expr:LDHC,expression,0.0,0,0.0
expr:LDHD,expression,0.0,7,0.14
expr:LDLRAD1,expression,0.0,0,0.0
expr:LGR6,expression,0.0,0,0.0
expr:LGSN,expression,0.0,1,0.02
expr:LHB,expression,0.0,0,0.0
expr:LHCGR,expression,0.0,0,0.0
expr:LHFPL1,expression,0.0,0,0.0
expr:LHFPL4,expression,0.0,0,0.0
expr:LHFPL5,expression,0.0,0,0.0
expr:LHFPL6,expression,0.0,4,0.08
expr:LAMC1,expression,0.0,0,0.0
expr:LGALS7,expression,0.0,0,0.0
expr:LGALS8,expression,0.0,0,0.0
expr:LGALS9C,expression,0.0,0,0.0
expr:LGI2,expression,0.0,0,0.0
expr:LGI3,expression,0.0,0,0.0
expr:LGI4,expression,0.0,0,0.0
expr:LGR4,expression,0.0,0,0.0
expr:LENG9,expression,0.0,0,0.0
expr:LEP,expression,0.0,0,0.0
expr:LEPR,expression,0.0,0,0.0
expr:LETM2,expression,0.0,0,0.0
expr:LFNG,expression,0.0,0,0.0
expr:LGALS12,expression,0.0,0,0.0
expr:LGALS4,expression,0.0,0,0.0
expr:LAMC2,expression,0.0,0,0.0
expr:KLF17,expression,0.0,0,0.0
expr:KLF4,expression,0.0,2,0.04
expr:KLF5,expression,0.0,0,0.0
expr:KLF7,expression,0.0,0,0.0
expr:KLF8,expression,0.0,0,0.0
expr:KLF9,expression,0.0,0,0.0
expr:KLHDC7A,expression,0.0,0,0.0
expr:KLHDC8A,expression,0.0,0,0.0
expr:KIT,expression,0.0,1,0.02
expr:KLB,expression,0.0,0,0.0
expr:KLC3,expression,0.0,0,0.0
expr:KLF1,expression,0.0,0,0.0
expr:LCTL,expression,0.0,4,0.08
expr:KLF12,expression,0.0,0,0.0
expr:KLF14,expression,0.0,0,0.0
expr:KLF15,expression,0.0,0,0.0
expr:LDLRAD2,expression,0.0,1,0.02
expr:LDLRAD4,expression,0.0,0,0.0
expr:LDOC1,expression,0.0,0,0.0
expr:LEAP2,expression,0.0,0,0.0
expr:KIRREL1,expression,0.0,0,0.0
expr:KIRREL2,expression,0.0,1,0.02
expr:KISS1,expression,0.0,0,0.0
expr:KISS1R,expression,0.0,0,0.0
expr:LCNL1,expression,0.0,0,0.0
expr:LCT,expression,0.0,1,0.02
expr:KLF11,expression,0.0,0,0.0
meth:ZNRF3,methylation,0.0,0,0.0
meth:ZNRF4,methylation,0.0,0,0.0
meth:ZP2,methylation,0.0,0,0.0
meth:ZNF814,methylation,0.0,0,0.0
meth:ZNF826,methylation,0.0,0,0.0
meth:ZNF83,methylation,0.0,0,0.0
meth:ZNF831,methylation,0.0,2,0.04
meth:ZNF835,methylation,0.0,0,0.0
meth:ZNF853,methylation,0.0,3,0.06
meth:ZNF876P,methylation,0.0,0,0.0
meth:ZNF878,methylation,0.0,0,0.0
expr:ABCA12,expression,0.0,0,0.0
expr:ABCA13,expression,0.0,0,0.0
expr:LALBA,expression,0.0,1,0.02
expr:ABCB11,expression,0.0,0,0.0
meth:ZNF804A,methylation,0.0,0,0.0
expr:AARSD1,expression,0.0,0,0.0
expr:KRT33B,expression,0.0,2,0.04
expr:KRT34,expression,0.0,0,0.0
expr:KRT36,expression,0.0,0,0.0
expr:KRT38,expression,0.0,0,0.0
expr:KRT39,expression,0.0,0,0.0
expr:KRT4,expression,0.0,0,0.0
expr:KRT40,expression,0.0,0,0.0
expr:KRT5,expression,0.0,0,0.0
expr:KRT17,expression,0.0,0,0.0
expr:KRT18,expression,0.0,1,0.02
expr:ABCA4,expression,0.0,0,0.0
expr:KLRC4,expression,0.0,2,0.04
meth:ZNF689,methylation,0.0,0,0.0
expr:ABHD2,expression,0.0,0,0.0
meth:ZNF813,methylation,0.0,0,0.0
clin:pam50_Basal,clinical,0.0,10,0.2
clin:pam50_LumA,clinical,0.0,16,0.32
clin:pam50_LumB,clinical,0.0,0,0.0
clin:pam50_Normal,clinical,0.0,0,0.0
expr:A1BG,expression,0.0,0,0.0
expr:A1CF,expression,0.0,1,0.02
expr:A3GALT2,expression,0.0,0,0.0
expr:A4GNT,expression,0.0,0,0.0
expr:AADAC,expression,0.0,0,0.0
meth:ZNF91,methylation,0.0,0,0.0
expr:AADAT,expression,0.0,0,0.0
expr:AANAT,expression,0.0,0,0.0
meth:ZPBP,methylation,0.0,0,0.0
meth:ZPBP2,methylation,0.0,0,0.0
meth:ZSCAN1,methylation,0.0,0,0.0
meth:ZSCAN10,methylation,0.0,0,0.0
meth:ZSCAN12,methylation,0.0,1,0.02
meth:ZSCAN12L1,methylation,0.0,0,0.0
meth:ZSCAN18,methylation,0.0,0,0.0
expr:ABCA1,expression,0.0,0,0.0
meth:ZNF879,methylation,0.0,0,0.0
meth:ZNF880,methylation,0.0,0,0.0
meth:ZNF90,methylation,0.0,0,0.0
expr:AADACL2,expression,0.0,0,0.0
expr:KLHL35,expression,0.0,0,0.0
expr:KLHL38,expression,0.0,2,0.04
expr:KLHL4,expression,0.0,0,0.0
expr:KLK1,expression,0.0,0,0.0
expr:KLK10,expression,0.0,0,0.0
expr:KLK11,expression,0.0,0,0.0
expr:KLK12,expression,0.0,0,0.0
expr:KLHL23,expression,0.0,3,0.06
expr:KLHL28,expression,0.0,1,0.02
expr:KLHL29,expression,0.0,0,0.0
expr:KLHL3,expression,0.0,0,0.0
expr:KLHL30,expression,0.0,1,0.02
expr:KLHL31,expression,0.0,0,0.0
expr:KRT2,expression,0.0,2,0.04
expr:KRT6A,expression,0.0,10,0.2
expr:KRT6B,expression,0.0,0,0.0
expr:KRT6C,expression,0.0,0,0.0
expr:KRT7,expression,0.0,0,0.0
expr:KRT71,expression,0.0,0,0.0
expr:KRT73,expression,0.0,0,0.0
expr:KRT74,expression,0.0,2,0.04
expr:KRT77,expression,0.0,1,0.02
expr:LACRT,expression,0.0,3,0.06
expr:LAG3,expression,0.0,0,0.0
expr:LAGE3,expression,0.0,0,0.0
expr:LAIR1,expression,0.0,0,0.0
expr:LAIR2,expression,0.0,0,0.0
expr:KLHL32,expression,0.0,1,0.02
expr:KRT222,expression,0.0,0,0.0
expr:KRT23,expression,0.0,0,0.0
expr:KRT24,expression,0.0,0,0.0
expr:KRT27,expression,0.0,0,0.0
expr:KRT31,expression,0.0,0,0.0
expr:KPNA7,expression,0.0,0,0.0
expr:KREMEN1,expression,0.0,0,0.0
expr:KRT1,expression,0.0,0,0.0
expr:KRT10,expression,0.0,0,0.0
expr:KRT12,expression,0.0,7,0.14
expr:KRT13,expression,0.0,0,0.0
expr:KRT14,expression,0.0,1,0.02
expr:KLRC4-KLRK1,expression,0.0,3,0.06
expr:KLHL34,expression,0.0,0,0.0
expr:KLRK1,expression,0.0,7,0.14
expr:KMO,expression,0.0,0,0.0
expr:KNCN,expression,0.0,0,0.0
expr:KNDC1,expression,0.0,0,0.0
expr:KNTC1,expression,0.0,0,0.0
expr:KPNA2,expression,0.0,0,0.0
expr:KLK13,expression,0.0,0,0.0
expr:KLK14,expression,0.0,0,0.0
expr:KLK4,expression,0.0,1,0.02
expr:KLK5,expression,0.0,0,0.0
expr:KLK6,expression,0.0,1,0.02
expr:KLK7,expression,0.0,0,0.0
expr:KLK8,expression,0.0,0,0.0
expr:KLLN,expression,0.0,1,0.02
expr:KLRG2,expression,0.0,0,0.0
expr:LTB4R2,expression,0.0,0,0.0
expr:LRRIQ4,expression,0.0,0,0.0
expr:LRRK1,expression,0.0,0,0.0
expr:LRRK2,expression,0.0,1,0.02
expr:LRRN2,expression,0.0,1,0.02
expr:LRRN3,expression,0.0,0,0.0
expr:LRRTM3,expression,0.0,0,0.0
expr:LRRTM4,expression,0.0,0,0.0
expr:LSM1,expression,0.0,0,0.0
expr:LRRC75A,expression,0.0,0,0.0
expr:LRRC75B,expression,0.0,0,0.0
expr:LRRC8E,expression,0.0,0,0.0
expr:LRRC9,expression,0.0,0,0.0
expr:LGALS14,expression,0.0,0,0.0
expr:LRRD1,expression,0.0,0,0.0
expr:LRRIQ1,expression,0.0,1,0.02
expr:LRRIQ3,expression,0.0,0,0.0
expr:LRRC6,expression,0.0,0,0.0
expr:LRRC63,expression,0.0,0,0.0
expr:LRRC66,expression,0.0,0,0.0
expr:LRRC69,expression,0.0,0,0.0
expr:LRRC71,expression,0.0,0,0.0
expr:LRRC73,expression,0.0,0,0.0
expr:LRRC74A,expression,0.0,0,0.0
expr:LRRC74B,expression,0.0,0,0.0
expr:KIAA1614,expression,0.0,0,0.0
expr:KIAA1755,expression,0.0,0,0.0
expr:LRRCC1,expression,0.0,0,0.0
expr:LRRC34,expression,0.0,0,0.0
expr:LRRC36,expression,0.0,0,0.0
expr:LRRC37A3,expression,0.0,0,0.0
expr:LRRC38,expression,0.0,3,0.06
expr:LRRC3C,expression,0.0,0,0.0
expr:LRP6,expression,0.0,0,0.0
expr:LRRC10B,expression,0.0,0,0.0
expr:LRRC14B,expression,0.0,0,0.0
expr:LRRC15,expression,0.0,0,0.0
expr:LRRC18,expression,0.0,0,0.0
expr:LRRC19,expression,0.0,0,0.0
expr:LRRC20,expression,0.0,0,0.0
expr:LRRC25,expression,0.0,0,0.0
expr:LTB4R,expression,0.0,0,0.0
expr:LRP1,expression,0.0,0,0.0
expr:LRP12,expression,0.0,0,0.0
expr:LRP1B,expression,0.0,0,0.0
expr:LRP2,expression,0.0,0,0.0
expr:LRP4,expression,0.0,0,0.0
expr:LRP5,expression,0.0,0,0.0
expr:LRP5L,expression,0.0,0,0.0
expr:LSMEM1,expression,0.0,0,0.0
expr:LSMEM2,expression,0.0,0,0.0
expr:LSP1,expression,0.0,0,0.0
expr:LST1,expression,0.0,5,0.1
expr:LTA,expression,0.0,0,0.0
expr:LTB,expression,0.0,2,0.04
expr:LRMDA,expression,0.0,0,0.0
expr:LYPD5,expression,0.0,0,0.0
expr:LYPLA1,expression,0.0,0,0.0
expr:LYSMD2,expression,0.0,0,0.0
expr:LYVE1,expression,0.0,0,0.0
expr:LYZL1,expression,0.0,1,0.02
expr:LYZL2,expression,0.0,0,0.0
expr:LYZL4,expression,0.0,0,0.0
expr:LYG1,expression,0.0,0,0.0
expr:LYG2,expression,0.0,1,0.02
expr:LYL1,expression,0.0,0,0.0
expr:LYN,expression,0.0,0,0.0
expr:LYNX1,expression,0.0,2,0.04
expr:LYNX1-SLURP2,expression,0.0,0,0.0
expr:KIAA1958,expression,0.0,0,0.0
expr:LYPD3,expression,0.0,0,0.0
expr:LY6E,expression,0.0,0,0.0
expr:LY6G5B,expression,0.0,2,0.04
expr:LY6G6C,expression,0.0,0,0.0
expr:LY6K,expression,0.0,0,0.0
expr:LY6L,expression,0.0,1,0.02
expr:LY75,expression,0.0,0,0.0
expr:LY86,expression,0.0,0,0.0
expr:LY96,expression,0.0,0,0.0
expr:LTN1,expression,0.0,0,0.0
expr:LTO1,expression,0.0,0,0.0
expr:LUM,expression,0.0,0,0.0
expr:LURAP1,expression,0.0,0,0.0
expr:LYPD2,expression,0.0,4,0.08
expr:KIAA2012,expression,0.0,0,0.0
expr:KIF11,expression,0.0,0,0.0
expr:KIF12,expression,0.0,0,0.0
expr:KIF13B,expression,0.0,0,0.0
expr:LTK,expression,0.0,0,0.0
expr:KHK,expression,0.0,0,0.0
expr:KIAA0319,expression,0.0,0,0.0
expr:KIAA0408,expression,0.0,0,0.0
expr:KIAA0895,expression,0.0,0,0.0
expr:KIAA1109,expression,0.0,0,0.0
expr:KIAA1210,expression,0.0,0,0.0
expr:KIAA1549,expression,0.0,0,0.0
expr:KIAA1549L,expression,0.0,0,0.0
expr:LYPD4,expression,0.0,0,0.0
expr:KDM4E,expression,0.0,0,0.0
expr:KDM5D,expression,0.0,0,0.0
expr:KDM7A,expression,0.0,0,0.0
expr:KDR,expression,0.0,11,0.22
expr:KHDC1,expression,0.0,0,0.0
expr:KHDRBS2,expression,0.0,0,0.0
expr:KHDRBS3,expression,0.0,0,0.0
expr:LTBP1,expression,0.0,0,0.0
expr:LTBP2,expression,0.0,0,0.0
expr:LTBP4,expression,0.0,0,0.0
expr:LTC4S,expression,0.0,0,0.0
expr:LTF,expression,0.0,0,0.0
expr:KCTD8,expression,0.0,0,0.0
expr:KDELR3,expression,0.0,5,0.1
expr:KDM4B,expression,0.0,0,0.0
expr:LILRB4,expression,0.0,0,0.0
expr:LILRB5,expression,0.0,0,0.0
expr:LIMA1,expression,0.0,0,0.0
expr:LIMCH1,expression,0.0,2,0.04
expr:LIMD2,expression,0.0,0,0.0
expr:LHX4,expression,0.0,0,0.0
expr:LHX6,expression,0.0,0,0.0
expr:LHX9,expression,0.0,0,0.0
expr:LILRA1,expression,0.0,0,0.0
expr:LILRA2,expression,0.0,0,0.0
expr:LILRA4,expression,0.0,3,0.06
expr:LILRA5,expression,0.0,0,0.0
expr:LILRA6,expression,0.0,0,0.0
expr:LRRC32,expression,0.0,0,0.0
expr:LPAR3,expression,0.0,0,0.0
expr:LPAR4,expression,0.0,0,0.0
expr:LPAR5,expression,0.0,0,0.0
expr:LPCAT2,expression,0.0,0,0.0
expr:LPIN1,expression,0.0,0,0.0
expr:LPL,expression,0.0,0,0.0
expr:LPO,expression,0.0,0,0.0
expr:LMX1B,expression,0.0,0,0.0
expr:LNX1,expression,0.0,0,0.0
expr:LONRF3,expression,0.0,0,0.0
expr:LORICRIN,expression,0.0,0,0.0
expr:LOX,expression,0.0,0,0.0
expr:LOXHD1,expression,0.0,0,0.0
expr:LPA,expression,0.0,0,0.0
expr:LGALS3,expression,0.0,3,0.06
expr:KLHDC9,expression,0.0,0,0.0
expr:KLHL1,expression,0.0,0,0.0
expr:KLHL10,expression,0.0,3,0.06
expr:KLHL11,expression,0.0,0,0.0
expr:LEFTY2,expression,0.0,0,0.0
expr:LEKR1,expression,0.0,0,0.0
expr:LEMD1,expression,0.0,2,0.04
expr:LENEP,expression,0.0,0,0.0
expr:LINGO4,expression,0.0,0,0.0
expr:LIPC,expression,0.0,0,0.0
expr:LIPE,expression,0.0,0,0.0
expr:LIPF,expression,0.0,0,0.0
expr:LILRB3,expression,0.0,0,0.0
expr:LIPH,expression,0.0,0,0.0
expr:LIPI,expression,0.0,0,0.0
expr:LIPJ,expression,0.0,0,0.0
expr:LIME1,expression,0.0,0,0.0
expr:LIMS2,expression,0.0,0,0.0
expr:LIN28B,expression,0.0,0,0.0
expr:LIN9,expression,0.0,0,0.0
expr:LINC00672,expression,0.0,0,0.0
expr:LINGO1,expression,0.0,0,0.0
expr:LINGO2,expression,0.0,0,0.0
expr:LINGO3,expression,0.0,0,0.0
expr:LILRB1,expression,0.0,0,0.0
expr:LILRB2,expression,0.0,0,0.0
expr:LIPG,expression,0.0,0,0.0
expr:KIF5A,expression,0.0,0,0.0
expr:KIF6,expression,0.0,0,0.0
expr:KIF17,expression,0.0,0,0.0
expr:KIF18A,expression,0.0,0,0.0
expr:KIF19,expression,0.0,0,0.0
expr:KIF1A,expression,0.0,0,0.0
expr:KIF20B,expression,0.0,0,0.0
expr:KIF21B,expression,0.0,0,0.0
expr:KIF23,expression,0.0,1,0.02
expr:LPP,expression,0.0,0,0.0
expr:LRAT,expression,0.0,0,0.0
expr:LRATD1,expression,0.0,1,0.02
expr:LRATD2,expression,0.0,0,0.0
expr:LOXL1,expression,0.0,0,0.0
expr:LRCOL1,expression,0.0,0,0.0
expr:KIF15,expression,0.0,0,0.0
expr:KIF16B,expression,0.0,0,0.0
expr:LRRC4,expression,0.0,1,0.02
expr:LRRC46,expression,0.0,0,0.0
expr:LRRC49,expression,0.0,0,0.0
expr:LRRC4B,expression,0.0,0,0.0
expr:LRRC4C,expression,0.0,0,0.0
expr:LRRC52,expression,0.0,0,0.0
expr:LRRC53,expression,0.0,0,0.0
expr:LRRC56,expression,0.0,0,0.0
expr:LRRC26,expression,0.0,0,0.0
expr:LRRC31,expression,0.0,0,0.0
expr:LRBA,expression,0.0,0,0.0
expr:LOXL4,expression,0.0,0,0.0
expr:LMO3,expression,0.0,1,0.02
expr:LMO4,expression,0.0,0,0.0
expr:LMO7,expression,0.0,1,0.02
expr:LMOD1,expression,0.0,0,0.0
expr:LMOD2,expression,0.0,0,0.0
expr:LMOD3,expression,0.0,0,0.0
expr:LMX1A,expression,0.0,0,0.0
expr:LIPN,expression,0.0,0,0.0
expr:LIX1,expression,0.0,0,0.0
expr:LKAAEAR1,expression,0.0,0,0.0
expr:LLCFC1,expression,0.0,0,0.0
expr:LMBRD2,expression,0.0,0,0.0
expr:KIF4B,expression,0.0,4,0.08
expr:LMNTD1,expression,0.0,0,0.0
expr:LMNTD2,expression,0.0,0,0.0
expr:KIF7,expression,0.0,0,0.0
expr:KIFC1,expression,0.0,1,0.02
expr:KIFC2,expression,0.0,0,0.0
expr:KIR2DL1,expression,0.0,0,0.0
expr:LRFN1,expression,0.0,0,0.0
expr:LRFN2,expression,0.0,0,0.0
expr:LRIG3,expression,0.0,0,0.0
expr:KIF24,expression,0.0,0,0.0
expr:KIF25,expression,0.0,0,0.0
expr:KIF26A,expression,0.0,0,0.0
expr:KIF26B,expression,0.0,0,0.0
expr:KIF3C,expression,0.0,3,0.06
expr:LMNB1,expression,0.0,0,0.0
expr:IL21R,expression,0.0,0,0.0
expr:IL22RA1,expression,0.0,1,0.02
expr:IL22RA2,expression,0.0,0,0.0
expr:IL23A,expression,0.0,0,0.0
expr:IL25,expression,0.0,0,0.0
expr:IL18BP,expression,0.0,3,0.06
expr:IL18R1,expression,0.0,0,0.0
expr:IL19,expression,0.0,0,0.0
expr:IL1A,expression,0.0,0,0.0
expr:IL1B,expression,0.0,6,0.12
expr:IL1R1,expression,0.0,0,0.0
expr:IL1R2,expression,0.0,0,0.0
expr:IL1RAP,expression,0.0,0,0.0
expr:MYL1,expression,0.0,0,0.0
expr:OXER1,expression,0.0,0,0.0
expr:OXGR1,expression,0.0,0,0.0
expr:OXR1,expression,0.0,0,0.0
expr:OXT,expression,0.0,0,0.0
expr:P2RX2,expression,0.0,0,0.0
expr:P2RX3,expression,0.0,0,0.0
expr:IL17REL,expression,0.0,0,0.0
expr:PAK1,expression,0.0,1,0.02
expr:PAK3,expression,0.0,0,0.0
expr:PALLD,expression,0.0,0,0.0
expr:PALM,expression,0.0,3,0.06
expr:PALM2AKAP2,expression,0.0,1,0.02
expr:PALM3,expression,0.0,0,0.0
expr:OXCT2,expression,0.0,0,0.0
expr:OTUB2,expression,0.0,0,0.0
expr:OSBPL6,expression,0.0,0,0.0
expr:OSBPL8,expression,0.0,1,0.02
expr:OSCAR,expression,0.0,0,0.0
expr:OSGIN1,expression,0.0,0,0.0
expr:OSM,expression,0.0,2,0.04
expr:OSMR,expression,0.0,0,0.0
expr:OSR1,expression,0.0,3,0.06
expr:OTC,expression,0.0,0,0.0
expr:OR8D1,expression,0.0,0,0.0
expr:OR8G5,expression,0.0,0,0.0
expr:ORC1,expression,0.0,1,0.02
expr:ORM1,expression,0.0,0,0.0
expr:IL20,expression,0.0,0,0.0
expr:ORMDL3,expression,0.0,0,0.0
expr:OSBP2,expression,0.0,0,0.0
expr:OSBPL3,expression,0.0,0,0.0
expr:IL27,expression,0.0,0,0.0
expr:IL27RA,expression,0.0,0,0.0
expr:IL2RA,expression,0.0,0,0.0
expr:P2RX5,expression,0.0,0,0.0
expr:P2RY1,expression,0.0,0,0.0
expr:P2RY2,expression,0.0,0,0.0
expr:P2RY6,expression,0.0,0,0.0
expr:P2RY8,expression,0.0,16,0.32
expr:IL1RAPL1,expression,0.0,0,0.0
expr:IL1RAPL2,expression,0.0,0,0.0
expr:ORM2,expression,0.0,0,0.0
expr:IL15,expression,0.0,1,0.02
expr:IL15RA,expression,0.0,0,0.0
expr:IL17C,expression,0.0,0,0.0
expr:IL17D,expression,0.0,0,0.0
expr:IGSF9B,expression,0.0,0,0.0
expr:IHH,expression,0.0,0,0.0
expr:IHO1,expression,0.0,0,0.0
expr:IKZF2,expression,0.0,1,0.02
expr:IL10,expression,0.0,0,0.0
expr:IL10RA,expression,0.0,1,0.02
expr:IL12A,expression,0.0,0,0.0
expr:PAQR5,expression,0.0,0,0.0
expr:PAQR6,expression,0.0,0,0.0
expr:PALMD,expression,0.0,1,0.02
expr:IGSF21,expression,0.0,0,0.0
expr:IGSF22,expression,0.0,0,0.0
expr:IGSF23,expression,0.0,0,0.0
expr:IGSF3,expression,0.0,0,0.0
expr:IGSF5,expression,0.0,0,0.0
expr:PANK1,expression,0.0,0,0.0
expr:PANK3,expression,0.0,0,0.0
expr:PANX3,expression,0.0,0,0.0
expr:PAPPA,expression,0.0,0,0.0
expr:PAPPA2,expression,0.0,0,0.0
expr:PAPSS2,expression,0.0,0,0.0
expr:PAQR3,expression,0.0,0,0.0
expr:PAQR4,expression,0.0,0,0.0
expr:IGSF11,expression,0.0,0,0.0
expr:PAM,expression,0.0,0,0.0
expr:PAG1,expression,0.0,1,0.02
expr:PAGE1,expression,0.0,0,0.0
expr:PAGE2,expression,0.0,0,0.0
expr:PAGE2B,expression,0.0,0,0.0
expr:PAGE5,expression,0.0,0,0.0
expr:PAH,expression,0.0,0,0.0
expr:PAIP2B,expression,0.0,0,0.0
expr:PABPN1L,expression,0.0,0,0.0
expr:PACRG,expression,0.0,2,0.04
expr:PACSIN1,expression,0.0,0,0.0
expr:PACSIN3,expression,0.0,0,0.0
expr:PADI2,expression,0.0,0,0.0
expr:IL13RA2,expression,0.0,0,0.0
expr:PADI6,expression,0.0,0,0.0
expr:PAEP,expression,0.0,0,0.0
expr:P3H2,expression,0.0,0,0.0
expr:P4HA3,expression,0.0,0,0.0
expr:P4HTM,expression,0.0,0,0.0
expr:PABPC1L2A,expression,0.0,0,0.0
expr:PABPC1L2B,expression,0.0,0,0.0
expr:PABPC3,expression,0.0,0,0.0
expr:PABPC4L,expression,0.0,0,0.0
expr:PABPC5,expression,0.0,1,0.02
expr:IL12RB1,expression,0.0,0,0.0
expr:IL12RB2,expression,0.0,0,0.0
expr:IL13,expression,0.0,0,0.0
expr:PADI3,expression,0.0,0,0.0
expr:OLFM3,expression,0.0,1,0.02
expr:OLFM4,expression,0.0,0,0.0
expr:OLFML1,expression,0.0,1,0.02
expr:IL31RA,expression,0.0,0,0.0
expr:IL32,expression,0.0,0,0.0
expr:IL34,expression,0.0,0,0.0
expr:IL36G,expression,0.0,0,0.0
expr:OR1F1,expression,0.0,0,0.0
expr:OR1J1,expression,0.0,0,0.0
expr:OR1J4,expression,0.0,0,0.0
expr:OR1L8,expression,0.0,0,0.0
expr:OR1Q1,expression,0.0,0,0.0
expr:OR2A1,expression,0.0,0,0.0
expr:OTP,expression,0.0,1,0.02
expr:OR2A42,expression,0.0,0,0.0
expr:OR10G2,expression,0.0,0,0.0
expr:OR10H1,expression,0.0,0,0.0
expr:OR10Q1,expression,0.0,2,0.04
expr:OR13A1,expression,0.0,0,0.0
expr:OR13G1,expression,0.0,0,0.0
expr:OR13J1,expression,0.0,0,0.0
expr:OR14K1,expression,0.0,0,0.0
expr:OR14L1P,expression,0.0,1,0.02
expr:OPRD1,expression,0.0,0,0.0
expr:OPRK1,expression,0.0,0,0.0
expr:OPRL1,expression,0.0,0,0.0
expr:OPRPN,expression,0.0,1,0.02
expr:OR2A12,expression,0.0,0,0.0
expr:OBP2A,expression,0.0,0,0.0
expr:NXF5,expression,0.0,0,0.0
expr:NXPE1,expression,0.0,0,0.0
expr:NXPE2,expression,0.0,0,0.0
expr:NXPE3,expression,0.0,1,0.02
expr:NXPE4,expression,0.0,0,0.0
expr:NXPH1,expression,0.0,2,0.04
expr:NXPH2,expression,0.0,1,0.02
expr:INAVA,expression,0.0,0,0.0
expr:INCA1,expression,0.0,0,0.0
expr:INCENP,expression,0.0,0,0.0
expr:INHBA,expression,0.0,0,0.0
expr:INHBB,expression,0.0,0,0.0
expr:IL7,expression,0.0,0,0.0
expr:OLFML2B,expression,0.0,0,0.0
expr:IL7R,expression,0.0,26,0.52
expr:IL9R,expression,0.0,2,0.04
expr:ILDR2,expression,0.0,0,0.0
expr:IMPA2,expression,0.0,0,0.0
expr:IMPG1,expression,0.0,0,0.0
expr:INA,expression,0.0,0,0.0
expr:IL36RN,expression,0.0,1,0.02
expr:IL37,expression,0.0,0,0.0
expr:IL4,expression,0.0,4,0.08
expr:IL4I1,expression,0.0,0,0.0
expr:IL5,expression,0.0,0,0.0
expr:IL6R,expression,0.0,0,0.0
expr:OLFML2A,expression,0.0,0,0.0
expr:OR2S2,expression,0.0,0,0.0
expr:OR2T8,expression,0.0,0,0.0
expr:OR2W3,expression,0.0,0,0.0
expr:OR3A1,expression,0.0,0,0.0
expr:OR3A2,expression,0.0,9,0.18
expr:OR2A5,expression,0.0,0,0.0
expr:OR2A7,expression,0.0,0,0.0
expr:OR2AE1,expression,0.0,2,0.04
expr:OR2AG2,expression,0.0,0,0.0
expr:OR2B11,expression,0.0,0,0.0
expr:OR2B6,expression,0.0,0,0.0
expr:OR2C1,expression,0.0,0,0.0
expr:OR2C3,expression,0.0,0,0.0
expr:OPTC,expression,0.0,0,0.0
expr:OTUD7A,expression,0.0,0,0.0
expr:OTULINL,expression,0.0,0,0.0
expr:OTX2,expression,0.0,1,0.02
expr:OVCH1,expression,0.0,0,0.0
expr:OVCH2,expression,0.0,0,0.0
expr:OVOL1,expression,0.0,0,0.0
expr:OVOL3,expression,0.0,2,0.04
expr:OTOA,expression,0.0,0,0.0
expr:OTOF,expression,0.0,0,0.0
expr:OTOGL,expression,0.0,0,0.0
expr:OTOP1,expression,0.0,4,0.08
expr:OTOP3,expression,0.0,0,0.0
expr:OTOR,expression,0.0,0,0.0
expr:OTUD6B,expression,0.0,0,0.0
expr:OR10A3,expression,0.0,0,0.0
expr:OR10A6,expression,0.0,0,0.0
expr:OR10AD1,expression,0.0,0,0.0
expr:OLR1,expression,0.0,0,0.0
expr:ONECUT1,expression,0.0,0,0.0
expr:ONECUT2,expression,0.0,6,0.12
expr:OPCML,expression,0.0,0,0.0
expr:OPHN1,expression,0.0,1,0.02
expr:OPLAH,expression,0.0,0,0.0
expr:OPN3,expression,0.0,0,0.0
expr:OR52N2,expression,0.0,2,0.04
expr:OR52N5,expression,0.0,0,0.0
expr:OR56A3,expression,0.0,3,0.06
expr:OR2M4,expression,0.0,0,0.0
expr:OR6B3,expression,0.0,0,0.0
expr:OR7A5,expression,0.0,0,0.0
expr:OR7C1,expression,0.0,2,0.04
expr:OR8A1,expression,0.0,0,0.0
expr:OR3A3,expression,0.0,0,0.0
expr:OR4D1,expression,0.0,0,0.0
expr:OR51B5,expression,0.0,0,0.0
expr:OR51E1,expression,0.0,0,0.0
expr:OR51E2,expression,0.0,0,0.0
expr:OR52E5,expression,0.0,0,0.0
expr:OR52E6,expression,0.0,0,0.0
expr:OR52N1,expression,0.0,1,0.02
expr:OR2L13,expression,0.0,14,0.28
expr:OR2L3,expression,0.0,0,0.0
expr:OR5AU1,expression,0.0,1,0.02
expr:PDE7B,expression,0.0,0,0.0
expr:PDE8B,expression,0.0,0,0.0
expr:PDE9A,expression,0.0,0,0.0
expr:PDGFC,expression,0.0,0,0.0
expr:PDGFD,expression,0.0,1,0.02
expr:PDGFRA,expression,0.0,0,0.0
expr:PDGFRB,expression,0.0,0,0.0
expr:IFITM5,expression,0.0,0,0.0
expr:IFNB1,expression,0.0,0,0.0
expr:IFNL1,expression,0.0,0,0.0
expr:PDE4A,expression,0.0,0,0.0
expr:PDE4B,expression,0.0,0,0.0
expr:PDE4D,expression,0.0,0,0.0
expr:PCDH19,expression,0.0,0,0.0
expr:PDE6B,expression,0.0,4,0.08
expr:PGM2L1,expression,0.0,0,0.0
expr:PGPEP1L,expression,0.0,1,0.02
expr:PHACTR2,expression,0.0,0,0.0
expr:PHACTR3,expression,0.0,0,0.0
expr:PHEX,expression,0.0,0,0.0
expr:PFN2,expression,0.0,0,0.0
expr:PGAP1,expression,0.0,1,0.02
expr:PGAP3,expression,0.0,1,0.02
expr:PGAP4,expression,0.0,0,0.0
expr:PGBD1,expression,0.0,0,0.0
expr:PGC,expression,0.0,3,0.06
expr:PGGHG,expression,0.0,0,0.0
expr:PDE5A,expression,0.0,3,0.06
expr:PDE2A,expression,0.0,0,0.0
expr:PDE3A,expression,0.0,0,0.0
expr:PDE3B,expression,0.0,1,0.02
expr:PCP4,expression,0.0,0,0.0
expr:PCP4L1,expression,0.0,0,0.0
expr:PCSK1N,expression,0.0,0,0.0
expr:PCSK2,expression,0.0,2,0.04
expr:PCSK4,expression,0.0,1,0.02
expr:PCSK5,expression,0.0,0,0.0
expr:PCSK6,expression,0.0,0,0.0
expr:PCSK9,expression,0.0,0,0.0
expr:PDZD2,expression,0.0,0,0.0
expr:PDZD4,expression,0.0,1,0.02
expr:PDE7A,expression,0.0,0,0.0
expr:PDZK1IP1,expression,0.0,2,0.04
expr:PDZRN3,expression,0.0,0,0.0
expr:PDZRN4,expression,0.0,0,0.0
expr:PEAK3,expression,0.0,0,0.0
expr:PEAR1,expression,0.0,0,0.0
expr:PDGFRL,expression,0.0,0,0.0
expr:PDK1,expression,0.0,0,0.0
expr:PDLIM1,expression,0.0,0,0.0
expr:PDLIM3,expression,0.0,0,0.0
expr:PDLIM4,expression,0.0,0,0.0
expr:PDP1,expression,0.0,0,0.0
expr:PDPN,expression,0.0,1,0.02
expr:PDX1,expression,0.0,0,0.0
expr:PDZD9,expression,0.0,1,0.02
expr:HTRA3,expression,0.0,0,0.0
expr:HTRA4,expression,0.0,1,0.02
expr:HUNK,expression,0.0,0,0.0
expr:HTR1A,expression,0.0,0,0.0
expr:HTR1B,expression,0.0,0,0.0
expr:HTR1D,expression,0.0,0,0.0
expr:HTR1E,expression,0.0,1,0.02
expr:HTR1F,expression,0.0,0,0.0
expr:HTR2A,expression,0.0,0,0.0
expr:HTR2B,expression,0.0,4,0.08
expr:HTR2C,expression,0.0,0,0.0
expr:PHF24,expression,0.0,0,0.0
expr:PHGDH,expression,0.0,3,0.06
expr:PGK2,expression,0.0,0,0.0
expr:PHKG1,expression,0.0,0,0.0
expr:PHLDB2,expression,0.0,0,0.0
expr:PHLPP1,expression,0.0,0,0.0
expr:PHOSPHO1,expression,0.0,0,0.0
expr:HTN1,expression,0.0,11,0.22
expr:PIP5K1B,expression,0.0,0,0.0
expr:PIP5KL1,expression,0.0,0,0.0
expr:PIPOX,expression,0.0,0,0.0
expr:PIRT,expression,0.0,0,0.0
expr:PITX1,expression,0.0,0,0.0
expr:PITX3,expression,0.0,0,0.0
expr:PIWIL1,expression,0.0,1,0.02
expr:PIWIL2,expression,0.0,0,0.0
expr:PHGR1,expression,0.0,0,0.0
expr:PERP,expression,0.0,0,0.0
expr:PET117,expression,0.0,0,0.0
expr:PEX11G,expression,0.0,0,0.0
expr:PEX5L,expression,0.0,0,0.0
expr:PF4,expression,0.0,0,0.0
expr:PF4V1,expression,0.0,0,0.0
expr:PFKFB2,expression,0.0,0,0.0
expr:PFKP,expression,0.0,1,0.02
expr:PECAM1,expression,0.0,7,0.14
expr:PEG10,expression,0.0,0,0.0
expr:PELI1,expression,0.0,0,0.0
expr:PENK,expression,0.0,2,0.04
expr:PER1,expression,0.0,0,0.0
expr:HTRA1,expression,0.0,0,0.0
expr:PERCC1,expression,0.0,0,0.0
expr:PERM1,expression,0.0,0,0.0
expr:HUS1B,expression,0.0,0,0.0
expr:HYAL1,expression,0.0,0,0.0
expr:HYDIN,expression,0.0,0,0.0
expr:HYPK,expression,0.0,0,0.0
expr:IBSP,expression,0.0,0,0.0
expr:ICA1L,expression,0.0,2,0.04
expr:ICAM1,expression,0.0,0,0.0
expr:ICAM2,expression,0.0,4,0.08
expr:HTR3A,expression,0.0,0,0.0
expr:HTR3B,expression,0.0,0,0.0
expr:HTR4,expression,0.0,0,0.0
expr:HTR7,expression,0.0,0,0.0
expr:PER3,expression,0.0,0,0.0
expr:PARPBP,expression,0.0,1,0.02
expr:IGFL3,expression,0.0,0,0.0
expr:IGFL4,expression,0.0,0,0.0
expr:IGFN1,expression,0.0,0,0.0
expr:IGLL1,expression,0.0,0,0.0
expr:IGLON5,expression,0.0,3,0.06
expr:PCDHB15,expression,0.0,0,0.0
expr:PCDHB2,expression,0.0,0,0.0
expr:IGFBP2,expression,0.0,0,0.0
expr:IGFBP3,expression,0.0,0,0.0
expr:IGFBP4,expression,0.0,0,0.0
expr:IGFBP5,expression,0.0,0,0.0
expr:IGFBP6,expression,0.0,0,0.0
expr:PDE1C,expression,0.0,1,0.02
expr:IGFL1,expression,0.0,0,0.0
expr:IGFL2,expression,0.0,0,0.0
expr:IFNL3,expression,0.0,0,0.0
expr:IFT140,expression,0.0,0,0.0
expr:IGBP1P2,expression,0.0,0,0.0
expr:IGF1R,expression,0.0,0,0.0
expr:IGF2,expression,0.0,3,0.06
expr:IGF2BP2,expression,0.0,0,0.0
expr:IGF2BP3,expression,0.0,0,0.0
expr:IGFALS,expression,0.0,3,0.06
expr:PCDHAC2,expression,0.0,0,0.0
expr:PCDHB1,expression,0.0,0,0.0
expr:PCDHB10,expression,0.0,1,0.02
expr:IGFBPL1,expression,0.0,0,0.0
expr:PCDH20,expression,0.0,1,0.02
expr:PCDH7,expression,0.0,0,0.0
expr:PCDH8,expression,0.0,4,0.08
expr:PCDH9,expression,0.0,0,0.0
expr:PCDHA4,expression,0.0,0,0.0
expr:PCDHA5,expression,0.0,1,0.02
expr:PCDHA6,expression,0.0,0,0.0
expr:PBX1,expression,0.0,0,0.0
expr:PBX3,expression,0.0,0,0.0
expr:PBX4,expression,0.0,0,0.0
expr:PC,expression,0.0,0,0.0
expr:PCARE,expression,0.0,0,0.0
expr:PCDH11X,expression,0.0,0,0.0
expr:PARP10,expression,0.0,0,0.0
expr:PCDH18,expression,0.0,0,0.0
expr:PARVG,expression,0.0,1,0.02
expr:PATE2,expression,0.0,0,0.0
expr:PATE4,expression,0.0,0,0.0
expr:PAX1,expression,0.0,0,0.0
expr:PAX2,expression,0.0,0,0.0
expr:PAX8,expression,0.0,0,0.0
expr:PBOV1,expression,0.0,2,0.04
expr:IL17RD,expression,0.0,0,0.0
expr:IL17RE,expression,0.0,0,0.0
expr:PAQR9,expression,0.0,1,0.02
expr:PARD6A,expression,0.0,0,0.0
expr:PARM1,expression,0.0,0,0.0
expr:PCDH17,expression,0.0,0,0.0
expr:PCDHB5,expression,0.0,0,0.0
expr:PCDHB6,expression,0.0,0,0.0
expr:PCDHB7,expression,0.0,0,0.0
expr:PCDHB8,expression,0.0,0,0.0
expr:PCDHGA10,expression,0.0,2,0.04
expr:PCDHGA11,expression,0.0,1,0.02
expr:PCDHGA12,expression,0.0,0,0.0
expr:IFI27L2,expression,0.0,0,0.0
expr:IFI30,expression,0.0,0,0.0
expr:IFI44,expression,0.0,0,0.0
expr:IFI6,expression,0.0,0,0.0
expr:IFIH1,expression,0.0,1,0.02
expr:IFIT1,expression,0.0,3,0.06
expr:PCDHB11,expression,0.0,0,0.0
expr:IFITM10,expression,0.0,0,0.0
expr:ID4,expression,0.0,0,0.0
expr:IDO1,expression,0.0,10,0.2
expr:IDS,expression,0.0,0,0.0
expr:IDUA,expression,0.0,0,0.0
expr:IER2,expression,0.0,0,0.0
expr:IER3,expression,0.0,0,0.0
expr:IFFO2,expression,0.0,0,0.0
expr:IFI16,expression,0.0,3,0.06
expr:PCYT1B,expression,0.0,0,0.0
expr:PDCD1,expression,0.0,1,0.02
expr:PDCD6,expression,0.0,0,0.0
expr:PDE1B,expression,0.0,0,0.0
expr:IFIT3,expression,0.0,3,0.06
expr:PCDHB12,expression,0.0,0,0.0
expr:PCDHB13,expression,0.0,0,0.0
expr:PCDHB14,expression,0.0,1,0.02
expr:IFNL2,expression,0.0,2,0.04
expr:PCED1B,expression,0.0,0,0.0
expr:PCGF2,expression,0.0,1,0.02
expr:PCLAF,expression,0.0,0,0.0
expr:PCM1,expression,0.0,0,0.0
expr:PCNX2,expression,0.0,0,0.0
expr:PCOLCE,expression,0.0,0,0.0
expr:PCOLCE2,expression,0.0,0,0.0
expr:PCP2,expression,0.0,1,0.02
expr:PCDHGB1,expression,0.0,0,0.0
expr:PCDHB4,expression,0.0,0,0.0
expr:PCDHGB3,expression,0.0,1,0.02
expr:PCDHGB4,expression,0.0,0,0.0
expr:PCDHGB6,expression,0.0,0,0.0
expr:PCDHGB7,expression,0.0,0,0.0
expr:PCDHGC3,expression,0.0,0,0.0
expr:PCDHGC5,expression,0.0,2,0.04
expr:PCDHGA2,expression,0.0,0,0.0
expr:PCDHGA3,expression,0.0,0,0.0
expr:PCDHGA4,expression,0.0,0,0.0
expr:PCDHGA5,expression,0.0,0,0.0
expr:PCDHGA6,expression,0.0,1,0.02
expr:PCDHGA7,expression,0.0,0,0.0
expr:PCDHGA8,expression,0.0,0,0.0
expr:PCDHGA9,expression,0.0,0,0.0
expr:PCDHGB2,expression,0.0,0,0.0
expr:NCOA2,expression,0.0,0,0.0
expr:NCOA3,expression,0.0,1,0.02
expr:NCOA7,expression,0.0,0,0.0
expr:NCR2,expression,0.0,0,0.0
expr:NCR3LG1,expression,0.0,2,0.04
expr:NES,expression,0.0,0,0.0
expr:NETO1,expression,0.0,0,0.0
expr:NETO2,expression,0.0,0,0.0
expr:NEU4,expression,0.0,0,0.0
expr:NEURL1B,expression,0.0,0,0.0
expr:NEURL3,expression,0.0,0,0.0
expr:NEUROD1,expression,0.0,0,0.0
expr:NEUROD2,expression,0.0,0,0.0
expr:OASL,expression,0.0,0,0.0
expr:NEFM,expression,0.0,0,0.0
expr:NEGR1,expression,0.0,0,0.0
expr:NEIL1,expression,0.0,0,0.0
expr:NEIL3,expression,0.0,2,0.04
expr:NEK2,expression,0.0,2,0.04
expr:NEK4,expression,0.0,5,0.1
expr:NELL2,expression,0.0,0,0.0
expr:NEBL,expression,0.0,0,0.0
expr:NECAB1,expression,0.0,1,0.02
expr:NECAB2,expression,0.0,0,0.0
expr:NECAB3,expression,0.0,0,0.0
expr:NECTIN1,expression,0.0,0,0.0
expr:NECTIN3,expression,0.0,0,0.0
expr:NEFL,expression,0.0,0,0.0
expr:NAT2,expression,0.0,0,0.0
expr:NAT8L,expression,0.0,0,0.0
expr:ITGAM,expression,0.0,0,0.0
expr:ITGAV,expression,0.0,0,0.0
expr:ITGAX,expression,0.0,0,0.0
expr:ITGB1,expression,0.0,0,0.0
expr:ITGB2,expression,0.0,0,0.0
expr:ITGB3,expression,0.0,0,0.0
expr:ITGB4,expression,0.0,0,0.0
expr:ITGB5,expression,0.0,0,0.0
expr:ITGA1,expression,0.0,0,0.0
expr:ITGA11,expression,0.0,1,0.02
expr:ITGA2B,expression,0.0,0,0.0
expr:NCMAP,expression,0.0,0,0.0
expr:ITGA4,expression,0.0,7,0.14
expr:ITGA6,expression,0.0,0,0.0
expr:ITGA7,expression,0.0,0,0.0
expr:ITGAD,expression,0.0,0,0.0
expr:NDC80,expression,0.0,0,0.0
expr:NDN,expression,0.0,0,0.0
expr:NDNF,expression,0.0,3,0.06
expr:ISLR2,expression,0.0,0,0.0
expr:ISM2,expression,0.0,0,0.0
expr:ISOC1,expression,0.0,0,0.0
expr:ISX,expression,0.0,0,0.0
expr:ISYNA1,expression,0.0,0,0.0
expr:NCKAP1L,expression,0.0,2,0.04
expr:ITGA3,expression,0.0,0,0.0
expr:NFE2L3,expression,0.0,0,0.0
expr:NFIB,expression,0.0,0,0.0
expr:NFIL3,expression,0.0,0,0.0
expr:NEUROD4,expression,0.0,3,0.06
expr:NEUROG2,expression,0.0,0,0.0
expr:NEUROG3,expression,0.0,0,0.0
expr:NEXN,expression,0.0,0,0.0
expr:NF1,expression,0.0,2,0.04
expr:NFAM1,expression,0.0,0,0.0
expr:NFASC,expression,0.0,0,0.0
expr:NFAT5,expression,0.0,2,0.04
expr:NLRC5,expression,0.0,1,0.02
expr:NLRP1,expression,0.0,0,0.0
expr:NEDD4,expression,0.0,0,0.0
expr:NLRP11,expression,0.0,0,0.0
expr:NLRP13,expression,0.0,0,0.0
expr:NLRP14,expression,0.0,0,0.0
expr:NLRP2,expression,0.0,0,0.0
expr:NLRP2B,expression,0.0,0,0.0
expr:NKX2-5,expression,0.0,0,0.0
expr:NKX3-1,expression,0.0,0,0.0
expr:NKX3-2,expression,0.0,0,0.0
expr:NKX6-3,expression,0.0,0,0.0
expr:NLGN1,expression,0.0,0,0.0
expr:NLGN4X,expression,0.0,0,0.0
expr:NLGN4Y,expression,0.0,0,0.0
expr:NLRC3,expression,0.0,24,0.48
expr:NLRP10,expression,0.0,1,0.02
expr:NEDD4L,expression,0.0,0,0.0
expr:ITGB6,expression,0.0,0,0.0
expr:ITGB7,expression,0.0,2,0.04
expr:ITGB8,expression,0.0,0,0.0
expr:ITGBL1,expression,0.0,0,0.0
expr:NDST2,expression,0.0,5,0.1
expr:NDST3,expression,0.0,0,0.0
expr:NDST4,expression,0.0,0,0.0
expr:NEB,expression,0.0,2,0.04
expr:NHLRC1,expression,0.0,0,0.0
expr:NHLRC4,expression,0.0,0,0.0
expr:NHS,expression,0.0,5,0.1
expr:NHSL1,expression,0.0,0,0.0
expr:NFE2,expression,0.0,0,0.0
expr:NIBAN3,expression,0.0,6,0.12
expr:NID1,expression,0.0,0,0.0
expr:NID2,expression,0.0,0,0.0
expr:NFILZ,expression,0.0,10,0.2
expr:NFIX,expression,0.0,0,0.0
expr:NFKBIZ,expression,0.0,0,0.0
expr:NGEF,expression,0.0,2,0.04
expr:NGF,expression,0.0,0,0.0
expr:NHLH1,expression,0.0,1,0.02
expr:NHLH2,expression,0.0,0,0.0
expr:NFATC1,expression,0.0,0,0.0
expr:NFATC3,expression,0.0,0,0.0
expr:NFATC4,expression,0.0,0,0.0
expr:NHSL2,expression,0.0,0,0.0
expr:ITIH3,expression,0.0,0,0.0
expr:MYPN,expression,0.0,0,0.0
expr:MYRFL,expression,0.0,0,0.0
expr:MYRIP,expression,0.0,26,0.52
expr:MYT1,expression,0.0,0,0.0
expr:MYT1L,expression,0.0,0,0.0
expr:MZT2A,expression,0.0,0,0.0
expr:N4BP2,expression,0.0,0,0.0
expr:N4BP3,expression,0.0,0,0.0
expr:MYOC,expression,0.0,0,0.0
expr:MYOCOS,expression,0.0,0,0.0
expr:MYOG,expression,0.0,0,0.0
expr:MYOM1,expression,0.0,2,0.04
expr:NAPRT,expression,0.0,0,0.0
expr:MYOZ1,expression,0.0,0,0.0
expr:MYOZ2,expression,0.0,0,0.0
expr:MYOZ3,expression,0.0,0,0.0
expr:MYO1H,expression,0.0,0,0.0
expr:MYO3B,expression,0.0,0,0.0
expr:MYO5B,expression,0.0,0,0.0
expr:MYO5C,expression,0.0,0,0.0
expr:MYO6,expression,0.0,0,0.0
expr:MYO7A,expression,0.0,1,0.02
expr:MYO7B,expression,0.0,0,0.0
expr:MYO9A,expression,0.0,0,0.0
expr:JAKMIP2,expression,0.0,0,0.0
expr:JAKMIP3,expression,0.0,0,0.0
expr:MYORG,expression,0.0,0,0.0
expr:MYL2,expression,0.0,6,0.12
expr:MYL3,expression,0.0,0,0.0
expr:MYL7,expression,0.0,0,0.0
expr:MYL9,expression,0.0,0,0.0
expr:MYLK,expression,0.0,0,0.0
expr:MYLK4,expression,0.0,0,0.0
expr:MYEOV,expression,0.0,0,0.0
expr:MYF6,expression,0.0,0,0.0
expr:MYH1,expression,0.0,0,0.0
expr:MYH13,expression,0.0,0,0.0
expr:MYH14,expression,0.0,0,0.0
expr:MYH3,expression,0.0,0,0.0
expr:MYH4,expression,0.0,0,0.0
expr:ITIH2,expression,0.0,0,0.0
expr:MYBPHL,expression,0.0,0,0.0
expr:MYC,expression,0.0,0,0.0
expr:MYCBP2,expression,0.0,0,0.0
expr:MYCBPAP,expression,0.0,0,0.0
expr:MYCL,expression,0.0,0,0.0
expr:MYCN,expression,0.0,1,0.02
expr:MYEF2,expression,0.0,0,0.0
expr:NAA11,expression,0.0,0,0.0
expr:NAALAD2,expression,0.0,0,0.0
expr:NAALADL1,expression,0.0,0,0.0
expr:NAB1,expression,0.0,1,0.02
expr:NABP1,expression,0.0,0,0.0
expr:NACA2,expression,0.0,0,0.0
expr:MYH7B,expression,0.0,0,0.0
expr:NCAPG,expression,0.0,1,0.02
expr:NCAPG2,expression,0.0,0,0.0
expr:NCAPH,expression,0.0,0,0.0
expr:NCEH1,expression,0.0,1,0.02
expr:NCF1,expression,0.0,0,0.0
expr:NCF2,expression,0.0,0,0.0
expr:NCF4,expression,0.0,0,0.0
expr:NBPF19,expression,0.0,0,0.0
expr:NBPF26,expression,0.0,2,0.04
expr:NBPF3,expression,0.0,0,0.0
expr:NBPF4,expression,0.0,0,0.0
expr:NBPF6,expression,0.0,0,0.0
expr:NBPF9,expression,0.0,0,0.0
expr:JAM2,expression,0.0,6,0.12
expr:NCAM1,expression,0.0,0,0.0
expr:NAV1,expression,0.0,0,0.0
expr:NAV2,expression,0.0,0,0.0
expr:NAV3,expression,0.0,0,0.0
expr:NBEA,expression,0.0,2,0.04
expr:NBEAL1,expression,0.0,0,0.0
expr:NBPF1,expression,0.0,0,0.0
expr:NBPF10,expression,0.0,1,0.02
expr:NBPF15,expression,0.0,1,0.02
expr:NANOS1,expression,0.0,0,0.0
expr:NAP1L2,expression,0.0,0,0.0
expr:NAP1L3,expression,0.0,0,0.0
expr:NAP1L5,expression,0.0,0,0.0
expr:NCALD,expression,0.0,0,0.0
expr:NAGS,expression,0.0,0,0.0
expr:NAIP,expression,0.0,1,0.02
expr:NALCN,expression,0.0,0,0.0
expr:NANOG,expression,0.0,0,0.0
expr:NANOGP8,expression,0.0,0,0.0
expr:IZUMO1,expression,0.0,1,0.02
expr:IZUMO1R,expression,0.0,0,0.0
expr:IZUMO4,expression,0.0,0,0.0
expr:JADE2,expression,0.0,1,0.02
expr:JADE3,expression,0.0,0,0.0
expr:JAG1,expression,0.0,0,0.0
expr:JAK3,expression,0.0,0,0.0
expr:JAKMIP1,expression,0.0,0,0.0
expr:NCAN,expression,0.0,0,0.0
expr:ITPR3,expression,0.0,0,0.0
expr:ITPRID1,expression,0.0,0,0.0
expr:ITPRID2,expression,0.0,0,0.0
expr:ITPRIPL1,expression,0.0,5,0.1
expr:ITPRIPL2,expression,0.0,0,0.0
expr:IVD,expression,0.0,0,0.0
expr:IYD,expression,0.0,0,0.0
expr:ITIH4,expression,0.0,0,0.0
expr:ITIH5,expression,0.0,0,0.0
expr:ITLN1,expression,0.0,0,0.0
expr:ITLN2,expression,0.0,0,0.0
expr:ITM2C,expression,0.0,0,0.0
expr:ITPKA,expression,0.0,0,0.0
expr:ITPR1,expression,0.0,0,0.0
expr:ITPR2,expression,0.0,0,0.0
expr:NR2E1,expression,0.0,4,0.08
expr:IQCD,expression,0.0,0,0.0
expr:IQCH,expression,0.0,0,0.0
expr:IQCJ,expression,0.0,0,0.0
expr:NT5C2,expression,0.0,0,0.0
expr:NT5DC4,expression,0.0,0,0.0
expr:NT5E,expression,0.0,0,0.0
expr:NT5M,expression,0.0,0,0.0
expr:NTF3,expression,0.0,0,0.0
expr:INSYN2B,expression,0.0,0,0.0
expr:INTS2,expression,0.0,0,0.0
expr:INTS6L,expression,0.0,0,0.0
expr:INTU,expression,0.0,0,0.0
expr:NKAPL,expression,0.0,1,0.02
expr:IPO4,expression,0.0,0,0.0
expr:IPPK,expression,0.0,0,0.0
expr:IQANK1,expression,0.0,0,0.0
expr:INSIG1,expression,0.0,1,0.02
expr:INSL3,expression,0.0,0,0.0
expr:INSL4,expression,0.0,0,0.0
expr:INSL5,expression,0.0,0,0.0
expr:INSL6,expression,0.0,0,0.0
expr:INSM1,expression,0.0,0,0.0
expr:INSYN1,expression,0.0,0,0.0
expr:INSYN2A,expression,0.0,0,0.0
expr:NT5C1A,expression,0.0,0,0.0
expr:NT5C1B,expression,0.0,0,0.0
expr:IPCEF1,expression,0.0,1,0.02
expr:NRXN2,expression,0.0,0,0.0
expr:NRXN3,expression,0.0,0,0.0
expr:NSD3,expression,0.0,0,0.0
expr:NSG1,expression,0.0,4,0.08
expr:NSUN7,expression,0.0,0,0.0
expr:NRG1,expression,0.0,1,0.02
expr:NRG2,expression,0.0,0,0.0
expr:NRG3,expression,0.0,0,0.0
expr:NRG4,expression,0.0,0,0.0
expr:NRIP1,expression,0.0,0,0.0
expr:NRIP3,expression,0.0,0,0.0
expr:NRK,expression,0.0,2,0.04
expr:NRN1,expression,0.0,0,0.0
expr:NR1I3,expression,0.0,3,0.06
expr:NR2F1,expression,0.0,0,0.0
expr:NR2F2,expression,0.0,2,0.04
expr:NR5A1,expression,0.0,0,0.0
expr:NR6A1,expression,0.0,0,0.0
expr:NRBP2,expression,0.0,0,0.0
expr:NRCAM,expression,0.0,0,0.0
expr:NREP,expression,0.0,0,0.0
expr:NQO1,expression,0.0,0,0.0
expr:NR0B1,expression,0.0,0,0.0
expr:NR0B2,expression,0.0,0,0.0
expr:NR1D1,expression,0.0,0,0.0
expr:NR1H4,expression,0.0,0,0.0
expr:NR1I2,expression,0.0,1,0.02
expr:NR2E3,expression,0.0,0,0.0
expr:NTNG1,expression,0.0,0,0.0
expr:NTNG2,expression,0.0,0,0.0
expr:NTRK1,expression,0.0,0,0.0
expr:NTRK2,expression,0.0,6,0.12
expr:NTS,expression,0.0,0,0.0
expr:ODF3L1,expression,0.0,0,0.0
expr:ODF4,expression,0.0,0,0.0
expr:OGFOD2,expression,0.0,0,0.0
expr:OGFRL1,expression,0.0,1,0.02
expr:OGN,expression,0.0,1,0.02
expr:OLAH,expression,0.0,0,0.0
expr:OLFM1,expression,0.0,0,0.0
expr:OLFM2,expression,0.0,0,0.0
expr:INHBC,expression,0.0,0,0.0
expr:OBSCN,expression,0.0,0,0.0
expr:OCA2,expression,0.0,0,0.0
expr:OCLN,expression,0.0,1,0.02
expr:OCM,expression,0.0,0,0.0
expr:OCSTAMP,expression,0.0,0,0.0
expr:ODAPH,expression,0.0,0,0.0
expr:ODF3B,expression,0.0,0,0.0
expr:NXPH3,expression,0.0,0,0.0
expr:NYAP1,expression,0.0,0,0.0
expr:NYAP2,expression,0.0,0,0.0
expr:NYX,expression,0.0,0,0.0
expr:OAS1,expression,0.0,5,0.1
expr:OAS3,expression,0.0,8,0.16
expr:OBP2B,expression,0.0,0,0.0
expr:INHBE,expression,0.0,0,0.0
expr:INMT,expression,0.0,1,0.02
expr:INO80B,expression,0.0,0,0.0
expr:INPP5D,expression,0.0,1,0.02
expr:NUTM1,expression,0.0,0,0.0
expr:NUTM2B,expression,0.0,0,0.0
expr:NUTM2E,expression,0.0,0,0.0
expr:NUTM2F,expression,0.0,0,0.0
expr:NUTM2G,expression,0.0,0,0.0
expr:NWD1,expression,0.0,0,0.0
expr:NWD2,expression,0.0,0,0.0
expr:NUDT8,expression,0.0,1,0.02
expr:NUF2,expression,0.0,1,0.02
expr:NTN5,expression,0.0,0,0.0
expr:NUP210L,expression,0.0,0,0.0
expr:NUP62CL,expression,0.0,0,0.0
expr:NUPR1,expression,0.0,0,0.0
expr:NUPR2,expression,0.0,0,0.0
expr:NUAK1,expression,0.0,0,0.0
expr:NUAK2,expression,0.0,0,0.0
expr:NUCB2,expression,0.0,0,0.0
expr:NUDT10,expression,0.0,0,0.0
expr:NUDT11,expression,0.0,0,0.0
expr:NUDT18,expression,0.0,0,0.0
expr:NUDT6,expression,0.0,0,0.0
expr:NUDT7,expression,0.0,0,0.0
expr:NTM,expression,0.0,0,0.0
expr:NTN1,expression,0.0,0,0.0
expr:NUGGC,expression,0.0,4,0.08
expr:IRS1,expression,0.0,0,0.0
expr:IRS2,expression,0.0,0,0.0
expr:IRX1,expression,0.0,0,0.0
expr:NME1,expression,0.0,0,0.0
expr:IQCJ-SCHIP1,expression,0.0,0,0.0
expr:IQCM,expression,0.0,0,0.0
expr:IQGAP3,expression,0.0,2,0.04
expr:IQUB,expression,0.0,0,0.0
expr:IRAG1,expression,0.0,0,0.0
expr:IRAG2,expression,0.0,3,0.06
expr:IRAK2,expression,0.0,3,0.06
expr:NLRP4,expression,0.0,0,0.0
expr:NLRP5,expression,0.0,0,0.0
expr:NRTN,expression,0.0,0,0.0
expr:NLRP8,expression,0.0,0,0.0
expr:NLRP9,expression,0.0,0,0.0
expr:NMB,expression,0.0,0,0.0
expr:NMBR,expression,0.0,0,0.0
expr:NOVA1,expression,0.0,6,0.12
expr:NOX4,expression,0.0,0,0.0
expr:NOX5,expression,0.0,1,0.02
expr:NOXA1,expression,0.0,0,0.0
expr:NOXRED1,expression,0.0,0,0.0
expr:NPAS1,expression,0.0,0,0.0
expr:NPAS2,expression,0.0,2,0.04
expr:NPBWR1,expression,0.0,0,0.0
expr:NOS1,expression,0.0,0,0.0
expr:NLRP7,expression,0.0,0,0.0
expr:NKD1,expression,0.0,0,0.0
expr:NKD2,expression,0.0,0,0.0
expr:NKG7,expression,0.0,10,0.2
expr:NKPD1,expression,0.0,0,0.0
expr:NKX1-2,expression,0.0,1,0.02
expr:NKX2-1,expression,0.0,0,0.0
expr:NKX2-3,expression,0.0,2,0.04
expr:NINJ2,expression,0.0,0,0.0
expr:NINL,expression,0.0,0,0.0
expr:NIPAL1,expression,0.0,0,0.0
expr:NIPAL2,expression,0.0,1,0.02
expr:NIPSNAP3B,expression,0.0,0,0.0
expr:NKAIN2,expression,0.0,0,0.0
expr:IRGM,expression,0.0,0,0.0
expr:NKAIN4,expression,0.0,0,0.0
expr:IRX3,expression,0.0,0,0.0
expr:IRX5,expression,0.0,0,0.0
expr:IRX6,expression,0.0,0,0.0
expr:ISG15,expression,0.0,0,0.0
expr:ISG20,expression,0.0,0,0.0
expr:ISL1,expression,0.0,0,0.0
expr:ISL2,expression,0.0,0,0.0
expr:ISLR,expression,0.0,0,0.0
expr:IRF4,expression,0.0,7,0.14
expr:IRF6,expression,0.0,1,0.02
expr:IRF7,expression,0.0,2,0.04
expr:IRF8,expression,0.0,3,0.06
expr:NKAIN3,expression,0.0,0,0.0
expr:NPY5R,expression,0.0,0,0.0
expr:NPIPB6,expression,0.0,1,0.02
expr:NPL,expression,0.0,1,0.02
expr:NPM2,expression,0.0,0,0.0
expr:NPM3,expression,0.0,0,0.0
expr:NPNT,expression,0.0,0,0.0
expr:NPPA,expression,0.0,0,0.0
expr:NPR1,expression,0.0,0,0.0
expr:NPR2,expression,0.0,0,0.0
expr:NPIPA5,expression,0.0,0,0.0
expr:NPIPA9,expression,0.0,0,0.0
expr:NPIPB11,expression,0.0,1,0.02
expr:NPIPB12,expression,0.0,1,0.02
expr:NOS1AP,expression,0.0,0,0.0
expr:NPIPB15,expression,0.0,0,0.0
expr:NPIPB2,expression,0.0,0,0.0
expr:NPIPB5,expression,0.0,1,0.02
expr:NPC1L1,expression,0.0,0,0.0
expr:NPDC1,expression,0.0,0,0.0
expr:NPEPL1,expression,0.0,0,0.0
expr:NPFFR1,expression,0.0,0,0.0
expr:NPHP1,expression,0.0,1,0.02
expr:NPIPA1,expression,0.0,0,0.0
expr:NPIPA2,expression,0.0,0,0.0
expr:NPIPA3,expression,0.0,0,0.0
expr:NRP1,expression,0.0,0,0.0
expr:NRP2,expression,0.0,0,0.0
expr:NPIPB13,expression,0.0,0,0.0
expr:NOS2,expression,0.0,0,0.0
expr:NOTCH2,expression,0.0,0,0.0
expr:NOTCH2NLA,expression,0.0,0,0.0
expr:NOTCH2NLR,expression,0.0,0,0.0
expr:NOTO,expression,0.0,0,0.0
expr:NOTUM,expression,0.0,0,0.0
expr:NNAT,expression,0.0,0,0.0
expr:NNMT,expression,0.0,0,0.0
expr:NNT,expression,0.0,0,0.0
expr:NOCT,expression,0.0,0,0.0
expr:NODAL,expression,0.0,0,0.0
expr:NOMO2,expression,0.0,0,0.0
expr:NOMO3,expression,0.0,1,0.02
expr:NPY4R,expression,0.0,0,0.0
expr:NME2,expression,0.0,0,0.0
expr:NME3,expression,0.0,0,0.0
expr:NMNAT2,expression,0.0,0,0.0
expr:NMNAT3,expression,0.0,0,0.0
expr:NMRK2,expression,0.0,0,0.0
expr:NMU,expression,0.0,0,0.0
expr:NMUR1,expression,0.0,0,0.0
expr:NMUR2,expression,0.0,1,0.02
expr:NPTX1,expression,0.0,0,0.0
expr:NPTX2,expression,0.0,1,0.02
expr:NPTXR,expression,0.0,0,0.0
expr:NPY,expression,0.0,0,0.0
expr:NPY1R,expression,0.0,0,0.0
expr:NPY2R,expression,0.0,0,0.0
expr:NOP2,expression,0.0,0,0.0
meth:C4orf45,methylation,0.0,0,0.0
meth:C4orf47,methylation,0.0,0,0.0
meth:C4orf49,methylation,0.0,0,0.0
meth:C4orf50,methylation,0.0,0,0.0
meth:C4orf51,methylation,0.0,0,0.0
meth:C4orf52,methylation,0.0,1,0.02
meth:C4orf6,methylation,0.0,0,0.0
meth:C4orf7,methylation,0.0,0,0.0
meth:C4orf17,methylation,0.0,0,0.0
meth:C4orf22,methylation,0.0,0,0.0
meth:C4orf26,methylation,0.0,0,0.0
meth:C4orf31,methylation,0.0,0,0.0
meth:C4orf35,methylation,0.0,0,0.0
expr:STK32A,expression,0.0,0,0.0
meth:C4orf39,methylation,0.0,0,0.0
meth:C4orf42,methylation,0.0,0,0.0
meth:C3orf55,methylation,0.0,0,0.0
meth:C3orf57,methylation,0.0,0,0.0
meth:C3orf62,methylation,0.0,0,0.0
meth:C3orf66,methylation,0.0,0,0.0
meth:C3orf72,methylation,0.0,0,0.0
meth:C3orf79,methylation,0.0,0,0.0
meth:C4BPB,methylation,0.0,6,0.12
meth:C4orf11,methylation,0.0,3,0.06
meth:C3orf32,methylation,0.0,0,0.0
meth:C3orf35,methylation,0.0,0,0.0
meth:C3orf36,methylation,0.0,0,0.0
meth:C4orf38,methylation,0.0,1,0.02
expr:EML1,expression,0.0,0,0.0
expr:EML5,expression,0.0,0,0.0
expr:EMP1,expression,0.0,0,0.0
meth:C3orf27,methylation,0.0,0,0.0
meth:C3orf30,methylation,0.0,1,0.02
expr:ELOVL3,expression,0.0,1,0.02
expr:ELOVL4,expression,0.0,0,0.0
expr:ELOVL6,expression,0.0,0,0.0
expr:ELP2,expression,0.0,6,0.12
expr:EME1,expression,0.0,0,0.0
expr:EME2,expression,0.0,1,0.02
expr:EMID1,expression,0.0,0,0.0
expr:ELF5,expression,0.0,0,0.0
expr:ELAVL4,expression,0.0,0,0.0
expr:ELL2,expression,0.0,0,0.0
expr:ELL3,expression,0.0,0,0.0
expr:ELMO1,expression,0.0,0,0.0
expr:ELMO3,expression,0.0,1,0.02
expr:ELMOD1,expression,0.0,0,0.0
expr:ELN,expression,0.0,0,0.0
meth:C3AR1,methylation,0.0,0,0.0
meth:C3P1,methylation,0.0,0,0.0
meth:C3orf14,methylation,0.0,0,0.0
meth:C3orf15,methylation,0.0,0,0.0
meth:C3orf16,methylation,0.0,0,0.0
meth:C3orf18,methylation,0.0,0,0.0
meth:C3orf22,methylation,0.0,0,0.0
expr:ELFN2,expression,0.0,0,0.0
meth:C5orf20,methylation,0.0,0,0.0
meth:C5orf27,methylation,0.0,0,0.0
meth:C5orf32,methylation,0.0,6,0.12
meth:C5orf35,methylation,0.0,0,0.0
meth:C5orf38,methylation,0.0,0,0.0
meth:C5orf39,methylation,0.0,0,0.0
meth:C5orf40,methylation,0.0,0,0.0
meth:C5orf49,methylation,0.0,0,0.0
expr:EIF4A1,expression,0.0,0,0.0
expr:EIF4E1B,expression,0.0,0,0.0
expr:EIF4EBP3,expression,0.0,0,0.0
expr:EIF5A2,expression,0.0,0,0.0
expr:EIF5AL1,expression,0.0,0,0.0
meth:C3orf42,methylation,0.0,5,0.1
expr:ELAPOR1,expression,0.0,0,0.0
expr:ELAVL2,expression,0.0,1,0.02
expr:EGLN3,expression,0.0,0,0.0
expr:EGR4,expression,0.0,0,0.0
expr:EHF,expression,0.0,0,0.0
expr:EID3,expression,0.0,0,0.0
expr:EIF1AY,expression,0.0,1,0.02
expr:EIF2S3B,expression,0.0,0,0.0
expr:EIF3C,expression,0.0,0,0.0
expr:EIF3CL,expression,0.0,0,0.0
meth:C7orf13,methylation,0.0,0,0.0
expr:EGF,expression,0.0,0,0.0
expr:EGFL6,expression,0.0,0,0.0
expr:ELANE,expression,0.0,0,0.0
meth:C3orf45,methylation,0.0,0,0.0
meth:C3orf50,methylation,0.0,0,0.0
meth:C3orf51,methylation,0.0,0,0.0
meth:C3orf52,methylation,0.0,2,0.04
meth:C6orf155,methylation,0.0,3,0.06
meth:C6orf174,methylation,0.0,1,0.02
meth:C6orf176,methylation,0.0,0,0.0
meth:C6orf186,methylation,0.0,0,0.0
meth:C6orf195,methylation,0.0,14,0.28
meth:C6orf221,methylation,0.0,0,0.0
meth:C6orf222,methylation,0.0,2,0.04
meth:C6orf223,methylation,0.0,0,0.0
meth:C6orf118,methylation,0.0,1,0.02
meth:C6orf105,methylation,0.0,0,0.0
meth:C6orf126,methylation,0.0,3,0.06
meth:C6orf127,methylation,0.0,0,0.0
meth:C6orf138,methylation,0.0,0,0.0
meth:C6orf142,methylation,0.0,0,0.0
meth:C6orf145,methylation,0.0,0,0.0
meth:C6orf150,methylation,0.0,0,0.0
meth:C5orf52,methylation,0.0,0,0.0
meth:C5orf53,methylation,0.0,0,0.0
meth:C5orf58,methylation,0.0,0,0.0
meth:C5orf60,methylation,0.0,0,0.0
meth:C6,methylation,0.0,0,0.0
meth:C6orf10,methylation,0.0,1,0.02
meth:C6orf103,methylation,0.0,0,0.0
meth:C6orf123,methylation,0.0,0,0.0
expr:ENPP3,expression,0.0,0,0.0
expr:ENPP4,expression,0.0,0,0.0
expr:ENPP5,expression,0.0,0,0.0
expr:ENTHD1,expression,0.0,1,0.02
expr:EMX2,expression,0.0,0,0.0
expr:ENAH,expression,0.0,0,0.0
expr:ENAM,expression,0.0,0,0.0
expr:ENC1,expression,0.0,0,0.0
expr:ENDOD1,expression,0.0,0,0.0
expr:ENDOU,expression,0.0,0,0.0
expr:ENHO,expression,0.0,0,0.0
expr:ENKUR,expression,0.0,0,0.0
meth:C2,methylation,0.0,0,0.0
expr:EMILIN3,expression,0.0,0,0.0
meth:C20orf106,methylation,0.0,0,0.0
meth:C20orf118,methylation,0.0,1,0.02
meth:C20orf123,methylation,0.0,0,0.0
meth:C20orf134,methylation,0.0,0,0.0
meth:C20orf135,methylation,0.0,2,0.04
meth:C21orf7,methylation,0.0,0,0.0
meth:C21orf71,methylation,0.0,0,0.0
meth:C21orf88,methylation,0.0,0,0.0
meth:C21orf90,methylation,0.0,0,0.0
meth:C21orf96,methylation,0.0,0,0.0
meth:C22orf15,methylation,0.0,0,0.0
meth:C22orf27,methylation,0.0,0,0.0
meth:C22orf33,methylation,0.0,0,0.0
meth:C20orf103,methylation,0.0,1,0.02
meth:C1orf141,methylation,0.0,2,0.04
meth:C1orf146,methylation,0.0,0,0.0
meth:C1orf150,methylation,0.0,0,0.0
meth:C1orf158,methylation,0.0,0,0.0
meth:C1orf162,methylation,0.0,0,0.0
meth:C1orf170,methylation,0.0,0,0.0
meth:C1orf173,methylation,0.0,0,0.0
meth:C1orf175,methylation,0.0,0,0.0
meth:C1orf100,methylation,0.0,3,0.06
meth:C1orf103,methylation,0.0,0,0.0
meth:C1orf113,methylation,0.0,0,0.0
meth:C1orf114,methylation,0.0,5,0.1
meth:C1orf115,methylation,0.0,1,0.02
expr:ENPP1,expression,0.0,0,0.0
meth:C1orf129,methylation,0.0,0,0.0
meth:C1orf130,methylation,0.0,1,0.02
expr:ENTPD3,expression,0.0,0,0.0
expr:ENTPD8,expression,0.0,0,0.0
expr:EPAS1,expression,0.0,2,0.04
expr:EPB41,expression,0.0,0,0.0
expr:EPB41L2,expression,0.0,0,0.0
meth:C20orf151,methylation,0.0,2,0.04
meth:C20orf160,methylation,0.0,0,0.0
meth:C20orf165,methylation,0.0,0,0.0
expr:ENO2,expression,0.0,0,0.0
expr:ENO3,expression,0.0,0,0.0
expr:ENPEP,expression,0.0,0,0.0
meth:C1orf116,methylation,0.0,9,0.18
meth:C2orf88,methylation,0.0,0,0.0
meth:C2orf90,methylation,0.0,0,0.0
meth:C2orf53,methylation,0.0,0,0.0
meth:C2orf57,methylation,0.0,0,0.0
meth:C2orf62,methylation,0.0,0,0.0
meth:C2orf66,methylation,0.0,0,0.0
meth:C2orf67,methylation,0.0,0,0.0
meth:C2orf69,methylation,0.0,0,0.0
meth:C2orf70,methylation,0.0,0,0.0
meth:C2CD4D,methylation,0.0,0,0.0
meth:C2orf16,methylation,0.0,0,0.0
meth:C2orf27A,methylation,0.0,0,0.0
meth:C2orf39,methylation,0.0,0,0.0
meth:C21orf121,methylation,0.0,0,0.0
meth:C2orf43,methylation,0.0,1,0.02
meth:C2orf51,methylation,0.0,0,0.0
meth:C2orf52,methylation,0.0,0,0.0
meth:C22orf34,methylation,0.0,0,0.0
meth:C22orf42,methylation,0.0,0,0.0
meth:C22orf43,methylation,0.0,0,0.0
meth:C22orf45,methylation,0.0,0,0.0
meth:C22orf9,methylation,0.0,0,0.0
meth:C2CD4A,methylation,0.0,0,0.0
meth:C2CD4B,methylation,0.0,0,0.0
meth:C2CD4C,methylation,0.0,0,0.0
expr:EMILIN1,expression,0.0,0,0.0
expr:EMILIN2,expression,0.0,0,0.0
meth:C2orf40,methylation,0.0,0,0.0
meth:C21orf122,methylation,0.0,0,0.0
meth:C21orf128,methylation,0.0,7,0.14
meth:C21orf130,methylation,0.0,0,0.0
meth:C21orf131,methylation,0.0,0,0.0
meth:C21orf34,methylation,0.0,4,0.08
meth:C21orf54,methylation,0.0,0,0.0
meth:C21orf62,methylation,0.0,0,0.0
meth:C20orf46,methylation,0.0,1,0.02
meth:C20orf54,methylation,0.0,0,0.0
meth:C20orf56,methylation,0.0,0,0.0
meth:C20orf70,methylation,0.0,0,0.0
meth:C20orf79,methylation,0.0,0,0.0
meth:C20orf85,methylation,0.0,0,0.0
meth:C2orf83,methylation,0.0,0,0.0
meth:C20orf96,methylation,0.0,2,0.04
meth:C20orf166,methylation,0.0,0,0.0
meth:C20orf185,methylation,0.0,3,0.06
meth:C20orf186,methylation,0.0,0,0.0
meth:C20orf195,methylation,0.0,1,0.02
meth:C20orf197,methylation,0.0,0,0.0
meth:C20orf200,methylation,0.0,0,0.0
meth:C20orf202,methylation,0.0,0,0.0
meth:C20orf24,methylation,0.0,0,0.0
meth:C2orf71,methylation,0.0,0,0.0
meth:C2orf72,methylation,0.0,0,0.0
meth:C2orf74,methylation,0.0,1,0.02
meth:C2orf80,methylation,0.0,0,0.0
meth:C2orf82,methylation,0.0,6,0.12
meth:C20orf95,methylation,0.0,0,0.0
expr:EDDM13,expression,0.0,2,0.04
expr:EDDM3A,expression,0.0,0,0.0
expr:EDDM3B,expression,0.0,19,0.38
meth:CASR,methylation,0.0,2,0.04
meth:CASS4,methylation,0.0,0,0.0
expr:EBF3,expression,0.0,19,0.38
expr:EBLN1,expression,0.0,0,0.0
expr:ECEL1,expression,0.0,0,0.0
expr:ECHDC3,expression,0.0,0,0.0
expr:ECM1,expression,0.0,1,0.02
expr:ECM2,expression,0.0,6,0.12
expr:ECT2L,expression,0.0,0,0.0
expr:EDA,expression,0.0,0,0.0
expr:EGFL8,expression,0.0,0,0.0
expr:E2F3,expression,0.0,0,0.0
expr:E2F5,expression,0.0,0,0.0
expr:E2F7,expression,0.0,0,0.0
expr:E2F8,expression,0.0,1,0.02
expr:EAF2,expression,0.0,0,0.0
expr:EBF1,expression,0.0,0,0.0
expr:EBF2,expression,0.0,1,0.02
meth:CARD6,methylation,0.0,0,0.0
meth:CARTPT,methylation,0.0,0,0.0
meth:CASKIN1,methylation,0.0,0,0.0
meth:CASP14,methylation,0.0,0,0.0
meth:CASP2,methylation,0.0,25,0.5
meth:CASP5,methylation,0.0,0,0.0
expr:E2F2,expression,0.0,4,0.08
meth:CARD16,methylation,0.0,0,0.0
meth:CARD18,methylation,0.0,0,0.0
meth:CAMK1D,methylation,0.0,0,0.0
meth:CAMK1G,methylation,0.0,0,0.0
meth:CAMK2A,methylation,0.0,0,0.0
meth:CAMK2D,methylation,0.0,0,0.0
meth:CAMK4,methylation,0.0,0,0.0
meth:CAMKV,methylation,0.0,0,0.0
meth:CAMP,methylation,0.0,0,0.0
meth:CAMSAP1,methylation,0.0,0,0.0
meth:CALCR,methylation,0.0,0,0.0
meth:CALCRL,methylation,0.0,0,0.0
meth:CALD1,methylation,0.0,0,0.0
expr:EDARADD,expression,0.0,0,0.0
meth:CALHM2,methylation,0.0,0,0.0
meth:CALML3,methylation,0.0,4,0.08
meth:CALN1,methylation,0.0,0,0.0
meth:CACNG2,methylation,0.0,0,0.0
meth:CACNG3,methylation,0.0,0,0.0
meth:CACNG5,methylation,0.0,0,0.0
meth:CACNG7,methylation,0.0,0,0.0
meth:CADM3,methylation,0.0,0,0.0
meth:CADPS,methylation,0.0,0,0.0
meth:CALCA,methylation,0.0,0,0.0
meth:CALCB,methylation,0.0,0,0.0
expr:EDA2R,expression,0.0,0,0.0
expr:EDAR,expression,0.0,2,0.04
meth:CALHM1,methylation,0.0,0,0.0
meth:CBLC,methylation,0.0,0,0.0
expr:DUSP9,expression,0.0,1,0.02
expr:DYDC1,expression,0.0,0,0.0
expr:DYDC2,expression,0.0,1,0.02
expr:DYNAP,expression,0.0,0,0.0
expr:DYNC1LI2,expression,0.0,0,0.0
expr:DYNC2H1,expression,0.0,0,0.0
expr:DYNLRB2,expression,0.0,0,0.0
expr:DYRK3,expression,0.0,0,0.0
expr:DUSP13,expression,0.0,0,0.0
expr:DUSP15,expression,0.0,1,0.02
expr:DUSP2,expression,0.0,0,0.0
expr:DUSP26,expression,0.0,2,0.04
expr:DZIP1L,expression,0.0,0,0.0
expr:DUSP6,expression,0.0,1,0.02
expr:DUSP8,expression,0.0,0,0.0
meth:CCDC42B,methylation,0.0,0,0.0
meth:CCDC46,methylation,0.0,0,0.0
expr:DST,expression,0.0,1,0.02
expr:DTL,expression,0.0,0,0.0
expr:DTNA,expression,0.0,0,0.0
expr:DTX1,expression,0.0,0,0.0
expr:DTX4,expression,0.0,0,0.0
expr:DUOX2,expression,0.0,5,0.1
meth:CCDC155,methylation,0.0,0,0.0
meth:CCDC162,methylation,0.0,7,0.14
meth:CCDC19,methylation,0.0,3,0.06
expr:DUSP4,expression,0.0,0,0.0
expr:E2F1,expression,0.0,0,0.0
meth:CCDC13,methylation,0.0,0,0.0
meth:CCDC136,methylation,0.0,1,0.02
meth:CCDC141,methylation,0.0,0,0.0
meth:CCDC144NL,methylation,0.0,0,0.0
meth:CCDC147,methylation,0.0,0,0.0
meth:CCDC150,methylation,0.0,9,0.18
meth:CCDC152,methylation,0.0,0,0.0
meth:CCBL2,methylation,0.0,0,0.0
meth:CCBP2,methylation,0.0,2,0.04
meth:CCDC11,methylation,0.0,0,0.0
meth:CCDC114,methylation,0.0,7,0.14
meth:CCDC116,methylation,0.0,0,0.0
meth:CBFA2T3,methylation,0.0,0,0.0
meth:CBLN1,methylation,0.0,0,0.0
meth:CBLN2,methylation,0.0,0,0.0
meth:CBLN4,methylation,0.0,0,0.0
meth:CBR3,methylation,0.0,0,0.0
meth:CBY3,methylation,0.0,0,0.0
meth:CC2D1A,methylation,0.0,0,0.0
meth:CC2D2A,methylation,0.0,0,0.0
meth:CCBE1,methylation,0.0,0,0.0
meth:CAT,methylation,0.0,0,0.0
meth:CATSPER1,methylation,0.0,0,0.0
meth:CATSPER2P1,methylation,0.0,0,0.0
meth:CATSPER3,methylation,0.0,1,0.02
meth:CAV1,methylation,0.0,3,0.06
meth:CAV2,methylation,0.0,1,0.02
meth:CCDC129,methylation,0.0,0,0.0
meth:C7orf58,methylation,0.0,0,0.0
meth:C7orf71,methylation,0.0,0,0.0
meth:C7orf72,methylation,0.0,0,0.0
meth:C8B,methylation,0.0,0,0.0
meth:C8orf22,methylation,0.0,0,0.0
meth:C8orf31,methylation,0.0,0,0.0
meth:C8orf34,methylation,0.0,0,0.0
meth:C8orf42,methylation,0.0,0,0.0
expr:ELAVL3,expression,0.0,0,0.0
meth:C7orf31,methylation,0.0,0,0.0
meth:C7orf33,methylation,0.0,0,0.0
meth:C7orf34,methylation,0.0,3,0.06
meth:C7orf4,methylation,0.0,0,0.0
meth:CARD11,methylation,0.0,0,0.0
meth:C7orf52,methylation,0.0,1,0.02
meth:C7orf57,methylation,0.0,0,0.0
meth:CA6,methylation,0.0,0,0.0
meth:CA7,methylation,0.0,0,0.0
meth:CA8,methylation,0.0,1,0.02
meth:CABP1,methylation,0.0,0,0.0
meth:CABP2,methylation,0.0,0,0.0
meth:CABP5,methylation,0.0,0,0.0
meth:CABP7,methylation,0.0,0,0.0
meth:CACHD1,methylation,0.0,0,0.0
meth:C9orf78,methylation,0.0,0,0.0
meth:C9orf79,methylation,0.0,0,0.0
meth:C9orf84,methylation,0.0,0,0.0
meth:C7orf46,methylation,0.0,0,0.0
expr:EGFLAM,expression,0.0,0,0.0
expr:EGFR,expression,0.0,0,0.0
expr:EGLN1,expression,0.0,0,0.0
expr:EGLN2,expression,0.0,2,0.04
meth:C6orf227,methylation,0.0,1,0.02
meth:C6orf25,methylation,0.0,0,0.0
meth:C6orf27,methylation,0.0,0,0.0
meth:C6orf58,methylation,0.0,0,0.0
meth:C6orf59,methylation,0.0,0,0.0
meth:C6orf94,methylation,0.0,0,0.0
meth:C6orf97,methylation,0.0,0,0.0
meth:C7,methylation,0.0,0,0.0
meth:C8orf80,methylation,0.0,2,0.04
meth:C8orf75,methylation,0.0,0,0.0
meth:C8orf85,methylation,0.0,0,0.0
meth:C8orf86,methylation,0.0,0,0.0
meth:C9,methylation,0.0,0,0.0
meth:C9orf106,methylation,0.0,0,0.0
meth:C9orf11,methylation,0.0,0,0.0
meth:C9orf122,methylation,0.0,0,0.0
meth:C8orf44,methylation,0.0,0,0.0
meth:C8orf46,methylation,0.0,4,0.08
meth:C8orf47,methylation,0.0,0,0.0
meth:C8orf48,methylation,0.0,0,0.0
meth:C8orf56,methylation,0.0,0,0.0
meth:C8orf58,methylation,0.0,0,0.0
meth:C8orf74,methylation,0.0,1,0.02
meth:C8orf84,methylation,0.0,0,0.0
expr:EFCAB13,expression,0.0,0,0.0
expr:EFCAB5,expression,0.0,0,0.0
expr:EFCAB6,expression,0.0,0,0.0
expr:EFCC1,expression,0.0,0,0.0
expr:EFEMP1,expression,0.0,12,0.24
expr:EFEMP2,expression,0.0,0,0.0
meth:CACNA2D1,methylation,0.0,0,0.0
meth:CACNA2D3,methylation,0.0,0,0.0
expr:EDEM3,expression,0.0,0,0.0
expr:EDIL3,expression,0.0,0,0.0
expr:EDN2,expression,0.0,0,0.0
expr:EDN3,expression,0.0,3,0.06
expr:EDNRA,expression,0.0,0,0.0
meth:C9orf86,methylation,0.0,0,0.0
meth:CACNA1A,methylation,0.0,0,0.0
meth:CACNA1B,methylation,0.0,0,0.0
meth:CACNA1C,methylation,0.0,0,0.0
meth:CACNA1E,methylation,0.0,0,0.0
meth:CACNA1G,methylation,0.0,0,0.0
meth:CACNA1H,methylation,0.0,0,0.0
meth:CACNA1I,methylation,0.0,0,0.0
meth:CACNA1S,methylation,0.0,4,0.08
meth:CAPG,methylation,0.0,0,0.0
meth:CAPN14,methylation,0.0,0,0.0
meth:CAPN2,methylation,0.0,0,0.0
meth:CAPN9,methylation,0.0,0,0.0
meth:CAPNS2,methylation,0.0,1,0.02
expr:EEF1A2,expression,0.0,0,0.0
meth:CA10,methylation,0.0,0,0.0
meth:CA14,methylation,0.0,0,0.0
meth:CA3,methylation,0.0,0,0.0
meth:CA4,methylation,0.0,0,0.0
meth:C9orf171,methylation,0.0,0,0.0
meth:C9orf173,methylation,0.0,0,0.0
meth:C9orf27,methylation,0.0,0,0.0
meth:C9orf4,methylation,0.0,0,0.0
meth:C9orf46,methylation,0.0,0,0.0
meth:C9orf47,methylation,0.0,0,0.0
meth:C9orf68,methylation,0.0,0,0.0
meth:C9orf71,methylation,0.0,0,0.0
meth:C9orf129,methylation,0.0,9,0.18
expr:EFCAB1,expression,0.0,0,0.0
meth:C9orf144,methylation,0.0,0,0.0
meth:C9orf144B,methylation,0.0,0,0.0
meth:C9orf152,methylation,0.0,0,0.0
meth:C9orf167,methylation,0.0,0,0.0
meth:C9orf169,methylation,0.0,2,0.04
meth:C9orf170,methylation,0.0,0,0.0
expr:EFHB,expression,0.0,0,0.0
expr:EFHC2,expression,0.0,0,0.0
expr:EFNA4,expression,0.0,0,0.0
expr:EFNB2,expression,0.0,0,0.0
expr:EFNB3,expression,0.0,2,0.04
expr:EFR3B,expression,0.0,0,0.0
meth:CACNB2,methylation,0.0,2,0.04
meth:CACNB4,methylation,0.0,0,0.0
meth:C9orf135,methylation,0.0,4,0.08
meth:BMP3,methylation,0.0,0,0.0
meth:BMP4,methylation,0.0,0,0.0
meth:BHLHE41,methylation,0.0,0,0.0
meth:BHMT,methylation,0.0,1,0.02
meth:BHMT2,methylation,0.0,2,0.04
meth:BICC1,methylation,0.0,0,0.0
meth:BIN2,methylation,0.0,1,0.02
meth:BIRC7,methylation,0.0,0,0.0
meth:BIRC8,methylation,0.0,0,0.0
meth:BIVM,methylation,0.0,0,0.0
meth:BEND7,methylation,0.0,0,0.0
meth:BET3L,methylation,0.0,0,0.0
meth:BEYLA,methylation,0.0,0,0.0
meth:C1orf38,methylation,0.0,0,0.0
meth:BHLHA9,methylation,0.0,0,0.0
meth:BHLHE22,methylation,0.0,0,0.0
meth:BHLHE23,methylation,0.0,0,0.0
expr:F2,expression,0.0,3,0.06
expr:F2RL1,expression,0.0,0,0.0
expr:F2RL3,expression,0.0,0,0.0
expr:F3,expression,0.0,0,0.0
meth:BRDT,methylation,0.0,0,0.0
meth:BRSK2,methylation,0.0,0,0.0
meth:BRUNOL4,methylation,0.0,0,0.0
meth:BRUNOL5,methylation,0.0,1,0.02
expr:EXPH5,expression,0.0,0,0.0
expr:EXTL1,expression,0.0,0,0.0
meth:BFSP2,methylation,0.0,2,0.04
meth:BBS4,methylation,0.0,0,0.0
meth:BCAN,methylation,0.0,1,0.02
meth:BCAS1,methylation,0.0,0,0.0
meth:BCAS4,methylation,0.0,0,0.0
meth:BCAT1,methylation,0.0,4,0.08
meth:BCAT2,methylation,0.0,0,0.0
meth:BARX1,methylation,0.0,0,0.0
meth:BARX2,methylation,0.0,0,0.0
meth:BASE,methylation,0.0,1,0.02
meth:BASP1,methylation,0.0,0,0.0
meth:BAT2L1,methylation,0.0,0,0.0
meth:BATF,methylation,0.0,0,0.0
meth:BATF2,methylation,0.0,0,0.0
meth:BMP10,methylation,0.0,0,0.0
meth:BMP7,methylation,0.0,0,0.0
meth:BMP8A,methylation,0.0,1,0.02
meth:BMP8B,methylation,0.0,0,0.0
meth:BNC1,methylation,0.0,0,0.0
meth:BNC2,methylation,0.0,0,0.0
meth:BNIPL,methylation,0.0,0,0.0
meth:BOC,methylation,0.0,2,0.04
meth:BOK,methylation,0.0,0,0.0
meth:BLID,methylation,0.0,0,0.0
meth:BLK,methylation,0.0,0,0.0
meth:BLNK,methylation,0.0,0,0.0
meth:BLOC1S1,methylation,0.0,4,0.08
meth:BMP1,methylation,0.0,2,0.04
meth:BATF3,methylation,0.0,0,0.0
meth:C10orf18,methylation,0.0,0,0.0
meth:BTNL2,methylation,0.0,0,0.0
meth:BTNL8,methylation,0.0,0,0.0
meth:BVES,methylation,0.0,0,0.0
meth:BZRAP1,methylation,0.0,0,0.0
meth:C10orf104,methylation,0.0,0,0.0
meth:C10orf105,methylation,0.0,0,0.0
meth:C10orf107,methylation,0.0,2,0.04
meth:C10orf108,methylation,0.0,0,0.0
meth:BTF3L1,methylation,0.0,0,0.0
meth:BTG3,methylation,0.0,1,0.02
meth:BTG4,methylation,0.0,0,0.0
meth:BTLA,methylation,0.0,0,0.0
expr:EYA1,expression,0.0,0,0.0
meth:BTN3A2,methylation,0.0,0,0.0
meth:BTN3A3,methylation,0.0,0,0.0
meth:BST1,methylation,0.0,0,0.0
meth:BSX,methylation,0.0,0,0.0
meth:BTBD16,methylation,0.0,0,0.0
meth:BTBD17,methylation,0.0,0,0.0
meth:BTBD18,methylation,0.0,0,0.0
meth:BTBD19,methylation,0.0,2,0.04
meth:BTBD2,methylation,0.0,0,0.0
meth:C11orf63,methylation,0.0,0,0.0
meth:C11orf70,methylation,0.0,0,0.0
meth:C11orf85,methylation,0.0,0,0.0
meth:C11orf86,methylation,0.0,1,0.02
meth:BTN2A2,methylation,0.0,0,0.0
expr:EYA2,expression,0.0,2,0.04
expr:EYA4,expression,0.0,0,0.0
expr:EZHIP,expression,0.0,0,0.0
expr:F10,expression,0.0,0,0.0
expr:F13A1,expression,0.0,0,0.0
expr:EVPL,expression,0.0,0,0.0
expr:EVPLL,expression,0.0,0,0.0
expr:EVX1,expression,0.0,0,0.0
expr:EVX2,expression,0.0,0,0.0
expr:EXD1,expression,0.0,0,0.0
expr:EXO1,expression,0.0,0,0.0
expr:EXOC2,expression,0.0,0,0.0
expr:EXOC3L4,expression,0.0,0,0.0
meth:C10orf140,methylation,0.0,0,0.0
meth:BPI,methylation,0.0,1,0.02
meth:BPIL1,methylation,0.0,0,0.0
meth:BPIL2,methylation,0.0,1,0.02
meth:BPIL3,methylation,0.0,0,0.0
meth:BRD1,methylation,0.0,0,0.0
meth:BRD7P3,methylation,0.0,0,0.0
expr:EVL,expression,0.0,0,0.0
meth:C10orf11,methylation,0.0,0,0.0
meth:C10orf113,methylation,0.0,0,0.0
meth:C10orf116,methylation,0.0,0,0.0
meth:C10orf120,methylation,0.0,2,0.04
meth:C10orf122,methylation,0.0,11,0.22
meth:C10orf129,methylation,0.0,0,0.0
meth:BPESC1,methylation,0.0,2,0.04
meth:ATG4C,methylation,0.0,0,0.0
meth:ATHL1,methylation,0.0,0,0.0
meth:ATMIN,methylation,0.0,0,0.0
meth:ATOH1,methylation,0.0,0,0.0
meth:ATOH7,methylation,0.0,0,0.0
meth:B4GALNT2,methylation,0.0,0,0.0
meth:B4GALT6,methylation,0.0,0,0.0
meth:BAALC,methylation,0.0,0,0.0
meth:BACE2,methylation,0.0,2,0.04
meth:BACH2,methylation,0.0,0,0.0
meth:BAHCC1,methylation,0.0,0,0.0
meth:BAI1,methylation,0.0,0,0.0
meth:BAI3,methylation,0.0,0,0.0
meth:BBOX1,methylation,0.0,0,0.0
meth:B3GAT2,methylation,0.0,0,0.0
meth:B3GNT3,methylation,0.0,0,0.0
meth:B3GNT4,methylation,0.0,0,0.0
meth:B3GNT5,methylation,0.0,1,0.02
meth:B3GNT6,methylation,0.0,3,0.06
meth:B3GNT7,methylation,0.0,0,0.0
meth:B3GNT9,methylation,0.0,0,0.0
meth:AVPR1A,methylation,0.0,0,0.0
meth:AVPR1B,methylation,0.0,0,0.0
meth:AXL,methylation,0.0,0,0.0
meth:AZI1,methylation,0.0,0,0.0
meth:B3GALT1,methylation,0.0,1,0.02
meth:B3GALT2,methylation,0.0,3,0.06
meth:B3GAT1,methylation,0.0,0,0.0
expr:FAM13C,expression,0.0,1,0.02
expr:FAM149A,expression,0.0,0,0.0
meth:ATP6V0D2,methylation,0.0,3,0.06
meth:ATP6V1B1,methylation,0.0,0,0.0
meth:ATP6V1C2,methylation,0.0,0,0.0
meth:ATP6V1E2,methylation,0.0,0,0.0
meth:ATP6V1G1,methylation,0.0,9,0.18
meth:ATP6V1G3,methylation,0.0,0,0.0
meth:ATP8B1,methylation,0.0,0,0.0
meth:ATP2B2,methylation,0.0,1,0.02
meth:ATP2B4,methylation,0.0,0,0.0
meth:ATP4A,methylation,0.0,0,0.0
meth:ATP4B,methylation,0.0,0,0.0
meth:ATF6B,methylation,0.0,6,0.12
meth:ATP5G2,methylation,0.0,0,0.0
meth:ATP6V0C,methylation,0.0,0,0.0
meth:ATP6V0D1,methylation,0.0,0,0.0
meth:ATOH8,methylation,0.0,0,0.0
meth:ATP10A,methylation,0.0,0,0.0
meth:ATP11B,methylation,0.0,0,0.0
meth:ATP13A4,methylation,0.0,0,0.0
meth:ATP13A5,methylation,0.0,0,0.0
meth:ATP1A2,methylation,0.0,0,0.0
meth:ATP1A3,methylation,0.0,0,0.0
meth:ATP1A4,methylation,0.0,0,0.0
meth:ATAD3C,methylation,0.0,13,0.26
meth:ATCAY,methylation,0.0,0,0.0
meth:ATP5EP2,methylation,0.0,0,0.0
expr:FADS1,expression,0.0,0,0.0
expr:FADS2,expression,0.0,0,0.0
meth:BAIAP3,methylation,0.0,0,0.0
meth:BAK1,methylation,0.0,0,0.0
meth:BANF2,methylation,0.0,0,0.0
expr:F8A1,expression,0.0,0,0.0
expr:F8A3,expression,0.0,0,0.0
expr:FA2H,expression,0.0,0,0.0
expr:FAAH,expression,0.0,0,0.0
expr:FAAH2,expression,0.0,0,0.0
meth:BCL7A,methylation,0.0,0,0.0
meth:BCL9L,methylation,0.0,3,0.06
meth:BCMO1,methylation,0.0,0,0.0
meth:B3GALT4,methylation,0.0,2,0.04
meth:BEAN,methylation,0.0,0,0.0
meth:BEGAIN,methylation,0.0,0,0.0
meth:BEND4,methylation,0.0,0,0.0
meth:BEND6,methylation,0.0,0,0.0
meth:BCL10,methylation,0.0,0,0.0
meth:BCL11A,methylation,0.0,0,0.0
meth:BCL11B,methylation,0.0,0,0.0
meth:BCL2A1,methylation,0.0,0,0.0
meth:BCL2L10,methylation,0.0,0,0.0
meth:BCL2L14,methylation,0.0,3,0.06
meth:BCL2L15,methylation,0.0,0,0.0
meth:BCL6B,methylation,0.0,0,0.0
meth:BBC3,methylation,0.0,0,0.0
meth:BDNF,methylation,0.0,0,0.0
meth:B3GALT5,methylation,0.0,0,0.0
meth:ATP8B2,methylation,0.0,0,0.0
meth:ATPGD1,methylation,0.0,0,0.0
meth:ATRNL1,methylation,0.0,0,0.0
meth:ATXN10,methylation,0.0,0,0.0
meth:ATXN8OS,methylation,0.0,0,0.0
meth:AURKC,methylation,0.0,0,0.0
meth:AVP,methylation,0.0,0,0.0
expr:FAM126A,expression,0.0,0,0.0
expr:FAM131B,expression,0.0,0,0.0
expr:FAM133A,expression,0.0,0,0.0
expr:FAM135A,expression,0.0,0,0.0
expr:FAM135B,expression,0.0,0,0.0
expr:FADD,expression,0.0,0,0.0
meth:BARHL2,methylation,0.0,0,0.0
expr:FADS6,expression,0.0,0,0.0
expr:FAM102B,expression,0.0,0,0.0
expr:FAM107A,expression,0.0,0,0.0
expr:FAM107B,expression,0.0,1,0.02
expr:FAM110B,expression,0.0,0,0.0
expr:FAM111B,expression,0.0,0,0.0
expr:FAM124A,expression,0.0,0,0.0
expr:FAM124B,expression,0.0,0,0.0
expr:FABP1,expression,0.0,0,0.0
expr:FABP3,expression,0.0,0,0.0
expr:FABP4,expression,0.0,3,0.06
expr:FABP5,expression,0.0,0,0.0
expr:FABP6,expression,0.0,0,0.0
meth:BARD1,methylation,0.0,0,0.0
meth:C15orf48,methylation,0.0,0,0.0
meth:C15orf53,methylation,0.0,0,0.0
meth:C15orf54,methylation,0.0,2,0.04
meth:C15orf55,methylation,0.0,0,0.0
meth:C15orf56,methylation,0.0,1,0.02
meth:C15orf60,methylation,0.0,0,0.0
meth:C15orf63,methylation,0.0,4,0.08
meth:C19orf59,methylation,0.0,0,0.0
meth:C19orf63,methylation,0.0,0,0.0
meth:C19orf69,methylation,0.0,0,0.0
meth:C19orf76,methylation,0.0,2,0.04
meth:C19orf77,methylation,0.0,9,0.18
meth:C1QC,methylation,0.0,0,0.0
meth:C11orf87,methylation,0.0,0,0.0
meth:C1QL2,methylation,0.0,0,0.0
meth:C19orf33,methylation,0.0,0,0.0
meth:C19orf35,methylation,0.0,0,0.0
meth:C19orf38,methylation,0.0,1,0.02
meth:C19orf41,methylation,0.0,0,0.0
meth:C19orf45,methylation,0.0,5,0.1
meth:C19orf46,methylation,0.0,1,0.02
meth:C19orf51,methylation,0.0,0,0.0
meth:C19orf57,methylation,0.0,0,0.0
meth:C18orf20,methylation,0.0,0,0.0
meth:C18orf26,methylation,0.0,0,0.0
meth:C18orf34,methylation,0.0,0,0.0
meth:C18orf62,methylation,0.0,0,0.0
meth:C1QL1,methylation,0.0,1,0.02
meth:C15orf2,methylation,0.0,0,0.0
meth:C15orf26,methylation,0.0,0,0.0
meth:C15orf32,methylation,0.0,0,0.0
expr:EPS8L1,expression,0.0,0,0.0
meth:C17orf54,methylation,0.0,0,0.0
meth:C17orf55,methylation,0.0,0,0.0
meth:C17orf57,methylation,0.0,0,0.0
meth:C17orf58,methylation,0.0,0,0.0
meth:C17orf62,methylation,0.0,0,0.0
meth:C17orf64,methylation,0.0,0,0.0
meth:C17orf66,methylation,0.0,0,0.0
meth:C16orf86,methylation,0.0,0,0.0
meth:C16orf89,methylation,0.0,7,0.14
meth:C15orf40,methylation,0.0,0,0.0
meth:C17orf102,methylation,0.0,0,0.0
meth:C17orf104,methylation,0.0,0,0.0
meth:C17orf47,methylation,0.0,0,0.0
meth:C17orf50,methylation,0.0,0,0.0
meth:C17orf51,methylation,0.0,0,0.0
meth:C16orf38,methylation,0.0,0,0.0
meth:C16orf48,methylation,0.0,0,0.0
meth:C16orf54,methylation,0.0,0,0.0
meth:C16orf55,methylation,0.0,0,0.0
meth:C16orf73,methylation,0.0,0,0.0
meth:C16orf78,methylation,0.0,0,0.0
meth:C16orf81,methylation,0.0,0,0.0
meth:C16orf82,methylation,0.0,0,0.0
meth:C16orf92,methylation,0.0,0,0.0
expr:EPDR1,expression,0.0,0,0.0
expr:EPGN,expression,0.0,0,0.0
expr:EPHA10,expression,0.0,0,0.0
expr:EPHA2,expression,0.0,0,0.0
expr:EPHA4,expression,0.0,1,0.02
expr:EPHA6,expression,0.0,0,0.0
meth:C1QTNF5,methylation,0.0,0,0.0
meth:C1QTNF6,methylation,0.0,0,0.0
meth:C1QTNF7,methylation,0.0,0,0.0
meth:C1QTNF8,methylation,0.0,0,0.0
expr:EPB41L3,expression,0.0,0,0.0
expr:EPB41L4A,expression,0.0,0,0.0
expr:EPB41L5,expression,0.0,0,0.0
meth:C19orf18,methylation,0.0,0,0.0
meth:C1orf54,methylation,0.0,0,0.0
meth:C1orf61,methylation,0.0,0,0.0
meth:C1orf64,methylation,0.0,0,0.0
meth:C1orf68,methylation,0.0,0,0.0
meth:C1orf87,methylation,0.0,0,0.0
meth:C1orf92,methylation,0.0,0,0.0
meth:C1orf185,methylation,0.0,0,0.0
meth:C1orf186,methylation,0.0,0,0.0
meth:C1orf187,methylation,0.0,7,0.14
meth:C1orf226,methylation,0.0,1,0.02
meth:C1orf229,methylation,0.0,1,0.02
meth:C1orf230,methylation,0.0,0,0.0
meth:C1orf35,methylation,0.0,0,0.0
meth:C1orf51,methylation,0.0,0,0.0
meth:C19orf21,methylation,0.0,0,0.0
meth:C19orf23,methylation,0.0,0,0.0
meth:C19orf30,methylation,0.0,5,0.1
meth:C17orf73,methylation,0.0,3,0.06
meth:C17orf74,methylation,0.0,0,0.0
meth:C17orf82,methylation,0.0,0,0.0
meth:C17orf87,methylation,0.0,0,0.0
meth:C17orf88,methylation,0.0,0,0.0
meth:C17orf98,methylation,0.0,0,0.0
meth:C18orf18,methylation,0.0,0,0.0
meth:C18orf2,methylation,0.0,0,0.0
expr:EPN2,expression,0.0,0,0.0
expr:EPN3,expression,0.0,0,0.0
expr:EPCAM,expression,0.0,3,0.06
expr:EPPIN,expression,0.0,0,0.0
expr:EPPIN-WFDC6,expression,0.0,0,0.0
expr:EPPK1,expression,0.0,0,0.0
expr:EPS8,expression,0.0,0,0.0
meth:C1S,methylation,0.0,1,0.02
expr:EPHA7,expression,0.0,0,0.0
expr:EPHA8,expression,0.0,0,0.0
expr:EPHB1,expression,0.0,0,0.0
expr:EPHB2,expression,0.0,0,0.0
expr:EPHB6,expression,0.0,0,0.0
expr:EPHX2,expression,0.0,0,0.0
expr:EPHX3,expression,0.0,0,0.0
expr:EPHX4,expression,0.0,0,0.0
expr:EPB42,expression,0.0,0,0.0
expr:EPO,expression,0.0,2,0.04
expr:EVA1A,expression,0.0,0,0.0
expr:EVA1C,expression,0.0,0,0.0
expr:EVC,expression,0.0,0,0.0
expr:EVC2,expression,0.0,0,0.0
meth:C11orf95,methylation,0.0,0,0.0
meth:C12orf12,methylation,0.0,2,0.04
expr:ESRRG,expression,0.0,0,0.0
expr:ESX1,expression,0.0,0,0.0
expr:ESYT3,expression,0.0,0,0.0
expr:ETNPPL,expression,0.0,1,0.02
expr:ETV1,expression,0.0,0,0.0
expr:ETV3L,expression,0.0,0,0.0
expr:ETV5,expression,0.0,0,0.0
meth:C14orf86,methylation,0.0,2,0.04
expr:ESPN,expression,0.0,0,0.0
expr:ESPNL,expression,0.0,0,0.0
expr:ESR1,expression,0.0,3,0.06
expr:ESR2,expression,0.0,2,0.04
expr:ESRP1,expression,0.0,0,0.0
expr:ESRP2,expression,0.0,0,0.0
expr:ESRRB,expression,0.0,0,0.0
expr:ERVFRD-1,expression,0.0,0,0.0
expr:ERVH48-1,expression,0.0,0,0.0
expr:ERVMER34-1,expression,0.0,0,0.0
expr:ERVV-1,expression,0.0,11,0.22
expr:ERVV-2,expression,0.0,0,0.0
expr:ESCO2,expression,0.0,0,0.0
expr:ESPL1,expression,0.0,2,0.04
meth:C11orf88,methylation,0.0,0,0.0
meth:C11orf90,methylation,0.0,1,0.02
meth:C11orf91,methylation,0.0,0,0.0
meth:C10orf99,methylation,0.0,0,0.0
meth:C11orf20,methylation,0.0,0,0.0
meth:C11orf21,methylation,0.0,0,0.0
meth:C11orf34,methylation,0.0,0,0.0
meth:C11orf36,methylation,0.0,3,0.06
meth:C11orf40,methylation,0.0,0,0.0
meth:C11orf52,methylation,0.0,5,0.1
meth:C11orf53,methylation,0.0,0,0.0
meth:C10orf62,methylation,0.0,0,0.0
meth:C10orf71,methylation,0.0,1,0.02
expr:ETV7,expression,0.0,1,0.02
meth:C10orf88,methylation,0.0,0,0.0
meth:C10orf90,methylation,0.0,0,0.0
meth:C10orf93,methylation,0.0,0,0.0
meth:C10orf95,methylation,0.0,1,0.02
meth:C10orf96,methylation,0.0,9,0.18
meth:C10orf25,methylation,0.0,0,0.0
meth:C10orf27,methylation,0.0,0,0.0
meth:C10orf32,methylation,0.0,1,0.02
meth:C10orf41,methylation,0.0,0,0.0
meth:C10orf50,methylation,0.0,0,0.0
meth:C10orf54,methylation,0.0,0,0.0
meth:C10orf55,methylation,0.0,0,0.0
meth:C10orf58,methylation,0.0,0,0.0
meth:C10orf81,methylation,0.0,0,0.0
meth:C12orf54,methylation,0.0,0,0.0
meth:C12orf56,methylation,0.0,0,0.0
expr:ERICH6,expression,0.0,1,0.02
expr:ERICH6B,expression,0.0,0,0.0
expr:ERLIN2,expression,0.0,0,0.0
expr:ERMN,expression,0.0,0,0.0
expr:ERMP1,expression,0.0,0,0.0
expr:ERO1B,expression,0.0,0,0.0
expr:ERRFI1,expression,0.0,0,0.0
expr:ERV3-1,expression,0.0,0,0.0
expr:ERCC5,expression,0.0,0,0.0
expr:ERCC6L,expression,0.0,3,0.06
expr:EREG,expression,0.0,0,0.0
expr:ESM1,expression,0.0,0,0.0
expr:ERG,expression,0.0,1,0.02
expr:ERI2,expression,0.0,0,0.0
expr:ERICH4,expression,0.0,0,0.0
expr:ERICH5,expression,0.0,0,0.0
expr:EPSTI1,expression,0.0,1,0.02
expr:EPX,expression,0.0,0,0.0
expr:EPYC,expression,0.0,0,0.0
expr:ERAS,expression,0.0,0,0.0
expr:ERBB3,expression,0.0,0,0.0
expr:ERC2,expression,0.0,0,0.0
meth:C14orf48,methylation,0.0,1,0.02
meth:C14orf64,methylation,0.0,0,0.0
meth:C14orf70,methylation,0.0,2,0.04
expr:ERFL,expression,0.0,0,0.0
meth:C14orf162,methylation,0.0,0,0.0
meth:C14orf166,methylation,0.0,0,0.0
meth:C14orf166B,methylation,0.0,0,0.0
meth:C14orf180,methylation,0.0,0,0.0
meth:C14orf34,methylation,0.0,0,0.0
meth:C14orf37,methylation,0.0,0,0.0
meth:C14orf38,methylation,0.0,0,0.0
meth:C14orf39,methylation,0.0,0,0.0
meth:C13orf30,methylation,0.0,0,0.0
meth:C13orf33,methylation,0.0,0,0.0
meth:C13orf35,methylation,0.0,0,0.0
meth:C13orf36,methylation,0.0,0,0.0
meth:C13orf38,methylation,0.0,0,0.0
meth:C12orf53,methylation,0.0,0,0.0
meth:C14orf115,methylation,0.0,0,0.0
meth:C14orf159,methylation,0.0,0,0.0
meth:C12orf59,methylation,0.0,0,0.0
meth:C12orf67,methylation,0.0,2,0.04
meth:C12orf68,methylation,0.0,0,0.0
meth:C12orf74,methylation,0.0,0,0.0
meth:C12orf76,methylation,0.0,0,0.0
meth:C13orf15,methylation,0.0,0,0.0
meth:C13orf18,methylation,0.0,0,0.0
meth:C13orf28,methylation,0.0,0,0.0
meth:C12orf34,methylation,0.0,1,0.02
meth:C12orf36,methylation,0.0,0,0.0
meth:C12orf42,methylation,0.0,0,0.0
meth:C12orf50,methylation,0.0,0,0.0
meth:C14orf105,methylation,0.0,0,0.0
expr:DIXDC1,expression,0.0,0,0.0
expr:DKK1,expression,0.0,0,0.0
meth:CTRB2,methylation,0.0,0,0.0
meth:CTSE,methylation,0.0,0,0.0
meth:CTSG,methylation,0.0,0,0.0
expr:DHRS9,expression,0.0,9,0.18
expr:DIAPH3,expression,0.0,1,0.02
expr:DIO1,expression,0.0,0,0.0
expr:DIPK1B,expression,0.0,0,0.0
meth:CYCSP52,methylation,0.0,1,0.02
meth:CYGB,methylation,0.0,0,0.0
meth:CYMP,methylation,0.0,0,0.0
meth:CYP11A1,methylation,0.0,0,0.0
meth:CCDC27,methylation,0.0,0,0.0
meth:CYP11B2,methylation,0.0,0,0.0
meth:CYP19A1,methylation,0.0,0,0.0
meth:CYP1A1,methylation,0.0,0,0.0
meth:CXCL6,methylation,0.0,1,0.02
meth:CXCR2,methylation,0.0,0,0.0
meth:CXCR4,methylation,0.0,1,0.02
meth:CXCR6,methylation,0.0,1,0.02
meth:CXCR7,methylation,0.0,0,0.0
meth:CXXC5,methylation,0.0,0,0.0
meth:CYB5R2,methylation,0.0,0,0.0
meth:CYBRD1,methylation,0.0,0,0.0
meth:CXCL10,methylation,0.0,0,0.0
meth:CXCL11,methylation,0.0,0,0.0
meth:CYP11B1,methylation,0.0,0,0.0
meth:CSGALNACT1,methylation,0.0,0,0.0
meth:CSHL1,methylation,0.0,0,0.0
meth:CSMD1,methylation,0.0,0,0.0
meth:CSMD2,methylation,0.0,0,0.0
meth:CSN1S2B,methylation,0.0,0,0.0
meth:CSNK1A1L,methylation,0.0,0,0.0
expr:DLGAP1,expression,0.0,0,0.0
expr:DLGAP5,expression,0.0,2,0.04
expr:DLK1,expression,0.0,0,0.0
meth:CTSL1,methylation,0.0,0,0.0
meth:CTSL3,methylation,0.0,0,0.0
meth:CTSS,methylation,0.0,0,0.0
meth:CTSZ,methylation,0.0,0,0.0
expr:DISP3,expression,0.0,0,0.0
expr:DKK2,expression,0.0,0,0.0
expr:DKK3,expression,0.0,0,0.0
expr:DKK4,expression,0.0,0,0.0
expr:DKKL1,expression,0.0,0,0.0
expr:DLEC1,expression,0.0,0,0.0
expr:DLEU7,expression,0.0,0,0.0
expr:DLG2,expression,0.0,0,0.0
expr:DLG5,expression,0.0,3,0.06
expr:DIPK1C,expression,0.0,0,0.0
expr:DIPK2A,expression,0.0,0,0.0
expr:DIPK2B,expression,0.0,3,0.06
expr:DIRAS2,expression,0.0,1,0.02
expr:DISC1,expression,0.0,0,0.0
meth:CTXN2,methylation,0.0,0,0.0
expr:DGCR6,expression,0.0,0,0.0
meth:CYP2C19,methylation,0.0,0,0.0
meth:CYP2C9,methylation,0.0,0,0.0
expr:DENND2B,expression,0.0,0,0.0
expr:DENND2C,expression,0.0,2,0.04
expr:DENND4C,expression,0.0,0,0.0
expr:DEPDC1,expression,0.0,2,0.04
expr:DEPDC1B,expression,0.0,2,0.04
expr:DEPDC7,expression,0.0,0,0.0
meth:CYP1A2,methylation,0.0,4,0.08
meth:CYP20A1,methylation,0.0,1,0.02
meth:CYP24A1,methylation,0.0,0,0.0
meth:CYP26B1,methylation,0.0,0,0.0
meth:CXCL12,methylation,0.0,0,0.0
meth:CYP27C1,methylation,0.0,0,0.0
meth:CYP2B6,methylation,0.0,1,0.02
meth:CYP2B7P1,methylation,0.0,0,0.0
meth:D4S234E,methylation,0.0,0,0.0
meth:DAAM2,methylation,0.0,1,0.02
meth:DAB1,methylation,0.0,0,0.0
meth:DAB2,methylation,0.0,1,0.02
meth:DACT1,methylation,0.0,0,0.0
meth:DACT2,methylation,0.0,0,0.0
meth:DAD1L,methylation,0.0,0,0.0
meth:DAO,methylation,0.0,0,0.0
meth:CYP4X1,methylation,0.0,0,0.0
meth:CYP4Z2P,methylation,0.0,0,0.0
meth:CYP27B1,methylation,0.0,0,0.0
meth:CXCL13,methylation,0.0,0,0.0
meth:CXCL14,methylation,0.0,0,0.0
meth:CXCL2,methylation,0.0,0,0.0
meth:CXCL3,methylation,0.0,0,0.0
meth:CXCL5,methylation,0.0,0,0.0
meth:CUBN,methylation,0.0,0,0.0
meth:CUEDC1,methylation,0.0,0,0.0
meth:CUGBP2,methylation,0.0,0,0.0
meth:CUX2,methylation,0.0,0,0.0
meth:CUZD1,methylation,0.0,0,0.0
meth:CWH43,methylation,0.0,0,0.0
meth:CX3CL1,methylation,0.0,10,0.2
meth:CXCL1,methylation,0.0,0,0.0
expr:DGAT2L6,expression,0.0,2,0.04
expr:DGKE,expression,0.0,0,0.0
expr:DGKG,expression,0.0,0,0.0
expr:DGKH,expression,0.0,0,0.0
expr:DGKI,expression,0.0,0,0.0
expr:DGKK,expression,0.0,1,0.02
expr:DHCR7,expression,0.0,0,0.0
expr:DHDH,expression,0.0,0,0.0
expr:DEPP1,expression,0.0,0,0.0
expr:DEPTOR,expression,0.0,0,0.0
expr:DES,expression,0.0,0,0.0
expr:DET1,expression,0.0,0,0.0
expr:DEXI,expression,0.0,0,0.0
expr:DGAT2,expression,0.0,0,0.0
expr:DGKD,expression,0.0,0,0.0
expr:DNAAF3,expression,0.0,0,0.0
expr:DNAAF4,expression,0.0,1,0.02
expr:DNAH10,expression,0.0,0,0.0
meth:CREB3L3,methylation,0.0,0,0.0
meth:CREB5,methylation,0.0,0,0.0
expr:DMRT1,expression,0.0,0,0.0
expr:DMRT2,expression,0.0,0,0.0
expr:DMRT3,expression,0.0,0,0.0
expr:DMRTA1,expression,0.0,0,0.0
expr:DMRTA2,expression,0.0,0,0.0
expr:DMRTC2,expression,0.0,0,0.0
expr:DMTN,expression,0.0,0,0.0
expr:DMXL1,expression,0.0,0,0.0
meth:CSF3R,methylation,0.0,0,0.0
expr:DLX5,expression,0.0,1,0.02
expr:DLX6,expression,0.0,0,0.0
expr:DMBT1,expression,0.0,0,0.0
expr:DMC1,expression,0.0,0,0.0
expr:DMD,expression,0.0,1,0.02
expr:DMGDH,expression,0.0,1,0.02
expr:DMP1,expression,0.0,0,0.0
meth:CRB2,methylation,0.0,1,0.02
meth:CRCT1,methylation,0.0,0,0.0
expr:DLK2,expression,0.0,2,0.04
expr:DLL1,expression,0.0,0,0.0
expr:DLL3,expression,0.0,0,0.0
expr:DLX1,expression,0.0,0,0.0
expr:DLX4,expression,0.0,1,0.02
meth:CRABP1,methylation,0.0,0,0.0
meth:CRB1,methylation,0.0,0,0.0
meth:CPNE7,methylation,0.0,1,0.02
meth:CPNE8,methylation,0.0,0,0.0
meth:CPNE9,methylation,0.0,0,0.0
meth:CPO,methylation,0.0,1,0.02
meth:CPSF4L,methylation,0.0,0,0.0
meth:CPT1C,methylation,0.0,0,0.0
meth:CPT2,methylation,0.0,4,0.08
meth:CPVL,methylation,0.0,0,0.0
meth:CPLX3,methylation,0.0,0,0.0
meth:CPLX4,methylation,0.0,0,0.0
meth:CPM,methylation,0.0,0,0.0
expr:DNA2,expression,0.0,0,0.0
meth:CPN2,methylation,0.0,2,0.04
meth:CPNE2,methylation,0.0,25,0.5
meth:CPNE4,methylation,0.0,1,0.02
meth:CPNE5,methylation,0.0,1,0.02
meth:CPA2,methylation,0.0,0,0.0
meth:CPA3,methylation,0.0,0,0.0
meth:CPAMD8,methylation,0.0,0,0.0
meth:CPB2,methylation,0.0,0,0.0
meth:CPD,methylation,0.0,0,0.0
meth:CPEB1,methylation,0.0,0,0.0
meth:CPLX1,methylation,0.0,0,0.0
meth:CPLX2,methylation,0.0,0,0.0
expr:DMXL2,expression,0.0,0,0.0
meth:CPN1,methylation,0.0,0,0.0
meth:CRHR2,methylation,0.0,4,0.08
meth:CRIP3,methylation,0.0,0,0.0
meth:CRISP2,methylation,0.0,3,0.06
meth:CRISPLD1,methylation,0.0,1,0.02
meth:CTBP1,methylation,0.0,2,0.04
meth:CTCFL,methylation,0.0,0,0.0
meth:CTGF,methylation,0.0,8,0.16
meth:CTHRC1,methylation,0.0,0,0.0
meth:CTLA4,methylation,0.0,2,0.04
meth:CTNNA3,methylation,0.0,0,0.0
meth:CTNNAL1,methylation,0.0,6,0.12
meth:CTNND2,methylation,0.0,0,0.0
meth:CST3,methylation,0.0,0,0.0
expr:DLX2,expression,0.0,0,0.0
meth:CST6,methylation,0.0,0,0.0
meth:CST9,methylation,0.0,0,0.0
meth:CT62,methylation,0.0,0,0.0
meth:CTAGE1,methylation,0.0,0,0.0
meth:CSNK1A1P,methylation,0.0,0,0.0
meth:CSNK2A1P,methylation,0.0,1,0.02
meth:CSPG4,methylation,0.0,0,0.0
meth:CSPP1,methylation,0.0,13,0.26
meth:CSRP1,methylation,0.0,3,0.06
meth:CSRP2,methylation,0.0,0,0.0
meth:CSRP3,methylation,0.0,0,0.0
meth:CST1,methylation,0.0,0,0.0
meth:CSF2RB,methylation,0.0,0,0.0
meth:CST5,methylation,0.0,0,0.0
expr:DLX3,expression,0.0,0,0.0
meth:CRYGC,methylation,0.0,0,0.0
meth:CRYGD,methylation,0.0,0,0.0
meth:CRYGN,methylation,0.0,1,0.02
meth:CRYZ,methylation,0.0,0,0.0
meth:CSDAP1,methylation,0.0,0,0.0
meth:CSDC2,methylation,0.0,0,0.0
meth:CSF1,methylation,0.0,0,0.0
meth:CSF2,methylation,0.0,1,0.02
meth:CRY2,methylation,0.0,0,0.0
meth:CRYAB,methylation,0.0,0,0.0
meth:CRYBA1,methylation,0.0,0,0.0
meth:CRYBA2,methylation,0.0,0,0.0
meth:CRHR1,methylation,0.0,0,0.0
meth:CRYBB1,methylation,0.0,2,0.04
meth:CRYBG3,methylation,0.0,6,0.12
meth:CRYGA,methylation,0.0,0,0.0
meth:CRLF1,methylation,0.0,0,0.0
meth:CRMP1,methylation,0.0,0,0.0
meth:CRNKL1,methylation,0.0,0,0.0
meth:CRNN,methylation,0.0,0,0.0
meth:CROCC,methylation,0.0,1,0.02
meth:CROCCL2,methylation,0.0,0,0.0
meth:CRP,methylation,0.0,0,0.0
meth:CRTAC1,methylation,0.0,0,0.0
meth:CREG1,methylation,0.0,0,0.0
meth:CRH,methylation,0.0,0,0.0
meth:CRHBP,methylation,0.0,0,0.0
meth:CRYBA4,methylation,0.0,1,0.02
expr:DEK,expression,0.0,0,0.0
expr:DENND1B,expression,0.0,0,0.0
expr:DENND2A,expression,0.0,0,0.0
meth:DHH,methylation,0.0,0,0.0
meth:DHRS4,methylation,0.0,0,0.0
meth:DHRS4L2,methylation,0.0,0,0.0
meth:DNAH11,methylation,0.0,0,0.0
meth:DNAH17,methylation,0.0,0,0.0
meth:DNAH2,methylation,0.0,0,0.0
meth:DNAH3,methylation,0.0,1,0.02
meth:DNAH5,methylation,0.0,2,0.04
meth:DNAH6,methylation,0.0,1,0.02
meth:DNAH9,methylation,0.0,0,0.0
meth:CYP7A1,methylation,0.0,0,0.0
meth:DMRT2,methylation,0.0,0,0.0
meth:DMRT3,methylation,0.0,0,0.0
meth:DMRTA1,methylation,0.0,0,0.0
meth:DMRTA2,methylation,0.0,0,0.0
meth:DMRTB1,methylation,0.0,0,0.0
meth:DMRTC2,methylation,0.0,0,0.0
meth:DNAH1,methylation,0.0,0,0.0
meth:DNAH10,methylation,0.0,0,0.0
meth:DLX6,methylation,0.0,0,0.0
meth:DLX6AS,methylation,0.0,0,0.0
meth:DMBT1,methylation,0.0,0,0.0
meth:DMBX1,methylation,0.0,0,0.0
meth:DMC1,methylation,0.0,0,0.0
meth:DNAI1,methylation,0.0,0,0.0
meth:DGKG,methylation,0.0,0,0.0
meth:DGKI,methylation,0.0,0,0.0
meth:DKFZp686O24166,methylation,0.0,0,0.0
meth:DKK1,methylation,0.0,0,0.0
meth:DKK2,methylation,0.0,0,0.0
meth:DKK3,methylation,0.0,0,0.0
meth:DLAT,methylation,0.0,0,0.0
meth:DLC1,methylation,0.0,0,0.0
meth:DLEC1,methylation,0.0,0,0.0
meth:DLEU7,methylation,0.0,0,0.0
meth:DISC1,methylation,0.0,1,0.02
meth:DISP2,methylation,0.0,3,0.06
meth:DKFZP434H168,methylation,0.0,0,0.0
expr:DEGS2,expression,0.0,2,0.04
meth:DKFZp434J0226,methylation,0.0,0,0.0
meth:DKFZp434L192,methylation,0.0,0,0.0
meth:DKFZp566F0947,methylation,0.0,0,0.0
meth:DKFZp686A1627,methylation,0.0,0,0.0
meth:DHRS7C,methylation,0.0,0,0.0
meth:DHX40,methylation,0.0,1,0.02
meth:DIABLO,methylation,0.0,0,0.0
meth:DIO3,methylation,0.0,0,0.0
meth:DIRAS1,methylation,0.0,0,0.0
meth:DIRAS2,methylation,0.0,0,0.0
meth:DIRAS3,methylation,0.0,2,0.04
meth:ZNF625,methylation,0.0,0,0.0
expr:DEGS1,expression,0.0,0,0.0
meth:DKFZP434K028,methylation,0.0,5,0.1
meth:DNM1P35,methylation,0.0,0,0.0
meth:DNM3,methylation,0.0,1,0.02
meth:DNMBP,methylation,0.0,0,0.0
meth:DNTT,methylation,0.0,0,0.0
meth:DNAI2,methylation,0.0,0,0.0
meth:DNAJB12,methylation,0.0,0,0.0
meth:DNAJB3,methylation,0.0,0,0.0
meth:DNAJB5,methylation,0.0,0,0.0
meth:DNAJB8,methylation,0.0,0,0.0
meth:DNAJC15,methylation,0.0,0,0.0
meth:DNAJC5G,methylation,0.0,0,0.0
meth:DNALI1,methylation,0.0,0,0.0
expr:DCHS1,expression,0.0,0,0.0
meth:DMGDH,methylation,0.0,0,0.0
expr:DCLK1,expression,0.0,0,0.0
expr:DCLK2,expression,0.0,0,0.0
expr:DCLK3,expression,0.0,0,0.0
expr:DCN,expression,0.0,0,0.0
expr:DCST1,expression,0.0,0,0.0
expr:DCST2,expression,0.0,1,0.02
expr:DCAF8L2,expression,0.0,0,0.0
expr:DCBLD2,expression,0.0,0,0.0
expr:DCC,expression,0.0,0,0.0
expr:DCD,expression,0.0,0,0.0
expr:DCDC1,expression,0.0,0,0.0
expr:DCDC2,expression,0.0,0,0.0
expr:DCDC2B,expression,0.0,0,0.0
expr:DCHS2,expression,0.0,0,0.0
meth:DMP1,methylation,0.0,0,0.0
meth:DMRT1,methylation,0.0,0,0.0
meth:DLGAP2,methylation,0.0,0,0.0
meth:DLGAP4,methylation,0.0,0,0.0
meth:DLGAP5,methylation,0.0,0,0.0
meth:DLK2,methylation,0.0,0,0.0
meth:DLL1,methylation,0.0,0,0.0
meth:DLX1,methylation,0.0,0,0.0
meth:DLX4,methylation,0.0,0,0.0
meth:DLX5,methylation,0.0,0,0.0
meth:DPCR1,methylation,0.0,0,0.0
meth:DPEP2,methylation,0.0,0,0.0
meth:DPF3,methylation,0.0,1,0.02
meth:DNER,methylation,0.0,0,0.0
meth:DPM2,methylation,0.0,0,0.0
meth:DPP10,methylation,0.0,0,0.0
meth:DPP4,methylation,0.0,2,0.04
meth:DOC2B,methylation,0.0,0,0.0
meth:DOCK10,methylation,0.0,0,0.0
meth:DOCK3,methylation,0.0,0,0.0
meth:DOCK5,methylation,0.0,1,0.02
meth:DOK1,methylation,0.0,8,0.16
meth:DOK5,methylation,0.0,0,0.0
meth:DOK6,methylation,0.0,0,0.0
meth:DOPEY2,methylation,0.0,0,0.0
meth:DNASE1L2,methylation,0.0,0,0.0
meth:DNASE1L3,methylation,0.0,8,0.16
meth:DNASE2B,methylation,0.0,2,0.04
meth:DPH1,methylation,0.0,0,0.0
meth:DDX47,methylation,0.0,3,0.06
meth:DCD,methylation,0.0,0,0.0
meth:DCDC2,methylation,0.0,0,0.0
meth:DCDC2B,methylation,0.0,3,0.06
meth:DCHS1,methylation,0.0,3,0.06
meth:DCHS2,methylation,0.0,0,0.0
meth:DCLK2,methylation,0.0,0,0.0
meth:DCN,methylation,0.0,4,0.08
meth:DCT,methylation,0.0,0,0.0
meth:DBH,methylation,0.0,0,0.0
meth:DBNDD2,methylation,0.0,0,0.0
meth:DBX1,methylation,0.0,0,0.0
meth:DCAF4L1,methylation,0.0,0,0.0
meth:DGKD,methylation,0.0,38,0.76
meth:DCBLD1,methylation,0.0,0,0.0
meth:DCBLD2,methylation,0.0,0,0.0
meth:DCC,methylation,0.0,0,0.0
meth:DAOA,methylation,0.0,0,0.0
meth:DAP,methylation,0.0,0,0.0
meth:DAPK1,methylation,0.0,0,0.0
meth:DAPL1,methylation,0.0,0,0.0
meth:DAPP1,methylation,0.0,0,0.0
meth:DARC,methylation,0.0,0,0.0
meth:DARS,methylation,0.0,0,0.0
meth:DBC1,methylation,0.0,0,0.0
meth:DEFB135,methylation,0.0,0,0.0
meth:DEFB136,methylation,0.0,0,0.0
meth:DCAF4L2,methylation,0.0,0,0.0
meth:CYP8B1,methylation,0.0,0,0.0
meth:CYS1,methylation,0.0,0,0.0
meth:CYSLTR2,methylation,0.0,0,0.0
meth:CYTH4,methylation,0.0,0,0.0
meth:CYYR1,methylation,0.0,0,0.0
meth:CYP3A4,methylation,0.0,0,0.0
meth:CYP3A43,methylation,0.0,0,0.0
meth:CYP3A7,methylation,0.0,0,0.0
meth:CYP4A11,methylation,0.0,0,0.0
meth:CYP4F11,methylation,0.0,0,0.0
meth:CYP4F12,methylation,0.0,1,0.02
meth:CYP4F2,methylation,0.0,0,0.0
meth:CYP4F22,methylation,0.0,1,0.02
meth:DDX25,methylation,0.0,1,0.02
expr:DHPS,expression,0.0,0,0.0
expr:DHRS13,expression,0.0,0,0.0
expr:DHRS2,expression,0.0,0,0.0
meth:CYP2J2,methylation,0.0,0,0.0
meth:CYP2S1,methylation,0.0,7,0.14
meth:CYP2U1,methylation,0.0,0,0.0
meth:CYP39A1,methylation,0.0,0,0.0
meth:DCTN1,methylation,0.0,0,0.0
meth:DCUN1D1,methylation,0.0,0,0.0
meth:DDIT3,methylation,0.0,0,0.0
meth:DDIT4L,methylation,0.0,0,0.0
meth:DDO,methylation,0.0,0,0.0
meth:DDR1,methylation,0.0,8,0.16
expr:DHFR,expression,0.0,0,0.0
expr:DDX53,expression,0.0,0,0.0
expr:DDX58,expression,0.0,3,0.06
expr:DDX60L,expression,0.0,2,0.04
expr:DEFB1,expression,0.0,0,0.0
expr:DEFB126,expression,0.0,0,0.0
expr:DEFB131B,expression,0.0,1,0.02
expr:DDIT4,expression,0.0,0,0.0
expr:DDIT4L,expression,0.0,0,0.0
expr:DDN,expression,0.0,0,0.0
expr:DDR2,expression,0.0,0,0.0
expr:DDX25,expression,0.0,0,0.0
expr:DDX3Y,expression,0.0,2,0.04
expr:DDX4,expression,0.0,0,0.0
meth:DENND1A,methylation,0.0,0,0.0
meth:DGKZ,methylation,0.0,0,0.0
expr:DCSTAMP,expression,0.0,1,0.02
expr:DCT,expression,0.0,0,0.0
expr:DCX,expression,0.0,0,0.0
expr:DCXR,expression,0.0,0,0.0
expr:DDC,expression,0.0,1,0.02
expr:DDHD2,expression,0.0,0,0.0
expr:DDIAS,expression,0.0,0,0.0
meth:DES,methylation,0.0,0,0.0
meth:DEXI,methylation,0.0,0,0.0
meth:DFNA5,methylation,0.0,0,0.0
meth:DGCR9,methylation,0.0,0,0.0
meth:DGKB,methylation,0.0,0,0.0
expr:DDX47,expression,0.0,2,0.04
meth:DENND1B,methylation,0.0,0,0.0
meth:DENND1C,methylation,0.0,0,0.0
meth:DENND2A,methylation,0.0,0,0.0
meth:DENND2D,methylation,0.0,0,0.0
meth:DEPDC7,methylation,0.0,0,0.0
meth:DEFB124,methylation,0.0,14,0.28
meth:DEFB125,methylation,0.0,0,0.0
meth:DEFB127,methylation,0.0,0,0.0
meth:DEFB128,methylation,0.0,0,0.0
meth:DEFB129,methylation,0.0,1,0.02
meth:DEFB132,methylation,0.0,0,0.0
meth:DEFB133,methylation,0.0,1,0.02
meth:DEFB134,methylation,0.0,0,0.0
meth:DEFA5,methylation,0.0,0,0.0
meth:DEFB115,methylation,0.0,0,0.0
meth:DEFB116,methylation,0.0,0,0.0
meth:DEFB118,methylation,0.0,0,0.0
meth:DEFB119,methylation,0.0,0,0.0
meth:DEFB121,methylation,0.0,0,0.0
meth:DEFB122,methylation,0.0,0,0.0
meth:DEFB123,methylation,0.0,0,0.0
meth:DDX56,methylation,0.0,9,0.18
meth:DDX60,methylation,0.0,0,0.0
meth:DEC1,methylation,0.0,0,0.0
meth:DECR2,methylation,0.0,0,0.0
meth:DEF6,methylation,0.0,0,0.0
meth:DEFA10P,methylation,0.0,0,0.0
meth:DEFA4,methylation,0.0,0,0.0
meth:DEFB1,methylation,0.0,3,0.06
expr:DRP2,expression,0.0,0,0.0
expr:DSC1,expression,0.0,0,0.0
expr:DSC2,expression,0.0,0,0.0
expr:DSC3,expression,0.0,0,0.0
expr:DSCAM,expression,0.0,0,0.0
expr:DSCAML1,expression,0.0,1,0.02
expr:DSE,expression,0.0,0,0.0
expr:DPYSL3,expression,0.0,0,0.0
expr:DPYSL5,expression,0.0,3,0.06
expr:DQX1,expression,0.0,0,0.0
expr:DRAXIN,expression,0.0,0,0.0
expr:DRC1,expression,0.0,0,0.0
expr:DRC7,expression,0.0,0,0.0
meth:CR2,methylation,0.0,1,0.02
expr:DRGX,expression,0.0,0,0.0
meth:CDH2,methylation,0.0,0,0.0
meth:CDH20,methylation,0.0,0,0.0
meth:CDH22,methylation,0.0,0,0.0
meth:CDH23,methylation,0.0,0,0.0
meth:CDH26,methylation,0.0,0,0.0
meth:CDH29,methylation,0.0,0,0.0
expr:DPYSL2,expression,0.0,0,0.0
meth:CELP,methylation,0.0,0,0.0
meth:CELSR1,methylation,0.0,0,0.0
meth:CELSR2,methylation,0.0,1,0.02
meth:CENPBD1,methylation,0.0,5,0.1
meth:CENPV,methylation,0.0,0,0.0
expr:DRD1,expression,0.0,0,0.0
meth:CDC42BPB,methylation,0.0,0,0.0
meth:CDC42EP5,methylation,0.0,0,0.0
meth:CDCA7,methylation,0.0,1,0.02
meth:CD79B,methylation,0.0,0,0.0
meth:CD80,methylation,0.0,0,0.0
meth:CD81,methylation,0.0,2,0.04
meth:CD84,methylation,0.0,0,0.0
meth:CD86,methylation,0.0,0,0.0
meth:CD8A,methylation,0.0,1,0.02
meth:CD9,methylation,0.0,0,0.0
meth:CD93,methylation,0.0,0,0.0
meth:CD53,methylation,0.0,0,0.0
meth:CD5L,methylation,0.0,0,0.0
expr:DRICH1,expression,0.0,0,0.0
meth:CD69,methylation,0.0,0,0.0
meth:CD7,methylation,0.0,1,0.02
meth:CD70,methylation,0.0,5,0.1
meth:CD72,methylation,0.0,8,0.16
meth:CD79A,methylation,0.0,1,0.02
expr:DSEL,expression,0.0,0,0.0
expr:DSG1,expression,0.0,0,0.0
expr:DSG3,expression,0.0,0,0.0
expr:DSG4,expression,0.0,0,0.0
expr:DSP,expression,0.0,0,0.0
expr:DSPP,expression,0.0,6,0.12
meth:CDH3,methylation,0.0,0,0.0
meth:CDH4,methylation,0.0,0,0.0
meth:CD6,methylation,0.0,0,0.0
expr:DPP6,expression,0.0,0,0.0
expr:DPPA2,expression,0.0,0,0.0
expr:DPPA4,expression,0.0,11,0.22
expr:DPT,expression,0.0,0,0.0
expr:DPY19L1,expression,0.0,1,0.02
expr:DPY19L2,expression,0.0,0,0.0
expr:DOK1,expression,0.0,0,0.0
expr:DOK2,expression,0.0,0,0.0
expr:DOK5,expression,0.0,0,0.0
expr:DOP1A,expression,0.0,0,0.0
expr:DOP1B,expression,0.0,0,0.0
expr:DPEP1,expression,0.0,0,0.0
expr:DPEP2,expression,0.0,0,0.0
meth:CEP110,methylation,0.0,1,0.02
expr:DNPH1,expression,0.0,0,0.0
expr:DOC2A,expression,0.0,0,0.0
expr:DOCK11,expression,0.0,0,0.0
expr:DOCK2,expression,0.0,1,0.02
expr:DOCK3,expression,0.0,0,0.0
expr:DOCK4,expression,0.0,0,0.0
expr:DOCK5,expression,0.0,0,0.0
expr:DOCK9,expression,0.0,0,0.0
meth:CES4,methylation,0.0,0,0.0
meth:CES7,methylation,0.0,0,0.0
meth:CES8,methylation,0.0,0,0.0
meth:CFB,methylation,0.0,3,0.06
meth:CFD,methylation,0.0,3,0.06
expr:DPEP3,expression,0.0,0,0.0
meth:CER1,methylation,0.0,3,0.06
meth:CERK,methylation,0.0,0,0.0
meth:CEACAM3,methylation,0.0,0,0.0
meth:CEACAM6,methylation,0.0,0,0.0
meth:CEACAM8,methylation,0.0,0,0.0
meth:CEBPE,methylation,0.0,0,0.0
meth:CECR1,methylation,0.0,0,0.0
meth:CECR6,methylation,0.0,0,0.0
meth:CELA1,methylation,0.0,0,0.0
meth:CELA3B,methylation,0.0,0,0.0
meth:CDX1,methylation,0.0,0,0.0
meth:CDX2,methylation,0.0,0,0.0
meth:CDYL2,methylation,0.0,0,0.0
expr:DPP4,expression,0.0,1,0.02
meth:CEACAM16,methylation,0.0,0,0.0
meth:CEACAM18,methylation,0.0,0,0.0
meth:CEACAM19,methylation,0.0,4,0.08
meth:CEACAM21,methylation,0.0,0,0.0
meth:CDH6,methylation,0.0,0,0.0
meth:CDH7,methylation,0.0,1,0.02
meth:CDH8,methylation,0.0,0,0.0
meth:CDH9,methylation,0.0,0,0.0
meth:CDK5R2,methylation,0.0,0,0.0
meth:CDK6,methylation,0.0,0,0.0
meth:CDKL2,methylation,0.0,0,0.0
meth:CDO1,methylation,0.0,0,0.0
expr:DPF3,expression,0.0,0,0.0
meth:CEACAM1,methylation,0.0,0,0.0
expr:DZIP1,expression,0.0,1,0.02
meth:CCDC60,methylation,0.0,0,0.0
meth:CCDC62,methylation,0.0,1,0.02
meth:CCDC63,methylation,0.0,0,0.0
meth:CCDC65,methylation,0.0,0,0.0
meth:CCDC67,methylation,0.0,1,0.02
meth:CCDC68,methylation,0.0,0,0.0
meth:CCDC73,methylation,0.0,0,0.0
meth:CD19,methylation,0.0,0,0.0
meth:CD1A,methylation,0.0,0,0.0
meth:CD1B,methylation,0.0,0,0.0
meth:CD1C,methylation,0.0,0,0.0
meth:CD1E,methylation,0.0,0,0.0
meth:CDC25B,methylation,0.0,0,0.0
meth:CD200,methylation,0.0,0,0.0
meth:CD200R1,methylation,0.0,0,0.0
meth:CCRL1,methylation,0.0,0,0.0
meth:CCRL2,methylation,0.0,0,0.0
meth:CD101,methylation,0.0,0,0.0
meth:CD14,methylation,0.0,0,0.0
meth:CD163,methylation,0.0,0,0.0
meth:CD163L1,methylation,0.0,0,0.0
meth:CD177,methylation,0.0,1,0.02
meth:CD180,methylation,0.0,2,0.04
meth:CCR10,methylation,0.0,0,0.0
meth:CCR2,methylation,0.0,0,0.0
meth:CCR3,methylation,0.0,6,0.12
meth:CD2,methylation,0.0,0,0.0
meth:CCDC3,methylation,0.0,0,0.0
meth:CCDC33,methylation,0.0,5,0.1
meth:CCDC36,methylation,0.0,0,0.0
meth:CCDC37,methylation,0.0,1,0.02
meth:CCL20,methylation,0.0,0,0.0
meth:CCL21,methylation,0.0,0,0.0
meth:CCL22,methylation,0.0,0,0.0
meth:CCL23,methylation,0.0,0,0.0
meth:CCL24,methylation,0.0,0,0.0
meth:CCL25,methylation,0.0,2,0.04
meth:CCL26,methylation,0.0,0,0.0
meth:CCL27,methylation,0.0,0,0.0
meth:CCL11,methylation,0.0,0,0.0
meth:CCKBR,methylation,0.0,0,0.0
meth:CCL14-CCL15,methylation,0.0,0,0.0
meth:CCL15,methylation,0.0,0,0.0
meth:CCL16,methylation,0.0,0,0.0
meth:CCL18,methylation,0.0,0,0.0
meth:CCL19,methylation,0.0,0,0.0
meth:CCL2,methylation,0.0,0,0.0
meth:CCDC8,methylation,0.0,0,0.0
meth:CCDC80,methylation,0.0,0,0.0
meth:CCDC81,methylation,0.0,0,0.0
meth:CCDC85A,methylation,0.0,0,0.0
meth:CCDC88A,methylation,0.0,0,0.0
meth:CCDC88B,methylation,0.0,0,0.0
meth:CCK,methylation,0.0,0,0.0
meth:CCL14,methylation,0.0,0,0.0
meth:CD274,methylation,0.0,0,0.0
meth:CD28,methylation,0.0,0,0.0
meth:CD300A,methylation,0.0,0,0.0
meth:CD300C,methylation,0.0,0,0.0
meth:CD300E,methylation,0.0,0,0.0
meth:CD300LB,methylation,0.0,2,0.04
meth:CD300LD,methylation,0.0,0,0.0
meth:CD200R1L,methylation,0.0,0,0.0
meth:CD207,methylation,0.0,0,0.0
meth:CD209,methylation,0.0,0,0.0
meth:CD22,methylation,0.0,0,0.0
meth:CD226,methylation,0.0,0,0.0
meth:CD244,methylation,0.0,1,0.02
meth:CCR4,methylation,0.0,0,0.0
meth:CD248,methylation,0.0,0,0.0
meth:CDCP1,methylation,0.0,0,0.0
meth:CDH10,methylation,0.0,0,0.0
meth:CDH11,methylation,0.0,0,0.0
meth:CDH12,methylation,0.0,0,0.0
meth:CDH13,methylation,0.0,0,0.0
meth:CDH16,methylation,0.0,0,0.0
meth:CDH17,methylation,0.0,0,0.0
meth:CDH18,methylation,0.0,0,0.0
meth:CD96,methylation,0.0,0,0.0
meth:CD97,methylation,0.0,0,0.0
meth:CDA,methylation,0.0,3,0.06
meth:CDC14B,methylation,0.0,0,0.0
meth:CD247,methylation,0.0,0,0.0
meth:CCR5,methylation,0.0,0,0.0
meth:CCR6,methylation,0.0,0,0.0
meth:CCR7,methylation,0.0,0,0.0
meth:CCR8,methylation,0.0,0,0.0
meth:CCL3,methylation,0.0,1,0.02
meth:CCL5,methylation,0.0,0,0.0
meth:CCL8,methylation,0.0,0,0.0
meth:CCNA1,methylation,0.0,0,0.0
meth:CCND2,methylation,0.0,0,0.0
meth:CCNI2,methylation,0.0,0,0.0
meth:CCNJL,methylation,0.0,0,0.0
meth:CCNO,methylation,0.0,0,0.0
meth:CD3E,methylation,0.0,0,0.0
meth:CD27,methylation,0.0,0,0.0
meth:CD4,methylation,0.0,0,0.0
meth:CD40,methylation,0.0,0,0.0
meth:CD44,methylation,0.0,0,0.0
meth:CD47,methylation,0.0,0,0.0
meth:CD48,methylation,0.0,1,0.02
meth:CD5,methylation,0.0,0,0.0
meth:CD300LF,methylation,0.0,2,0.04
meth:CD302,methylation,0.0,0,0.0
meth:CD320,methylation,0.0,1,0.02
meth:CD33,methylation,0.0,0,0.0
meth:CD34,methylation,0.0,0,0.0
meth:CD37,methylation,0.0,0,0.0
meth:CD38,methylation,0.0,0,0.0
meth:CD3D,methylation,0.0,0,0.0
meth:CD3G,methylation,0.0,0,0.0
expr:DNHD1,expression,0.0,0,0.0
expr:DNAH9,expression,0.0,1,0.02
expr:DNAI1,expression,0.0,0,0.0
expr:DNAI2,expression,0.0,0,0.0
expr:DNAI4,expression,0.0,0,0.0
expr:DNAJA4,expression,0.0,0,0.0
expr:DNAJB13,expression,0.0,0,0.0
expr:DNAJB7,expression,0.0,0,0.0
expr:DNAJC1,expression,0.0,0,0.0
meth:CNGA1,methylation,0.0,0,0.0
meth:CNGA3,methylation,0.0,0,0.0
meth:CNGA4,methylation,0.0,0,0.0
expr:DNAH2,expression,0.0,0,0.0
meth:CFH,methylation,0.0,0,0.0
expr:DNAH6,expression,0.0,0,0.0
expr:DNAH7,expression,0.0,0,0.0
expr:DNAH8,expression,0.0,5,0.1
meth:COL1A2,methylation,0.0,0,0.0
meth:COL21A1,methylation,0.0,0,0.0
meth:COL22A1,methylation,0.0,0,0.0
meth:COL23A1,methylation,0.0,0,0.0
meth:COL24A1,methylation,0.0,0,0.0
meth:COL25A1,methylation,0.0,0,0.0
meth:COL28A1,methylation,0.0,0,0.0
meth:COL29A1,methylation,0.0,0,0.0
meth:COASY,methylation,0.0,0,0.0
meth:COCH,methylation,0.0,0,0.0
expr:DNAH3,expression,0.0,0,0.0
meth:CLEC9A,methylation,0.0,0,0.0
meth:CLECL1,methylation,0.0,0,0.0
meth:CLIC3,methylation,0.0,0,0.0
meth:CLIC5,methylation,0.0,0,0.0
meth:CLIP3,methylation,0.0,0,0.0
meth:CLIP4,methylation,0.0,1,0.02
meth:CLEC4A,methylation,0.0,0,0.0
meth:CLEC4C,methylation,0.0,0,0.0
meth:CLEC4D,methylation,0.0,0,0.0
meth:CLEC4E,methylation,0.0,0,0.0
meth:CLEC4F,methylation,0.0,0,0.0
meth:CLEC4G,methylation,0.0,0,0.0
meth:CLEC4GP1,methylation,0.0,1,0.02
expr:DNASE2B,expression,0.0,0,0.0
expr:DNLZ,expression,0.0,0,0.0
expr:DNM1,expression,0.0,1,0.02
expr:DNM3,expression,0.0,0,0.0
expr:DNMBP,expression,0.0,0,0.0
meth:CNGB1,methylation,0.0,0,0.0
meth:CNIH2,methylation,0.0,0,0.0
meth:CNIH3,methylation,0.0,0,0.0
meth:CNN1,methylation,0.0,0,0.0
expr:DNAJC12,expression,0.0,0,0.0
expr:DNAJC14,expression,0.0,0,0.0
expr:DNAJC22,expression,0.0,0,0.0
expr:DNAJC5B,expression,0.0,0,0.0
expr:DNASE1L2,expression,0.0,0,0.0
meth:CLEC4M,methylation,0.0,0,0.0
meth:COLEC12,methylation,0.0,2,0.04
meth:COMMD7,methylation,0.0,3,0.06
meth:COMP,methylation,0.0,0,0.0
meth:CORIN,methylation,0.0,0,0.0
meth:CORO2A,methylation,0.0,3,0.06
meth:CORO2B,methylation,0.0,0,0.0
meth:CORO6,methylation,0.0,3,0.06
meth:COL5A3,methylation,0.0,1,0.02
meth:COL6A1,methylation,0.0,1,0.02
meth:COL6A2,methylation,0.0,0,0.0
meth:COL8A1,methylation,0.0,0,0.0
meth:COL9A1,methylation,0.0,0,0.0
meth:COL9A2,methylation,0.0,0,0.0
meth:COG2,methylation,0.0,1,0.02
meth:COL2A1,methylation,0.0,0,0.0
meth:COL3A1,methylation,0.0,0,0.0
meth:COL4A1,methylation,0.0,0,0.0
meth:COL4A2,methylation,0.0,0,0.0
meth:COL4A3,methylation,0.0,0,0.0
meth:COL4A4,methylation,0.0,0,0.0
meth:COL5A1,methylation,0.0,0,0.0
meth:COL5A2,methylation,0.0,0,0.0
meth:CPXM1,methylation,0.0,0,0.0
meth:CPXM2,methylation,0.0,0,0.0
meth:CPZ,methylation,0.0,3,0.06
meth:CR1,methylation,0.0,0,0.0
meth:CR1L,methylation,0.0,0,0.0
meth:COL9A3,methylation,0.0,0,0.0
meth:COL11A2,methylation,0.0,0,0.0
meth:COL14A1,methylation,0.0,0,0.0
meth:COL15A1,methylation,0.0,0,0.0
meth:COL18A1,methylation,0.0,6,0.12
meth:COL19A1,methylation,0.0,0,0.0
meth:CNTLN,methylation,0.0,0,0.0
meth:CNTN1,methylation,0.0,0,0.0
meth:CNTN2,methylation,0.0,0,0.0
meth:CNTN4,methylation,0.0,0,0.0
meth:CNTN5,methylation,0.0,0,0.0
meth:CNTN6,methylation,0.0,0,0.0
meth:CNTNAP1,methylation,0.0,0,0.0
meth:CNTNAP5,methylation,0.0,0,0.0
meth:CPA1,methylation,0.0,0,0.0
meth:CNN3,methylation,0.0,0,0.0
meth:CNNM1,methylation,0.0,0,0.0
meth:CNNM4,methylation,0.0,0,0.0
meth:CNPY1,methylation,0.0,0,0.0
meth:CNR1,methylation,0.0,0,0.0
meth:CNRIP1,methylation,0.0,0,0.0
meth:CNTFR,methylation,0.0,0,0.0
meth:COTL1,methylation,0.0,0,0.0
meth:COX19,methylation,0.0,0,0.0
meth:COX4I2,methylation,0.0,0,0.0
meth:COX6A2,methylation,0.0,0,0.0
meth:COX6B2,methylation,0.0,1,0.02
meth:COX7A1,methylation,0.0,0,0.0
meth:COX7B2,methylation,0.0,0,0.0
meth:CNN2,methylation,0.0,0,0.0
meth:CGB7,methylation,0.0,0,0.0
meth:CGREF1,methylation,0.0,0,0.0
meth:CH25H,methylation,0.0,0,0.0
meth:CHAT,methylation,0.0,2,0.04
meth:CHCHD10,methylation,0.0,0,0.0
meth:CIDEC,methylation,0.0,3,0.06
meth:CIITA,methylation,0.0,0,0.0
meth:CILP2,methylation,0.0,0,0.0
meth:CITED4,methylation,0.0,0,0.0
meth:CKAP4,methylation,0.0,0,0.0
meth:CKB,methylation,0.0,0,0.0
meth:CKM,methylation,0.0,0,0.0
meth:CHST8,methylation,0.0,2,0.04
meth:CLEC7A,methylation,0.0,0,0.0
meth:CHSY3,methylation,0.0,0,0.0
meth:CIB2,methylation,0.0,0,0.0
meth:CIB3,methylation,0.0,0,0.0
meth:CIB4,methylation,0.0,0,0.0
meth:CIDEA,methylation,0.0,0,0.0
meth:CIDEB,methylation,0.0,0,0.0
meth:CHRNG,methylation,0.0,0,0.0
meth:CHST1,methylation,0.0,0,0.0
meth:CHST11,methylation,0.0,0,0.0
meth:CHST13,methylation,0.0,2,0.04
meth:CHST15,methylation,0.0,0,0.0
meth:CHST2,methylation,0.0,0,0.0
meth:CHST5,methylation,0.0,0,0.0
meth:CHST9,methylation,0.0,0,0.0
meth:CFI,methylation,0.0,0,0.0
expr:DNMT3B,expression,0.0,0,0.0
meth:CHRM2,methylation,0.0,0,0.0
meth:CHRM3,methylation,0.0,0,0.0
meth:CHRM4,methylation,0.0,0,0.0
meth:CHRM5,methylation,0.0,0,0.0
meth:CHRNA1,methylation,0.0,0,0.0
meth:CHRNA2,methylation,0.0,0,0.0
meth:CHRNA3,methylation,0.0,0,0.0
meth:CHRNA5,methylation,0.0,0,0.0
meth:CHML,methylation,0.0,0,0.0
meth:CHMP4A,methylation,0.0,0,0.0
meth:CHN1,methylation,0.0,0,0.0
meth:CGB2,methylation,0.0,11,0.22
meth:CHP2,methylation,0.0,0,0.0
meth:CHRDL2,methylation,0.0,0,0.0
meth:CHRM1,methylation,0.0,3,0.06
meth:CHCHD5,methylation,0.0,0,0.0
meth:CHD2,methylation,0.0,2,0.04
meth:CHD5,methylation,0.0,0,0.0
meth:CHGA,methylation,0.0,0,0.0
meth:CHGB,methylation,0.0,0,0.0
meth:CHI3L2,methylation,0.0,0,0.0
meth:CHIA,methylation,0.0,5,0.1
meth:CHIT1,methylation,0.0,0,0.0
meth:CFTR,methylation,0.0,0,0.0
meth:CGA,methylation,0.0,0,0.0
meth:CHODL,methylation,0.0,1,0.02
meth:CLDN19,methylation,0.0,4,0.08
meth:CLDN22,methylation,0.0,0,0.0
meth:CKMT2,methylation,0.0,3,0.06
meth:CKS2,methylation,0.0,0,0.0
meth:CLC,methylation,0.0,0,0.0
meth:CLCA1,methylation,0.0,0,0.0
meth:CLCN7,methylation,0.0,0,0.0
meth:CLCNKA,methylation,0.0,0,0.0
meth:CLCNKB,methylation,0.0,1,0.02
meth:CLDN1,methylation,0.0,0,0.0
meth:CMBL,methylation,0.0,0,0.0
meth:CMKLR1,methylation,0.0,3,0.06
meth:CMTM2,methylation,0.0,0,0.0
meth:CHRNA6,methylation,0.0,0,0.0
meth:CMTM7,methylation,0.0,0,0.0
meth:CMTM8,methylation,0.0,2,0.04
meth:CNDP2,methylation,0.0,0,0.0
meth:CNFN,methylation,0.0,0,0.0
meth:CLMN,methylation,0.0,0,0.0
meth:CLNK,methylation,0.0,0,0.0
meth:CLRN2,methylation,0.0,1,0.02
meth:CLSTN2,methylation,0.0,0,0.0
meth:CLTCL1,methylation,0.0,0,0.0
meth:CLVS1,methylation,0.0,0,0.0
meth:CLVS2,methylation,0.0,0,0.0
meth:CMAH,methylation,0.0,0,0.0
meth:CLEC5A,methylation,0.0,0,0.0
meth:CMTM3,methylation,0.0,2,0.04
meth:CHRNA7,methylation,0.0,0,0.0
meth:CHRNA9,methylation,0.0,0,0.0
meth:CHRNB1,methylation,0.0,0,0.0
meth:CHRNB3,methylation,0.0,0,0.0
meth:CHRNB4,methylation,0.0,0,0.0
meth:CHRND,methylation,0.0,0,0.0
meth:CHRNE,methylation,0.0,0,0.0
meth:CLEC14A,methylation,0.0,0,0.0
meth:CLEC17A,methylation,0.0,0,0.0
meth:CLEC1A,methylation,0.0,0,0.0
meth:CLEC1B,methylation,0.0,0,0.0
meth:CLEC2B,methylation,0.0,0,0.0
meth:CLEC2D,methylation,0.0,0,0.0
meth:CLDN18,methylation,0.0,0,0.0
meth:CLEC3B,methylation,0.0,0,0.0
meth:CLDN25,methylation,0.0,0,0.0
meth:CLDN4,methylation,0.0,3,0.06
meth:CLDN6,methylation,0.0,0,0.0
meth:CLDND2,methylation,0.0,1,0.02
meth:CLEC10A,methylation,0.0,0,0.0
meth:CLEC11A,methylation,0.0,0,0.0
meth:CLEC12A,methylation,0.0,0,0.0
meth:CLEC12B,methylation,0.0,0,0.0
meth:CLDN11,methylation,0.0,0,0.0
meth:CLDN14,methylation,0.0,0,0.0
meth:CLDN15,methylation,0.0,0,0.0
meth:CLDN16,methylation,0.0,0,0.0
meth:CLDN17,methylation,0.0,0,0.0
meth:CLEC2L,methylation,0.0,0,0.0
expr:GABRP,expression,0.0,0,0.0
expr:GABRR1,expression,0.0,0,0.0
expr:TRH,expression,0.0,0,0.0
expr:TRHDE,expression,0.0,0,0.0
expr:TRHR,expression,0.0,1,0.02
expr:TRIB2,expression,0.0,0,0.0
expr:TRIB3,expression,0.0,0,0.0
expr:TRIL,expression,0.0,0,0.0
expr:TRIM10,expression,0.0,0,0.0
expr:TRIM15,expression,0.0,0,0.0
expr:TRAPPC6B,expression,0.0,0,0.0
expr:TRDMT1,expression,0.0,0,0.0
expr:TRDN,expression,0.0,0,0.0
expr:FAM13A,expression,0.0,0,0.0
expr:TREM2,expression,0.0,0,0.0
expr:TREML1,expression,0.0,0,0.0
expr:TREML4,expression,0.0,0,0.0
expr:TREX2,expression,0.0,0,0.0
expr:TPTE2,expression,0.0,1,0.02
expr:TPX2,expression,0.0,1,0.02
expr:TRABD2A,expression,0.0,0,0.0
expr:TRABD2B,expression,0.0,4,0.08
expr:TRAF3IP3,expression,0.0,3,0.06
expr:TRAM1L1,expression,0.0,0,0.0
expr:TRAPPC10,expression,0.0,0,0.0
expr:TRAPPC3L,expression,0.0,0,0.0
expr:TPM2,expression,0.0,0,0.0
expr:TREH,expression,0.0,0,0.0
expr:GALNT17,expression,0.0,0,0.0
expr:GALNT3,expression,0.0,0,0.0
expr:GALNT4,expression,0.0,0,0.0
expr:TPD52,expression,0.0,0,0.0
expr:TPGS1,expression,0.0,0,0.0
expr:TPH1,expression,0.0,0,0.0
expr:TPH2,expression,0.0,0,0.0
expr:TPM1,expression,0.0,0,0.0
expr:GAL3ST1,expression,0.0,0,0.0
expr:GAL3ST2,expression,0.0,0,0.0
expr:GAL3ST3,expression,0.0,0,0.0
expr:GALM,expression,0.0,0,0.0
expr:GALNT10,expression,0.0,0,0.0
expr:GABRG1,expression,0.0,0,0.0
expr:GALNT13,expression,0.0,0,0.0
expr:GALNT16,expression,0.0,0,0.0
expr:GABRR2,expression,0.0,0,0.0
expr:GAD1,expression,0.0,2,0.04
expr:GADD45A,expression,0.0,0,0.0
expr:GADD45B,expression,0.0,8,0.16
expr:GADD45G,expression,0.0,0,0.0
expr:GADL1,expression,0.0,0,0.0
expr:GAGE1,expression,0.0,0,0.0
expr:GAGE2A,expression,0.0,0,0.0
expr:GABRB3,expression,0.0,0,0.0
expr:GABRD,expression,0.0,0,0.0
expr:GABRE,expression,0.0,0,0.0
expr:GALNT12,expression,0.0,0,0.0
expr:TRIM61,expression,0.0,0,0.0
expr:TRIM17,expression,0.0,0,0.0
expr:TRIM2,expression,0.0,0,0.0
expr:TRIM29,expression,0.0,0,0.0
expr:TRIM3,expression,0.0,0,0.0
expr:TRIM31,expression,0.0,0,0.0
expr:TRIM34,expression,0.0,0,0.0
expr:TRIM37,expression,0.0,0,0.0
expr:TRIM45,expression,0.0,7,0.14
expr:GABRA5,expression,0.0,0,0.0
expr:GABRB1,expression,0.0,0,0.0
expr:GABRB2,expression,0.0,0,0.0
expr:TRPM1,expression,0.0,0,0.0
expr:TPO,expression,0.0,0,0.0
expr:TRPM8,expression,0.0,2,0.04
expr:TRPV2,expression,0.0,0,0.0
expr:TRPV4,expression,0.0,0,0.0
expr:G6PC2,expression,0.0,0,0.0
expr:GAB1,expression,0.0,0,0.0
expr:GAB3,expression,0.0,6,0.12
expr:GABBR1,expression,0.0,0,0.0
expr:GABBR2,expression,0.0,0,0.0
expr:GABRA1,expression,0.0,0,0.0
expr:GABRA2,expression,0.0,0,0.0
expr:GABRA3,expression,0.0,0,0.0
expr:FZD3,expression,0.0,0,0.0
expr:FZD4,expression,0.0,1,0.02
expr:TRPM3,expression,0.0,0,0.0
expr:TPPP,expression,0.0,0,0.0
expr:TPPP2,expression,0.0,0,0.0
expr:TPPP3,expression,0.0,1,0.02
expr:TPRN,expression,0.0,0,0.0
expr:TPSD1,expression,0.0,0,0.0
expr:TPSG1,expression,0.0,0,0.0
expr:TRIP6,expression,0.0,0,0.0
expr:TRIQK,expression,0.0,0,0.0
expr:TRMT9B,expression,0.0,2,0.04
expr:TRNP1,expression,0.0,0,0.0
expr:TRPA1,expression,0.0,0,0.0
expr:TRPC1,expression,0.0,0,0.0
expr:TRPC4,expression,0.0,0,0.0
expr:TRIM6,expression,0.0,2,0.04
expr:TRIM63,expression,0.0,1,0.02
expr:TRIM68,expression,0.0,0,0.0
expr:TRIM7,expression,0.0,1,0.02
expr:TRIM71,expression,0.0,6,0.12
expr:TRIM72,expression,0.0,0,0.0
expr:TRIM73,expression,0.0,0,0.0
expr:TRIM74,expression,0.0,0,0.0
expr:TRIM46,expression,0.0,0,0.0
expr:TRIM47,expression,0.0,0,0.0
expr:TRIM50,expression,0.0,0,0.0
expr:TRIM54,expression,0.0,0,0.0
expr:TRIM55,expression,0.0,0,0.0
expr:TRIM58,expression,0.0,0,0.0
expr:TRPC5OS,expression,0.0,0,0.0
expr:GAS2,expression,0.0,0,0.0
expr:GAS2L2,expression,0.0,0,0.0
expr:GAS2L3,expression,0.0,2,0.04
expr:GATA1,expression,0.0,0,0.0
expr:GATA2,expression,0.0,0,0.0
expr:GATA4,expression,0.0,0,0.0
expr:GALNT8,expression,0.0,0,0.0
expr:GALNT9,expression,0.0,0,0.0
expr:GALNTL6,expression,0.0,0,0.0
expr:GALR2,expression,0.0,0,0.0
expr:GALR3,expression,0.0,0,0.0
expr:GAMT,expression,0.0,0,0.0
expr:GAREM1,expression,0.0,0,0.0
expr:TNNC1,expression,0.0,0,0.0
expr:TMEM98,expression,0.0,2,0.04
expr:TMIE,expression,0.0,0,0.0
expr:TMIGD2,expression,0.0,17,0.34
expr:TMIGD3,expression,0.0,0,0.0
expr:TMOD1,expression,0.0,0,0.0
expr:GALNT5,expression,0.0,0,0.0
expr:GALNT6,expression,0.0,0,0.0
expr:GALNT7,expression,0.0,0,0.0
expr:TNFRSF1B,expression,0.0,0,0.0
expr:TNFRSF25,expression,0.0,0,0.0
expr:TNFRSF4,expression,0.0,0,0.0
expr:TNFRSF8,expression,0.0,2,0.04
expr:TNFRSF9,expression,0.0,3,0.06
expr:GAREM2,expression,0.0,0,0.0
expr:TMEM71,expression,0.0,0,0.0
expr:TMEM72,expression,0.0,0,0.0
expr:TMEM74,expression,0.0,0,0.0
expr:TMEM37,expression,0.0,0,0.0
expr:TMEM38A,expression,0.0,0,0.0
expr:TMEM38B,expression,0.0,0,0.0
expr:TMEM40,expression,0.0,0,0.0
expr:TMEM45B,expression,0.0,0,0.0
expr:TMEM47,expression,0.0,0,0.0
expr:TMEM52B,expression,0.0,0,0.0
expr:TMEM59L,expression,0.0,0,0.0
expr:TMEM244,expression,0.0,0,0.0
expr:TMEM25,expression,0.0,0,0.0
expr:GAS1,expression,0.0,0,0.0
expr:TMEM262,expression,0.0,2,0.04
expr:TMEM270,expression,0.0,0,0.0
expr:TMEM273,expression,0.0,0,0.0
expr:TMEM35A,expression,0.0,1,0.02
expr:GATA5,expression,0.0,0,0.0
expr:GATA6,expression,0.0,0,0.0
expr:GATD3A,expression,0.0,0,0.0
expr:TMOD2,expression,0.0,0,0.0
expr:TMOD4,expression,0.0,0,0.0
expr:TMPRSS11A,expression,0.0,0,0.0
expr:TMPRSS11F,expression,0.0,0,0.0
expr:TMPRSS12,expression,0.0,3,0.06
expr:GARNL3,expression,0.0,0,0.0
expr:TMEM253,expression,0.0,0,0.0
expr:TP53INP2,expression,0.0,0,0.0
expr:TP53TG3D,expression,0.0,3,0.06
expr:TP53TG5,expression,0.0,0,0.0
expr:TP73,expression,0.0,1,0.02
expr:TPBG,expression,0.0,0,0.0
expr:TOGARAM1,expression,0.0,0,0.0
expr:TOGARAM2,expression,0.0,0,0.0
expr:TOM1L1,expression,0.0,0,0.0
expr:TOMM20L,expression,0.0,1,0.02
expr:TONSL,expression,0.0,0,0.0
expr:TOP2A,expression,0.0,0,0.0
expr:TOP3B,expression,0.0,0,0.0
expr:TOX2,expression,0.0,2,0.04
expr:TNFSF10,expression,0.0,0,0.0
expr:TNNI2,expression,0.0,0,0.0
expr:TNNI3K,expression,0.0,0,0.0
expr:TNNT1,expression,0.0,0,0.0
expr:TNNT2,expression,0.0,0,0.0
expr:TNR,expression,0.0,0,0.0
expr:TNS4,expression,0.0,0,0.0
expr:TNFSF18,expression,0.0,0,0.0
expr:TNFSF4,expression,0.0,0,0.0
expr:TNFSF8,expression,0.0,5,0.1
expr:TNFSF9,expression,0.0,0,0.0
expr:TNIK,expression,0.0,0,0.0
expr:TNIP3,expression,0.0,0,0.0
expr:TNMD,expression,0.0,1,0.02
expr:TNNI1,expression,0.0,0,0.0
expr:TNFSF13,expression,0.0,0,0.0
expr:TNFSF15,expression,0.0,0,0.0
expr:TNFAIP8L3,expression,0.0,0,0.0
expr:TNFRSF10A,expression,0.0,0,0.0
expr:TNFRSF10C,expression,0.0,0,0.0
expr:TNFRSF10D,expression,0.0,0,0.0
expr:TNFRSF11A,expression,0.0,0,0.0
expr:TNFRSF12A,expression,0.0,0,0.0
expr:TNFRSF18,expression,0.0,0,0.0
expr:TNFRSF19,expression,0.0,0,0.0
expr:TMSB15B,expression,0.0,0,0.0
expr:TMTC1,expression,0.0,0,0.0
expr:TMTC2,expression,0.0,1,0.02
expr:TP53INP1,expression,0.0,1,0.02
expr:TNF,expression,0.0,1,0.02
expr:TNFAIP2,expression,0.0,0,0.0
expr:TNFAIP6,expression,0.0,0,0.0
expr:TNFAIP8L2,expression,0.0,0,0.0
expr:TMPRSS13,expression,0.0,1,0.02
expr:TMPRSS15,expression,0.0,0,0.0
expr:TMPRSS2,expression,0.0,0,0.0
expr:TMPRSS3,expression,0.0,0,0.0
expr:TMPRSS4,expression,0.0,0,0.0
expr:TMPRSS5,expression,0.0,0,0.0
expr:TMPRSS6,expression,0.0,0,0.0
expr:TMSB10,expression,0.0,0,0.0
expr:TP53BP1,expression,0.0,0,0.0
expr:TP53BP2,expression,0.0,0,0.0
expr:TNC,expression,0.0,0,0.0
expr:FRRS1L,expression,0.0,0,0.0
expr:UGT3A1,expression,0.0,0,0.0
expr:FRAS1,expression,0.0,0,0.0
expr:FREM3,expression,0.0,0,0.0
expr:FRG2B,expression,0.0,0,0.0
expr:FRG2C,expression,0.0,1,0.02
expr:FRK,expression,0.0,0,0.0
expr:FRMD1,expression,0.0,8,0.16
expr:FRMD3,expression,0.0,0,0.0
expr:FRMD5,expression,0.0,0,0.0
expr:FOXQ1,expression,0.0,1,0.02
expr:FOXS1,expression,0.0,0,0.0
expr:FP565260.1,expression,0.0,0,0.0
expr:FZD5,expression,0.0,0,0.0
expr:FPGT-TNNI3K,expression,0.0,0,0.0
expr:FPR1,expression,0.0,0,0.0
expr:FPR2,expression,0.0,0,0.0
expr:FPR3,expression,0.0,0,0.0
expr:UGT2B28,expression,0.0,1,0.02
expr:UGT2B4,expression,0.0,0,0.0
expr:UGT2B7,expression,0.0,0,0.0
expr:FOXN2,expression,0.0,0,0.0
expr:FOXN4,expression,0.0,0,0.0
expr:FOXO3B,expression,0.0,0,0.0
expr:FOXO6,expression,0.0,0,0.0
expr:FOXP3,expression,0.0,6,0.12
expr:USH2A,expression,0.0,1,0.02
expr:FP565260.3,expression,0.0,0,0.0
expr:UBL4B,expression,0.0,0,0.0
expr:UBQLNL,expression,0.0,0,0.0
expr:UBR1,expression,0.0,0,0.0
expr:UBR5,expression,0.0,0,0.0
expr:UCHL1,expression,0.0,0,0.0
expr:UCN,expression,0.0,0,0.0
expr:UCN2,expression,0.0,1,0.02
expr:U2AF1,expression,0.0,0,0.0
expr:UBAP1L,expression,0.0,0,0.0
expr:UBASH3A,expression,0.0,18,0.36
expr:UBASH3B,expression,0.0,0,0.0
expr:UBE2E2,expression,0.0,0,0.0
expr:UBE2E3,expression,0.0,0,0.0
expr:FRMPD4,expression,0.0,0,0.0
expr:UBE2QL1,expression,0.0,0,0.0
expr:TXNDC5,expression,0.0,0,0.0
expr:TXNIP,expression,0.0,2,0.04
expr:TYMP,expression,0.0,0,0.0
expr:TYMS,expression,0.0,0,0.0
expr:TYR,expression,0.0,0,0.0
expr:TYROBP,expression,0.0,0,0.0
expr:TYRP1,expression,0.0,0,0.0
expr:TYW1B,expression,0.0,0,0.0
expr:FRMD7,expression,0.0,0,0.0
expr:FRMPD1,expression,0.0,2,0.04
expr:FRMPD2,expression,0.0,0,0.0
expr:FRMPD3,expression,0.0,0,0.0
expr:UBE2F-SCLY,expression,0.0,0,0.0
expr:VCX3A,expression,0.0,0,0.0
expr:VCX3B,expression,0.0,0,0.0
expr:VEGFA,expression,0.0,0,0.0
expr:VGLL1,expression,0.0,0,0.0
expr:VGLL3,expression,0.0,1,0.02
expr:VILL,expression,0.0,0,0.0
expr:VARS2,expression,0.0,0,0.0
expr:VASH1,expression,0.0,0,0.0
expr:VASH2,expression,0.0,0,0.0
expr:VAT1L,expression,0.0,0,0.0
expr:VAV1,expression,0.0,0,0.0
expr:VAX1,expression,0.0,0,0.0
expr:VAX2,expression,0.0,0,0.0
expr:USHBP1,expression,0.0,0,0.0
expr:USP9Y,expression,0.0,0,0.0
expr:UST,expression,0.0,0,0.0
expr:UTS2,expression,0.0,0,0.0
expr:UTS2R,expression,0.0,4,0.08
expr:UTY,expression,0.0,1,0.02
expr:UVSSA,expression,0.0,0,0.0
expr:VAMP1,expression,0.0,0,0.0
expr:VANGL2,expression,0.0,0,0.0
expr:USP34,expression,0.0,0,0.0
expr:USP37,expression,0.0,1,0.02
expr:USP41,expression,0.0,0,0.0
expr:USP43,expression,0.0,2,0.04
expr:USP44,expression,0.0,0,0.0
expr:VCAM1,expression,0.0,0,0.0
expr:USP13,expression,0.0,0,0.0
expr:USP18,expression,0.0,0,0.0
expr:USP2,expression,0.0,0,0.0
expr:USP22,expression,0.0,0,0.0
expr:USP26,expression,0.0,0,0.0
expr:USP32,expression,0.0,0,0.0
expr:UPK1A,expression,0.0,0,0.0
expr:UPK2,expression,0.0,2,0.04
expr:UPK3A,expression,0.0,0,0.0
expr:UPK3B,expression,0.0,0,0.0
expr:URAD,expression,0.0,0,0.0
expr:UROC1,expression,0.0,0,0.0
expr:USH1C,expression,0.0,0,0.0
expr:VCX,expression,0.0,0,0.0
expr:UNC13B,expression,0.0,2,0.04
expr:UNC13C,expression,0.0,0,0.0
expr:UNC13D,expression,0.0,0,0.0
expr:UNC45B,expression,0.0,0,0.0
expr:UNC5B,expression,0.0,0,0.0
expr:UNC5C,expression,0.0,0,0.0
expr:UNC5CL,expression,0.0,0,0.0
expr:UNC5D,expression,0.0,0,0.0
expr:UGT8,expression,0.0,0,0.0
expr:UHRF1,expression,0.0,1,0.02
expr:ULK2,expression,0.0,1,0.02
expr:UMODL1,expression,0.0,1,0.02
expr:UNC13A,expression,0.0,0,0.0
expr:VCAN,expression,0.0,0,0.0
expr:USH1G,expression,0.0,0,0.0
expr:TSPOAP1,expression,0.0,2,0.04
expr:TSPAN1,expression,0.0,0,0.0
expr:TSPAN10,expression,0.0,0,0.0
expr:TSPAN11,expression,0.0,0,0.0
expr:TSPAN12,expression,0.0,0,0.0
expr:TSPAN13,expression,0.0,0,0.0
expr:TSPAN16,expression,0.0,1,0.02
expr:TSPAN18,expression,0.0,0,0.0
expr:TSPAN19,expression,0.0,2,0.04
expr:TRPV5,expression,0.0,0,0.0
expr:TSACC,expression,0.0,0,0.0
expr:TSBP1,expression,0.0,0,0.0
expr:TSGA10IP,expression,0.0,0,0.0
expr:UBE4A,expression,0.0,0,0.0
expr:TSHZ3,expression,0.0,0,0.0
expr:TSKS,expression,0.0,0,0.0
expr:TSNAXIP1,expression,0.0,0,0.0
expr:FUOM,expression,0.0,0,0.0
expr:FUT1,expression,0.0,0,0.0
expr:FUT2,expression,0.0,0,0.0
expr:FUT4,expression,0.0,0,0.0
expr:FUT6,expression,0.0,0,0.0
expr:FUT7,expression,0.0,0,0.0
expr:FUT9,expression,0.0,0,0.0
expr:FXYD1,expression,0.0,0,0.0
expr:FSTL1,expression,0.0,0,0.0
expr:FSTL3,expression,0.0,0,0.0
expr:TSHZ2,expression,0.0,6,0.12
expr:FZD6,expression,0.0,0,0.0
expr:FZD7,expression,0.0,0,0.0
expr:FZD8,expression,0.0,0,0.0
expr:FZD9,expression,0.0,0,0.0
expr:G0S2,expression,0.0,0,0.0
expr:TRPC6,expression,0.0,0,0.0
expr:FXYD2,expression,0.0,0,0.0
expr:FXYD3,expression,0.0,0,0.0
expr:FXYD5,expression,0.0,0,0.0
expr:FXYD6,expression,0.0,0,0.0
expr:FXYD7,expression,0.0,1,0.02
expr:FZD10,expression,0.0,0,0.0
expr:FZD2,expression,0.0,0,0.0
expr:TSPO2,expression,0.0,0,0.0
expr:TSSK3,expression,0.0,2,0.04
expr:TST,expression,0.0,0,0.0
expr:TSTD1,expression,0.0,0,0.0
expr:TSTD2,expression,0.0,0,0.0
expr:TTBK1,expression,0.0,0,0.0
expr:TTC12,expression,0.0,0,0.0
expr:TTC16,expression,0.0,1,0.02
expr:TSPAN2,expression,0.0,0,0.0
expr:TSPAN32,expression,0.0,0,0.0
expr:TSPAN33,expression,0.0,0,0.0
expr:TSPAN5,expression,0.0,0,0.0
expr:TSPAN6,expression,0.0,0,0.0
expr:TSPAN8,expression,0.0,0,0.0
expr:TSPYL6,expression,0.0,2,0.04
expr:TUBAL3,expression,0.0,0,0.0
expr:TUBB1,expression,0.0,0,0.0
expr:TUBB2B,expression,0.0,0,0.0
expr:TUBB4A,expression,0.0,0,0.0
expr:TUBB6,expression,0.0,0,0.0
expr:TUBB8B,expression,0.0,0,0.0
expr:TULP1,expression,0.0,0,0.0
expr:TTR,expression,0.0,1,0.02
expr:TTYH1,expression,0.0,0,0.0
expr:TTYH2,expression,0.0,0,0.0
expr:TUB,expression,0.0,1,0.02
expr:TUBA1A,expression,0.0,0,0.0
expr:TUBA4A,expression,0.0,1,0.02
expr:FSTL4,expression,0.0,0,0.0
expr:TTC9,expression,0.0,0,0.0
expr:TTLL10,expression,0.0,7,0.14
expr:TTLL13P,expression,0.0,0,0.0
expr:TTLL2,expression,0.0,0,0.0
expr:TTLL3,expression,0.0,0,0.0
expr:TTLL4,expression,0.0,0,0.0
expr:TTN,expression,0.0,0,0.0
expr:UCN3,expression,0.0,0,0.0
expr:UCP1,expression,0.0,2,0.04
expr:UGT1A7,expression,0.0,0,0.0
expr:UGT2B10,expression,0.0,1,0.02
expr:UGT2B15,expression,0.0,0,0.0
expr:UGT2B17,expression,0.0,0,0.0
expr:TUBA4B,expression,0.0,0,0.0
expr:FTCDNL1,expression,0.0,0,0.0
expr:FTH1,expression,0.0,0,0.0
expr:FTHL17,expression,0.0,0,0.0
expr:FTMT,expression,0.0,0,0.0
expr:FSBP,expression,0.0,0,0.0
expr:FSCN2,expression,0.0,0,0.0
expr:FSCN3,expression,0.0,0,0.0
expr:FSD1L,expression,0.0,0,0.0
expr:FSD2,expression,0.0,0,0.0
expr:FSIP1,expression,0.0,2,0.04
expr:FSIP2,expression,0.0,0,0.0
expr:FST,expression,0.0,0,0.0
expr:TTC22,expression,0.0,0,0.0
expr:TUBA8,expression,0.0,0,0.0
expr:TTC25,expression,0.0,0,0.0
expr:TTC29,expression,0.0,0,0.0
expr:TTC30A,expression,0.0,0,0.0
expr:TTC39B,expression,0.0,0,0.0
expr:FRY,expression,0.0,0,0.0
expr:FRZB,expression,0.0,1,0.02
expr:TULP2,expression,0.0,0,0.0
expr:TUSC3,expression,0.0,0,0.0
expr:TUT4,expression,0.0,0,0.0
expr:TWIST1,expression,0.0,0,0.0
expr:TWIST2,expression,0.0,0,0.0
expr:TXK,expression,0.0,1,0.02
expr:TXNDC16,expression,0.0,0,0.0
expr:TXNDC2,expression,0.0,0,0.0
expr:TTC23L,expression,0.0,5,0.1
expr:GJB7,expression,0.0,0,0.0
expr:GJC1,expression,0.0,0,0.0
expr:GINS1,expression,0.0,0,0.0
expr:GINS2,expression,0.0,0,0.0
expr:GINS4,expression,0.0,0,0.0
expr:GIPC2,expression,0.0,0,0.0
expr:GIPR,expression,0.0,1,0.02
expr:GJA3,expression,0.0,0,0.0
expr:GJA4,expression,0.0,0,0.0
expr:TASOR2,expression,0.0,0,0.0
expr:TBATA,expression,0.0,0,0.0
expr:TBC1D14,expression,0.0,0,0.0
expr:TBC1D26,expression,0.0,0,0.0
expr:TMEM67,expression,0.0,0,0.0
expr:TCEAL3,expression,0.0,0,0.0
expr:TCEAL4,expression,0.0,1,0.02
expr:TCEAL6,expression,0.0,13,0.26
expr:TCEAL7,expression,0.0,7,0.14
expr:TCEAL9,expression,0.0,0,0.0
expr:TCERG1L,expression,0.0,0,0.0
expr:TCF15,expression,0.0,0,0.0
expr:TCF19,expression,0.0,0,0.0
expr:TBX5,expression,0.0,0,0.0
expr:TBX6,expression,0.0,0,0.0
expr:TBXT,expression,0.0,0,0.0
expr:TC2N,expression,0.0,1,0.02
expr:TCAF2,expression,0.0,0,0.0
expr:GIMAP4,expression,0.0,18,0.36
expr:TAGLN3,expression,0.0,3,0.06
expr:TAL1,expression,0.0,1,0.02
expr:TAL2,expression,0.0,0,0.0
expr:TAMALIN,expression,0.0,0,0.0
expr:TANC2,expression,0.0,0,0.0
expr:TAOK1,expression,0.0,0,0.0
expr:TACSTD2,expression,0.0,0,0.0
expr:TAF1L,expression,0.0,0,0.0
expr:TAF2,expression,0.0,0,0.0
expr:TAF7L,expression,0.0,0,0.0
expr:TAFA1,expression,0.0,7,0.14
expr:TAFA2,expression,0.0,0,0.0
expr:TAFA3,expression,0.0,1,0.02
expr:GJB6,expression,0.0,2,0.04
expr:GK,expression,0.0,2,0.04
expr:GK3P,expression,0.0,0,0.0
expr:GLA,expression,0.0,1,0.02
expr:TBC1D30,expression,0.0,0,0.0
expr:TBC1D31,expression,0.0,0,0.0
expr:TBC1D32,expression,0.0,0,0.0
expr:TBC1D3B,expression,0.0,0,0.0
expr:TBC1D3D,expression,0.0,0,0.0
expr:GJA5,expression,0.0,0,0.0
expr:GJB1,expression,0.0,0,0.0
expr:GJB2,expression,0.0,0,0.0
expr:GJB3,expression,0.0,0,0.0
expr:GJB4,expression,0.0,0,0.0
expr:TAFA4,expression,0.0,0,0.0
expr:TDRD5,expression,0.0,1,0.02
expr:TDRD6,expression,0.0,1,0.02
expr:TDRD9,expression,0.0,0,0.0
expr:TDRKH,expression,0.0,0,0.0
expr:TDRP,expression,0.0,0,0.0
expr:TEAD1,expression,0.0,1,0.02
expr:TCP11,expression,0.0,0,0.0
expr:TCP11L2,expression,0.0,1,0.02
expr:TCTE1,expression,0.0,0,0.0
expr:TCTEX1D1,expression,0.0,0,0.0
expr:TCTEX1D4,expression,0.0,0,0.0
expr:TDGF1,expression,0.0,2,0.04
expr:TDO2,expression,0.0,0,0.0
expr:TCAP,expression,0.0,0,0.0
expr:TCF23,expression,0.0,1,0.02
expr:TCF24,expression,0.0,0,0.0
expr:TCF7,expression,0.0,6,0.12
expr:TCF7L1,expression,0.0,0,0.0
expr:TCL1B,expression,0.0,0,0.0
expr:TCN1,expression,0.0,0,0.0
expr:TCN2,expression,0.0,0,0.0
expr:TEX19,expression,0.0,0,0.0
expr:TEX22,expression,0.0,0,0.0
expr:TEX29,expression,0.0,0,0.0
expr:TEX38,expression,0.0,0,0.0
expr:TEX45,expression,0.0,0,0.0
expr:TEX46,expression,0.0,0,0.0
expr:TDRD10,expression,0.0,0,0.0
expr:TCEA3,expression,0.0,0,0.0
expr:TCEAL2,expression,0.0,0,0.0
expr:TBX10,expression,0.0,1,0.02
expr:TBX15,expression,0.0,0,0.0
expr:TBX19,expression,0.0,0,0.0
expr:TBX2,expression,0.0,0,0.0
expr:TBX20,expression,0.0,0,0.0
expr:TBX21,expression,0.0,0,0.0
expr:TBX3,expression,0.0,0,0.0
expr:TBX4,expression,0.0,0,0.0
expr:TBC1D3E,expression,0.0,0,0.0
expr:TBC1D3L,expression,0.0,0,0.0
expr:TBC1D8B,expression,0.0,0,0.0
expr:TDRD15,expression,0.0,0,0.0
expr:TBCE,expression,0.0,0,0.0
expr:TBCEL-TECTA,expression,0.0,1,0.02
expr:TBR1,expression,0.0,0,0.0
expr:TBX1,expression,0.0,0,0.0
expr:TEAD2,expression,0.0,0,0.0
expr:TECTA,expression,0.0,0,0.0
expr:TEDC1,expression,0.0,0,0.0
expr:TEDC2,expression,0.0,4,0.08
expr:TEDDM1,expression,0.0,0,0.0
expr:TEKT1,expression,0.0,1,0.02
expr:TEKT3,expression,0.0,0,0.0
expr:TEKT4,expression,0.0,0,0.0
expr:TDRD12,expression,0.0,0,0.0
expr:TBC1D9,expression,0.0,1,0.02
expr:STXBP6,expression,0.0,0,0.0
expr:STYK1,expression,0.0,0,0.0
expr:STYXL2,expression,0.0,0,0.0
expr:SUCNR1,expression,0.0,3,0.06
expr:SUGCT,expression,0.0,9,0.18
expr:GLT1D1,expression,0.0,0,0.0
expr:GLT8D2,expression,0.0,0,0.0
expr:GLTPD2,expression,0.0,0,0.0
expr:SYCP2,expression,0.0,0,0.0
expr:SYCP2L,expression,0.0,1,0.02
expr:SYDE2,expression,0.0,0,0.0
expr:SYK,expression,0.0,0,0.0
expr:SYN1,expression,0.0,0,0.0
expr:TAGLN,expression,0.0,0,0.0
expr:GLP2R,expression,0.0,0,0.0
expr:GLRA3,expression,0.0,0,0.0
expr:GLRA4,expression,0.0,1,0.02
expr:GLRB,expression,0.0,0,0.0
expr:GLRX,expression,0.0,1,0.02
expr:GLS,expression,0.0,0,0.0
expr:GLS2,expression,0.0,0,0.0
expr:GLIPR1,expression,0.0,0,0.0
expr:GLIPR1L1,expression,0.0,0,0.0
expr:GLIPR1L2,expression,0.0,0,0.0
expr:GLIPR2,expression,0.0,0,0.0
expr:GLIS1,expression,0.0,0,0.0
expr:GLIS2,expression,0.0,0,0.0
expr:GLP1R,expression,0.0,0,0.0
expr:STK32B,expression,0.0,0,0.0
expr:SV2A,expression,0.0,0,0.0
expr:SV2B,expression,0.0,0,0.0
expr:SV2C,expression,0.0,0,0.0
expr:SVEP1,expression,0.0,0,0.0
expr:SVIL,expression,0.0,0,0.0
expr:SVOP,expression,0.0,9,0.18
expr:SYCE1,expression,0.0,0,0.0
expr:SYCE3,expression,0.0,2,0.04
expr:SULT4A1,expression,0.0,0,0.0
expr:SUMO4,expression,0.0,0,0.0
expr:SUN3,expression,0.0,0,0.0
expr:SUPT20HL1,expression,0.0,0,0.0
expr:STXBP5L,expression,0.0,1,0.02
expr:SUPT4H1,expression,0.0,0,0.0
expr:SUSD2,expression,0.0,0,0.0
expr:SUSD4,expression,0.0,0,0.0
expr:SULF1,expression,0.0,0,0.0
expr:SULF2,expression,0.0,0,0.0
expr:SULT1A1,expression,0.0,0,0.0
expr:SULT1A2,expression,0.0,0,0.0
expr:SULT1A3,expression,0.0,0,0.0
expr:SULT1B1,expression,0.0,0,0.0
expr:SULT1C3,expression,0.0,0,0.0
expr:SULT2B1,expression,0.0,0,0.0
expr:STXBP1,expression,0.0,0,0.0
expr:STXBP4,expression,0.0,0,0.0
expr:SUPT20HL2,expression,0.0,0,0.0
expr:SYPL2,expression,0.0,0,0.0
expr:SYT1,expression,0.0,0,0.0
expr:SYT10,expression,0.0,0,0.0
expr:SYN2,expression,0.0,3,0.06
expr:SYNC,expression,0.0,0,0.0
expr:SYNDIG1,expression,0.0,0,0.0
expr:SYNDIG1L,expression,0.0,0,0.0
expr:SYNE3,expression,0.0,0,0.0
expr:SYNE4,expression,0.0,0,0.0
expr:SYNGR1,expression,0.0,0,0.0
expr:TAS2R20,expression,0.0,1,0.02
expr:TAS2R3,expression,0.0,0,0.0
expr:TAS2R30,expression,0.0,0,0.0
expr:GLIS3,expression,0.0,0,0.0
expr:TAS2R4,expression,0.0,0,0.0
expr:TAS2R46,expression,0.0,2,0.04
expr:TAS2R5,expression,0.0,3,0.06
expr:TAS2R50,expression,0.0,0,0.0
expr:TAP1,expression,0.0,0,0.0
expr:TAP2,expression,0.0,0,0.0
expr:TAS1R1,expression,0.0,0,0.0
expr:TAS1R3,expression,0.0,0,0.0
expr:TAS2R1,expression,0.0,1,0.02
expr:TAS2R10,expression,0.0,0,0.0
expr:TAS2R13,expression,0.0,0,0.0
expr:TAS2R19,expression,0.0,0,0.0
expr:TAGAP,expression,0.0,14,0.28
expr:TAS2R31,expression,0.0,0,0.0
expr:GLOD5,expression,0.0,0,0.0
expr:SYCP1,expression,0.0,1,0.02
expr:GLB1L2,expression,0.0,1,0.02
expr:GLB1L3,expression,0.0,0,0.0
expr:GLCCI1,expression,0.0,1,0.02
expr:GLCE,expression,0.0,0,0.0
expr:GLDN,expression,0.0,0,0.0
expr:GLI2,expression,0.0,0,0.0
expr:GLI3,expression,0.0,0,0.0
expr:SYT8,expression,0.0,0,0.0
expr:SYT9,expression,0.0,0,0.0
expr:SYTL1,expression,0.0,0,0.0
expr:SYTL2,expression,0.0,0,0.0
expr:SYNPR,expression,0.0,1,0.02
expr:TACR1,expression,0.0,15,0.3
expr:TACR3,expression,0.0,0,0.0
expr:SYT11,expression,0.0,0,0.0
expr:SYT12,expression,0.0,0,0.0
expr:SYT13,expression,0.0,0,0.0
expr:SYT14,expression,0.0,0,0.0
expr:SYT15,expression,0.0,0,0.0
expr:SYT16,expression,0.0,0,0.0
expr:SYT2,expression,0.0,0,0.0
expr:SYT6,expression,0.0,0,0.0
expr:SYNGR3,expression,0.0,0,0.0
expr:SYNGR4,expression,0.0,0,0.0
expr:SYNM,expression,0.0,0,0.0
expr:SYNPO2L,expression,0.0,1,0.02
expr:SYTL5,expression,0.0,0,0.0
expr:TM4SF18,expression,0.0,0,0.0
expr:TM4SF4,expression,0.0,0,0.0
expr:TLE6,expression,0.0,0,0.0
expr:TLL1,expression,0.0,0,0.0
expr:TLL2,expression,0.0,0,0.0
expr:TLR1,expression,0.0,0,0.0
expr:TLR2,expression,0.0,0,0.0
expr:TLR4,expression,0.0,0,0.0
expr:TLR6,expression,0.0,0,0.0
expr:TLR7,expression,0.0,0,0.0
expr:GDF15,expression,0.0,0,0.0
expr:GDF3,expression,0.0,0,0.0
expr:GDF5,expression,0.0,0,0.0
expr:TEX48,expression,0.0,0,0.0
expr:TMEM139,expression,0.0,0,0.0
expr:TMEM144,expression,0.0,3,0.06
expr:TMEM145,expression,0.0,0,0.0
expr:TMEM150B,expression,0.0,0,0.0
expr:GCNT3,expression,0.0,0,0.0
expr:GCNT4,expression,0.0,42,0.84
expr:GCNT7,expression,0.0,0,0.0
expr:GCOM1,expression,0.0,1,0.02
expr:GDA,expression,0.0,0,0.0
expr:GDAP1L1,expression,0.0,0,0.0
expr:GDF10,expression,0.0,0,0.0
expr:GBX2,expression,0.0,1,0.02
expr:GCAT,expression,0.0,0,0.0
expr:GDF6,expression,0.0,0,0.0
expr:THPO,expression,0.0,0,0.0
expr:THSD4,expression,0.0,5,0.1
expr:THSD7A,expression,0.0,1,0.02
expr:THSD8,expression,0.0,0,0.0
expr:THTPA,expression,0.0,0,0.0
expr:THY1,expression,0.0,0,0.0
expr:TIAM1,expression,0.0,0,0.0
expr:TMC8,expression,0.0,3,0.06
expr:TMCC2,expression,0.0,0,0.0
expr:TMCC3,expression,0.0,0,0.0
expr:TMEFF2,expression,0.0,0,0.0
expr:TMEM100,expression,0.0,0,0.0
expr:TMEM101,expression,0.0,0,0.0
expr:TM4SF1,expression,0.0,2,0.04
expr:TMEM119,expression,0.0,0,0.0
expr:TM6SF2,expression,0.0,0,0.0
expr:TM7SF2,expression,0.0,0,0.0
expr:TMBIM4,expression,0.0,0,0.0
expr:TMC1,expression,0.0,0,0.0
expr:TMC2,expression,0.0,0,0.0
expr:TMC4,expression,0.0,0,0.0
expr:TMC7,expression,0.0,0,0.0
expr:TLR8,expression,0.0,1,0.02
expr:TLR9,expression,0.0,0,0.0
expr:TLX1,expression,0.0,0,0.0
expr:TLX2,expression,0.0,2,0.04
expr:TLX3,expression,0.0,17,0.34
expr:TMEM108,expression,0.0,0,0.0
expr:TMEM170B,expression,0.0,1,0.02
expr:TMEM176B,expression,0.0,0,0.0
expr:TMEM178A,expression,0.0,0,0.0
expr:TMEM178B,expression,0.0,0,0.0
expr:TMEM184A,expression,0.0,0,0.0
expr:TMEM191B,expression,0.0,0,0.0
expr:TMEM191C,expression,0.0,0,0.0
expr:TMEM200A,expression,0.0,0,0.0
expr:TMEM150C,expression,0.0,0,0.0
expr:TMEM151B,expression,0.0,0,0.0
expr:TMEM154,expression,0.0,0,0.0
expr:TMEM155,expression,0.0,0,0.0
expr:TMEM158,expression,0.0,1,0.02
expr:GCGR,expression,0.0,0,0.0
expr:TMEM169,expression,0.0,0,0.0
expr:TMEM74B,expression,0.0,0,0.0
expr:TMEM82,expression,0.0,0,0.0
expr:TMEM86A,expression,0.0,0,0.0
expr:TMEM86B,expression,0.0,0,0.0
expr:TMEM88,expression,0.0,1,0.02
expr:TMEM88B,expression,0.0,0,0.0
expr:TMEM91,expression,0.0,0,0.0
expr:TMEM97,expression,0.0,0,0.0
expr:TMEM61,expression,0.0,0,0.0
expr:TMEM63C,expression,0.0,0,0.0
expr:TMEM64,expression,0.0,0,0.0
expr:TMEM65,expression,0.0,0,0.0
expr:TMEM163,expression,0.0,0,0.0
expr:GCH1,expression,0.0,2,0.04
expr:GCK,expression,0.0,0,0.0
expr:GCKR,expression,0.0,0,0.0
expr:GCNT1,expression,0.0,0,0.0
expr:GCNT2,expression,0.0,0,0.0
expr:TMEM121B,expression,0.0,0,0.0
expr:TMEM123,expression,0.0,0,0.0
expr:TMEM125,expression,0.0,0,0.0
expr:TMEM130,expression,0.0,1,0.02
expr:TMEM132B,expression,0.0,2,0.04
expr:TMEM132D,expression,0.0,0,0.0
expr:TMEM132E,expression,0.0,0,0.0
expr:GBP3,expression,0.0,2,0.04
expr:TMEM217,expression,0.0,0,0.0
expr:TMEM229A,expression,0.0,0,0.0
expr:TMEM231,expression,0.0,0,0.0
expr:TMEM233,expression,0.0,0,0.0
expr:TMEM236,expression,0.0,0,0.0
expr:TMEM238,expression,0.0,0,0.0
expr:TMEM238L,expression,0.0,2,0.04
expr:TMEM240,expression,0.0,0,0.0
expr:TMEM200B,expression,0.0,0,0.0
expr:TMEM200C,expression,0.0,0,0.0
expr:TMEM205,expression,0.0,0,0.0
expr:TMEM210,expression,0.0,0,0.0
expr:TMEM211,expression,0.0,0,0.0
expr:TMEM212,expression,0.0,0,0.0
expr:TMEM213,expression,0.0,0,0.0
expr:TMEM220,expression,0.0,2,0.04
expr:TH,expression,0.0,9,0.18
expr:THBD,expression,0.0,0,0.0
expr:THBS1,expression,0.0,0,0.0
expr:THBS2,expression,0.0,0,0.0
expr:THBS4,expression,0.0,1,0.02
expr:TGFB1I1,expression,0.0,0,0.0
expr:TGFB2,expression,0.0,0,0.0
expr:TGFB3,expression,0.0,1,0.02
expr:TGFBR1,expression,0.0,0,0.0
expr:TGFBR3L,expression,0.0,0,0.0
expr:TGIF2LX,expression,0.0,0,0.0
expr:TGM1,expression,0.0,0,0.0
expr:TFDP3,expression,0.0,0,0.0
expr:THNSL1,expression,0.0,0,0.0
expr:TFF2,expression,0.0,0,0.0
expr:TFF3,expression,0.0,5,0.1
expr:TFPI,expression,0.0,0,0.0
expr:TFR2,expression,0.0,0,0.0
expr:TFRC,expression,0.0,0,0.0
expr:TG,expression,0.0,0,0.0
expr:TEX55,expression,0.0,17,0.34
expr:TEX9,expression,0.0,0,0.0
expr:TF,expression,0.0,0,0.0
expr:TFAP2A,expression,0.0,1,0.02
expr:TFAP2B,expression,0.0,0,0.0
expr:TFAP2C,expression,0.0,0,0.0
expr:TFAP2E,expression,0.0,4,0.08
expr:TFEC,expression,0.0,1,0.02
expr:TEX53,expression,0.0,0,0.0
expr:TEX101,expression,0.0,1,0.02
expr:TEX11,expression,0.0,1,0.02
expr:TEX12,expression,0.0,0,0.0
expr:TEX13B,expression,0.0,0,0.0
expr:TEX13C,expression,0.0,1,0.02
expr:TEX13D,expression,0.0,0,0.0
expr:TEX14,expression,0.0,0,0.0
expr:TEX15,expression,0.0,1,0.02
expr:TEPP,expression,0.0,0,0.0
expr:TERB1,expression,0.0,0,0.0
expr:TERB2,expression,0.0,0,0.0
expr:TERT,expression,0.0,0,0.0
expr:TGM7,expression,0.0,1,0.02
expr:TESC,expression,0.0,0,0.0
expr:TESMIN,expression,0.0,0,0.0
expr:TET1,expression,0.0,0,0.0
expr:TEN1-CDK3,expression,0.0,0,0.0
expr:TENM1,expression,0.0,2,0.04
expr:TENM2,expression,0.0,0,0.0
expr:TENM3,expression,0.0,0,0.0
expr:TENM4,expression,0.0,0,0.0
expr:TENT5A,expression,0.0,2,0.04
expr:TENT5B,expression,0.0,0,0.0
expr:TENT5D,expression,0.0,0,0.0
expr:TGM2,expression,0.0,0,0.0
expr:TGM4,expression,0.0,1,0.02
expr:TES,expression,0.0,0,0.0
expr:GDPD3,expression,0.0,0,0.0
expr:GDPD5,expression,0.0,0,0.0
expr:GET4,expression,0.0,0,0.0
expr:TLCD1,expression,0.0,0,0.0
expr:TLCD2,expression,0.0,0,0.0
expr:TLCD3B,expression,0.0,0,0.0
expr:TLCD4,expression,0.0,0,0.0
expr:TLCD4-RWDD3,expression,0.0,0,0.0
expr:TLDC2,expression,0.0,4,0.08
expr:TLE2,expression,0.0,0,0.0
expr:TLE4,expression,0.0,0,0.0
expr:TIMP3,expression,0.0,0,0.0
expr:TIMP4,expression,0.0,0,0.0
expr:TFCP2L1,expression,0.0,0,0.0
expr:TINCR,expression,0.0,0,0.0
expr:TJP2,expression,0.0,0,0.0
expr:TK1,expression,0.0,0,0.0
expr:TKTL1,expression,0.0,0,0.0
expr:TKTL2,expression,0.0,0,0.0
expr:TICAM2,expression,0.0,0,0.0
expr:TICRR,expression,0.0,3,0.06
expr:TIFAB,expression,0.0,24,0.48
expr:TIGD3,expression,0.0,0,0.0
expr:TIGD4,expression,0.0,0,0.0
expr:TIMD4,expression,0.0,0,0.0
expr:TIMM23B-AGAP6,expression,0.0,5,0.1
expr:TIMP2,expression,0.0,0,0.0
expr:TINAGL1,expression,0.0,0,0.0
expr:GHRH,expression,0.0,0,0.0
expr:GHRHR,expression,0.0,0,0.0
expr:GHRL,expression,0.0,0,0.0
expr:THEG,expression,0.0,0,0.0
expr:THEGL,expression,0.0,0,0.0
expr:THEM5,expression,0.0,0,0.0
expr:THEM6,expression,0.0,0,0.0
expr:THEMIS2,expression,0.0,0,0.0
expr:GGT1,expression,0.0,0,0.0
expr:GGT2,expression,0.0,0,0.0
expr:GGT5,expression,0.0,0,0.0
expr:GGT6,expression,0.0,0,0.0
expr:GGT7,expression,0.0,0,0.0
expr:GDPD2,expression,0.0,0,0.0
expr:GGTLC2,expression,0.0,0,0.0
expr:GHR,expression,0.0,1,0.02
expr:GFAP,expression,0.0,0,0.0
expr:GFI1B,expression,0.0,0,0.0
expr:GFOD1,expression,0.0,1,0.02
expr:GFPT2,expression,0.0,0,0.0
expr:GFRA2,expression,0.0,0,0.0
expr:GFRA3,expression,0.0,0,0.0
expr:GFY,expression,0.0,0,0.0
expr:GGH,expression,0.0,0,0.0
expr:GDF7,expression,0.0,0,0.0
expr:GDF9,expression,0.0,0,0.0
expr:GDNF,expression,0.0,3,0.06
expr:GDPD1,expression,0.0,0,0.0
expr:GGTA1,expression,0.0,0,0.0
meth:ADCY1,methylation,0.0,0,0.0
meth:ADCY10,methylation,0.0,0,0.0
meth:AIFM2,methylation,0.0,2,0.04
meth:AIFM3,methylation,0.0,0,0.0
meth:AIM1L,methylation,0.0,0,0.0
meth:AIM2,methylation,0.0,0,0.0
meth:AIRE,methylation,0.0,0,0.0
meth:AJAP1,methylation,0.0,0,0.0
meth:AK3,methylation,0.0,0,0.0
meth:AK5,methylation,0.0,0,0.0
meth:AGXT2,methylation,0.0,3,0.06
meth:AHNAK,methylation,0.0,3,0.06
meth:AHNAK2,methylation,0.0,0,0.0
expr:USP6,expression,0.0,2,0.04
meth:AHSP,methylation,0.0,0,0.0
meth:AICDA,methylation,0.0,0,0.0
meth:AIF1,methylation,0.0,3,0.06
meth:AGBL2,methylation,0.0,0,0.0
meth:AGBL4,methylation,0.0,2,0.04
meth:AGPAT4,methylation,0.0,0,0.0
meth:AGR2,methylation,0.0,0,0.0
meth:AGR3,methylation,0.0,0,0.0
meth:AGT,methylation,0.0,1,0.02
meth:AGTR1,methylation,0.0,0,0.0
meth:AGTRAP,methylation,0.0,20,0.4
meth:AFAP1L2,methylation,0.0,1,0.02
meth:AFARP1,methylation,0.0,0,0.0
meth:AHSG,methylation,0.0,1,0.02
meth:ADPRH,methylation,0.0,0,0.0
meth:ADRA1A,methylation,0.0,0,0.0
meth:ADRA1B,methylation,0.0,0,0.0
meth:ADRA1D,methylation,0.0,0,0.0
meth:ADRB1,methylation,0.0,1,0.02
meth:ADRB2,methylation,0.0,0,0.0
meth:AEBP1,methylation,0.0,0,0.0
meth:ADH1B,methylation,0.0,0,0.0
meth:ADH1C,methylation,0.0,0,0.0
meth:ADH6,methylation,0.0,0,0.0
meth:ADH7,methylation,0.0,0,0.0
meth:ADIPOQ,methylation,0.0,3,0.06
meth:ADM2,methylation,0.0,0,0.0
meth:ADCK5,methylation,0.0,0,0.0
meth:ADORA2A,methylation,0.0,0,0.0
meth:ADCY2,methylation,0.0,0,0.0
meth:ADCY3,methylation,0.0,0,0.0
meth:ADCY4,methylation,0.0,8,0.16
meth:ADCY5,methylation,0.0,0,0.0
meth:ADCY8,methylation,0.0,0,0.0
meth:ADCYAP1,methylation,0.0,0,0.0
meth:ADD2,methylation,0.0,0,0.0
meth:ADAMTSL2,methylation,0.0,0,0.0
meth:ADAMTSL3,methylation,0.0,9,0.18
meth:ADAP1,methylation,0.0,2,0.04
meth:ADARB2,methylation,0.0,0,0.0
meth:ADAT3,methylation,0.0,1,0.02
meth:ADORA1,methylation,0.0,0,0.0
expr:FANCG,expression,0.0,0,0.0
expr:FANCI,expression,0.0,1,0.02
expr:FANK1,expression,0.0,0,0.0
expr:FAP,expression,0.0,0,0.0
expr:FAR2,expression,0.0,0,0.0
expr:FARP1,expression,0.0,0,0.0
expr:FAT1,expression,0.0,0,0.0
expr:FAT2,expression,0.0,0,0.0
expr:FAM81A,expression,0.0,0,0.0
expr:FAM83B,expression,0.0,3,0.06
expr:FAM83C,expression,0.0,0,0.0
expr:FAM83D,expression,0.0,5,0.1
expr:FAM83E,expression,0.0,0,0.0
meth:AFF3,methylation,0.0,2,0.04
expr:FAM86B1,expression,0.0,0,0.0
expr:FAM86B2,expression,0.0,0,0.0
expr:FAM71E1,expression,0.0,0,0.0
expr:FAM71F1,expression,0.0,0,0.0
expr:FAM71F2,expression,0.0,0,0.0
expr:FAM72A,expression,0.0,0,0.0
expr:FAM72B,expression,0.0,0,0.0
expr:FAM78A,expression,0.0,0,0.0
expr:FAM78B,expression,0.0,0,0.0
meth:ALDH1L2,methylation,0.0,0,0.0
meth:ALDH3B2,methylation,0.0,0,0.0
meth:ALDH5A1,methylation,0.0,0,0.0
meth:ALDOB,methylation,0.0,0,0.0
expr:FAM83F,expression,0.0,0,0.0
meth:AFP,methylation,0.0,0,0.0
meth:AGAP1,methylation,0.0,3,0.06
meth:AGAP2,methylation,0.0,31,0.62
meth:AGBL1,methylation,0.0,0,0.0
expr:FBXL16,expression,0.0,0,0.0
expr:FBXL20,expression,0.0,2,0.04
expr:FBXL7,expression,0.0,4,0.08
meth:AKAP2,methylation,0.0,0,0.0
meth:AKAP3,methylation,0.0,0,0.0
meth:AKAP6,methylation,0.0,1,0.02
meth:AKAP7,methylation,0.0,1,0.02
meth:AKNAD1,methylation,0.0,1,0.02
expr:FBLN5,expression,0.0,5,0.1
expr:FBLN2,expression,0.0,0,0.0
expr:FBN1,expression,0.0,0,0.0
expr:FBN2,expression,0.0,0,0.0
expr:FBN3,expression,0.0,0,0.0
expr:FBP1,expression,0.0,8,0.16
expr:FBP2,expression,0.0,0,0.0
expr:FBXL13,expression,0.0,0,0.0
expr:FAT3,expression,0.0,0,0.0
expr:FAT4,expression,0.0,0,0.0
expr:FATE1,expression,0.0,0,0.0
expr:FAXDC2,expression,0.0,2,0.04
expr:FBLIM1,expression,0.0,3,0.06
expr:FBLL1,expression,0.0,0,0.0
expr:FBLN1,expression,0.0,0,0.0
expr:FBLN7,expression,0.0,0,0.0
meth:ACN9,methylation,0.0,0,0.0
meth:ACOT12,methylation,0.0,0,0.0
meth:ACP5,methylation,0.0,0,0.0
meth:ACPP,methylation,0.0,1,0.02
meth:ACPT,methylation,0.0,0,0.0
meth:ACAT2,methylation,0.0,0,0.0
meth:ACCN1,methylation,0.0,0,0.0
meth:ACCN4,methylation,0.0,0,0.0
meth:ACCN5,methylation,0.0,1,0.02
meth:ACCS,methylation,0.0,0,0.0
meth:ACCSL,methylation,0.0,0,0.0
meth:ACE,methylation,0.0,0,0.0
meth:ACER1,methylation,0.0,0,0.0
meth:ADORA2B,methylation,0.0,0,0.0
meth:ABTB2,methylation,0.0,0,0.0
meth:ACACB,methylation,0.0,0,0.0
meth:ACAD11,methylation,0.0,0,0.0
meth:ACADL,methylation,0.0,0,0.0
meth:ACADS,methylation,0.0,0,0.0
meth:ACAN,methylation,0.0,1,0.02
meth:ACAP1,methylation,0.0,0,0.0
expr:FCGR3B,expression,0.0,0,0.0
expr:FCHO1,expression,0.0,0,0.0
expr:FCHSD1,expression,0.0,0,0.0
expr:FCN1,expression,0.0,0,0.0
expr:FCN2,expression,0.0,0,0.0
meth:ACTL8,methylation,0.0,0,0.0
meth:ABRA,methylation,0.0,0,0.0
meth:ABCG2,methylation,0.0,0,0.0
meth:AADAC,methylation,0.0,0,0.0
meth:AADACL2,methylation,0.0,0,0.0
meth:AADACL3,methylation,0.0,0,0.0
meth:AATK,methylation,0.0,0,0.0
meth:ABCA8,methylation,0.0,0,0.0
meth:ABCA9,methylation,0.0,0,0.0
meth:ABCB4,methylation,0.0,0,0.0
meth:ABCB6,methylation,0.0,0,0.0
expr:ZYG11A,expression,0.0,0,0.0
meth:A1BG,methylation,0.0,11,0.22
meth:A2BP1,methylation,0.0,0,0.0
meth:A2LD1,methylation,0.0,0,0.0
meth:ACMSD,methylation,0.0,0,0.0
meth:A4GNT,methylation,0.0,0,0.0
meth:AAA1,methylation,0.0,2,0.04
meth:AACSL,methylation,0.0,0,0.0
meth:ACR,methylation,0.0,0,0.0
meth:ACRBP,methylation,0.0,0,0.0
meth:ACRV1,methylation,0.0,3,0.06
meth:ACSBG1,methylation,0.0,0,0.0
meth:ACSBG2,methylation,0.0,0,0.0
meth:ACSL5,methylation,0.0,0,0.0
meth:ACSM1,methylation,0.0,0,0.0
meth:ACSM4,methylation,0.0,0,0.0
meth:ACER2,methylation,0.0,0,0.0
meth:ACER3,methylation,0.0,1,0.02
meth:A4GALT,methylation,0.0,0,0.0
meth:ADAMTS8,methylation,0.0,0,0.0
meth:ADAMTS9,methylation,0.0,0,0.0
meth:ADAMTSL1,methylation,0.0,0,0.0
meth:ADAM8,methylation,0.0,0,0.0
meth:ADAMDEC1,methylation,0.0,0,0.0
meth:ADAMTS1,methylation,0.0,0,0.0
meth:ADAMTS12,methylation,0.0,0,0.0
meth:ADAMTS13,methylation,0.0,0,0.0
meth:ADAMTS14,methylation,0.0,0,0.0
meth:ADAMTS17,methylation,0.0,1,0.02
meth:ADAMTS18,methylation,0.0,0,0.0
meth:ADAM21,methylation,0.0,0,0.0
meth:ADAM21P1,methylation,0.0,0,0.0
meth:ACTL9,methylation,0.0,0,0.0
meth:ADAM28,methylation,0.0,0,0.0
meth:ADAM32,methylation,0.0,2,0.04
meth:ADAM33,methylation,0.0,0,0.0
meth:ADAM5P,methylation,0.0,0,0.0
meth:ADAM7,methylation,0.0,0,0.0
meth:ACTR3B,methylation,0.0,0,0.0
meth:ACTR3C,methylation,0.0,3,0.06
meth:ACVRL1,methylation,0.0,5,0.1
meth:ACY3,methylation,0.0,0,0.0
meth:ADAD2,methylation,0.0,0,0.0
meth:ADAM12,methylation,0.0,1,0.02
meth:ADAM19,methylation,0.0,1,0.02
meth:ADAM2,methylation,0.0,1,0.02
meth:ADAM23,methylation,0.0,0,0.0
meth:ACTN3,methylation,0.0,0,0.0
expr:FCAR,expression,0.0,0,0.0
expr:FCER1G,expression,0.0,0,0.0
expr:FCGBP,expression,0.0,0,0.0
expr:FCGR1A,expression,0.0,0,0.0
expr:FCGR1B,expression,0.0,0,0.0
expr:FCGR2A,expression,0.0,0,0.0
expr:FCGR2B,expression,0.0,0,0.0
expr:FCGR3A,expression,0.0,0,0.0
expr:FBXO2,expression,0.0,0,0.0
expr:FBXO32,expression,0.0,0,0.0
expr:FBXO40,expression,0.0,1,0.02
expr:FBXO41,expression,0.0,0,0.0
meth:ADAMTS7,methylation,0.0,5,0.1
expr:FBXO47,expression,0.0,0,0.0
expr:FBXW10,expression,0.0,0,0.0
expr:FCAMR,expression,0.0,2,0.04
meth:ACSS1,methylation,0.0,1,0.02
meth:ACSS3,methylation,0.0,0,0.0
meth:ACTBL2,methylation,0.0,0,0.0
meth:ACTC1,methylation,0.0,0,0.0
meth:ACTL6B,methylation,0.0,0,0.0
meth:ACTL7B,methylation,0.0,0,0.0
expr:FBXO16,expression,0.0,0,0.0
expr:FBXO17,expression,0.0,0,0.0
meth:ADAMTS19,methylation,0.0,0,0.0
meth:ADAMTS2,methylation,0.0,0,0.0
meth:ADAMTS3,methylation,0.0,0,0.0
expr:FBXO43,expression,0.0,0,0.0
meth:ARHGAP15,methylation,0.0,0,0.0
meth:ARHGAP20,methylation,0.0,0,0.0
meth:ARHGAP22,methylation,0.0,0,0.0
meth:ARHGAP24,methylation,0.0,0,0.0
meth:ARHGAP25,methylation,0.0,0,0.0
meth:ARHGAP26,methylation,0.0,0,0.0
meth:ARHGAP30,methylation,0.0,0,0.0
meth:ARHGAP9,methylation,0.0,0,0.0
meth:AQP12B,methylation,0.0,0,0.0
meth:AQP2,methylation,0.0,0,0.0
meth:AQP3,methylation,0.0,1,0.02
meth:AQP5,methylation,0.0,0,0.0
meth:AQP6,methylation,0.0,0,0.0
meth:ALDOC,methylation,0.0,0,0.0
meth:ARGFX,methylation,0.0,0,0.0
meth:ARHGAP10,methylation,0.0,0,0.0
meth:APOL4,methylation,0.0,0,0.0
meth:APOL5,methylation,0.0,0,0.0
meth:APOL6,methylation,0.0,0,0.0
meth:APOM,methylation,0.0,0,0.0
meth:APP,methylation,0.0,0,0.0
meth:AQP1,methylation,0.0,0,0.0
meth:AQP11,methylation,0.0,1,0.02
meth:AQP12A,methylation,0.0,9,0.18
meth:ASB17,methylation,0.0,0,0.0
meth:ASB18,methylation,0.0,0,0.0
meth:ASB2,methylation,0.0,0,0.0
meth:AQP9,methylation,0.0,0,0.0
meth:APOBEC3B,methylation,0.0,0,0.0
meth:APOBEC3C,methylation,0.0,0,0.0
meth:APOBEC3D,methylation,0.0,0,0.0
meth:APOBEC3F,methylation,0.0,0,0.0
meth:APOBEC3H,methylation,0.0,0,0.0
meth:APBB1IP,methylation,0.0,0,0.0
meth:APC,methylation,0.0,0,0.0
meth:APC2,methylation,0.0,0,0.0
meth:APCDD1,methylation,0.0,0,0.0
meth:APCDD1L,methylation,0.0,0,0.0
meth:APCS,methylation,0.0,0,0.0
meth:APOA1,methylation,0.0,0,0.0
meth:APOA2,methylation,0.0,0,0.0
meth:ARL11,methylation,0.0,0,0.0
expr:FAM47E,expression,0.0,0,0.0
expr:FAM47E-STBD1,expression,0.0,0,0.0
expr:FAM50B,expression,0.0,0,0.0
meth:AOC3,methylation,0.0,1,0.02
meth:AP1M2,methylation,0.0,0,0.0
meth:AP3M2,methylation,0.0,0,0.0
meth:APBA2,methylation,0.0,0,0.0
meth:ARHGDIB,methylation,0.0,0,0.0
meth:ARHGDIG,methylation,0.0,0,0.0
meth:ARHGEF15,methylation,0.0,0,0.0
meth:ARHGEF2,methylation,0.0,0,0.0
meth:ARHGEF4,methylation,0.0,3,0.06
meth:ARID5A,methylation,0.0,0,0.0
expr:FAM43B,expression,0.0,0,0.0
expr:FAM184A,expression,0.0,0,0.0
meth:ASPA,methylation,0.0,0,0.0
meth:ASPG,methylation,0.0,0,0.0
meth:ASPN,methylation,0.0,0,0.0
meth:ASTL,methylation,0.0,0,0.0
meth:ASTN1,methylation,0.0,0,0.0
expr:FAM166C,expression,0.0,0,0.0
expr:FAM167A,expression,0.0,0,0.0
expr:FAM170A,expression,0.0,0,0.0
expr:FAM171A1,expression,0.0,0,0.0
expr:FAM171B,expression,0.0,1,0.02
expr:FAM174B,expression,0.0,0,0.0
expr:FAM177B,expression,0.0,0,0.0
meth:ASB4,methylation,0.0,0,0.0
expr:FAM151A,expression,0.0,0,0.0
expr:FAM153A,expression,0.0,0,0.0
expr:FAM155A,expression,0.0,0,0.0
expr:FAM156B,expression,0.0,0,0.0
expr:FAM161A,expression,0.0,1,0.02
expr:FAM163A,expression,0.0,0,0.0
expr:FAM163B,expression,0.0,0,0.0
expr:FAM166A,expression,0.0,0,0.0
meth:ASCL2,methylation,0.0,0,0.0
meth:ASCL3,methylation,0.0,1,0.02
meth:ASCL4,methylation,0.0,0,0.0
meth:ASGR1,methylation,0.0,2,0.04
meth:ASGR2,methylation,0.0,0,0.0
expr:FAM180A,expression,0.0,1,0.02
meth:ASB5,methylation,0.0,1,0.02
meth:ASB8,methylation,0.0,1,0.02
meth:ASCC1,methylation,0.0,0,0.0
meth:ASCL1,methylation,0.0,0,0.0
meth:ASAH2,methylation,0.0,1,0.02
meth:ASAH2B,methylation,0.0,1,0.02
meth:ASAM,methylation,0.0,0,0.0
meth:ASAP1,methylation,0.0,0,0.0
meth:ASB1,methylation,0.0,0,0.0
meth:ASB10,methylation,0.0,0,0.0
meth:ASB15,methylation,0.0,4,0.08
meth:ASB16,methylation,0.0,0,0.0
meth:ARRB1,methylation,0.0,0,0.0
expr:FAM183A,expression,0.0,0,0.0
meth:ARSI,methylation,0.0,1,0.02
meth:ARSJ,methylation,0.0,2,0.04
meth:ART3,methylation,0.0,0,0.0
meth:ART4,methylation,0.0,0,0.0
meth:ART5,methylation,0.0,0,0.0
meth:ARTN,methylation,0.0,0,0.0
meth:ARL5C,methylation,0.0,0,0.0
meth:ARL9,methylation,0.0,2,0.04
meth:ARMC3,methylation,0.0,0,0.0
meth:ARMC4,methylation,0.0,3,0.06
meth:ARMS2,methylation,0.0,0,0.0
meth:ARPC1B,methylation,0.0,10,0.2
meth:ARPM1,methylation,0.0,0,0.0
expr:FAM180B,expression,0.0,0,0.0
meth:ARRDC4,methylation,0.0,0,0.0
meth:ALOX15,methylation,0.0,0,0.0
meth:ALPI,methylation,0.0,0,0.0
meth:ALPK3,methylation,0.0,0,0.0
meth:ALPP,methylation,0.0,3,0.06
meth:ALPPL2,methylation,0.0,0,0.0
expr:FAM90A1,expression,0.0,0,0.0
expr:FAM9A,expression,0.0,14,0.28
expr:FANCA,expression,0.0,0,0.0
expr:FANCB,expression,0.0,2,0.04
expr:FANCD2OS,expression,0.0,1,0.02
expr:FANCE,expression,0.0,0,0.0
meth:ALLC,methylation,0.0,0,0.0
meth:ANO3,methylation,0.0,0,0.0
meth:APOBEC1,methylation,0.0,0,0.0
meth:ANO5,methylation,0.0,0,0.0
meth:ANO7,methylation,0.0,0,0.0
meth:ANP32C,methylation,0.0,0,0.0
meth:ANP32D,methylation,0.0,0,0.0
meth:ANP32E,methylation,0.0,0,0.0
meth:ANPEP,methylation,0.0,0,0.0
meth:ANKRD33B,methylation,0.0,0,0.0
meth:ANKRD34B,methylation,0.0,0,0.0
meth:ANKRD34C,methylation,0.0,0,0.0
meth:ANKRD45,methylation,0.0,0,0.0
meth:ANKRD53,methylation,0.0,0,0.0
meth:ANKRD6,methylation,0.0,3,0.06
meth:ANKS1B,methylation,0.0,1,0.02
meth:ANO4,methylation,0.0,0,0.0
meth:ALK,methylation,0.0,0,0.0
meth:ALKBH3,methylation,0.0,0,0.0
expr:FAM71D,expression,0.0,0,0.0
meth:AKR1B1,methylation,0.0,0,0.0
meth:AKR1CL1,methylation,0.0,1,0.02
meth:AKR1D1,methylation,0.0,0,0.0
meth:AKR7L,methylation,0.0,0,0.0
meth:AKT3,methylation,0.0,0,0.0
meth:ALDH1A2,methylation,0.0,0,0.0
meth:ALDH1A3,methylation,0.0,0,0.0
meth:ALDH1L1,methylation,0.0,0,0.0
meth:AMPD1,methylation,0.0,0,0.0
meth:AMTN,methylation,0.0,0,0.0
meth:ALOX12P2,methylation,0.0,0,0.0
meth:ANGPT4,methylation,0.0,0,0.0
meth:ANGPTL1,methylation,0.0,0,0.0
meth:ANGPTL4,methylation,0.0,0,0.0
meth:ALX3,methylation,0.0,1,0.02
meth:ALX4,methylation,0.0,0,0.0
meth:AMAC1L3,methylation,0.0,0,0.0
meth:AMBN,methylation,0.0,0,0.0
meth:AMICA1,methylation,0.0,0,0.0
meth:AMIGO3,methylation,0.0,0,0.0
meth:AMMECR1L,methylation,0.0,9,0.18
meth:AMOTL1,methylation,0.0,0,0.0
meth:ALOX12,methylation,0.0,0,0.0
meth:ALOX12B,methylation,0.0,0,0.0
meth:ANGPT1,methylation,0.0,0,0.0
expr:FAM234B,expression,0.0,0,0.0
expr:FAM184B,expression,0.0,6,0.12
expr:FAM186A,expression,0.0,0,0.0
expr:FAM189A1,expression,0.0,0,0.0
expr:FAM189A2,expression,0.0,1,0.02
expr:FAM205A,expression,0.0,0,0.0
expr:FAM209B,expression,0.0,0,0.0
expr:FAM20A,expression,0.0,0,0.0
expr:FAM214A,expression,0.0,3,0.06
meth:ANTXR1,methylation,0.0,0,0.0
meth:ANTXR2,methylation,0.0,0,0.0
meth:ANXA1,methylation,0.0,0,0.0
meth:ANXA2P1,methylation,0.0,0,0.0
meth:ANO2,methylation,0.0,0,0.0
meth:ANXA3,methylation,0.0,0,0.0
meth:ANXA9,methylation,0.0,0,0.0
meth:AOAH,methylation,0.0,0,0.0
meth:APOBEC4,methylation,0.0,0,0.0
meth:APOC1,methylation,0.0,2,0.04
meth:APOC3,methylation,0.0,0,0.0
meth:APOC4,methylation,0.0,0,0.0
meth:APOD,methylation,0.0,3,0.06
meth:APOF,methylation,0.0,0,0.0
meth:APOH,methylation,0.0,0,0.0
meth:APOL3,methylation,0.0,0,0.0
meth:APOB,methylation,0.0,0,0.0
meth:APOB48R,methylation,0.0,0,0.0
meth:ANXA2P2,methylation,0.0,0,0.0
meth:ANKMY1,methylation,0.0,0,0.0
meth:ANKRD18A,methylation,0.0,0,0.0
meth:ANKRD2,methylation,0.0,0,0.0
meth:ANKRD20B,methylation,0.0,0,0.0
meth:ANKRD26P1,methylation,0.0,0,0.0
meth:ANKRD29,methylation,0.0,1,0.02
meth:ANKRD30A,methylation,0.0,0,0.0
meth:ANKRD30B,methylation,0.0,0,0.0
meth:ANGPTL6,methylation,0.0,2,0.04
meth:ANK1,methylation,0.0,0,0.0
meth:ANK2,methylation,0.0,0,0.0
meth:ANKDD1A,methylation,0.0,0,0.0
meth:ANKFN1,methylation,0.0,3,0.06
expr:FAM229A,expression,0.0,0,0.0
meth:ANKK1,methylation,0.0,0,0.0
meth:ANKLE1,methylation,0.0,0,0.0
expr:FAM237B,expression,0.0,0,0.0
expr:FAM240A,expression,0.0,0,0.0
expr:FAM240C,expression,0.0,0,0.0
expr:FAM24B,expression,0.0,0,0.0
expr:FAM3B,expression,0.0,0,0.0
expr:FAM3D,expression,0.0,0,0.0
expr:FAM216A,expression,0.0,0,0.0
expr:FAM217A,expression,0.0,0,0.0
expr:FAM221A,expression,0.0,0,0.0
expr:FAM221B,expression,0.0,0,0.0
expr:FAM227A,expression,0.0,0,0.0
expr:FAM228A,expression,0.0,0,0.0
meth:ANKH,methylation,0.0,0,0.0
expr:XDH,expression,0.0,0,0.0
expr:XIRP2,expression,0.0,0,0.0
expr:XK,expression,0.0,0,0.0
expr:XKR3,expression,0.0,0,0.0
expr:XKR4,expression,0.0,1,0.02
expr:XKR5,expression,0.0,0,0.0
expr:XKR9,expression,0.0,0,0.0
expr:FOLR1,expression,0.0,0,0.0
expr:FOLR2,expression,0.0,0,0.0
expr:WTIP,expression,0.0,0,0.0
expr:WWC2,expression,0.0,0,0.0
expr:WWOX,expression,0.0,0,0.0
expr:WWP1,expression,0.0,8,0.16
meth:ABCD2,methylation,0.0,0,0.0
expr:XAGE3,expression,0.0,0,0.0
expr:ZC3H12C,expression,0.0,0,0.0
expr:ZC3H12D,expression,0.0,0,0.0
expr:ZC3HAV1L,expression,0.0,5,0.1
expr:ZC4H2,expression,0.0,0,0.0
expr:ZCCHC12,expression,0.0,1,0.02
expr:ZDBF2,expression,0.0,0,0.0
expr:ZDHHC11,expression,0.0,0,0.0
expr:ZBTB42,expression,0.0,0,0.0
expr:ZBTB7C,expression,0.0,0,0.0
expr:ZBTB8B,expression,0.0,2,0.04
expr:ZC2HC1A,expression,0.0,0,0.0
expr:ZC3H11A,expression,0.0,0,0.0
expr:XAGE2,expression,0.0,0,0.0
expr:FLVCR2,expression,0.0,0,0.0
expr:FMN1,expression,0.0,0,0.0
expr:FMN2,expression,0.0,0,0.0
expr:FMNL1,expression,0.0,0,0.0
expr:WNT4,expression,0.0,0,0.0
expr:WNT5A,expression,0.0,1,0.02
expr:WNT7A,expression,0.0,0,0.0
expr:WNT7B,expression,0.0,0,0.0
expr:WNT8B,expression,0.0,0,0.0
expr:WNT9B,expression,0.0,0,0.0
expr:WSCD1,expression,0.0,0,0.0
expr:YIPF7,expression,0.0,0,0.0
expr:YJEFN3,expression,0.0,0,0.0
expr:XAGE5,expression,0.0,0,0.0
expr:YPEL1,expression,0.0,0,0.0
expr:YPEL2,expression,0.0,0,0.0
expr:YPEL4,expression,0.0,2,0.04
expr:YY2,expression,0.0,0,0.0
expr:ZACN,expression,0.0,0,0.0
expr:XKRX,expression,0.0,0,0.0
expr:XPC,expression,0.0,0,0.0
expr:XPNPEP2,expression,0.0,2,0.04
expr:XRCC2,expression,0.0,0,0.0
expr:XRRA1,expression,0.0,0,0.0
expr:XYLT1,expression,0.0,0,0.0
expr:YBX2,expression,0.0,0,0.0
expr:YBX3,expression,0.0,0,0.0
expr:YOD1,expression,0.0,0,0.0
expr:ZG16,expression,0.0,1,0.02
expr:ZG16B,expression,0.0,0,0.0
expr:ZGLP1,expression,0.0,0,0.0
expr:ZHX1-C8orf76,expression,0.0,0,0.0
expr:ZFHX4,expression,0.0,0,0.0
expr:ZFP36L2,expression,0.0,3,0.06
expr:ZFP37,expression,0.0,0,0.0
expr:ZFP42,expression,0.0,4,0.08
expr:ZFP57,expression,0.0,0,0.0
expr:ZFP69B,expression,0.0,0,0.0
expr:ZFP82,expression,0.0,0,0.0
expr:ZFP92,expression,0.0,0,0.0
expr:ZDHHC11B,expression,0.0,0,0.0
expr:ZC3H11B,expression,0.0,0,0.0
expr:ZDHHC19,expression,0.0,0,0.0
expr:ZDHHC2,expression,0.0,0,0.0
expr:ZDHHC22,expression,0.0,0,0.0
expr:ZDHHC23,expression,0.0,1,0.02
expr:ZEB2,expression,0.0,1,0.02
expr:ZFHX3,expression,0.0,0,0.0
expr:FKBP2,expression,0.0,3,0.06
expr:FKBP6,expression,0.0,0,0.0
expr:FLACC1,expression,0.0,0,0.0
expr:FLG,expression,0.0,0,0.0
expr:FLG2,expression,0.0,2,0.04
expr:FLNA,expression,0.0,1,0.02
expr:FLNC,expression,0.0,0,0.0
expr:ZDHHC15,expression,0.0,0,0.0
expr:ZC3H12A,expression,0.0,0,0.0
expr:ZC3H12B,expression,0.0,2,0.04
expr:ZBP1,expression,0.0,2,0.04
expr:ZBTB10,expression,0.0,0,0.0
expr:ZBTB16,expression,0.0,12,0.24
expr:ZBTB18,expression,0.0,0,0.0
expr:ZBTB20,expression,0.0,1,0.02
expr:ZBTB32,expression,0.0,0,0.0
expr:ZBTB37,expression,0.0,0,0.0
expr:ZBTB41,expression,0.0,0,0.0
expr:ZAN,expression,0.0,0,0.0
expr:ZAP70,expression,0.0,1,0.02
expr:ZAR1L,expression,0.0,0,0.0
expr:ZFYVE9,expression,0.0,0,0.0
expr:ZBED2,expression,0.0,3,0.06
expr:ZBED6,expression,0.0,0,0.0
expr:ZBED6CL,expression,0.0,0,0.0
expr:ZBED9,expression,0.0,0,0.0
expr:ZIC1,expression,0.0,2,0.04
expr:ZIC3,expression,0.0,0,0.0
expr:ZIC5,expression,0.0,5,0.1
expr:ZIK1,expression,0.0,0,0.0
expr:ZIM2,expression,0.0,0,0.0
expr:ZMAT1,expression,0.0,1,0.02
expr:ZMAT4,expression,0.0,0,0.0
expr:ZFR2,expression,0.0,0,0.0
expr:ZFY,expression,0.0,0,0.0
expr:ZFYVE16,expression,0.0,1,0.02
expr:ZBBX,expression,0.0,0,0.0
expr:VMO1,expression,0.0,0,0.0
expr:VN1R1,expression,0.0,0,0.0
expr:VNN1,expression,0.0,0,0.0
expr:VWA7,expression,0.0,0,0.0
expr:VWC2,expression,0.0,0,0.0
expr:VWCE,expression,0.0,0,0.0
expr:VWDE,expression,0.0,0,0.0
expr:VWF,expression,0.0,0,0.0
expr:VXN,expression,0.0,0,0.0
expr:WAS,expression,0.0,1,0.02
expr:WASF1,expression,0.0,0,0.0
expr:VSTM2A,expression,0.0,0,0.0
expr:VSTM2L,expression,0.0,0,0.0
expr:FLT1,expression,0.0,0,0.0
expr:VTCN1,expression,0.0,0,0.0
expr:VWA3B,expression,0.0,0,0.0
expr:VWA5A,expression,0.0,0,0.0
expr:VWA5B1,expression,0.0,0,0.0
expr:VSIG1,expression,0.0,3,0.06
expr:VSIG10L,expression,0.0,0,0.0
expr:VSIG10L2,expression,0.0,0,0.0
expr:VSIG2,expression,0.0,1,0.02
expr:VSIG4,expression,0.0,0,0.0
expr:VSIR,expression,0.0,0,0.0
expr:VSNL1,expression,0.0,0,0.0
expr:VSTM1,expression,0.0,0,0.0
expr:FOXL2NB,expression,0.0,0,0.0
expr:VSTM4,expression,0.0,0,0.0
expr:FOXF1,expression,0.0,0,0.0
expr:FOXF2,expression,0.0,0,0.0
expr:FOXG1,expression,0.0,0,0.0
expr:FOXH1,expression,0.0,0,0.0
expr:FOXI1,expression,0.0,0,0.0
expr:FOXI3,expression,0.0,0,0.0
expr:FOXL2,expression,0.0,0,0.0
expr:FOXC2,expression,0.0,0,0.0
expr:FOXD2,expression,0.0,1,0.02
expr:FOXD3,expression,0.0,0,0.0
expr:FOXD4,expression,0.0,0,0.0
expr:FOXD4L1,expression,0.0,0,0.0
expr:FOXD4L4,expression,0.0,0,0.0
expr:VLDLR,expression,0.0,0,0.0
expr:FOXE3,expression,0.0,0,0.0
expr:VNN2,expression,0.0,0,0.0
expr:VNN3,expression,0.0,0,0.0
expr:FOLR3,expression,0.0,0,0.0
expr:FOSL1,expression,0.0,0,0.0
expr:FOXA2,expression,0.0,2,0.04
expr:FOXA3,expression,0.0,0,0.0
expr:FOXB1,expression,0.0,2,0.04
expr:FOXC1,expression,0.0,0,0.0
expr:VIP,expression,0.0,0,0.0
expr:VIPR1,expression,0.0,4,0.08
expr:VIPR2,expression,0.0,0,0.0
expr:VIT,expression,0.0,3,0.06
expr:FOXD4L5,expression,0.0,0,0.0
expr:WASF3,expression,0.0,0,0.0
expr:WASHC5,expression,0.0,0,0.0
expr:WBP2NL,expression,0.0,0,0.0
expr:WDFY4,expression,0.0,2,0.04
expr:WDHD1,expression,0.0,0,0.0
expr:WDR31,expression,0.0,0,0.0
expr:WDR72,expression,0.0,1,0.02
expr:WDR86,expression,0.0,0,0.0
expr:FNDC11,expression,0.0,0,0.0
expr:FNDC3B,expression,0.0,1,0.02
expr:FNDC4,expression,0.0,0,0.0
expr:FNDC5,expression,0.0,0,0.0
expr:FNDC7,expression,0.0,0,0.0
expr:FOXM1,expression,0.0,2,0.04
expr:FO681492.1,expression,0.0,0,0.0
expr:FOLH1,expression,0.0,0,0.0
expr:FMNL2,expression,0.0,0,0.0
expr:FMO2,expression,0.0,0,0.0
expr:FMO3,expression,0.0,0,0.0
expr:FMO5,expression,0.0,0,0.0
expr:FMR1NB,expression,0.0,0,0.0
expr:FN1,expression,0.0,0,0.0
expr:FN3K,expression,0.0,0,0.0
expr:FNDC10,expression,0.0,0,0.0
expr:WSCD2,expression,0.0,0,0.0
expr:FLRT1,expression,0.0,1,0.02
expr:FLRT2,expression,0.0,0,0.0
expr:FNIP2,expression,0.0,0,0.0
expr:FOXN1,expression,0.0,0,0.0
expr:VPS13A,expression,0.0,0,0.0
expr:VPS13B,expression,0.0,0,0.0
expr:VPS37D,expression,0.0,0,0.0
expr:VRK2,expression,0.0,0,0.0
expr:WNK3,expression,0.0,0,0.0
expr:WNT10A,expression,0.0,0,0.0
expr:WNT10B,expression,0.0,0,0.0
expr:WNT11,expression,0.0,0,0.0
expr:WNT16,expression,0.0,0,0.0
expr:WNT2,expression,0.0,0,0.0
expr:WNT2B,expression,0.0,0,0.0
expr:WNT3,expression,0.0,0,0.0
expr:WFDC2,expression,0.0,0,0.0
expr:WFDC5,expression,0.0,2,0.04
expr:WFDC6,expression,0.0,0,0.0
expr:WFIKKN1,expression,0.0,0,0.0
expr:WFIKKN2,expression,0.0,0,0.0
expr:WFS1,expression,0.0,0,0.0
expr:WHRN,expression,0.0,0,0.0
expr:WIPF3,expression,0.0,0,0.0
expr:WDR87,expression,0.0,0,0.0
expr:WDR97,expression,0.0,0,0.0
expr:WEE2,expression,0.0,0,0.0
expr:WFDC10A,expression,0.0,1,0.02
expr:WFDC10B,expression,0.0,0,0.0
expr:WFDC12,expression,0.0,8,0.16
expr:WFDC13,expression,0.0,0,0.0
expr:WFDC3,expression,0.0,0,0.0
expr:ZNF681,expression,0.0,0,0.0
expr:FGFR3,expression,0.0,0,0.0
expr:FGFRL1,expression,0.0,0,0.0
expr:FGG,expression,0.0,0,0.0
expr:ZNF608,expression,0.0,0,0.0
expr:ZNF626,expression,0.0,0,0.0
expr:ZNF630,expression,0.0,0,0.0
expr:ZNF648,expression,0.0,1,0.02
expr:ZNF658,expression,0.0,0,0.0
expr:ZNF99,expression,0.0,1,0.02
expr:ZNRF3,expression,0.0,0,0.0
expr:ZP2,expression,0.0,0,0.0
expr:ZP3,expression,0.0,0,0.0
expr:ZNF154,expression,0.0,0,0.0
expr:ZPBP,expression,0.0,1,0.02
expr:ZPBP2,expression,0.0,0,0.0
expr:ZNF844,expression,0.0,0,0.0
expr:ZNF860,expression,0.0,0,0.0
expr:ZNF878,expression,0.0,0,0.0
expr:ZNF879,expression,0.0,0,0.0
expr:ZNF880,expression,0.0,0,0.0
expr:ZNF891,expression,0.0,0,0.0
expr:ZNF90,expression,0.0,1,0.02
expr:ZNF91,expression,0.0,1,0.02
expr:ZNF804A,expression,0.0,10,0.2
expr:ZNF804B,expression,0.0,0,0.0
expr:ZNF813,expression,0.0,0,0.0
expr:ZP4,expression,0.0,0,0.0
expr:ZNF573,expression,0.0,0,0.0
expr:ZNF578,expression,0.0,0,0.0
expr:ZNF583,expression,0.0,0,0.0
expr:ZNF587,expression,0.0,6,0.12
expr:ZNF596,expression,0.0,1,0.02
expr:ZNF714,expression,0.0,0,0.0
expr:ZNF716,expression,0.0,1,0.02
expr:ZNF717,expression,0.0,0,0.0
expr:ZNF718,expression,0.0,0,0.0
expr:ZNF723,expression,0.0,1,0.02
expr:ZNF724,expression,0.0,0,0.0
expr:ZNF726,expression,0.0,0,0.0
expr:ZNF727,expression,0.0,0,0.0
expr:ZNF680,expression,0.0,1,0.02
expr:ZNF689,expression,0.0,12,0.24
expr:ZNF69,expression,0.0,0,0.0
expr:ZNF695,expression,0.0,0,0.0
expr:ZNF699,expression,0.0,0,0.0
expr:ZNF703,expression,0.0,0,0.0
expr:ZNF705E,expression,0.0,0,0.0
expr:ZNF711,expression,0.0,0,0.0
expr:ZNF66,expression,0.0,0,0.0
expr:ZNF660,expression,0.0,0,0.0
expr:ZNF665,expression,0.0,1,0.02
expr:ZNF667,expression,0.0,0,0.0
expr:ZNF671,expression,0.0,0,0.0
expr:ZNF677,expression,0.0,0,0.0
expr:ZNF682,expression,0.0,0,0.0
expr:FCRLB,expression,0.0,1,0.02
expr:FDCSP,expression,0.0,0,0.0
expr:FDXR,expression,0.0,0,0.0
expr:FER,expression,0.0,0,0.0
expr:FER1L5,expression,0.0,0,0.0
expr:ZSCAN1,expression,0.0,0,0.0
expr:ZSCAN10,expression,0.0,0,0.0
expr:ZSCAN18,expression,0.0,0,0.0
expr:ZSCAN20,expression,0.0,0,0.0
expr:ZSCAN31,expression,0.0,0,0.0
expr:ZSCAN4,expression,0.0,0,0.0
expr:ZSCAN5B,expression,0.0,1,0.02
expr:ZSWIM4,expression,0.0,0,0.0
expr:ZNF814,expression,0.0,0,0.0
meth:ABCG8,methylation,0.0,0,0.0
meth:ABHD1,methylation,0.0,1,0.02
meth:ABHD12B,methylation,0.0,0,0.0
meth:ABHD15,methylation,0.0,0,0.0
meth:ABI3,methylation,0.0,0,0.0
meth:ABLIM3,methylation,0.0,1,0.02
meth:ABP1,methylation,0.0,0,0.0
meth:ABCC11,methylation,0.0,0,0.0
meth:ABCC12,methylation,0.0,5,0.1
meth:ABCC2,methylation,0.0,0,0.0
meth:ABCC4,methylation,0.0,0,0.0
meth:ABCC8,methylation,0.0,0,0.0
meth:ABCC9,methylation,0.0,0,0.0
meth:ABCG5,methylation,0.0,0,0.0
expr:ZNF835,expression,0.0,0,0.0
expr:ZNF837,expression,0.0,0,0.0
expr:ZNF843,expression,0.0,0,0.0
expr:ZNF732,expression,0.0,0,0.0
expr:ZNF737,expression,0.0,0,0.0
expr:ZNF738,expression,0.0,0,0.0
expr:ZNF750,expression,0.0,0,0.0
expr:ZNF770,expression,0.0,0,0.0
expr:ZNF772,expression,0.0,0,0.0
expr:ZNF781,expression,0.0,0,0.0
expr:ZNF793,expression,0.0,0,0.0
expr:FFAR1,expression,0.0,0,0.0
expr:FFAR3,expression,0.0,0,0.0
expr:FCN3,expression,0.0,0,0.0
expr:FGA,expression,0.0,0,0.0
expr:FGB,expression,0.0,0,0.0
expr:FGD1,expression,0.0,0,0.0
expr:FGD2,expression,0.0,0,0.0
expr:FER1L6,expression,0.0,1,0.02
expr:FERMT1,expression,0.0,0,0.0
expr:FERMT2,expression,0.0,1,0.02
expr:FERMT3,expression,0.0,0,0.0
expr:FES,expression,0.0,0,0.0
expr:FETUB,expression,0.0,0,0.0
expr:FEZF1,expression,0.0,0,0.0
expr:FEZF2,expression,0.0,0,0.0
expr:ZSWIM5,expression,0.0,1,0.02
expr:ZWINT,expression,0.0,0,0.0
expr:FFAR4,expression,0.0,0,0.0
expr:ZNF404,expression,0.0,0,0.0
expr:ZNF415,expression,0.0,0,0.0
expr:ZNF418,expression,0.0,0,0.0
expr:ZNF296,expression,0.0,0,0.0
expr:ZNF300,expression,0.0,0,0.0
expr:ZNF311,expression,0.0,1,0.02
expr:ZNF334,expression,0.0,0,0.0
expr:ZNF337,expression,0.0,5,0.1
expr:ZNF354C,expression,0.0,0,0.0
expr:ZNF365,expression,0.0,0,0.0
expr:ZNF221,expression,0.0,0,0.0
expr:ZNF223,expression,0.0,0,0.0
expr:ZNF23,expression,0.0,0,0.0
expr:ZNF572,expression,0.0,0,0.0
expr:ZNF239,expression,0.0,0,0.0
expr:ZNF257,expression,0.0,0,0.0
expr:ZNF281,expression,0.0,0,0.0
expr:ZNF292,expression,0.0,0,0.0
expr:ZNF157,expression,0.0,1,0.02
expr:ZNF165,expression,0.0,0,0.0
expr:ZNF177,expression,0.0,0,0.0
expr:ZNF185,expression,0.0,0,0.0
expr:ZNF214,expression,0.0,0,0.0
expr:ZNF215,expression,0.0,0,0.0
expr:ZNF217,expression,0.0,7,0.14
expr:ZNF219,expression,0.0,0,0.0
expr:ZNF525,expression,0.0,0,0.0
expr:ZNF233,expression,0.0,0,0.0
expr:FIGNL2,expression,0.0,0,0.0
expr:FILIP1,expression,0.0,0,0.0
expr:FILIP1L,expression,0.0,3,0.06
expr:FITM2,expression,0.0,0,0.0
expr:FJX1,expression,0.0,0,0.0
expr:FKBP10,expression,0.0,0,0.0
expr:FKBP1B,expression,0.0,0,0.0
expr:FHDC1,expression,0.0,1,0.02
expr:FHL1,expression,0.0,0,0.0
expr:FHL2,expression,0.0,0,0.0
expr:FHL5,expression,0.0,0,0.0
expr:FHOD3,expression,0.0,0,0.0
expr:FIBIN,expression,0.0,0,0.0
expr:ZNF391,expression,0.0,0,0.0
expr:FIGN,expression,0.0,0,0.0
expr:ZMYND15,expression,0.0,1,0.02
expr:ZNF100,expression,0.0,1,0.02
expr:ZNF106,expression,0.0,0,0.0
expr:ZNF107,expression,0.0,4,0.08
expr:ZNF117,expression,0.0,0,0.0
expr:ZNF124,expression,0.0,0,0.0
expr:FGL1,expression,0.0,3,0.06
expr:FHAD1,expression,0.0,0,0.0
expr:ZNF384,expression,0.0,1,0.02
expr:ZNF385A,expression,0.0,0,0.0
expr:ZNF385B,expression,0.0,10,0.2
expr:ZNF385D,expression,0.0,1,0.02
expr:FIGLA,expression,0.0,0,0.0
expr:ZNF468,expression,0.0,0,0.0
expr:FGF7,expression,0.0,0,0.0
expr:FGF8,expression,0.0,3,0.06
expr:FGF9,expression,0.0,0,0.0
expr:FGFBP1,expression,0.0,0,0.0
expr:FGFBP2,expression,0.0,0,0.0
expr:FGFBP3,expression,0.0,0,0.0
expr:FGFR1,expression,0.0,0,0.0
expr:FGFR2,expression,0.0,0,0.0
expr:FGF18,expression,0.0,0,0.0
expr:FGF2,expression,0.0,0,0.0
expr:FGF20,expression,0.0,0,0.0
expr:FGF21,expression,0.0,1,0.02
expr:ZNF534,expression,0.0,0,0.0
expr:FGF3,expression,0.0,2,0.04
expr:FGF4,expression,0.0,0,0.0
expr:FGF5,expression,0.0,1,0.02
expr:ZNF597,expression,0.0,0,0.0
expr:FGD4,expression,0.0,0,0.0
expr:FGD5,expression,0.0,0,0.0
expr:FGF10,expression,0.0,0,0.0
expr:FGF11,expression,0.0,0,0.0
expr:FGF12,expression,0.0,2,0.04
expr:FGF14,expression,0.0,0,0.0
expr:FGF17,expression,0.0,0,0.0
expr:ZNF559-ZNF177,expression,0.0,0,0.0
expr:ZNF560,expression,0.0,2,0.04
expr:FGF22,expression,0.0,1,0.02
expr:ZNF536,expression,0.0,0,0.0
expr:ZNF540,expression,0.0,0,0.0
expr:ZNF541,expression,0.0,1,0.02
expr:ZNF549,expression,0.0,0,0.0
expr:ZNF551,expression,0.0,0,0.0
expr:ZNF556,expression,0.0,0,0.0
expr:ZNF492,expression,0.0,0,0.0
expr:ZNF493,expression,0.0,0,0.0
expr:ZNF497,expression,0.0,0,0.0
expr:ZNF502,expression,0.0,0,0.0
expr:ZNF503,expression,0.0,0,0.0
expr:ZNF516,expression,0.0,0,0.0
expr:ZNF518B,expression,0.0,0,0.0
expr:ZNF467,expression,0.0,0,0.0
expr:ZNF469,expression,0.0,0,0.0
expr:ZNF471,expression,0.0,1,0.02
expr:ZNF474,expression,0.0,0,0.0
expr:ZNF483,expression,0.0,2,0.04
expr:ZNF484,expression,0.0,1,0.02
expr:ZNF486,expression,0.0,0,0.0
expr:ZNF488,expression,0.0,0,0.0
expr:ZNF491,expression,0.0,0,0.0
expr:ZNF423,expression,0.0,0,0.0
expr:ZNF43,expression,0.0,0,0.0
expr:ZNF441,expression,0.0,5,0.1
expr:ZNF454,expression,0.0,0,0.0
expr:ZNF460,expression,0.0,0,0.0
expr:ZNF462,expression,0.0,1,0.02
expr:ZNF521,expression,0.0,0,0.0
